time,FX,FY,FZ,RX,RY,RZ,
21.5134,-4.3263,4.22413,-0.894194,-0.229644,0.244379,-0.255743,
21.5195,-4.3263,4.22413,-0.894194,-0.229644,0.244379,-0.255743,
21.5225,-4.3263,4.22413,-0.894194,-0.229644,0.244379,-0.255743,
21.5288,-4.3263,4.22413,-0.894194,-0.229644,0.244379,-0.255743,
21.5349,-4.3263,4.22413,-0.894194,-0.229644,0.244379,-0.255743,
21.538,-4.3263,4.22413,-0.894194,-0.229644,0.244379,-0.255743,
21.5443,-4.3263,4.22413,-0.894194,-0.229644,0.244379,-0.255743,
21.5516,-4.3263,4.22413,-0.894194,-0.229644,0.244379,-0.255743,
21.5547,-4.3263,4.22413,-0.894194,-0.229644,0.244379,-0.255743,
21.561,-4.3263,4.22413,-0.894194,-0.229644,0.244379,-0.255743,
21.5641,-4.16362,4.24489,-0.795619,-0.228633,0.248038,-0.259518,
21.5704,-4.38121,4.36276,-0.868919,-0.232594,0.242672,-0.25146,
21.5764,-4.64857,4.18086,-0.861646,-0.231569,0.23861,-0.257087,
21.5795,-4.24029,4.19745,-0.795848,-0.229139,0.245255,-0.25112,
21.5858,-4.27746,4.37083,-0.890657,-0.233922,0.246116,-0.25776,
21.591,-4.5298,3.85628,-0.878394,-0.221187,0.239584,-0.252577,
21.5943,-4.37088,4.17229,-0.912147,-0.22948,0.243843,-0.256308,
21.6024,-4.4761,4.30465,-0.978926,-0.23293,0.240473,-0.261645,
21.6074,-4.55814,4.26963,-0.956952,-0.231552,0.238433,-0.257181,
21.6105,-4.43731,4.11868,-0.963307,-0.226578,0.242985,-0.261364,
21.6168,-4.34299,4.32783,-0.989312,-0.230675,0.244174,-0.261207,
21.6199,-4.40616,4.13793,-0.889338,-0.228388,0.241788,-0.258746,
21.626,-4.50068,4.05699,-0.951024,-0.226572,0.240075,-0.254258,
21.6313,-4.34028,4.32305,-1.02859,-0.234414,0.244224,-0.256048,
21.6344,-4.27396,4.16314,-1.01548,-0.232307,0.244115,-0.252636,
21.6405,-4.51196,4.12187,-1.00431,-0.226457,0.238232,-0.254641,
21.6489,-4.30475,4.22761,-0.814827,-0.228602,0.242869,-0.259616,
21.6519,-4.33645,4.28095,-0.989461,-0.232839,0.244101,-0.258995,
21.657,-4.59263,4.21164,-0.956799,-0.229688,0.238589,-0.252531,
21.6601,-4.37557,4.2129,-1.05776,-0.23025,0.24397,-0.25275,
21.6664,-4.42399,4.09839,-0.874158,-0.223531,0.239977,-0.251119,
21.6716,-4.4887,4.23349,-0.796679,-0.230374,0.238931,-0.256145,
21.6747,-4.34946,4.42592,-0.871688,-0.2345,0.243045,-0.259441,
21.6809,-4.25367,4.32448,-0.777547,-0.232673,0.244795,-0.259133,
21.686,-4.27876,3.9786,-0.793165,-0.225649,0.243672,-0.2542,
21.6894,-4.229,4.18665,-0.768839,-0.228217,0.244839,-0.253654,
21.6939,-4.4552,4.10471,-0.995471,-0.226347,0.244584,-0.258995,
21.7,-4.60186,4.30317,-0.834516,-0.23021,0.23664,-0.262053,
21.7031,-4.57063,4.13313,-0.672263,-0.228115,0.240974,-0.252604,
21.7095,-4.55554,4.29617,-0.818685,-0.229932,0.240937,-0.25842,
21.7155,-4.61402,4.40439,-0.884329,-0.235777,0.239111,-0.259532,
21.7186,-4.55028,4.32559,-0.884327,-0.232209,0.238798,-0.260327,
21.7248,-4.37951,4.33035,-0.893444,-0.231351,0.241657,-0.257908,
21.7279,-4.37863,4.14302,-0.811259,-0.226028,0.241186,-0.254709,
21.7359,-4.58755,4.05771,-0.889478,-0.225088,0.237308,-0.253214,
21.742,-4.25322,4.50731,-0.834554,-0.238575,0.244841,-0.257511,
21.8639,-4.19261,4.18807,-0.831297,-0.230966,0.246044,-0.258471,
21.8721,-4.32867,4.13201,-0.84393,-0.228645,0.244846,-0.257889,
21.8777,-4.34282,4.14439,-0.981539,-0.226399,0.245037,-0.261188,
21.8808,-4.20798,4.28499,-0.901,-0.231992,0.247329,-0.255391,
21.887,-4.39241,4.10861,-0.806045,-0.228607,0.24229,-0.249111,
21.8933,-4.63983,4.08776,-0.897327,-0.228641,0.238822,-0.249533,
21.8964,-4.36633,4.3835,-0.833064,-0.23252,0.244818,-0.258837,
21.9025,-4.28243,4.26476,-0.8449,-0.231646,0.244009,-0.257945,
21.9087,-4.56483,4.0334,-0.866995,-0.226354,0.238846,-0.252342,
21.912,-4.46514,4.2476,-0.812343,-0.230742,0.245074,-0.257745,
21.9178,-4.57754,4.27747,-0.90241,-0.233577,0.23731,-0.263683,
21.9232,-4.26599,4.33187,-0.878656,-0.232663,0.245341,-0.254876,
21.9265,-4.40662,4.26023,-0.879042,-0.233651,0.241076,-0.259822,
21.9317,-4.55177,4.10767,-0.788965,-0.226855,0.235096,-0.253125,
21.9379,-4.3909,4.18864,-0.828008,-0.23062,0.244732,-0.255406,
21.941,-4.4149,4.21364,-0.829802,-0.234359,0.247518,-0.257697,
21.9473,-4.14705,4.35729,-0.944615,-0.233678,0.246009,-0.252809,
21.9525,-4.49716,4.15908,-0.88134,-0.22731,0.240932,-0.255293,
21.9559,-4.38992,4.28638,-0.919541,-0.228693,0.239072,-0.259156,
21.9602,-4.4693,4.26765,-0.839861,-0.232221,0.241194,-0.255385,
21.9664,-4.4458,4.14687,-0.866454,-0.228532,0.240098,-0.250758,
21.9695,-4.54381,4.12842,-0.681254,-0.226847,0.241233,-0.250255,
21.9757,-4.37164,4.18242,-0.915181,-0.229419,0.241102,-0.257246,
21.9789,-4.66661,4.38901,-0.716784,-0.232879,0.237461,-0.259862,
21.985,-4.65423,4.38237,-0.776226,-0.234108,0.237412,-0.258104,
21.9903,-4.4323,4.31061,-0.867813,-0.230212,0.242587,-0.256864,
21.9934,-4.33584,4.20579,-0.835485,-0.229251,0.246624,-0.259083,
21.9994,-4.43952,3.8115,-0.868182,-0.219858,0.24183,-0.252746,
22.0048,-4.52325,4.0838,-0.790855,-0.226771,0.241952,-0.255417,
22.0079,-4.3152,4.29785,-0.741282,-0.23159,0.245042,-0.254747,
22.014,-4.39666,4.43087,-0.873498,-0.235975,0.241967,-0.255277,
22.017,-4.52692,4.32235,-0.826769,-0.233024,0.239128,-0.255931,
22.0233,-4.50859,4.16003,-0.887432,-0.228878,0.241299,-0.257099,
22.0285,-4.50054,4.06239,-0.788261,-0.22386,0.239111,-0.254814,
22.0317,-4.42631,4.14166,-0.797117,-0.226858,0.241249,-0.253243,
22.0379,-4.35524,4.38707,-0.900655,-0.2328,0.241771,-0.257509,
22.044,-4.41101,4.34238,-0.850637,-0.232607,0.23996,-0.260635,
22.0472,-4.35888,4.14389,-0.798684,-0.229057,0.242285,-0.252865,
22.0534,-4.27675,4.17771,-0.860296,-0.226393,0.246524,-0.256446,
22.0594,-4.7508,4.26766,-0.876074,-0.231806,0.23572,-0.253194,
22.0625,-4.55763,4.11905,-0.758693,-0.227723,0.236623,-0.253203,
22.0679,-4.47025,4.1627,-0.717709,-0.226133,0.238189,-0.251744,
22.0709,-4.28848,4.28452,-0.780408,-0.230418,0.242027,-0.254277,
22.077,-4.33291,4.30523,-0.858231,-0.230895,0.243095,-0.26004,
22.0832,-4.29424,4.16306,-0.840613,-0.228136,0.246404,-0.250401,
22.0863,-4.28585,4.33621,-0.687297,-0.232971,0.246045,-0.259842,
22.0945,-4.48309,4.13001,-0.740745,-0.226559,0.239964,-0.254285,
22.0992,-4.54102,4.20346,-0.806439,-0.227313,0.239599,-0.256287,
22.1025,-4.58353,4.08947,-0.677909,-0.227956,0.239978,-0.251974,
22.1092,-4.48965,4.24132,-0.838429,-0.228748,0.238293,-0.261382,
22.1138,-4.43512,4.30583,-0.797198,-0.228879,0.240981,-0.254175,
22.1169,-4.38791,4.19123,-0.725474,-0.229353,0.242733,-0.256158,
22.123,-4.31133,4.16947,-0.739441,-0.228123,0.246221,-0.256116,
22.1292,-4.46661,4.12708,-0.814582,-0.22666,0.243072,-0.258107,
22.1324,-4.48279,4.12594,-0.688795,-0.227476,0.239899,-0.254376,
22.1385,-4.45256,4.243,-0.582184,-0.23081,0.239864,-0.256245,
22.1448,-4.40293,4.12008,-0.727607,-0.226041,0.24212,-0.25479,
22.1479,-4.31091,4.32139,-0.742931,-0.233847,0.241016,-0.26258,
22.153,-4.67712,4.11727,-0.78674,-0.227575,0.236501,-0.2485,
22.1593,-4.61867,4.08449,-0.580924,-0.229245,0.236666,-0.252595,
22.1624,-4.37548,4.32112,-0.609638,-0.231389,0.243268,-0.258278,
22.1684,-4.38968,4.15255,-0.786798,-0.227801,0.240016,-0.255459,
22.1716,-4.35343,4.24721,-0.789815,-0.229403,0.243275,-0.254162,
22.1778,-4.48344,4.21001,-0.842512,-0.23005,0.242876,-0.263459,
22.186,-4.54247,4.25965,-0.781113,-0.231872,0.237983,-0.256203,
22.1892,-4.37817,4.35987,-0.614257,-0.232727,0.244859,-0.256692,
22.1935,-4.40722,4.05796,-0.778975,-0.224693,0.242626,-0.254715,
22.1998,-4.53345,4.05745,-0.872517,-0.225307,0.240119,-0.253064,
22.2029,-4.51003,4.19736,-0.914812,-0.227136,0.240635,-0.259545,
22.209,-4.54971,4.18561,-0.847818,-0.22839,0.240961,-0.257551,
22.2121,-4.39223,4.21597,-0.858541,-0.229332,0.244308,-0.255115,
22.2183,-4.55816,4.23901,-0.839179,-0.230273,0.240329,-0.26235,
22.2245,-4.53298,4.04766,-0.944654,-0.227792,0.238884,-0.258828,
22.2277,-4.47178,4.20398,-0.917634,-0.230076,0.240579,-0.257944,
22.2332,-4.46018,4.10971,-0.865727,-0.229761,0.241217,-0.256974,
22.2395,-4.54779,4.26222,-0.937328,-0.228661,0.238182,-0.255679,
22.2426,-4.26881,4.25396,-0.995513,-0.229391,0.243162,-0.261027,
22.2488,-4.34546,4.23445,-0.91484,-0.232284,0.241486,-0.252334,
22.2549,-4.55234,4.13197,-0.972024,-0.230404,0.238395,-0.251866,
22.258,-4.40764,4.25137,-1.09195,-0.231694,0.242087,-0.257289,
22.2643,-4.51968,4.1467,-0.931071,-0.228209,0.239882,-0.255174,
22.2695,-4.75276,4.21562,-1.00351,-0.231176,0.233884,-0.254898,
22.2728,-4.47586,3.93994,-0.913489,-0.224281,0.242079,-0.250008,
22.2802,-4.52989,4.1814,-0.807387,-0.230313,0.238997,-0.259949,
22.2864,-4.15726,4.05884,-0.893115,-0.225118,0.24607,-0.253836,
22.2895,-4.64117,3.90488,-0.887816,-0.221394,0.236927,-0.254756,
22.2958,-4.5456,4.29921,-0.898931,-0.231428,0.238795,-0.262331,
22.2989,-4.21423,4.24034,-0.854596,-0.229689,0.24583,-0.260942,
22.305,-4.56158,3.97728,-0.853136,-0.225046,0.238281,-0.251899,
22.3104,-4.28947,4.0278,-0.949883,-0.224469,0.243481,-0.251944,
22.3134,-4.21516,4.1198,-0.915472,-0.22989,0.248683,-0.257071,
22.3187,-4.39418,4.24383,-0.893939,-0.233536,0.24391,-0.254183,
22.325,-4.33204,3.89045,-0.811548,-0.224328,0.241007,-0.250191,
22.3281,-4.5223,4.15326,-0.912252,-0.227736,0.240197,-0.259256,
22.3344,-4.48244,4.35338,-0.84108,-0.233991,0.239685,-0.257014,
22.3404,-4.59661,4.0961,-0.815865,-0.225221,0.235301,-0.25169,
22.4219,-4.55122,4.09523,-0.878946,-0.228325,0.236698,-0.257009,
22.4259,-4.59805,4.20173,-0.971221,-0.230996,0.2393,-0.253487,
22.429,-4.14702,3.9579,-0.953464,-0.223359,0.250072,-0.260954,
22.4353,-4.62855,4.1974,-0.989257,-0.230027,0.238985,-0.256333,
22.4415,-4.12905,4.24259,-1.00579,-0.230819,0.245377,-0.258731,
22.4446,-4.49999,4.12589,-0.943478,-0.227961,0.23956,-0.255943,
22.4509,-4.69274,4.14593,-0.881202,-0.225723,0.234695,-0.253455,
22.4569,-4.68954,4.00487,-0.82914,-0.226286,0.235055,-0.255129,
22.763,-4.43068,3.89187,-0.88271,-0.22312,0.242961,-0.254909,
22.7662,-4.6179,4.02864,-1.09232,-0.224387,0.236693,-0.260717,
22.7735,-4.51948,4.07596,-0.935456,-0.225774,0.236972,-0.259874,
22.7797,-4.12821,4.22852,-0.883631,-0.22843,0.24731,-0.262011,
22.7829,-4.37962,4.49083,-0.983863,-0.237207,0.242542,-0.263573,
22.7889,-4.41925,4.0732,-0.989828,-0.225286,0.241133,-0.254015,
22.792,-4.51138,4.14649,-1.01432,-0.228339,0.241419,-0.25924,
22.7983,-4.31341,4.11579,-0.861241,-0.225152,0.242968,-0.25941,
23.1295,-4.58143,3.96379,-1.02581,-0.224797,0.236781,-0.258092,
23.1329,-4.14916,4.21294,-1.00033,-0.230198,0.24754,-0.26061,
23.1382,-4.46943,4.09745,-0.944488,-0.226398,0.241854,-0.25903,
23.1444,-4.49171,4.34742,-0.93874,-0.234078,0.239117,-0.257231,
23.1475,-4.35929,3.88851,-0.946681,-0.224753,0.245047,-0.252618,
23.1537,-4.43671,4.22126,-0.944121,-0.228999,0.239311,-0.257652,
23.1569,-4.66644,4.10559,-1.07658,-0.227426,0.235961,-0.259497,
23.163,-4.58552,4.15132,-0.940371,-0.227963,0.236577,-0.256768,
23.1693,-4.57291,4.18998,-0.826542,-0.228025,0.236186,-0.260645,
23.1727,-4.45282,4.32548,-0.876235,-0.236398,0.240163,-0.259784,
23.1809,-4.2719,4.00455,-0.933657,-0.222337,0.243699,-0.256688,
23.1859,-4.39199,4.18936,-0.94426,-0.23106,0.246071,-0.252245,
23.1891,-4.27486,4.34717,-0.938342,-0.233463,0.244195,-0.261268,
23.1953,-4.66298,4.09655,-1.00679,-0.223307,0.234798,-0.259428,
23.2014,-4.48777,4.18864,-1.09503,-0.228504,0.239675,-0.25903,
23.2045,-4.77386,4.24121,-0.992501,-0.231388,0.234596,-0.256525,
23.251,-4.43619,4.16424,-0.899713,-0.231059,0.239297,-0.253076,
23.2552,-4.56685,4.25271,-0.892056,-0.230177,0.238977,-0.252728,
23.2583,-4.46876,4.24025,-1.00309,-0.230159,0.24088,-0.252664,
23.2636,-4.41088,4.11236,-0.88468,-0.229764,0.240107,-0.252825,
23.2669,-4.623,3.98715,-0.856674,-0.222421,0.237674,-0.253047,
23.2726,-4.39548,4.20792,-0.941067,-0.228574,0.23977,-0.258094,
23.2788,-4.41702,4.21586,-0.933793,-0.230375,0.241016,-0.260096,
23.2819,-4.56572,3.96873,-0.938948,-0.223616,0.237881,-0.250997,
23.288,-4.40257,4.25081,-0.862868,-0.232183,0.245331,-0.256161,
23.2933,-4.40364,4.02258,-0.913981,-0.226829,0.243035,-0.254777,
23.2964,-4.66729,4.32569,-0.886347,-0.232607,0.233807,-0.255539,
23.3025,-4.31839,4.23139,-0.860233,-0.231733,0.245443,-0.259917,
23.3107,-4.47995,4.04554,-0.871812,-0.225232,0.243951,-0.252633,
23.3138,-4.53754,4.11993,-0.831905,-0.230602,0.236228,-0.252253,
23.3199,-4.3688,4.16686,-0.828047,-0.22774,0.240975,-0.257168,
23.323,-4.49621,4.26052,-0.820164,-0.229715,0.242416,-0.255196,
23.3293,-4.39417,4.09278,-0.968138,-0.226534,0.243067,-0.257277,
23.3345,-4.43989,4.39922,-0.81859,-0.235277,0.242987,-0.263534,
23.3377,-4.46391,4.29913,-0.90832,-0.231634,0.239203,-0.256077,
23.3439,-4.31582,4.04375,-0.885109,-0.2266,0.244109,-0.25417,
23.35,-4.36485,4.03746,-0.920397,-0.225603,0.241359,-0.254672,
23.3533,-4.65042,4.18103,-1.00177,-0.229654,0.238088,-0.258517,
23.3588,-4.24169,4.27043,-0.949101,-0.230861,0.249153,-0.252318,
23.3649,-4.47706,4.35515,-1.02369,-0.235055,0.242462,-0.251873,
23.368,-4.46485,4.37358,-1.01421,-0.236293,0.23867,-0.258255,
23.3734,-4.61091,4.10899,-1.07631,-0.228808,0.238382,-0.252868,
23.3794,-4.4545,4.15241,-1.03727,-0.23073,0.242904,-0.257946,
23.3825,-4.37649,4.2018,-0.987761,-0.230895,0.244299,-0.254908,
23.3887,-4.16406,4.16176,-1.03727,-0.227489,0.247031,-0.260032,
23.3919,-4.38107,4.24708,-1.01097,-0.229293,0.242712,-0.253947,
23.3999,-4.30981,4.34948,-1.03506,-0.234763,0.2446,-0.263889,
23.4059,-4.8187,4.17435,-0.948987,-0.227052,0.233624,-0.259111,
23.4091,-4.48978,4.13869,-0.864552,-0.226891,0.240213,-0.254917,
23.4144,-4.33483,4.18347,-0.997969,-0.228681,0.24407,-0.256531,
23.4204,-4.70019,4.31303,-0.966382,-0.234302,0.235217,-0.253774,
23.4235,-4.56983,4.02366,-1.08775,-0.225402,0.240056,-0.250442,
23.4298,-4.23334,4.28011,-0.990026,-0.23231,0.246965,-0.256538,
23.4329,-4.61261,4.13101,-0.981208,-0.22609,0.237331,-0.256796,
23.439,-4.58777,4.205,-1.04272,-0.229436,0.239416,-0.253602,
23.4464,-4.57535,4.24822,-0.982952,-0.232277,0.239356,-0.256559,
23.5283,-4.65758,4.16646,-0.986525,-0.226573,0.237994,-0.257268,
23.5315,-4.49863,4.01929,-0.905536,-0.226751,0.239976,-0.259194,
23.5362,-4.32201,4.07323,-1.01464,-0.227775,0.245719,-0.254888,
23.5406,-4.47732,4.18957,-0.936077,-0.230196,0.244294,-0.260139,
23.544,-4.66956,4.28427,-1.02387,-0.231395,0.237237,-0.258804,
23.5482,-4.38521,4.2537,-1.09148,-0.233318,0.238447,-0.252714,
23.5544,-4.34667,4.3127,-0.865839,-0.232765,0.242896,-0.25374,
23.5575,-4.13904,4.32153,-0.963442,-0.233886,0.249458,-0.252346,
23.5638,-4.35075,4.18197,-1.08737,-0.230793,0.243387,-0.254955,
23.5669,-4.51547,4.06425,-0.9448,-0.229046,0.240087,-0.255689,
23.572,-4.35278,4.19523,-1.07897,-0.226905,0.241719,-0.256566,
23.5794,-4.29982,4.08211,-0.979157,-0.226941,0.242895,-0.255733,
23.5825,-4.67678,3.97124,-1.04899,-0.223779,0.235316,-0.247636,
23.5885,-4.68824,4.19783,-0.979179,-0.227363,0.234009,-0.261117,
23.5947,-4.41565,4.34304,-1.016,-0.231844,0.244023,-0.256639,
23.5979,-4.32898,4.2669,-0.943174,-0.23105,0.245385,-0.255202,
23.604,-4.74262,4.03892,-0.955249,-0.229123,0.234147,-0.25571,
23.6093,-4.2833,4.23967,-0.992374,-0.231266,0.246931,-0.256924,
23.6124,-4.41712,4.1169,-1.05991,-0.228526,0.24044,-0.255469,
23.6184,-4.53646,4.0584,-1.10986,-0.227068,0.241487,-0.252857,
23.6218,-4.48363,4.26433,-1.11738,-0.232883,0.240881,-0.257728,
23.628,-4.45272,4.20584,-1.02814,-0.227425,0.243099,-0.257047,
23.6342,-4.73437,4.05406,-1.06513,-0.227215,0.234797,-0.253108,
23.6373,-4.57496,4.10589,-0.901465,-0.229181,0.239263,-0.257107,
23.6829,-4.34094,4.15521,-0.996129,-0.226776,0.244229,-0.256445,
23.6869,-4.49818,4.1543,-1.01107,-0.227994,0.239008,-0.254677,
23.69,-4.63903,4.06636,-1.00104,-0.226387,0.235681,-0.254578,
23.6963,-4.42793,4.39273,-0.999913,-0.233847,0.242723,-0.258437,
23.7024,-4.09896,4.22391,-0.891777,-0.227397,0.247848,-0.257012,
23.7055,-4.30153,4.0462,-0.922494,-0.22863,0.244182,-0.254895,
23.7118,-4.54103,3.8809,-0.933644,-0.224947,0.239133,-0.2546,
23.7197,-4.42911,4.24666,-0.949734,-0.232939,0.246411,-0.257538,
23.7231,-4.83568,4.27962,-0.923507,-0.231147,0.231721,-0.257562,
23.7288,-4.45218,4.19136,-0.82944,-0.230442,0.241865,-0.258351,
23.7334,-4.28047,4.23928,-0.892868,-0.231548,0.24493,-0.253221,
23.7365,-4.43601,4.23506,-1.03314,-0.229309,0.240412,-0.254961,
23.7427,-4.3184,4.02611,-1.01378,-0.225007,0.242276,-0.258406,
23.7489,-4.42943,4.18045,-0.976776,-0.22737,0.240902,-0.255556,
23.752,-4.22951,4.42539,-0.926986,-0.232825,0.244015,-0.257293,
23.7584,-4.52365,4.44637,-0.989186,-0.233614,0.239067,-0.261713,
23.7645,-4.47245,4.00043,-0.805246,-0.222441,0.238783,-0.255369,
23.7676,-4.41201,4.27797,-0.764541,-0.232435,0.243307,-0.25603,
23.7729,-4.36429,4.20855,-0.81769,-0.230459,0.245832,-0.262562,
23.776,-4.33985,4.13621,-0.779558,-0.22714,0.241847,-0.252563,
23.7823,-4.47265,4.24418,-0.828371,-0.230589,0.239702,-0.257452,
23.7884,-4.28866,4.25411,-0.828935,-0.232376,0.242006,-0.252816,
23.7915,-4.24039,4.19585,-0.914084,-0.229184,0.244875,-0.253318,
23.7978,-4.41393,4.37428,-0.822946,-0.233476,0.241948,-0.25768,
23.805,-4.52851,4.23407,-0.880949,-0.230661,0.241482,-0.256715,
23.8081,-4.32816,4.05791,-0.938072,-0.224855,0.243555,-0.252916,
23.8134,-4.56294,3.88202,-0.791364,-0.220108,0.240558,-0.250885,
23.8196,-4.45151,4.05852,-0.577629,-0.228611,0.239697,-0.256253,
23.8228,-4.40463,4.28364,-0.816488,-0.234202,0.240608,-0.253272,
23.8289,-4.56482,4.2866,-0.810098,-0.230904,0.23871,-0.25777,
23.8321,-4.6374,4.31297,-0.715713,-0.232289,0.2389,-0.254826,
23.8383,-4.25316,4.27901,-0.936841,-0.231439,0.247114,-0.259728,
23.8445,-4.24471,4.16482,-0.802635,-0.227573,0.244524,-0.254278,
23.8478,-4.41759,3.95776,-0.836316,-0.224334,0.242042,-0.254859,
23.8531,-4.33012,4.33252,-0.865749,-0.231867,0.242422,-0.258171,
23.8594,-4.46638,4.20952,-0.740165,-0.228136,0.243006,-0.256733,
23.8625,-4.4164,4.28578,-0.744389,-0.23099,0.244035,-0.254849,
23.8685,-4.32361,4.08739,-0.834215,-0.224601,0.245367,-0.256122,
23.8747,-4.33329,4.29766,-0.820669,-0.22973,0.243956,-0.259419,
23.8779,-4.77481,4.11264,-0.786301,-0.228421,0.233192,-0.254283,
23.884,-4.55791,4.03129,-0.77222,-0.223683,0.238069,-0.251241,
23.8893,-4.56296,4.33129,-0.720021,-0.229768,0.239968,-0.258552,
23.8927,-4.42867,4.27367,-0.953314,-0.230184,0.240559,-0.257495,
23.8972,-4.36798,4.1038,-1.01678,-0.225894,0.240244,-0.255683,
23.9034,-4.41726,4.21939,-0.750241,-0.228256,0.241994,-0.258261,
23.9065,-4.5248,4.28419,-0.670491,-0.231561,0.240824,-0.260875,
23.9127,-4.60557,4.0063,-0.729485,-0.224658,0.237103,-0.254185,
23.9159,-4.38041,4.28895,-0.862963,-0.231953,0.244755,-0.248247,
23.9624,-4.45572,4.21763,-0.893358,-0.229465,0.241967,-0.258605,
23.9664,-4.50476,3.90404,-0.886784,-0.224392,0.241133,-0.261345,
23.9695,-4.34244,4.17523,-0.788873,-0.228622,0.244219,-0.254607,
23.9757,-4.52946,4.10894,-0.915295,-0.225766,0.238963,-0.259963,
23.9799,-4.3308,4.31943,-0.927148,-0.231863,0.240871,-0.259206,
23.9833,-4.29887,4.09875,-0.806087,-0.229444,0.243657,-0.255416,
23.9915,-4.363,4.368,-0.784865,-0.235346,0.243475,-0.257914,
23.9968,-4.32942,4.20718,-0.883974,-0.227444,0.244049,-0.2603,
23.9999,-4.36148,4.18643,-1.12141,-0.227209,0.243799,-0.254739,
24.0051,-4.27489,4.1757,-0.993479,-0.229209,0.245299,-0.25727,
24.0113,-4.30825,4.50983,-0.891529,-0.23513,0.242958,-0.258034,
24.0144,-4.44486,4.02065,-0.861066,-0.224485,0.23992,-0.251204,
24.0204,-4.60989,4.24962,-0.987909,-0.231914,0.239193,-0.254362,
24.0235,-4.24917,4.23854,-0.922416,-0.22801,0.244994,-0.253573,
24.0318,-4.72699,4.16724,-0.879782,-0.231115,0.234336,-0.253031,
24.0364,-4.50714,4.11739,-0.922016,-0.227215,0.238765,-0.254327,
24.0397,-4.66512,4.29865,-0.960255,-0.230884,0.23688,-0.259519,
24.045,-4.18294,4.42894,-1.00027,-0.234604,0.248142,-0.258456,
24.0512,-4.43138,3.98608,-1.00011,-0.224188,0.243075,-0.250305,
24.0543,-4.45971,4.18589,-1.12895,-0.228852,0.241673,-0.255912,
24.0604,-4.50623,4.20348,-0.960639,-0.230619,0.24193,-0.255753,
24.0666,-4.29387,4.15446,-1.00333,-0.227536,0.244347,-0.259249,
24.0699,-4.331,4.4076,-0.914931,-0.235779,0.247885,-0.257176,
24.0745,-4.26046,4.21057,-0.778104,-0.230174,0.246355,-0.25481,
24.0809,-4.5595,3.99552,-0.94045,-0.22477,0.241393,-0.254672,
24.0839,-4.32875,4.28078,-1.01819,-0.232989,0.244966,-0.253409,
24.0893,-4.25233,4.26313,-0.932532,-0.231336,0.245488,-0.25822,
24.0954,-4.25309,4.28172,-0.911913,-0.231996,0.245295,-0.253949,
24.0986,-4.61026,4.29292,-0.904592,-0.232469,0.239827,-0.257846,
24.1048,-4.49964,4.38231,-0.915717,-0.232691,0.24153,-0.261463,
24.1079,-4.33643,4.31292,-0.898365,-0.231765,0.243366,-0.25847,
24.114,-4.45681,3.95514,-0.840649,-0.223964,0.240193,-0.253999,
24.1203,-4.42038,4.20611,-0.977984,-0.231567,0.241122,-0.253935,
24.1234,-4.3654,4.04456,-0.920864,-0.227714,0.246709,-0.254281,
24.1285,-4.12527,4.4221,-0.832979,-0.233881,0.248655,-0.260223,
24.1348,-4.34459,4.30863,-0.872184,-0.233966,0.244024,-0.258272,
24.1379,-4.43021,4.22159,-0.982883,-0.232249,0.243139,-0.252437,
24.1439,-4.4884,4.05983,-0.809498,-0.226293,0.240172,-0.254932,
24.1471,-4.46885,4.18028,-0.864157,-0.231022,0.242492,-0.255278,
24.1533,-4.52576,4.15964,-0.84921,-0.231823,0.240747,-0.253045,
24.1595,-4.30869,4.04685,-0.897587,-0.226659,0.243484,-0.257141,
24.1627,-4.37032,4.29429,-0.837396,-0.232813,0.244543,-0.257345,
24.1682,-4.55092,4.29947,-0.865097,-0.233228,0.239319,-0.25913,
24.1744,-4.62274,4.04015,-0.877194,-0.22537,0.238757,-0.253002,
24.1775,-4.62109,4.12864,-0.774433,-0.226676,0.236963,-0.253113,
24.1837,-4.3702,4.30349,-0.72701,-0.234755,0.240122,-0.255808,
24.1899,-4.13386,4.13695,-0.847382,-0.229918,0.249365,-0.254456,
24.193,-4.38453,4.45339,-0.87647,-0.234871,0.241539,-0.257373,
24.2388,-4.41217,4.25223,-0.740651,-0.229618,0.239744,-0.261735,
24.2429,-4.46465,4.06825,-0.900495,-0.227204,0.241951,-0.255183,
24.246,-4.39071,3.96241,-0.857746,-0.223547,0.240731,-0.255705,
24.2543,-4.5243,4.22242,-0.890371,-0.230475,0.241305,-0.257762,
24.2601,-4.45872,3.96363,-0.81826,-0.219922,0.239115,-0.256828,
24.2633,-4.47962,4.30383,-0.723408,-0.234447,0.239829,-0.257302,
24.2694,-4.38418,4.08694,-0.936947,-0.226068,0.243011,-0.257786,
24.2757,-4.54893,4.16093,-0.896309,-0.228075,0.237496,-0.254855,
24.2789,-4.60086,4.23016,-0.88214,-0.230978,0.237708,-0.255322,
24.284,-4.4398,4.11784,-0.916766,-0.22787,0.240639,-0.251248,
24.2903,-4.47847,4.25366,-0.72018,-0.230101,0.240401,-0.261703,
24.2934,-4.39833,4.25247,-0.730857,-0.228185,0.23957,-0.257458,
24.2985,-4.37913,3.97921,-0.613365,-0.223639,0.24182,-0.25606,
24.3016,-4.4702,4.27637,-0.704348,-0.229064,0.241333,-0.253665,
24.3078,-4.31469,4.16838,-0.848072,-0.229035,0.24523,-0.256682,
24.3139,-4.47932,4.15886,-1.00926,-0.229646,0.240882,-0.253892,
24.317,-4.36071,4.42773,-0.789968,-0.23425,0.242987,-0.256153,
24.3224,-4.46128,4.47101,-0.828279,-0.235682,0.237526,-0.254333,
24.3284,-4.33126,4.35973,-0.734654,-0.23539,0.245102,-0.259812,
24.3316,-4.47304,4.19889,-0.697662,-0.229833,0.241077,-0.249866,
24.3378,-4.26745,4.0987,-0.863422,-0.22813,0.244804,-0.258424,
24.341,-4.25289,4.1999,-0.792142,-0.231644,0.244361,-0.257554,
24.3465,-4.36304,4.01097,-0.793092,-0.22704,0.244501,-0.256119,
24.352,-4.43229,4.33027,-0.908708,-0.230808,0.241199,-0.260723,
24.3567,-4.47534,4.11991,-0.77766,-0.227821,0.239566,-0.257362,
24.36,-4.28638,4.21955,-0.7452,-0.231996,0.244228,-0.259498,
24.3647,-4.37475,4.23159,-0.676014,-0.22852,0.242087,-0.259887,
24.3692,-4.4984,4.05845,-0.80459,-0.226861,0.239762,-0.252915,
24.3723,-4.25832,4.11853,-0.926658,-0.229029,0.245065,-0.251283,
24.3784,-4.29677,4.04733,-0.80731,-0.225658,0.244978,-0.253885,
24.3864,-4.61679,4.19173,-0.860844,-0.229529,0.236835,-0.255308,
24.3895,-4.78967,3.98257,-0.771821,-0.223443,0.233587,-0.253525,
24.3947,-4.43892,4.1937,-0.864034,-0.231111,0.24061,-0.25233,
24.3978,-4.39758,4.25228,-0.808907,-0.229166,0.241963,-0.255326,
24.4031,-4.34291,4.24048,-0.827694,-0.233705,0.244117,-0.257136,
24.4094,-4.57822,4.02117,-0.859361,-0.225398,0.237264,-0.258278,
24.4124,-4.30445,4.23724,-0.922243,-0.23035,0.244463,-0.25937,
24.4185,-4.35663,4.22379,-0.849909,-0.231215,0.241223,-0.265486,
24.4246,-4.39376,3.95439,-0.750567,-0.222504,0.243227,-0.25302,
24.4278,-4.58924,4.18046,-0.909185,-0.228857,0.24035,-0.256956,
24.4331,-4.67632,4.19729,-0.810443,-0.227456,0.236614,-0.258532,
24.4385,-4.489,4.20827,-0.893255,-0.229738,0.238093,-0.256217,
24.4417,-4.20049,4.44836,-0.836207,-0.233681,0.246281,-0.259103,
24.4479,-4.308,4.2575,-0.87006,-0.231817,0.243567,-0.2591,
24.451,-4.40662,3.95648,-0.82468,-0.225737,0.240104,-0.252747,
24.4573,-4.30757,4.30375,-0.775589,-0.231694,0.241478,-0.255746,
24.4634,-4.23082,4.17016,-0.701221,-0.226515,0.245924,-0.254831,
24.4666,-4.46798,4.11908,-0.991505,-0.228692,0.238956,-0.25569,
24.4729,-4.2149,4.18142,-0.864358,-0.226668,0.248281,-0.257018,
24.4792,-4.27525,4.10005,-0.945297,-0.228854,0.244524,-0.253798,
24.4823,-4.34341,4.12279,-0.835979,-0.228691,0.246357,-0.255849,
24.4884,-4.44003,4.38974,-0.898071,-0.236113,0.238541,-0.2584,
24.4947,-4.64225,3.95443,-0.847915,-0.224043,0.235321,-0.255053,
24.4978,-4.51931,3.92473,-0.846942,-0.222292,0.23841,-0.254642,
24.5039,-4.45489,4.27906,-0.914841,-0.231204,0.241668,-0.2573,
24.507,-4.3379,4.38376,-0.870616,-0.234068,0.24481,-0.256024,
24.5133,-4.43917,3.91772,-0.964332,-0.222569,0.243926,-0.250783,
24.5186,-4.22806,4.26027,-0.912094,-0.232489,0.248692,-0.258289,
24.5218,-4.35035,4.25831,-0.934291,-0.232666,0.242953,-0.257576,
24.5279,-4.54362,4.16688,-0.906696,-0.228585,0.24151,-0.259663,
24.5342,-4.4622,4.33986,-0.864196,-0.234925,0.240332,-0.256123,
24.5373,-4.31702,4.05854,-0.803185,-0.222118,0.244719,-0.255467,
24.5434,-4.63613,3.97584,-0.829551,-0.224226,0.23605,-0.253519,
24.5496,-4.38377,4.21816,-0.730904,-0.229757,0.24067,-0.259871,
24.5924,-4.42775,4.3157,-1.03072,-0.233196,0.240251,-0.258862,
24.5964,-4.50756,4.26185,-0.896857,-0.232422,0.240906,-0.257492,
24.6024,-4.57182,3.95822,-0.948115,-0.225558,0.240335,-0.256346,
24.6055,-4.12494,4.27007,-0.924597,-0.232676,0.246563,-0.257746,
24.6108,-4.58457,4.03332,-0.96389,-0.223988,0.234997,-0.257737,
24.6141,-4.55157,3.93775,-0.908597,-0.224185,0.239318,-0.253046,
24.6195,-4.55023,4.13375,-0.812378,-0.225316,0.239834,-0.255836,
24.6257,-4.43858,4.20154,-0.873616,-0.228607,0.242317,-0.255212,
24.6289,-4.44311,4.01638,-0.884624,-0.226631,0.242314,-0.250281,
24.6341,-4.90559,4.09531,-0.870261,-0.228089,0.231476,-0.254204,
24.6403,-4.17455,4.06027,-0.830987,-0.226657,0.246193,-0.254489,
24.6434,-4.54853,4.23791,-1.00303,-0.230868,0.23741,-0.25804,
24.6495,-4.5512,4.3214,-0.9625,-0.233104,0.239447,-0.258232,
24.6576,-4.49172,4.4218,-0.77677,-0.234575,0.239324,-0.260301,
24.6608,-4.38984,4.24216,-0.792896,-0.230405,0.241746,-0.258495,
24.6652,-4.76681,4.17199,-0.945218,-0.228369,0.236263,-0.255194,
24.747,-4.3565,4.24333,-0.901208,-0.230241,0.242839,-0.258302,
24.7502,-4.49635,4.0242,-0.952593,-0.223711,0.241194,-0.257435,
24.7543,-4.44412,4.01906,-0.938079,-0.221851,0.24253,-0.257113,
24.7604,-4.31447,4.23708,-0.873696,-0.226975,0.243032,-0.256932,
24.7635,-4.44879,4.27437,-0.908774,-0.23164,0.241684,-0.257022,
24.7697,-4.61602,4.01361,-0.922165,-0.224242,0.236524,-0.252062,
24.7728,-4.7138,4.15199,-0.964025,-0.226734,0.235082,-0.251643,
24.7789,-4.47307,4.04335,-0.931715,-0.227216,0.238629,-0.252326,
24.888,-4.61368,4.21454,-0.934708,-0.23056,0.238179,-0.2575,
24.8911,-4.67107,4.26329,-0.997804,-0.232807,0.235593,-0.254043,
24.8954,-4.26096,4.38004,-0.907034,-0.232502,0.248961,-0.260848,
24.9014,-4.42625,4.35262,-0.999746,-0.232964,0.243162,-0.258166,
24.9045,-4.61732,3.88439,-1.01789,-0.223193,0.238978,-0.253193,
24.9108,-4.41941,4.21363,-0.842103,-0.23142,0.243637,-0.256427,
24.9139,-4.21486,4.53302,-0.934998,-0.237363,0.245545,-0.253307,
24.9199,-4.57506,4.08685,-0.991466,-0.225964,0.239085,-0.25317,
24.9337,-4.35427,4.30418,-0.97807,-0.231605,0.242502,-0.253265,
24.937,-4.38128,4.21222,-0.958265,-0.231713,0.241685,-0.254464,
24.9454,-4.42448,4.10919,-1.05329,-0.228754,0.241529,-0.255531,
24.953,-4.66457,4.02799,-0.95049,-0.225032,0.238558,-0.256837,
24.9562,-4.40534,3.95946,-0.984995,-0.222826,0.245262,-0.254784,
24.9624,-4.7121,4.40996,-0.908368,-0.232974,0.237005,-0.259429,
24.9684,-4.5638,4.15196,-0.851899,-0.22853,0.241287,-0.256557,
24.9715,-4.41644,4.15994,-1.04801,-0.228012,0.241315,-0.253909,
24.976,-4.50412,4.06082,-0.924088,-0.225921,0.240117,-0.261879,
24.9791,-4.36491,4.04824,-0.94289,-0.226452,0.246946,-0.257663,
24.9844,-4.42807,4.00679,-1.02858,-0.225036,0.239121,-0.255333,
24.9904,-4.53383,4.3061,-0.966094,-0.232414,0.238755,-0.256239,
24.9935,-4.76186,4.19647,-0.855514,-0.229264,0.236111,-0.259302,
24.9997,-4.40556,3.89374,-0.864553,-0.222059,0.238712,-0.253502,
25.0059,-4.37731,4.24681,-0.915072,-0.228922,0.243268,-0.257467,
25.009,-4.69203,4.13023,-0.781966,-0.227985,0.23581,-0.258384,
25.0154,-4.37202,4.10909,-0.997855,-0.226946,0.239479,-0.253631,
25.02,-4.54097,4.0624,-1.00309,-0.226198,0.238349,-0.25607,
25.0233,-4.12103,4.27168,-1.0509,-0.230547,0.251804,-0.261453,
25.0307,-4.57108,4.26088,-1.04914,-0.229933,0.239996,-0.260618,
25.0369,-4.52038,3.97647,-0.924453,-0.224871,0.239611,-0.251714,
25.04,-4.33708,4.27002,-0.956573,-0.231778,0.243601,-0.253542,
25.0463,-4.56023,4.19582,-0.939981,-0.228559,0.236977,-0.25529,
25.0524,-4.48607,4.15618,-1.05627,-0.229112,0.242083,-0.252979,
25.0556,-4.38178,4.37279,-0.98876,-0.232741,0.242321,-0.259614,
25.061,-4.3247,4.11782,-1.04291,-0.227353,0.24494,-0.257949,
25.0666,-4.18546,4.105,-0.882591,-0.227101,0.246052,-0.250109,
25.0698,-4.49761,4.04735,-1.00319,-0.224688,0.238447,-0.257577,
25.0759,-4.60413,4.39612,-0.959701,-0.236478,0.235867,-0.255921,
25.0791,-4.52236,4.35239,-0.939567,-0.230916,0.240749,-0.258906,
25.0853,-4.38513,4.28852,-0.906749,-0.232473,0.241155,-0.253807,
25.0914,-4.60768,4.39672,-0.830443,-0.234306,0.236854,-0.258526,
25.0946,-4.46413,4.24508,-1.10353,-0.227497,0.240993,-0.254594,
25.0998,-4.513,4.24194,-1.01779,-0.232719,0.239741,-0.253397,
25.1072,-4.36071,4.07015,-1.01233,-0.228071,0.242074,-0.257855,
25.1104,-4.55506,4.11184,-0.918386,-0.228846,0.239573,-0.252315,
25.1164,-4.45359,4.25805,-1.07709,-0.231211,0.24254,-0.258349,
25.1226,-4.37372,4.31005,-0.944854,-0.230665,0.244807,-0.260227,
25.1258,-4.65517,4.13761,-1.04307,-0.225058,0.236555,-0.253478,
25.1319,-4.58375,4.03998,-0.954985,-0.223505,0.242013,-0.257757,
25.1363,-4.47322,4.34847,-0.886069,-0.234881,0.23938,-0.259256,
25.1394,-4.47645,4.13495,-0.804419,-0.226835,0.241719,-0.256867,
25.1454,-4.36069,4.06637,-0.820424,-0.228486,0.245357,-0.252056,
25.1485,-4.6288,4.33411,-0.879535,-0.233109,0.234855,-0.258625,
25.1551,-4.53887,4.18977,-0.832367,-0.230225,0.237088,-0.256768,
25.1613,-4.51012,4.23616,-0.88531,-0.229768,0.240323,-0.261448,
25.1644,-4.44845,4.29375,-0.925977,-0.229256,0.243697,-0.259698,
25.1704,-4.48146,4.17375,-0.894122,-0.228529,0.24153,-0.255118,
25.1767,-4.31321,3.98776,-0.763616,-0.22381,0.243183,-0.255426,
25.1798,-4.43568,4.29747,-0.855556,-0.231453,0.240358,-0.260445,
25.185,-4.302,4.64993,-0.94965,-0.242665,0.245552,-0.255574,
25.1913,-4.3597,4.30451,-0.95766,-0.234041,0.243163,-0.255003,
25.1944,-4.38737,4.15476,-0.804205,-0.227571,0.241132,-0.253468,
25.1987,-4.75594,4.04402,-0.867781,-0.225945,0.234039,-0.252035,
25.2018,-4.48346,4.26971,-0.842357,-0.232249,0.239394,-0.256958,
25.2079,-4.59815,4.15287,-0.949365,-0.227668,0.239208,-0.261953,
25.2142,-4.56312,4.07405,-1.02572,-0.226478,0.239028,-0.258363,
25.2173,-4.325,4.15558,-0.91488,-0.228165,0.244323,-0.254907,
25.2225,-4.58638,4.17499,-0.892523,-0.230168,0.236324,-0.255496,
25.2288,-4.29759,4.39688,-0.991045,-0.232308,0.24621,-0.257459,
25.2319,-4.11608,4.37572,-0.945257,-0.23504,0.24896,-0.262018,
25.2379,-4.46074,4.28849,-1.05339,-0.233794,0.242176,-0.253502,
25.2411,-4.39049,4.16167,-1.02843,-0.229335,0.242105,-0.252666,
25.2473,-4.46973,4.06723,-1.02688,-0.227327,0.242174,-0.258584,
25.2534,-4.4308,4.2304,-0.898999,-0.230406,0.241482,-0.261426,
25.2565,-4.34967,4.01419,-0.974282,-0.225985,0.244102,-0.256029,
25.2618,-4.21465,4.26466,-0.97433,-0.230697,0.247126,-0.25864,
25.2679,-4.4426,4.29005,-1.01046,-0.233155,0.239331,-0.261981,
25.271,-4.513,4.2012,-0.848808,-0.227722,0.237184,-0.253156,
25.2773,-4.34868,4.11141,-1.00961,-0.225921,0.240127,-0.258144,
25.2834,-4.33506,4.05868,-0.999735,-0.223748,0.241265,-0.255462,
25.2867,-4.15703,4.02421,-0.916058,-0.225948,0.249886,-0.24935,
25.2949,-4.36831,4.39284,-0.942034,-0.232144,0.240487,-0.258516,
25.298,-4.4756,4.32211,-1.00088,-0.233252,0.241295,-0.259817,
25.3033,-4.54415,4.32859,-1.142,-0.229219,0.239156,-0.256144,
25.3094,-4.62388,4.12835,-0.88567,-0.226409,0.2355,-0.25609,
25.3125,-4.36404,4.14905,-0.923951,-0.228171,0.244495,-0.257316,
25.3188,-4.36525,4.18659,-1.05843,-0.228375,0.244188,-0.255685,
25.3249,-4.64003,4.11047,-0.960055,-0.228083,0.237968,-0.253264,
25.328,-4.27973,4.41503,-0.952597,-0.235156,0.242279,-0.258035,
25.411,-4.47351,4.41061,-0.967196,-0.233563,0.241119,-0.257981,
25.4152,-4.35312,4.1841,-0.927583,-0.225446,0.241404,-0.255167,
25.4183,-4.52846,4.16684,-0.8908,-0.230104,0.237639,-0.255702,
25.4255,-4.60751,4.16911,-0.882275,-0.226256,0.237854,-0.256899,
25.4318,-4.56965,3.98739,-0.939116,-0.221804,0.238858,-0.253395,
25.4349,-4.21677,4.2279,-0.968,-0.229294,0.246304,-0.261256,
25.4409,-4.38448,4.19796,-0.851529,-0.230916,0.24204,-0.259612,
25.4441,-4.42019,4.10105,-0.880478,-0.228957,0.243048,-0.250835,
25.5514,-4.38609,4.21799,-0.907752,-0.231204,0.242604,-0.258068,
25.5546,-4.21988,4.22,-0.94254,-0.233051,0.246251,-0.250035,
25.5589,-4.41613,4.03377,-1.06385,-0.225374,0.242407,-0.253836,
25.562,-4.34964,4.26007,-1.0653,-0.230172,0.242266,-0.256278,
25.5683,-4.26324,4.24047,-0.903561,-0.231517,0.244044,-0.257207,
25.5744,-4.26364,4.13956,-0.830817,-0.227506,0.242823,-0.257968,
25.5776,-4.28884,4.32107,-0.928744,-0.233718,0.24612,-0.255182,
25.5838,-4.58782,4.28961,-0.901144,-0.233503,0.236959,-0.25117,
25.6472,-4.43424,4.20748,-0.984447,-0.230114,0.239605,-0.252212,
25.6504,-4.27847,4.3514,-1.02631,-0.231481,0.247683,-0.246392,
25.6589,-4.35387,4.3864,-1.03017,-0.236124,0.243023,-0.25729,
25.6635,-4.4741,4.29164,-0.800411,-0.231829,0.241583,-0.25659,
25.6668,-4.8498,4.32083,-0.86644,-0.231664,0.230501,-0.256352,
25.6729,-4.30421,4.33303,-0.850653,-0.231488,0.242893,-0.254568,
25.676,-4.37944,4.27257,-0.96525,-0.23293,0.243265,-0.253559,
25.6823,-4.45312,4.06568,-0.93587,-0.226084,0.240434,-0.252955,
25.6884,-4.40664,4.46143,-0.957385,-0.23807,0.239847,-0.262396,
25.6918,-4.43185,4.10492,-0.912288,-0.227019,0.239041,-0.257616,
25.6963,-4.43598,4.33616,-0.891729,-0.230089,0.242464,-0.257062,
25.7024,-4.54512,4.45952,-0.884385,-0.236759,0.23944,-0.258233,
25.7055,-4.46758,4.21452,-0.90978,-0.230941,0.239291,-0.253945,
25.7118,-4.29357,4.02359,-0.975389,-0.226034,0.245036,-0.253885,
25.7179,-4.42337,4.30554,-0.964767,-0.232362,0.24296,-0.259893,
25.721,-4.6281,4.41567,-0.898453,-0.235931,0.236875,-0.25473,
25.7273,-4.40772,4.18697,-0.952782,-0.230077,0.242233,-0.25505,
25.7325,-4.50614,4.26443,-0.866662,-0.231837,0.240645,-0.257251,
25.7357,-4.36481,4.22906,-0.975527,-0.229925,0.241485,-0.265091,
25.7429,-4.41236,4.04629,-0.896833,-0.225734,0.240684,-0.253742,
25.7461,-4.62816,4.19966,-0.923009,-0.230922,0.235889,-0.255199,
25.7523,-4.30804,4.36505,-0.848875,-0.234027,0.241383,-0.261131,
25.7584,-4.34055,4.13446,-0.872464,-0.228371,0.243601,-0.255207,
25.7615,-4.33043,4.58058,-0.915012,-0.240744,0.241342,-0.264068,
25.808,-4.34943,4.425,-0.885702,-0.237812,0.244641,-0.26323,
25.8122,-4.35308,4.41316,-0.925752,-0.235467,0.241508,-0.256378,
25.8153,-4.30581,4.28158,-0.804741,-0.231133,0.242928,-0.257557,
25.8214,-4.3742,4.3409,-0.863332,-0.230242,0.242202,-0.261233,
25.8297,-4.33868,4.05069,-0.991483,-0.22647,0.243354,-0.251779,
25.833,-4.48941,4.11852,-1.01196,-0.22529,0.240926,-0.259041,
25.8376,-4.33696,4.28088,-0.935506,-0.230478,0.244286,-0.260189,
25.8422,-4.52927,4.16765,-0.949851,-0.227696,0.239422,-0.255506,
25.8454,-4.47699,4.19892,-0.866785,-0.228668,0.236848,-0.259325,
25.8506,-4.55269,4.28265,-0.898901,-0.230005,0.238095,-0.256219,
25.8569,-4.46058,4.01341,-0.96525,-0.223557,0.239009,-0.253206,
25.86,-4.44624,4.27277,-1.04907,-0.231917,0.239103,-0.256811,
25.8662,-4.33105,4.28031,-1.09495,-0.230741,0.242371,-0.257837,
25.8743,-4.52244,4.19515,-0.812504,-0.227946,0.238148,-0.25633,
25.8774,-4.43445,4.38238,-1.08908,-0.233365,0.244685,-0.25713,
25.8824,-4.45752,4.33537,-1.03685,-0.233418,0.239308,-0.259406,
25.8855,-4.36723,4.51786,-1.03665,-0.23677,0.242228,-0.252967,
25.8908,-4.55635,3.90944,-1.04142,-0.2227,0.239608,-0.256704,
25.8969,-4.43469,4.07676,-0.913211,-0.226097,0.239579,-0.257582,
25.9,-4.41924,4.12992,-0.854634,-0.227996,0.242445,-0.256701,
25.9063,-4.40256,4.10554,-0.783672,-0.223972,0.238798,-0.252526,
25.9124,-4.38632,4.11235,-0.872555,-0.22812,0.241145,-0.257096,
25.9156,-4.32121,4.35748,-0.90392,-0.233848,0.24627,-0.262368,
25.924,-4.41607,3.8828,-0.960247,-0.221372,0.24156,-0.25348,
25.9296,-4.57094,4.30877,-1.01576,-0.234011,0.236698,-0.258391,
25.9328,-4.36621,4.30949,-0.752419,-0.231261,0.242783,-0.259186,
25.938,-4.54013,4.14481,-0.890944,-0.229115,0.237999,-0.25602,
25.9443,-4.62693,3.99991,-0.857334,-0.226119,0.23438,-0.252591,
25.9474,-4.53464,4.37066,-0.857592,-0.231657,0.238844,-0.256666,
25.9534,-4.42635,4.30055,-0.927487,-0.234292,0.238883,-0.259176,
25.9565,-4.39926,4.21825,-0.936799,-0.227877,0.244234,-0.25917,
25.9641,-4.33661,4.3632,-0.939741,-0.233298,0.244784,-0.253524,
25.9694,-4.30305,4.30103,-0.851858,-0.234685,0.243091,-0.25829,
25.9725,-4.31303,4.30923,-0.82418,-0.229995,0.243504,-0.256775,
25.9778,-4.30182,4.32507,-0.835972,-0.231869,0.243159,-0.261421,
25.9839,-4.5057,3.97491,-0.821992,-0.222023,0.239121,-0.253135,
25.987,-4.6079,4.26491,-0.803916,-0.231234,0.236856,-0.257851,
25.9933,-4.55672,4.28254,-0.854281,-0.232285,0.238885,-0.258235,
25.9994,-4.38422,4.12942,-0.927583,-0.226813,0.242164,-0.251485,
26.0025,-4.54006,4.24659,-0.811482,-0.232167,0.2372,-0.259669,
26.009,-4.56731,4.27621,-0.77282,-0.230831,0.238613,-0.264021,
26.0143,-4.37633,4.12402,-0.777745,-0.227686,0.243516,-0.258832,
26.0174,-4.54361,4.09117,-0.884879,-0.226587,0.239187,-0.254085,
26.0234,-4.3658,4.10586,-0.860582,-0.229385,0.239738,-0.255129,
26.0266,-4.14839,4.39522,-0.98028,-0.233184,0.246087,-0.25787,
26.0328,-4.37214,4.14549,-0.825461,-0.227597,0.242327,-0.254327,
26.0389,-4.31691,4.47947,-0.839528,-0.234676,0.24324,-0.258629,
26.042,-4.40171,4.11638,-0.783581,-0.227037,0.240027,-0.257453,
26.0483,-4.51322,4.06791,-0.812874,-0.227717,0.236377,-0.252944,
26.0527,-4.52102,4.02396,-0.834427,-0.224899,0.241067,-0.257604,
26.056,-4.18036,4.17572,-0.829362,-0.228041,0.247976,-0.257588,
26.0643,-4.36069,4.22562,-0.839683,-0.229011,0.240961,-0.257569,
26.0704,-4.4889,4.16537,-0.835087,-0.22884,0.239252,-0.25379,
26.0735,-4.34962,4.17145,-0.824934,-0.230356,0.243053,-0.259821,
26.0797,-4.26633,4.21764,-0.810602,-0.228813,0.244021,-0.254717,
26.0828,-4.48817,3.96043,-0.769471,-0.223039,0.241195,-0.255012,
26.089,-4.47568,4.25923,-0.724458,-0.230929,0.237681,-0.261733,
26.0944,-4.67882,3.98941,-0.843525,-0.224086,0.235817,-0.255453,
26.0977,-4.56252,4.15583,-0.973614,-0.228076,0.239085,-0.257245,
26.106,-4.47513,4.30446,-0.913654,-0.232858,0.241331,-0.255221,
26.1113,-4.48276,4.23093,-0.91859,-0.232932,0.244364,-0.258703,
26.1144,-4.44396,4.247,-0.750308,-0.231039,0.239314,-0.25911,
26.1204,-4.33308,4.38629,-0.914065,-0.233988,0.242758,-0.258459,
26.1266,-4.54538,4.09789,-0.917074,-0.226364,0.237614,-0.257398,
26.1298,-4.22613,4.0652,-0.82886,-0.225144,0.24439,-0.256719,
26.135,-4.21109,4.02165,-0.910624,-0.223526,0.243683,-0.257369,
26.1425,-4.27158,3.99403,-1.08178,-0.224827,0.245876,-0.253785,
26.1457,-4.56029,4.1382,-1.06841,-0.227299,0.236373,-0.256584,
26.1519,-4.16346,4.37679,-0.890329,-0.233985,0.243754,-0.261951,
26.155,-4.51689,4.04202,-1.00384,-0.223755,0.239613,-0.255136,
26.1612,-4.35767,4.02584,-1.03254,-0.222501,0.243356,-0.260304,
26.1674,-4.49685,4.20817,-0.979927,-0.227156,0.238963,-0.256929,
26.1705,-4.58692,3.86575,-0.953178,-0.220047,0.240147,-0.254294,
26.1758,-4.60012,4.26192,-0.942083,-0.230488,0.236666,-0.257229,
26.1819,-4.25601,4.14434,-0.948907,-0.227571,0.247335,-0.258277,
26.1851,-4.34713,4.04142,-1.02331,-0.224252,0.242903,-0.257839,
26.1934,-4.34521,4.32082,-0.833231,-0.230107,0.243355,-0.259078,
26.1987,-4.47845,4.03492,-1.00961,-0.225978,0.240181,-0.254792,
26.2018,-4.42934,4.14053,-1.08223,-0.22681,0.239283,-0.25228,
26.2079,-4.26408,4.45063,-0.970943,-0.236967,0.245748,-0.256488,
26.2111,-4.43109,4.19587,-0.943843,-0.232987,0.241576,-0.25777,
26.2164,-4.34973,4.22377,-1.03063,-0.229973,0.241342,-0.261194,
26.2224,-4.56948,3.94334,-1.07742,-0.224522,0.240104,-0.258792,
26.2255,-4.57119,4.14449,-1.01898,-0.226722,0.236691,-0.256632,
26.2318,-4.19843,4.39781,-1.00815,-0.231626,0.246625,-0.264461,
26.2379,-4.64539,4.48024,-1.00658,-0.236264,0.235282,-0.257912,
26.241,-4.40913,4.15194,-1.02443,-0.228464,0.24343,-0.255944,
26.2473,-4.5969,4.42068,-0.88878,-0.232979,0.236915,-0.259445,
26.2534,-4.28225,4.00657,-0.888326,-0.223993,0.242415,-0.254007,
26.2566,-4.25012,4.34009,-0.904521,-0.231393,0.242338,-0.257235,
26.2619,-4.27878,4.17539,-1.08785,-0.229482,0.242878,-0.25895,
26.2649,-4.48571,4.29644,-1.00435,-0.230334,0.239349,-0.258657,
26.271,-4.51469,4.18336,-1.17182,-0.229633,0.239538,-0.261915,
26.2792,-4.17231,4.27895,-1.00383,-0.230582,0.24745,-0.25481,
26.2823,-4.25232,4.18519,-0.940805,-0.229169,0.243437,-0.252916,
26.2874,-4.26257,4.20812,-1.06311,-0.229789,0.24707,-0.263586,
26.2935,-4.34333,4.15543,-0.989685,-0.230463,0.241868,-0.258452,
26.2966,-4.54801,4.13983,-0.861869,-0.22994,0.236742,-0.255806,
26.3019,-4.65126,4.15465,-0.988099,-0.228563,0.234297,-0.258818,
26.305,-4.54951,4.39525,-0.99942,-0.233473,0.239882,-0.261584,
26.3113,-4.57787,4.02134,-1.03714,-0.224958,0.239076,-0.252477,
26.3174,-4.40153,4.06152,-0.970538,-0.227099,0.241447,-0.255942,
26.3205,-4.54975,4.37646,-0.871085,-0.234697,0.235848,-0.257305,
26.3268,-4.33899,4.10884,-0.916206,-0.2261,0.240449,-0.257059,
26.333,-4.41284,4.58703,-0.99189,-0.241,0.241291,-0.265014,
26.3361,-4.59307,4.31759,-0.966155,-0.234295,0.237935,-0.264958,
26.3414,-4.3577,4.31004,-0.995049,-0.234782,0.243686,-0.255619,
26.3474,-4.43749,4.18795,-0.965028,-0.227851,0.243245,-0.258958,
26.3505,-4.37005,4.2583,-1.04684,-0.231989,0.242861,-0.258107,
26.3567,-4.61125,4.00365,-1.08373,-0.226502,0.236337,-0.25541,
26.3598,-4.62197,3.84294,-1.02038,-0.221548,0.236461,-0.25246,
26.366,-4.32729,4.17246,-1.02682,-0.22832,0.242489,-0.256462,
26.3744,-4.68078,4.43501,-0.909539,-0.235664,0.236224,-0.259423,
26.3775,-4.40544,4.245,-1.01685,-0.231243,0.240696,-0.257566,
26.3818,-4.53265,4.27119,-0.984767,-0.231492,0.234965,-0.259311,
26.3879,-4.63199,4.25779,-0.987688,-0.231078,0.237245,-0.252653,
26.391,-4.40625,4.12732,-0.940232,-0.226924,0.240799,-0.25028,
26.3973,-4.3984,4.31948,-1.02711,-0.232132,0.240058,-0.257896,
26.4034,-4.40279,4.15277,-1.01184,-0.229962,0.241729,-0.257361,
26.4065,-4.54407,4.22597,-1.08402,-0.229548,0.237372,-0.254905,
26.4528,-4.24154,4.23408,-1.04434,-0.228914,0.241719,-0.258195,
26.4602,-4.45056,4.24647,-0.981847,-0.231107,0.23666,-0.258196,
26.4635,-4.59349,4.07812,-0.995774,-0.227554,0.23759,-0.259465,
26.4702,-4.22106,4.03932,-0.891042,-0.227203,0.243959,-0.257252,
26.4784,-4.28535,4.41826,-0.926223,-0.236183,0.244065,-0.258685,
26.4814,-4.46842,4.12961,-0.935042,-0.227746,0.240752,-0.257015,
26.4864,-4.37052,4.15584,-1.02367,-0.227313,0.24502,-0.260281,
26.4927,-4.23942,4.16313,-1.02402,-0.226629,0.243469,-0.261771,
26.4958,-4.53062,4.25865,-1.03443,-0.232833,0.238831,-0.252882,
26.5039,-4.2354,3.99202,-0.89663,-0.2257,0.243546,-0.250131,
26.507,-4.4604,4.3179,-1.05317,-0.229606,0.242037,-0.259095,
26.5122,-4.36951,4.21541,-0.843361,-0.227877,0.243712,-0.255999,
26.5184,-4.85092,4.24566,-0.88983,-0.229716,0.230929,-0.260165,
26.5216,-4.55986,4.2556,-0.875389,-0.230212,0.239131,-0.259518,
26.5278,-4.44427,4.19736,-0.713992,-0.230139,0.23952,-0.250659,
26.5339,-4.43459,4.10764,-0.903208,-0.228615,0.243103,-0.25087,
26.537,-4.48929,4.33039,-0.988537,-0.232288,0.241539,-0.262408,
26.5423,-4.24942,4.2044,-0.968194,-0.2283,0.247164,-0.258796,
26.5503,-4.33664,4.21515,-1.01763,-0.228209,0.240898,-0.258164,
26.5534,-4.51898,4.24309,-0.931926,-0.229018,0.241167,-0.255187,
26.5576,-4.46145,4.47352,-0.83448,-0.238498,0.241847,-0.264577,
26.5608,-4.47964,3.97267,-0.91299,-0.223812,0.241752,-0.255319,
26.5669,-4.51058,4.05798,-0.866899,-0.225176,0.235869,-0.253705,
26.5732,-4.39041,4.27477,-0.85027,-0.233013,0.242166,-0.257772,
26.5764,-4.29949,4.18272,-0.954228,-0.229104,0.247053,-0.252183,
26.5815,-4.58594,4.15079,-1.01154,-0.229686,0.237776,-0.255712,
26.5878,-4.32268,4.29905,-1.05394,-0.23282,0.243299,-0.260002,
26.591,-4.47016,4.44026,-1.14758,-0.236889,0.23683,-0.261791,
26.5964,-4.42152,4.02256,-1.06665,-0.225223,0.239365,-0.2528,
26.6041,-4.52276,4.22466,-0.951127,-0.227202,0.237475,-0.251227,
26.6073,-4.41292,4.25594,-1.04868,-0.229661,0.241225,-0.255892,
26.6134,-4.26944,4.10966,-1.05682,-0.225969,0.24561,-0.257179,
26.6197,-4.3938,4.17682,-1.00935,-0.228708,0.243858,-0.258776,
26.6228,-4.30791,4.1662,-0.984994,-0.226026,0.243288,-0.251126,
26.628,-4.66305,4.444,-1.05942,-0.234219,0.236643,-0.257351,
26.6362,-4.34445,4.2077,-1.09831,-0.230467,0.24195,-0.259113,
26.6393,-4.31912,4.30057,-1.04016,-0.230922,0.242304,-0.260644,
26.6454,-4.54962,4.01942,-0.91683,-0.225066,0.240922,-0.256114,
26.6485,-4.53294,4.41755,-1.03289,-0.232568,0.236666,-0.254052,
26.6547,-4.53643,4.21842,-1.15754,-0.229738,0.238124,-0.258973,
26.6609,-4.42832,4.07641,-0.971933,-0.22816,0.242373,-0.256316,
26.6641,-4.5478,4.16743,-1.019,-0.23104,0.238932,-0.258563,
26.6694,-4.50005,4.24972,-1.07005,-0.232568,0.23969,-0.256114,
26.6754,-4.29783,4.14959,-1.0697,-0.227021,0.24215,-0.256539,
26.6785,-4.59051,4.22748,-1.12123,-0.230567,0.236779,-0.257917,
26.6867,-4.54262,4.11937,-1.05988,-0.227228,0.239536,-0.252571,
26.6898,-4.51996,4.43679,-1.08857,-0.232704,0.241379,-0.262818,
26.6949,-4.40149,4.16224,-1.0253,-0.228208,0.239277,-0.257045,
26.7012,-4.54531,4.24491,-1.01401,-0.226543,0.236996,-0.25909,
26.7043,-4.22936,4.32344,-0.93812,-0.233526,0.242753,-0.258176,
26.7095,-4.33522,4.35917,-0.928901,-0.232967,0.24311,-0.258542,
26.7157,-4.20834,4.23371,-0.920671,-0.229887,0.240363,-0.251572,
26.7188,-4.47843,4.18316,-1.01481,-0.228483,0.239213,-0.254761,
26.725,-4.70207,4.26448,-0.98647,-0.230847,0.233956,-0.256552,
26.7312,-4.55308,4.20679,-1.01117,-0.231818,0.236567,-0.254636,
26.7343,-4.23293,4.58428,-0.945661,-0.235522,0.245297,-0.257981,
26.7404,-4.5412,4.1462,-0.880971,-0.228232,0.238325,-0.260451,
26.7436,-4.45465,4.19336,-0.990882,-0.230348,0.241857,-0.254838,
26.7489,-4.46032,4.26493,-0.985043,-0.230494,0.240208,-0.25767,
26.7549,-4.51057,4.39465,-0.939453,-0.23269,0.239783,-0.261509,
26.758,-4.54443,4.17656,-1.00316,-0.229046,0.239561,-0.254983,
26.7643,-4.3627,4.16765,-0.882682,-0.230231,0.239428,-0.252239,
26.7714,-4.11061,4.30029,-0.940428,-0.232359,0.24764,-0.260068,
26.7748,-4.53926,4.31113,-1.02822,-0.232569,0.238654,-0.25711,
26.7822,-4.52639,4.20774,-1.08863,-0.232326,0.239665,-0.252395,
26.7875,-4.41205,4.18584,-0.980008,-0.22957,0.242769,-0.261434,
26.7906,-4.48048,4.10437,-0.970148,-0.225882,0.239123,-0.255059,
26.7969,-4.22986,4.31136,-1.02193,-0.233141,0.24732,-0.257639,
26.7999,-4.43096,4.38265,-0.99035,-0.235014,0.240928,-0.258518,
26.8062,-4.46898,4.04786,-1.01607,-0.226693,0.239409,-0.253109,
26.8124,-4.6387,3.94243,-0.966639,-0.223051,0.235575,-0.25157,
26.8156,-4.53823,4.42687,-1.09201,-0.233117,0.236946,-0.258701,
26.8978,-4.4716,4.21003,-1.04626,-0.229953,0.241128,-0.256153,
26.9019,-4.22449,4.25989,-0.943625,-0.228787,0.241864,-0.260013,
26.905,-4.49028,4.09548,-1.05076,-0.229251,0.239854,-0.255405,
26.9105,-4.59902,4.11992,-1.02896,-0.22601,0.238924,-0.255566,
26.9183,-4.42385,4.39063,-1.08734,-0.231796,0.242701,-0.257231,
26.9249,-4.59973,4.28636,-1.13553,-0.231131,0.237034,-0.255025,
26.928,-4.43761,4.27029,-1.02149,-0.230406,0.241446,-0.254577,
26.9343,-4.35281,4.24024,-1.01162,-0.225697,0.243469,-0.252259,
26.9404,-4.55911,4.52802,-0.83849,-0.235477,0.237116,-0.255205,
26.9436,-4.25338,4.33528,-0.992853,-0.232959,0.244547,-0.259396,
26.9489,-4.10033,4.38885,-0.909131,-0.234445,0.245192,-0.254001,
26.9521,-4.351,4.24588,-0.928641,-0.233226,0.242072,-0.259753,
26.9583,-4.78246,3.9594,-0.868788,-0.224312,0.231355,-0.256243,
26.9644,-4.69807,3.96851,-0.857204,-0.223944,0.235579,-0.255617,
26.9675,-4.21962,4.50697,-0.774384,-0.237493,0.244373,-0.259851,
26.9737,-4.42642,4.29969,-0.951948,-0.230466,0.241923,-0.259039,
26.98,-4.43952,4.21166,-0.917267,-0.229443,0.23786,-0.254926,
26.9832,-4.38737,4.29399,-0.791375,-0.231794,0.242027,-0.254894,
26.9884,-4.26911,4.54707,-0.91324,-0.23736,0.246967,-0.257564,
26.9946,-4.49975,4.14913,-0.914375,-0.230239,0.242795,-0.253738,
26.9979,-4.31323,4.10494,-0.895705,-0.226593,0.241221,-0.252984,
27.0022,-4.39332,4.28573,-1.02031,-0.23272,0.243554,-0.257964,
27.0084,-4.37184,4.18665,-0.85124,-0.228747,0.240386,-0.259234,
27.0115,-4.22664,4.34913,-0.817257,-0.231593,0.245305,-0.250188,
27.0177,-4.30705,4.3191,-0.888879,-0.231493,0.245468,-0.257854,
27.0208,-4.31794,4.01344,-0.867688,-0.224613,0.244894,-0.251624,
27.0261,-4.42295,3.99904,-1.02946,-0.224232,0.239716,-0.251914,
27.0323,-4.3117,4.2598,-0.970714,-0.22998,0.2432,-0.26016,
27.0354,-4.08616,4.10126,-0.925015,-0.226133,0.243968,-0.254624,
27.0414,-4.40756,4.28069,-0.839756,-0.233373,0.242211,-0.254958,
27.0477,-4.63602,4.42558,-0.891763,-0.231857,0.236826,-0.257394,
27.0508,-4.22481,4.29952,-0.87304,-0.23023,0.246153,-0.256016,
27.1338,-4.44762,4.01287,-0.763464,-0.223507,0.240157,-0.255857,
27.1379,-4.51857,4.12437,-0.913153,-0.225829,0.23757,-0.250792,
27.141,-4.44113,4.3689,-0.862111,-0.232024,0.24071,-0.258978,
27.1472,-4.54439,4.30747,-0.870287,-0.232575,0.236863,-0.257112,
27.1534,-4.35801,4.22359,-0.982309,-0.231649,0.24407,-0.26287,
27.1565,-4.45649,4.28829,-0.941126,-0.230859,0.240116,-0.256568,
27.1627,-4.47293,4.0838,-0.907923,-0.226756,0.240127,-0.252892,
27.1658,-4.13966,4.15694,-1.00761,-0.228877,0.248927,-0.251907,
27.267,-4.52828,4.44758,-0.864548,-0.235162,0.237378,-0.252789,
27.2702,-4.61773,4.07526,-0.922774,-0.226779,0.237858,-0.254806,
27.2744,-4.20747,4.24482,-0.893774,-0.229704,0.245598,-0.255059,
27.2804,-4.51486,4.34583,-0.970535,-0.232439,0.240399,-0.252297,
27.2835,-4.5184,4.05331,-0.904868,-0.224874,0.238033,-0.250895,
27.2898,-4.16078,4.09655,-0.935864,-0.226579,0.24532,-0.257712,
27.2929,-4.31178,4.40051,-0.836852,-0.237923,0.246777,-0.259582,
27.2989,-4.51839,3.966,-0.905871,-0.2261,0.241096,-0.252551,
27.4087,-4.3625,3.96536,-1.03108,-0.221859,0.245655,-0.251891,
27.412,-4.62209,3.95107,-0.978194,-0.223283,0.238505,-0.252549,
27.4195,-4.12968,4.47385,-1.11858,-0.233966,0.250427,-0.252321,
27.4258,-4.66721,4.06674,-1.10148,-0.224713,0.236043,-0.254458,
27.4288,-4.65194,4.27463,-0.965718,-0.22842,0.233234,-0.258287,
27.4349,-4.51802,4.34284,-1.03979,-0.232848,0.240929,-0.257022,
27.438,-4.55415,4.16402,-1.0392,-0.232742,0.237904,-0.24928,
27.4443,-4.22506,4.13568,-1.05178,-0.227969,0.246558,-0.251301,
27.4488,-4.37372,4.24658,-0.949966,-0.231793,0.240755,-0.25229,
27.4565,-4.64006,4.04614,-0.973815,-0.225497,0.236123,-0.253012,
27.4597,-4.4673,4.28642,-0.844763,-0.232603,0.236806,-0.256791,
27.4659,-4.57754,4.439,-0.909462,-0.236536,0.238843,-0.254521,
27.469,-4.39819,4.28166,-0.934022,-0.231372,0.244192,-0.25398,
27.4753,-4.1959,4.1789,-0.97132,-0.226422,0.249882,-0.253875,
27.4814,-4.59708,4.12328,-0.98682,-0.228125,0.237297,-0.251215,
27.4845,-4.36488,4.12375,-0.987529,-0.228663,0.242936,-0.251565,
27.4909,-4.44183,4.50519,-0.988146,-0.235283,0.239003,-0.262265,
27.496,-4.50312,3.89692,-0.949212,-0.22277,0.239523,-0.251335,
27.4992,-4.37759,4.14128,-1.15373,-0.229222,0.24118,-0.246045,
27.5054,-4.13553,4.42706,-1.056,-0.233522,0.244397,-0.258535,
27.5114,-4.47726,4.20118,-1.09724,-0.230997,0.239247,-0.258102,
27.5145,-4.31286,4.27481,-1.01739,-0.231361,0.244167,-0.25717,
27.5207,-4.29513,4.43157,-0.929748,-0.23388,0.242938,-0.257737,
27.5238,-4.7097,4.09619,-1.03257,-0.225972,0.236303,-0.255254,
27.5299,-4.12333,4.13789,-0.849561,-0.227884,0.244853,-0.246262,
27.5363,-4.36091,4.19717,-1.09519,-0.227977,0.241786,-0.256156,
27.5397,-4.44404,4.45536,-0.964356,-0.237531,0.243065,-0.259721,
27.5441,-4.35344,4.22779,-0.937927,-0.227731,0.242271,-0.253816,
27.5504,-4.63587,4.44272,-0.880178,-0.233736,0.234478,-0.256162,
27.5535,-4.44666,4.39913,-0.93137,-0.233485,0.244234,-0.259179,
27.5597,-4.64153,4.24984,-0.981901,-0.230687,0.236082,-0.252613,
27.5659,-4.50878,4.25245,-0.978871,-0.231228,0.240909,-0.25546,
27.6466,-4.41351,4.34776,-0.934209,-0.23298,0.237975,-0.25859,
27.6508,-4.43214,4.15487,-0.85564,-0.227355,0.242079,-0.257059,
27.6569,-4.20875,4.03759,-0.924791,-0.226301,0.245445,-0.259896,
27.66,-4.55062,4.38062,-0.941203,-0.233004,0.236828,-0.26081,
27.6663,-4.38776,4.12606,-1.01604,-0.228264,0.240807,-0.248999,
27.6744,-4.34048,4.07918,-0.864426,-0.225125,0.244839,-0.255225,
27.6777,-4.56474,4.37107,-0.859556,-0.230288,0.240596,-0.254825,
27.6829,-4.47374,4.0341,-0.888857,-0.224344,0.236485,-0.254713,
27.7284,-4.61094,4.18544,-0.910899,-0.228354,0.237489,-0.255303,
27.7316,-4.54529,4.18761,-0.941726,-0.228877,0.239029,-0.256705,
27.7358,-4.63321,4.50515,-0.889213,-0.2366,0.237106,-0.259362,
27.7389,-4.36621,4.34773,-0.933778,-0.232099,0.242627,-0.259778,
27.7449,-4.71396,4.08947,-1.08225,-0.226212,0.230995,-0.253472,
27.7512,-4.64411,4.07571,-1.01095,-0.224017,0.236635,-0.256934,
27.7543,-4.5053,4.22999,-1.01831,-0.228179,0.238827,-0.26042,
27.7606,-4.16762,4.14694,-1.08444,-0.225882,0.249806,-0.255609,
27.7652,-4.31878,4.40663,-0.9024,-0.234445,0.243061,-0.253589,
27.7683,-4.64247,4.10317,-1.04345,-0.226281,0.238669,-0.254057,
27.7736,-4.26891,4.21113,-0.928025,-0.227859,0.246465,-0.255308,
27.7798,-4.59813,4.13771,-1.06192,-0.227883,0.241961,-0.257111,
27.7829,-4.46231,4.17165,-1.09528,-0.227328,0.242076,-0.253181,
27.7889,-4.29042,4.45005,-1.06905,-0.231763,0.243755,-0.254057,
27.7921,-4.22409,4.43378,-0.912057,-0.234256,0.244886,-0.257095,
27.7983,-4.57292,4.1302,-0.896472,-0.225625,0.237624,-0.255129,
27.8045,-4.48402,4.2007,-0.909307,-0.230627,0.239253,-0.260227,
27.8078,-4.47348,4.18608,-0.991681,-0.229319,0.24053,-0.252832,
27.8144,-4.51269,4.21277,-0.942346,-0.229044,0.239837,-0.255323,
27.819,-4.47686,3.96082,-1.04355,-0.222796,0.241096,-0.251065,
27.8235,-4.27705,4.15766,-1.03259,-0.228277,0.247346,-0.260518,
27.8267,-4.45709,4.37344,-0.981566,-0.231514,0.242294,-0.25663,
27.8329,-4.44723,4.21263,-0.908338,-0.228872,0.23969,-0.251325,
27.836,-4.50899,4.24068,-1.12457,-0.231274,0.238059,-0.25558,
27.8423,-4.4927,4.107,-0.963601,-0.227655,0.238779,-0.253625,
27.8475,-4.37345,4.29166,-0.938308,-0.228883,0.24269,-0.249648,
27.8507,-4.54471,4.25838,-0.921181,-0.229394,0.239436,-0.253888,
27.8588,-4.36021,4.4414,-0.816477,-0.23522,0.244702,-0.257071,
27.8649,-4.56911,3.89703,-0.992299,-0.222662,0.241017,-0.250528,
27.868,-4.23174,4.2172,-0.914111,-0.227878,0.246549,-0.251133,
27.8743,-4.35048,4.37778,-0.88421,-0.230478,0.242996,-0.257042,
27.8804,-4.46199,4.16434,-0.913001,-0.230994,0.240676,-0.256095,
27.924,-4.41184,3.80035,-0.821684,-0.217763,0.2407,-0.253855,
27.9283,-4.44797,4.32712,-0.844185,-0.232272,0.240569,-0.259064,
27.9344,-4.3999,4.27287,-1.03534,-0.231318,0.240951,-0.253345,
27.9375,-4.42701,4.19946,-0.817947,-0.227382,0.243423,-0.254175,
27.9429,-4.5087,4.2909,-0.96161,-0.228641,0.240381,-0.256893,
27.9475,-4.44832,3.95267,-0.938155,-0.225736,0.241027,-0.256444,
27.9507,-4.32705,4.03024,-1.00311,-0.227008,0.243655,-0.249313,
27.9569,-4.50751,4.30478,-0.9351,-0.22997,0.240752,-0.258114,
27.96,-4.43316,4.0341,-1.09322,-0.224038,0.242792,-0.258171,
27.9653,-4.44299,4.36253,-0.972129,-0.231029,0.244088,-0.258519,
27.9714,-4.26115,4.33724,-0.962772,-0.230103,0.245695,-0.256305,
27.9745,-4.21508,3.97957,-1.05737,-0.22516,0.244634,-0.251259,
27.9807,-4.43443,4.18409,-1.05193,-0.228984,0.240209,-0.25594,
27.987,-4.29762,4.36146,-1.05233,-0.23426,0.244511,-0.259693,
27.9903,-4.27763,3.92592,-0.940765,-0.220408,0.245479,-0.253973,
27.9969,-4.45471,4.08085,-0.961663,-0.223967,0.2429,-0.255884,
28.0029,-4.2356,4.48567,-0.908228,-0.235303,0.244703,-0.258871,
28.0061,-4.80732,4.26062,-1.09407,-0.228822,0.23353,-0.259123,
28.0114,-4.44985,4.02365,-1.1459,-0.223036,0.239296,-0.254107,
28.0174,-4.32515,4.21875,-0.992647,-0.22875,0.243445,-0.249732,
28.0205,-4.5038,4.07063,-1.02603,-0.221911,0.239286,-0.252525,
28.0268,-4.65263,4.08362,-1.00706,-0.225135,0.235302,-0.253915,
28.0299,-4.36032,4.20571,-1.01433,-0.229826,0.243536,-0.255339,
28.0352,-4.45023,4.2278,-1.02821,-0.22873,0.241502,-0.257819,
28.0396,-4.35318,4.31166,-0.968747,-0.229196,0.243817,-0.259825,
28.0428,-4.64543,4.1617,-0.908251,-0.225967,0.235093,-0.250848,
28.0481,-4.64658,4.11793,-0.942841,-0.224489,0.236366,-0.256822,
28.0543,-4.1693,4.29967,-0.995427,-0.231053,0.249651,-0.255851,
28.0574,-4.50618,4.17629,-0.965749,-0.226392,0.241333,-0.253303,
28.0634,-4.30485,4.255,-1.10777,-0.231287,0.245873,-0.251723,
28.0697,-4.23232,4.40533,-0.931957,-0.233969,0.246853,-0.252945,
28.0728,-4.28515,4.08536,-0.958602,-0.224056,0.242829,-0.251646,
28.197,-4.20953,3.99788,-0.90674,-0.223051,0.245907,-0.252011,
28.2012,-4.33981,4.17572,-1.03119,-0.226573,0.24379,-0.255818,
28.2043,-4.44176,4.38191,-1.12121,-0.231699,0.24224,-0.255314,
28.2105,-4.43354,4.07196,-0.906403,-0.222903,0.237977,-0.255999,
28.2168,-4.42224,4.38093,-0.948056,-0.2325,0.24187,-0.255393,
28.2199,-4.34737,4.3091,-0.940052,-0.231588,0.241722,-0.260725,
28.2259,-4.5374,3.97868,-0.965416,-0.22012,0.2371,-0.250782,
28.229,-4.30228,4.271,-1.03736,-0.230509,0.245104,-0.255633,
28.2959,-4.34315,4.15579,-0.915532,-0.225579,0.242695,-0.260868,
28.2991,-4.50223,4.12385,-1.00831,-0.22474,0.239912,-0.253473,
28.3054,-4.42843,4.31518,-1.03978,-0.234091,0.240429,-0.252547,
28.3114,-4.5949,4.28953,-0.906073,-0.229871,0.236939,-0.259155,
28.3146,-4.53197,4.52006,-1.11658,-0.235717,0.237839,-0.256186,
28.3208,-4.43567,4.15016,-0.97577,-0.225467,0.241232,-0.253527,
28.3239,-4.26011,4.47782,-1.02446,-0.235827,0.246581,-0.254242,
28.3299,-4.36951,4.35959,-0.968941,-0.230915,0.242868,-0.252251,
28.4395,-4.42507,4.10939,-1.0724,-0.224865,0.242139,-0.256403,
28.4428,-4.4769,4.252,-0.969908,-0.231962,0.239955,-0.261412,
28.4483,-4.49027,4.28343,-1.07838,-0.229255,0.240562,-0.252995,
28.4526,-4.43891,4.22554,-1.119,-0.228422,0.244531,-0.257582,
28.4557,-4.38464,4.33495,-0.995403,-0.231144,0.243925,-0.251262,
28.4619,-4.56968,4.11077,-1.00634,-0.227421,0.237795,-0.251272,
28.465,-4.39305,4.15937,-1.13494,-0.229577,0.240086,-0.24658,
28.4713,-4.23916,4.25438,-0.909663,-0.228983,0.241634,-0.253709,
28.4774,-4.48202,4.38532,-0.96962,-0.233533,0.237319,-0.256238,
28.4807,-4.74864,4.08848,-1.0249,-0.225793,0.232521,-0.252681,
28.4863,-4.38146,4.44018,-0.902023,-0.233841,0.241484,-0.254636,
28.4916,-4.52334,4.54424,-1.12875,-0.235935,0.239898,-0.258078,
28.4948,-4.45363,4.18071,-1.10757,-0.22598,0.240737,-0.248603,
28.5009,-4.35755,4.02412,-1.00848,-0.223629,0.244087,-0.252631,
28.5071,-4.41012,4.44899,-1.03156,-0.23157,0.238201,-0.253525,
28.5103,-4.34895,4.20765,-1.01114,-0.226905,0.242049,-0.259062,
28.5164,-4.21472,4.3044,-0.920813,-0.231326,0.244961,-0.257298,
28.5217,-4.54154,4.10575,-0.945177,-0.22699,0.240034,-0.248437,
28.5249,-4.30993,4.10684,-1.02152,-0.226802,0.244278,-0.256122,
28.5314,-4.54853,4.36761,-1.02505,-0.231323,0.237832,-0.259392,
28.5374,-4.41481,4.21651,-1.00127,-0.229754,0.243693,-0.253963,
28.5405,-4.52449,4.29867,-1.07393,-0.229255,0.239273,-0.25443,
28.5467,-4.43646,4.41794,-0.897401,-0.235293,0.237128,-0.260019,
28.5498,-4.41475,4.51884,-0.997962,-0.237903,0.240512,-0.257536,
28.5559,-4.38608,4.29095,-1.06809,-0.22979,0.242013,-0.252754,
28.5613,-4.34138,4.29661,-1.13151,-0.228682,0.243229,-0.256161,
28.5644,-4.19163,4.35515,-1.07284,-0.23335,0.246104,-0.249655,
28.5705,-4.36112,4.28704,-1.04628,-0.230197,0.244682,-0.252795,
28.5767,-4.61502,4.49467,-1.00436,-0.237791,0.236109,-0.25774,
28.5798,-4.24131,4.41398,-0.944122,-0.233068,0.247866,-0.252602,
28.5859,-4.19667,4.1788,-1.04151,-0.227787,0.24686,-0.253616,
28.589,-4.44549,4.37257,-0.898164,-0.23259,0.242408,-0.253836,
28.5953,-4.56084,4.14271,-1.00169,-0.225946,0.237172,-0.254242,
28.6005,-4.32718,4.33879,-1.14006,-0.231003,0.245852,-0.257347,
28.6037,-4.44604,4.4873,-1.21018,-0.234943,0.239834,-0.255646,
28.6099,-4.27638,4.20882,-0.962209,-0.230483,0.245971,-0.254496,
28.616,-4.29082,4.37352,-1.01912,-0.233941,0.246401,-0.252764,
28.6194,-4.3411,4.22034,-1.0154,-0.227314,0.243871,-0.256808,
28.627,-4.58577,4.20264,-0.912716,-0.22993,0.238223,-0.252111,
28.6314,-4.35968,4.21125,-0.933048,-0.225194,0.241249,-0.252381,
28.6346,-4.39968,4.39277,-1.01127,-0.233016,0.238593,-0.256842,
28.6399,-4.18727,4.45635,-1.01457,-0.231554,0.246488,-0.259115,
28.6459,-4.2464,4.2457,-1.0999,-0.227318,0.244471,-0.257369,
28.649,-4.36132,4.32404,-1.06932,-0.228749,0.241804,-0.254463,
28.6553,-4.55036,4.10647,-1.0891,-0.226689,0.236776,-0.254004,
28.6633,-4.38948,4.18325,-1.07334,-0.227675,0.242297,-0.251566,
28.6664,-4.41591,4.2065,-0.935325,-0.228596,0.241795,-0.254308,
28.6717,-4.5746,4.18242,-0.998855,-0.228571,0.23758,-0.261819,
28.6749,-4.4367,4.34028,-0.962719,-0.234028,0.239462,-0.255836,
28.68,-4.35208,4.40499,-1.02589,-0.233942,0.243403,-0.256921,
28.6862,-4.29237,4.61335,-1.09561,-0.237012,0.244358,-0.259317,
28.6893,-4.46383,4.06959,-1.12862,-0.227761,0.24022,-0.249504,
28.6954,-4.52261,4.12946,-0.991786,-0.224793,0.237898,-0.253576,
28.7016,-4.38369,4.37239,-1.12498,-0.229761,0.239121,-0.25559,
28.7049,-4.12034,4.29281,-1.08804,-0.232492,0.24889,-0.251137,
28.7125,-4.45143,4.18967,-0.913122,-0.22724,0.239606,-0.253156,
28.7599,-4.1807,4.26348,-1.12434,-0.229151,0.245014,-0.254281,
28.7631,-4.43041,4.4467,-0.996964,-0.234054,0.238706,-0.258156,
28.7673,-4.6352,4.11189,-0.940179,-0.225718,0.234441,-0.249337,
28.7734,-4.22697,4.18144,-1.07015,-0.229046,0.245159,-0.256865,
28.7764,-4.58282,4.16096,-1.01657,-0.228801,0.238327,-0.257308,
28.7827,-4.45262,4.17214,-0.998633,-0.226545,0.240403,-0.253869,
28.7858,-4.23437,4.21479,-1.00153,-0.229314,0.24587,-0.255921,
28.7919,-4.47564,4.39677,-0.960156,-0.231141,0.242109,-0.254942,
28.8768,-4.57746,4.28108,-0.935357,-0.230288,0.235205,-0.258019,
28.8799,-4.27209,4.23401,-1.07423,-0.22708,0.242493,-0.249657,
28.8839,-4.4328,4.09537,-0.984208,-0.224803,0.241042,-0.255236,
28.8886,-4.27427,4.21023,-1.05279,-0.226775,0.243431,-0.253499,
28.8919,-4.31308,4.29206,-0.892346,-0.232893,0.245045,-0.256641,
28.8986,-4.34523,4.27958,-1.07069,-0.230315,0.242229,-0.257543,
28.9032,-4.47427,4.50362,-0.936772,-0.234502,0.239447,-0.259867,
28.9094,-4.42111,4.17798,-0.956868,-0.23027,0.241335,-0.250316,
28.9125,-4.45645,4.14332,-0.793636,-0.22583,0.241822,-0.251738,
28.9179,-4.29925,4.276,-0.948665,-0.229603,0.244935,-0.254252,
28.9209,-4.42777,4.40555,-0.798626,-0.233115,0.240644,-0.26108,
28.9272,-4.68528,4.24327,-0.912319,-0.230546,0.236927,-0.251495,
28.9338,-4.48197,4.31664,-0.917643,-0.231985,0.239021,-0.249899,
28.9369,-4.48156,4.25377,-0.928345,-0.229389,0.239094,-0.256422,
28.9429,-4.34812,4.25386,-0.83835,-0.22849,0.240724,-0.252183,
28.9492,-4.62078,4.32432,-0.977976,-0.230816,0.238828,-0.26107,
28.9523,-4.48061,4.03111,-1.07086,-0.222633,0.240844,-0.252273,
28.9576,-4.37409,4.10179,-0.946579,-0.227932,0.240187,-0.247892,
28.9638,-4.22643,4.22565,-1.03104,-0.228086,0.245223,-0.257818,
28.9669,-4.51538,4.31006,-1.02637,-0.232507,0.234407,-0.257294,
28.9729,-4.34179,4.33334,-1.04491,-0.230593,0.243124,-0.258314,
28.976,-4.57149,4.34978,-1.05603,-0.232246,0.237031,-0.259868,
28.9804,-4.85546,4.16471,-0.957608,-0.224902,0.2317,-0.254153,
28.9867,-4.64283,4.06916,-0.841398,-0.225346,0.237991,-0.246666,
28.9899,-4.50113,4.51231,-1.04513,-0.234402,0.238041,-0.259403,
28.995,-4.56388,4.17318,-1.01566,-0.225962,0.239229,-0.256223,
29.0012,-4.45057,4.05747,-1.0994,-0.224735,0.240784,-0.252858,
29.0043,-4.39928,4.33258,-1.04239,-0.231142,0.242563,-0.257354,
29.0104,-4.52465,4.46636,-0.841366,-0.233553,0.238674,-0.256581,
29.0167,-4.26587,4.05021,-0.970697,-0.224124,0.243093,-0.255005,
29.0199,-4.47771,4.33573,-1.09927,-0.231907,0.237896,-0.259074,
29.0272,-4.53988,4.13765,-1.1072,-0.226056,0.238899,-0.255139,
29.0334,-4.4823,4.19056,-0.981007,-0.226295,0.236605,-0.255647,
29.0366,-4.50772,4.30487,-1.02812,-0.22924,0.238861,-0.258466,
29.0419,-4.47468,4.14498,-1.08478,-0.225684,0.239052,-0.252386,
29.045,-4.2581,4.29299,-1.15708,-0.22925,0.244972,-0.256893,
29.0513,-4.58986,4.41149,-1.01724,-0.230192,0.238656,-0.2576,
29.0574,-4.51137,4.08997,-1.05826,-0.224692,0.239903,-0.250637,
29.0605,-4.42307,4.23077,-0.981625,-0.229182,0.23953,-0.255682,
29.0688,-4.33686,4.25626,-1.00796,-0.228111,0.241605,-0.252811,
29.0771,-4.32539,4.18014,-0.937835,-0.228267,0.241289,-0.256337,
29.0803,-4.37293,4.28236,-0.944784,-0.23266,0.24321,-0.255713,
29.0845,-4.38438,4.61996,-1.06972,-0.2382,0.240332,-0.259682,
29.0907,-4.41714,4.51076,-1.08712,-0.235674,0.239608,-0.258873,
29.0938,-4.38631,4.277,-1.01902,-0.230517,0.240925,-0.257984,
29.0999,-4.52949,4.18415,-1.16979,-0.227149,0.240951,-0.256615,
29.103,-4.35313,4.17492,-1.03014,-0.227977,0.241655,-0.25519,
29.1093,-4.38316,4.18734,-0.926775,-0.226707,0.242717,-0.258492,
29.1933,-4.35992,4.36416,-1.0089,-0.232782,0.242911,-0.253697,
29.1974,-4.3487,4.49016,-0.953503,-0.236748,0.241651,-0.257473,
29.2006,-4.28466,4.23404,-0.99862,-0.228136,0.243539,-0.252441,
29.2068,-4.15466,4.40268,-1.11556,-0.232963,0.247775,-0.2603,
29.2099,-4.29312,4.07955,-1.05575,-0.226437,0.245095,-0.252639,
29.2159,-4.47009,4.1618,-1.12275,-0.229389,0.243365,-0.250196,
29.2219,-4.3443,4.17562,-0.918264,-0.227604,0.243066,-0.256553,
29.225,-4.47561,4.24044,-0.981796,-0.225921,0.241564,-0.262191,
29.3319,-4.43784,4.36604,-1.06187,-0.232015,0.242431,-0.255854,
29.3351,-4.49014,4.22103,-1.0622,-0.229737,0.237169,-0.254984,
29.3393,-4.47023,4.3644,-0.892136,-0.23053,0.237011,-0.255806,
29.3454,-4.62939,4.11687,-0.912881,-0.226313,0.236478,-0.254037,
29.3485,-4.39939,4.17113,-1.00018,-0.227857,0.242025,-0.252421,
29.3547,-4.49147,4.45062,-0.962592,-0.234186,0.240399,-0.257468,
29.3578,-4.53718,4.2006,-0.925533,-0.225291,0.239738,-0.252061,
29.3639,-4.35196,4.24581,-1.00471,-0.229394,0.241437,-0.254363,
29.4654,-4.14989,4.41875,-0.835054,-0.231713,0.245179,-0.262512,
29.4686,-4.44591,4.22606,-0.964054,-0.227651,0.241094,-0.257375,
29.4729,-4.16101,4.27457,-0.975359,-0.230505,0.246405,-0.250721,
29.476,-4.4721,4.44179,-0.801064,-0.232329,0.238661,-0.257516,
29.4823,-4.61691,4.32004,-0.88729,-0.2314,0.23367,-0.256191,
29.4884,-4.31498,4.07885,-0.981738,-0.226182,0.243153,-0.257728,
29.4915,-4.40792,4.52325,-0.990669,-0.235828,0.240579,-0.259279,
29.4978,-4.437,4.43027,-1.02267,-0.234056,0.242094,-0.260636,
29.5212,-4.18096,4.20926,-0.882211,-0.227681,0.242673,-0.253699,
29.5245,-4.30159,4.44443,-0.931264,-0.233306,0.243021,-0.257455,
29.5328,-4.48414,4.20766,-1.05755,-0.229527,0.23801,-0.255354,
29.5359,-4.52201,4.17626,-0.944678,-0.228023,0.239127,-0.251925,
29.5409,-4.33316,4.31424,-0.779383,-0.227953,0.241938,-0.257166,
29.5472,-4.416,4.40135,-0.964935,-0.233596,0.241756,-0.258979,
29.5503,-4.25737,4.1994,-0.98095,-0.225609,0.24531,-0.254281,
29.5564,-4.26667,4.27244,-1.0739,-0.228998,0.241043,-0.261457,
29.5627,-4.51311,4.10725,-0.92725,-0.225436,0.234838,-0.253938,
29.566,-4.54365,4.2594,-0.936896,-0.227619,0.234232,-0.254379,
29.5744,-4.40465,4.29951,-1.04665,-0.230932,0.239376,-0.255627,
29.5796,-4.3617,4.12404,-1.00291,-0.226727,0.24172,-0.252465,
29.5827,-4.26998,4.37062,-1.03796,-0.231987,0.242879,-0.262489,
29.5889,-4.37889,4.18693,-1.07622,-0.227356,0.242688,-0.258351,
29.592,-4.30425,4.32662,-1.02092,-0.230146,0.241764,-0.251002,
29.5982,-4.5634,4.20727,-0.964339,-0.229611,0.238709,-0.252763,
29.6045,-4.47513,4.23374,-1.00832,-0.227531,0.237278,-0.260512,
29.6077,-4.56807,4.26346,-1.01268,-0.229884,0.238883,-0.255891,
29.6131,-4.30756,4.09764,-1.10781,-0.224305,0.243414,-0.252616,
29.6194,-4.28639,4.38742,-0.983212,-0.232715,0.24355,-0.259246,
29.6224,-4.70062,4.22508,-1.1091,-0.226199,0.234822,-0.25578,
29.6287,-4.41593,4.36289,-1.01794,-0.231337,0.23806,-0.255742,
29.6349,-4.4223,4.14477,-0.990547,-0.225359,0.241334,-0.25732,
29.638,-4.41297,3.98264,-0.969302,-0.220258,0.241269,-0.254811,
29.6443,-4.39123,4.24499,-0.965463,-0.228018,0.24374,-0.26163,
29.6495,-4.51819,4.18867,-0.982208,-0.230276,0.23646,-0.255128,
29.6527,-4.45737,4.14924,-0.924272,-0.223444,0.240454,-0.253186,
29.6589,-4.60043,4.05053,-0.952715,-0.223666,0.238924,-0.254678,
29.662,-4.54449,3.92574,-1.02021,-0.220945,0.237681,-0.257662,
29.6683,-4.3006,4.47734,-1.14009,-0.232681,0.24378,-0.257204,
29.6744,-4.26212,4.26534,-0.978069,-0.22844,0.243846,-0.258752,
29.6776,-4.34111,4.17008,-0.968413,-0.227354,0.243398,-0.2529,
29.6838,-4.49732,4.19856,-0.952397,-0.224579,0.239034,-0.258584,
29.689,-4.41741,4.26477,-0.922565,-0.229184,0.24201,-0.25724,
29.6922,-4.61786,4.12431,-0.875162,-0.224688,0.240589,-0.254683,
29.6975,-4.33793,4.0373,-0.848383,-0.225534,0.243766,-0.253485,
29.7038,-4.52468,4.58281,-0.838483,-0.236734,0.235092,-0.259288,
29.7069,-4.53664,4.26218,-0.871767,-0.22896,0.237807,-0.256797,
29.7129,-4.31065,4.32372,-0.980115,-0.232015,0.241236,-0.255033,
29.716,-4.20677,4.39971,-0.950402,-0.232935,0.245191,-0.254269,
29.7605,-4.41571,4.27212,-1.12207,-0.228065,0.242454,-0.258484,
29.7647,-4.22157,4.32194,-1.02335,-0.229423,0.246964,-0.257768,
29.7678,-4.55176,4.19889,-1.10162,-0.226714,0.236646,-0.251343,
29.7739,-4.48702,4.1916,-0.985729,-0.226007,0.238429,-0.254484,
29.7802,-4.29834,4.32702,-1.1266,-0.232682,0.242911,-0.258701,
29.7833,-4.23104,4.10871,-1.15157,-0.227194,0.243322,-0.25546,
29.7897,-4.37105,4.56913,-1.25269,-0.235454,0.241611,-0.257664,
29.7978,-4.23896,4.37624,-1.15004,-0.230724,0.244198,-0.257386,
29.8009,-4.39653,4.15054,-1.12996,-0.226519,0.243638,-0.25634,
29.8063,-4.40908,4.2941,-1.13794,-0.232958,0.243575,-0.256552,
29.8124,-4.26624,4.47864,-1.05746,-0.233681,0.242456,-0.258118,
29.8154,-4.64361,4.11212,-1.08645,-0.227143,0.236395,-0.253681,
29.8217,-4.44519,4.22958,-1.08007,-0.228814,0.240773,-0.250706,
29.8248,-4.3583,4.31227,-1.06048,-0.23185,0.241425,-0.250563,
29.831,-4.54588,4.11373,-1.06337,-0.223015,0.236945,-0.254349,
29.8354,-4.48976,4.2288,-1.08986,-0.227702,0.236616,-0.258385,
29.9184,-4.3144,4.27519,-1.05925,-0.229768,0.242024,-0.256098,
29.9216,-4.56288,4.03619,-1.09683,-0.223015,0.239797,-0.25218,
29.9258,-4.28144,4.23489,-1.07628,-0.228763,0.244866,-0.253974,
29.9289,-4.4517,4.15414,-1.24558,-0.226294,0.241353,-0.25003,
29.9349,-4.3312,4.25086,-1.20518,-0.229749,0.244917,-0.254606,
29.9412,-4.37288,4.3825,-1.12998,-0.232694,0.243787,-0.255677,
29.9443,-4.25983,4.22934,-1.08922,-0.22706,0.243236,-0.254398,
29.9504,-4.42515,4.35377,-1.0852,-0.230379,0.238853,-0.262208,
30.0656,-4.5722,4.19355,-1.21176,-0.222942,0.237727,-0.254377,
30.0688,-4.49101,4.06239,-1.07465,-0.223312,0.240606,-0.255471,
30.074,-4.39889,4.386,-1.07605,-0.234056,0.239689,-0.258185,
30.0803,-4.51669,4.1134,-1.12567,-0.223518,0.242667,-0.259822,
30.0834,-4.483,4.55118,-1.04014,-0.235714,0.242126,-0.2573,
30.0894,-4.2338,4.34552,-1.10467,-0.231971,0.245386,-0.258741,
30.0925,-4.19325,4.25429,-1.03055,-0.229094,0.24226,-0.252045,
30.0987,-4.32528,4.08783,-1.11528,-0.223824,0.245131,-0.254228,
30.1828,-4.24348,4.24445,-1.06127,-0.230338,0.245459,-0.254381,
30.1859,-4.39588,4.2287,-1.13563,-0.227419,0.241695,-0.255726,
30.19,-4.35783,4.2955,-1.063,-0.230382,0.241873,-0.257384,
30.1984,-4.19312,4.34856,-1.12179,-0.229222,0.244689,-0.256097,
30.2018,-4.45188,4.33714,-1.16255,-0.22958,0.241374,-0.258439,
30.2073,-4.51769,4.2486,-1.09519,-0.227269,0.236977,-0.253436,
30.2149,-4.42354,4.07792,-1.13575,-0.224312,0.240964,-0.255557,
30.218,-4.51784,4.13225,-0.966368,-0.226999,0.236939,-0.25386,
30.2243,-4.49726,4.36913,-0.965647,-0.230968,0.236773,-0.258227,
30.2295,-4.33132,4.1765,-1.04994,-0.227821,0.244825,-0.253177,
30.2327,-4.40432,4.26753,-1.03356,-0.229297,0.239794,-0.256353,
30.2403,-4.46979,4.18603,-0.945501,-0.227997,0.239695,-0.25437,
30.2464,-4.34398,4.20493,-1.18331,-0.227261,0.243705,-0.251016,
30.2495,-4.57674,4.15656,-0.994666,-0.225834,0.238563,-0.251159,
30.2558,-4.43105,4.22997,-0.918198,-0.226398,0.240592,-0.255207,
30.2619,-4.61596,4.12736,-1.02963,-0.223921,0.23771,-0.255255,
30.265,-4.44331,4.38668,-0.972056,-0.230891,0.24068,-0.25629,
30.2703,-4.46717,4.40931,-1.00495,-0.232372,0.238416,-0.259447,
30.2764,-4.50663,4.03279,-1.00949,-0.223314,0.240608,-0.252031,
30.2795,-4.52343,3.94398,-1.09004,-0.219935,0.238812,-0.251541,
30.286,-4.41918,4.32253,-0.952318,-0.228244,0.239149,-0.257488,
30.2922,-4.34968,4.30957,-1.16593,-0.227583,0.243216,-0.255542,
30.2953,-4.35421,4.22951,-1.13713,-0.225967,0.243686,-0.257454,
30.3014,-4.52419,4.40346,-1.06844,-0.22937,0.236966,-0.258287,
30.3045,-4.4622,4.34352,-1.04035,-0.228368,0.240952,-0.257834,
30.3098,-4.59665,4.28156,-1.142,-0.227992,0.238483,-0.256495,
30.3159,-4.41124,4.3632,-0.981725,-0.2289,0.239557,-0.252904,
30.319,-4.18882,4.36665,-0.967865,-0.229159,0.246744,-0.261209,
30.3254,-4.16801,4.30829,-1.03164,-0.230361,0.244805,-0.256122,
30.332,-4.34707,4.07995,-1.11547,-0.223145,0.241227,-0.254856,
30.3353,-4.24011,4.34238,-1.1138,-0.232322,0.241392,-0.256356,
30.3414,-4.35738,4.31195,-1.22659,-0.229461,0.240456,-0.256468,
30.3477,-4.45493,4.03853,-1.03997,-0.222167,0.238189,-0.251245,
30.3508,-4.35662,4.32602,-1.17091,-0.232203,0.244226,-0.257982,
30.356,-4.39589,4.28262,-1.05673,-0.229703,0.239639,-0.259963,
30.3622,-4.60026,4.19732,-1.09529,-0.226534,0.23438,-0.254694,
30.3653,-4.47989,4.23242,-1.07593,-0.226462,0.238579,-0.255804,
30.3733,-4.24849,4.31794,-0.98975,-0.229677,0.242731,-0.257523,
30.3764,-4.33499,4.12526,-0.988332,-0.226423,0.244042,-0.250672,
30.3814,-4.45572,4.36657,-1.14495,-0.233342,0.239159,-0.252514,
30.3877,-4.35971,4.30977,-0.980135,-0.228873,0.244106,-0.256865,
30.3908,-4.34155,4.37608,-0.923589,-0.23231,0.244765,-0.257309,
30.396,-4.47934,4.51159,-0.946257,-0.235782,0.239218,-0.255663,
30.4023,-4.61488,4.38579,-0.995766,-0.232001,0.235247,-0.25629,
30.4054,-4.33284,4.31669,-1.01979,-0.230555,0.243818,-0.258206,
30.4114,-4.44652,4.11375,-0.904817,-0.227235,0.240062,-0.253557,
30.4146,-4.33457,4.27551,-1.05077,-0.22912,0.242326,-0.255667,
30.4218,-4.63829,4.20617,-1.12013,-0.232684,0.235956,-0.259217,
30.4279,-4.60759,4.23788,-0.999071,-0.227168,0.234062,-0.2546,
30.431,-4.47051,4.45545,-1.03791,-0.232459,0.241038,-0.259803,
30.4363,-4.32911,4.23414,-0.964071,-0.230573,0.240966,-0.256266,
30.4424,-4.49003,4.16573,-0.968349,-0.227299,0.238411,-0.256908,
30.4455,-4.44262,4.2537,-0.968744,-0.228652,0.240337,-0.255134,
30.4517,-4.38625,4.23994,-0.931461,-0.228144,0.243039,-0.256272,
30.4548,-4.36348,4.08699,-1.03747,-0.226296,0.243148,-0.250095,
30.461,-4.43679,4.04834,-1.06997,-0.225674,0.240232,-0.25031,
30.4667,-4.49897,4.19117,-0.969745,-0.228104,0.233046,-0.25912,
30.47,-4.54985,4.20021,-0.999342,-0.228272,0.23224,-0.259635,
30.4777,-4.19632,4.50016,-1.04043,-0.235125,0.245875,-0.253785,
30.4821,-4.20891,4.35317,-0.97884,-0.230601,0.247893,-0.2548,
30.4883,-4.3174,4.10781,-1.06364,-0.22198,0.244035,-0.251764,
30.4914,-4.64559,3.98161,-0.957462,-0.218454,0.237142,-0.247134,
30.4977,-4.37092,3.94285,-0.959478,-0.221925,0.241852,-0.251352,
30.5008,-4.32218,4.14794,-1.01865,-0.226465,0.240182,-0.256441,
30.5072,-4.35623,4.21683,-0.955729,-0.229132,0.239981,-0.256555,
30.5148,-4.45626,4.15534,-1.01187,-0.225174,0.238463,-0.257331,
30.5179,-4.33875,4.37974,-0.9048,-0.231451,0.237095,-0.260927,
30.5242,-4.44826,4.17936,-1.00684,-0.226775,0.23885,-0.250409,
30.5304,-4.63204,4.15938,-1.01654,-0.226045,0.236075,-0.254192,
30.5335,-4.64012,4.37358,-1.09008,-0.229777,0.236684,-0.255741,
30.5397,-4.40872,4.25726,-0.970471,-0.226313,0.242904,-0.254332,
30.5459,-4.3365,3.88031,-1.09452,-0.217581,0.241284,-0.25016,
30.549,-4.50064,4.22621,-0.979738,-0.227455,0.238948,-0.254506,
30.5534,-4.32537,4.27226,-0.954942,-0.229051,0.236768,-0.2638,
30.5596,-4.47091,4.04397,-0.923524,-0.224983,0.237373,-0.25216,
30.5627,-4.65007,4.1399,-0.99382,-0.224805,0.234753,-0.256719,
30.5689,-4.52566,4.203,-0.921281,-0.227293,0.24067,-0.259839,
30.572,-4.49287,4.07896,-1.00349,-0.224979,0.239256,-0.253961,
30.5782,-4.51473,4.17035,-1.02847,-0.224708,0.240043,-0.253958,
30.5844,-4.43121,4.24871,-1.02132,-0.2261,0.238941,-0.254617,
30.5875,-4.60983,4.21403,-0.858509,-0.227054,0.232902,-0.256931,
30.5928,-4.4659,3.92173,-0.945928,-0.22014,0.236357,-0.251727,
30.5989,-4.52593,4.08485,-1.01031,-0.22309,0.235451,-0.254475,
30.602,-4.50048,4.35702,-1.07213,-0.23215,0.235107,-0.259216,
30.6082,-4.49246,4.20336,-1.06726,-0.225228,0.241181,-0.257025,
30.6144,-4.30309,4.4464,-1.14964,-0.229878,0.243751,-0.263675,
30.6175,-4.47224,4.39957,-1.03422,-0.229599,0.23911,-0.260374,
30.6237,-4.25843,4.10863,-1.02281,-0.224465,0.244192,-0.255894,
30.6268,-4.2192,4.22038,-1.10646,-0.226475,0.246327,-0.257383,
30.632,-4.31585,4.54861,-1.25327,-0.233722,0.243313,-0.25807,
30.6383,-4.15975,4.40004,-1.08859,-0.232685,0.24792,-0.262478,
30.6416,-4.30124,4.25601,-1.09413,-0.22818,0.242352,-0.257237,
30.6498,-4.34951,4.17515,-0.953926,-0.229201,0.242033,-0.250606,
30.6549,-4.42822,4.1813,-1.03182,-0.227967,0.239159,-0.25723,
30.658,-4.35838,4.14535,-1.1593,-0.227825,0.241107,-0.255608,
30.6642,-4.33446,3.96291,-1.12588,-0.223208,0.240332,-0.253644,
30.6704,-4.34155,4.10328,-1.03665,-0.223753,0.241243,-0.251769,
30.6736,-4.26835,4.01917,-1.12483,-0.221861,0.242918,-0.251428,
30.6789,-4.39603,4.15647,-0.986098,-0.225216,0.240359,-0.258024,
30.682,-4.2082,4.19643,-1.04833,-0.225449,0.244748,-0.256019,
30.6885,-4.36941,4.15456,-0.972657,-0.226187,0.243751,-0.253405,
30.6969,-4.19989,4.21888,-1.08614,-0.23042,0.244248,-0.252333,
30.7001,-4.42861,4.20902,-1.02675,-0.226116,0.239302,-0.254385,
30.7053,-4.50181,4.16548,-1.0407,-0.227822,0.239531,-0.253237,
30.7114,-4.40003,3.99808,-1.16231,-0.222142,0.237257,-0.256893,
30.7146,-4.50134,3.98263,-1.13931,-0.221737,0.237427,-0.253995,
30.7199,-4.30282,4.34268,-1.04181,-0.229287,0.24452,-0.255924,
30.7259,-4.4535,4.27579,-1.16203,-0.227161,0.240365,-0.255711,
30.729,-4.71562,4.19004,-1.0158,-0.226274,0.231469,-0.255125,
30.7366,-4.29419,4.20181,-1.14051,-0.226069,0.242877,-0.258624,
30.7429,-4.21409,4.46683,-1.02447,-0.234397,0.24387,-0.256767,
30.7459,-4.34431,4.19087,-1.09078,-0.226805,0.241888,-0.25467,
30.7522,-4.21373,4.31193,-1.07098,-0.230915,0.245824,-0.259233,
30.7575,-4.27288,4.22326,-1.08791,-0.226882,0.246668,-0.260745,
30.7606,-4.22713,4.29812,-1.0678,-0.229267,0.243361,-0.25962,
30.7668,-4.25321,4.42444,-1.05976,-0.232832,0.246228,-0.258989,
30.7699,-4.59638,4.036,-1.08968,-0.222808,0.235445,-0.251215,
30.7762,-4.44194,4.15262,-1.08687,-0.225827,0.237585,-0.25456,
30.7824,-4.43175,4.32514,-1.1088,-0.230338,0.239325,-0.255041,
30.7855,-4.50442,4.25829,-1.05234,-0.229178,0.237156,-0.260348,
30.7918,-4.51535,4.11378,-1.0841,-0.227819,0.238023,-0.253017,
30.797,-4.37783,4.34583,-1.13953,-0.231482,0.240847,-0.260397,
30.8001,-4.3844,4.30825,-1.17366,-0.228974,0.240511,-0.257287,
30.8063,-4.35603,4.13926,-1.0999,-0.225564,0.239249,-0.256147,
30.8124,-4.42291,4.15808,-1.08084,-0.225029,0.243213,-0.256014,
30.8154,-4.31684,4.23753,-1.13438,-0.226204,0.241983,-0.260312,
30.8237,-4.41861,3.96798,-1.08853,-0.222659,0.242671,-0.253623,
30.827,-4.69313,4.44318,-1.10946,-0.233569,0.232637,-0.258986,
30.8724,-4.46894,4.22411,-1.21805,-0.227577,0.241297,-0.262067,
30.8766,-4.57174,4.44981,-1.20544,-0.23301,0.235115,-0.25523,
30.8798,-4.44353,4.2416,-1.10933,-0.228489,0.239883,-0.257396,
30.8859,-4.22065,4.19842,-1.04545,-0.227584,0.240595,-0.258435,
30.8922,-4.48345,4.21443,-1.03055,-0.229151,0.23914,-0.252601,
30.8953,-4.55008,3.90748,-1.04084,-0.219799,0.237088,-0.253079,
30.9014,-4.52391,4.30878,-1.13925,-0.22741,0.235049,-0.258132,
30.9076,-4.55404,4.30531,-1.16754,-0.229702,0.236823,-0.255156,
30.9928,-4.5646,3.99644,-0.967363,-0.221044,0.237047,-0.257631,
30.9969,-4.55941,4.31205,-0.908879,-0.229507,0.237284,-0.258223,
31.0052,-4.43628,4.33456,-1.00876,-0.231504,0.240511,-0.260747,
31.0083,-4.26815,4.10076,-1.03051,-0.224281,0.244925,-0.251673,
31.0134,-4.57678,4.14026,-1.04381,-0.227698,0.238736,-0.258255,
31.0196,-4.46501,4.25315,-1.07158,-0.229602,0.241407,-0.255385,
31.0227,-4.63989,4.09279,-0.973205,-0.226206,0.234568,-0.259548,
31.0289,-4.25315,4.31956,-1.06733,-0.229968,0.244416,-0.258754,
31.032,-4.65858,3.95013,-1.08725,-0.219419,0.237566,-0.256197,
31.0373,-4.39101,4.15355,-1.05959,-0.223789,0.242665,-0.255409,
31.0434,-4.3629,4.16166,-1.01826,-0.227744,0.24252,-0.257095,
31.0467,-4.36542,4.25716,-1.05333,-0.2304,0.242222,-0.252744,
31.0533,-4.69221,3.99436,-1.18118,-0.224263,0.234395,-0.251482,
31.061,-4.54626,4.31477,-1.07654,-0.227859,0.23686,-0.259894,
31.0674,-4.52221,4.31945,-0.990043,-0.231785,0.235362,-0.256427,
31.0705,-4.4689,4.34102,-1.08584,-0.230628,0.238075,-0.257378,
31.0767,-4.43235,4.32775,-1.10829,-0.229405,0.236569,-0.258273,
31.0798,-4.45728,4.43987,-1.13617,-0.23296,0.238531,-0.260933,
31.085,-4.48805,3.9588,-0.972189,-0.223552,0.238247,-0.25308,
31.0932,-4.4695,4.37516,-1.05606,-0.232958,0.240273,-0.255616,
31.0963,-4.31435,4.23241,-1.21461,-0.225989,0.242466,-0.255663,
31.1014,-4.26633,4.07211,-1.15287,-0.224583,0.241711,-0.250746,
31.1076,-4.45263,4.28604,-1.10999,-0.230281,0.238415,-0.263581,
31.1108,-4.37686,4.4179,-1.08273,-0.234203,0.240973,-0.259075,
31.1169,-4.4942,4.12763,-1.15371,-0.224503,0.238855,-0.258755,
31.1223,-4.39365,4.13152,-1.09952,-0.226013,0.242077,-0.256174,
31.1254,-4.16467,4.42109,-1.21994,-0.234182,0.246007,-0.258414,
31.1314,-4.28535,3.9713,-1.14312,-0.222309,0.24078,-0.255884,
31.1346,-4.45176,3.8332,-0.981495,-0.219349,0.239353,-0.25258,
31.1408,-4.45073,4.11697,-0.904829,-0.22736,0.237809,-0.258022,
31.1469,-4.17206,4.31464,-1.01355,-0.227983,0.243003,-0.255849,
31.15,-4.45484,4.16773,-1.05185,-0.225558,0.238967,-0.257707,
31.1563,-4.29831,4.17089,-1.03305,-0.226359,0.242464,-0.251899,
31.1614,-4.47181,4.22762,-1.04071,-0.226882,0.239108,-0.256329,
31.1646,-4.32789,4.21686,-0.971461,-0.225594,0.240265,-0.257575,
31.1708,-4.39727,4.43681,-1.07691,-0.232333,0.240656,-0.258395,
31.1739,-4.34133,4.06686,-0.985041,-0.222544,0.241551,-0.253495,
31.18,-4.55366,4.19451,-1.02472,-0.226677,0.237427,-0.259353,
31.1866,-4.35611,4.33865,-1.03938,-0.230665,0.241485,-0.25988,
31.1899,-4.51008,4.10224,-1.17949,-0.223944,0.241368,-0.255165,
31.1974,-4.31468,4.30543,-1.1098,-0.228861,0.242927,-0.254454,
31.2025,-4.41238,4.07805,-1.08442,-0.224623,0.238589,-0.258106,
31.2057,-4.42857,4.29823,-1.11178,-0.227895,0.240797,-0.252144,
31.2119,-4.15329,4.24317,-1.09578,-0.229043,0.246425,-0.257219,
31.2179,-4.40892,4.24517,-1.04806,-0.226418,0.240424,-0.255578,
31.221,-4.44915,4.28821,-1.05617,-0.231154,0.239603,-0.260106,
31.2283,-4.26912,4.12785,-1.12356,-0.225277,0.241808,-0.258423,
31.2344,-4.25338,4.33028,-0.95672,-0.231142,0.242442,-0.259684,
31.2375,-4.42155,4.0376,-1.03447,-0.223657,0.238385,-0.255242,
31.2438,-4.64327,4.05246,-1.03795,-0.226285,0.237954,-0.251433,
31.2469,-4.50604,4.36138,-1.12566,-0.231761,0.24069,-0.262779,
31.2529,-4.45929,4.28541,-1.06404,-0.228608,0.238896,-0.257571,
31.2592,-4.4865,4.45211,-1.06513,-0.233305,0.237347,-0.258306,
31.2623,-4.461,4.229,-1.04306,-0.228441,0.238696,-0.258715,
31.2684,-4.40159,4.36175,-1.12032,-0.230304,0.244514,-0.258425,
31.2767,-4.33528,4.1386,-1.10159,-0.227141,0.242256,-0.255182,
31.2798,-4.5883,4.19335,-1.09386,-0.230008,0.236618,-0.258397,
31.285,-4.23518,4.30904,-1.18803,-0.229649,0.244058,-0.258449,
31.2913,-4.19709,4.12276,-1.20615,-0.226492,0.245621,-0.253755,
31.2944,-4.31427,4.39546,-1.25881,-0.236188,0.244365,-0.257474,
31.3004,-4.35336,4.51534,-1.21562,-0.235681,0.243951,-0.259347,
31.3035,-4.65565,4.18659,-1.37725,-0.226556,0.238845,-0.263834,
31.3097,-4.22996,4.30852,-1.21113,-0.228995,0.245107,-0.257194,
31.316,-4.30625,4.4205,-1.07034,-0.230014,0.243667,-0.260368,
31.3194,-4.31735,4.34801,-1.00056,-0.231882,0.243317,-0.25729,
31.324,-4.47432,4.25218,-1.17399,-0.228959,0.239942,-0.253936,
31.3324,-4.58857,4.39245,-1.0712,-0.232964,0.23634,-0.259704,
31.3356,-4.43251,4.23744,-1.10032,-0.226784,0.238686,-0.262244,
31.3408,-4.55613,4.12532,-1.03386,-0.22364,0.238076,-0.256568,
31.3469,-4.34313,4.16776,-1.00318,-0.224212,0.241916,-0.255622,
31.3499,-4.15018,4.14888,-1.01142,-0.224492,0.246658,-0.254038,
31.3562,-4.57805,4.06957,-1.09733,-0.224163,0.2359,-0.257131,
31.3636,-4.57474,4.13341,-1.08792,-0.225191,0.236658,-0.254666,
31.3668,-4.34232,4.35652,-1.04575,-0.232141,0.242498,-0.26024,
31.372,-4.28563,4.52154,-1.0264,-0.232857,0.243428,-0.258992,
31.3783,-4.34544,4.24311,-1.05012,-0.228626,0.241097,-0.254021,
31.3814,-4.34709,4.26378,-1.04901,-0.227631,0.242861,-0.25922,
31.3874,-4.49992,4.15895,-0.986992,-0.225742,0.237336,-0.259459,
31.3905,-4.63794,4.02018,-1.11827,-0.22202,0.23626,-0.253224,
31.3967,-4.41,4.27667,-1.07566,-0.228905,0.237834,-0.255251,
31.4029,-4.38888,4.37143,-1.07127,-0.231881,0.24285,-0.255533,
31.4061,-4.84147,4.17691,-1.03288,-0.227617,0.234837,-0.253693,
31.4114,-4.37989,4.35051,-1.04836,-0.2316,0.240295,-0.258923,
31.4177,-4.23499,4.40009,-0.911007,-0.231332,0.245515,-0.254907,
31.4208,-4.32752,4.15479,-0.968499,-0.23029,0.243069,-0.253096,
31.4269,-4.42293,4.19692,-1.07522,-0.225902,0.239341,-0.250524,
31.43,-4.44203,4.3585,-1.038,-0.231984,0.235141,-0.257867,
31.4362,-4.51282,4.09515,-1.0242,-0.223519,0.239925,-0.255146,
31.4424,-4.32971,4.26104,-0.960402,-0.226712,0.243787,-0.256556,
31.4456,-4.53915,4.45792,-1.08406,-0.233338,0.238674,-0.263811,
31.451,-4.2641,4.44486,-1.19623,-0.234099,0.241179,-0.260358,
31.4577,-4.37796,4.39082,-1.00353,-0.234374,0.238871,-0.254114,
31.461,-4.3022,4.39248,-1.00548,-0.232126,0.243947,-0.25743,
31.4685,-4.51165,4.26173,-0.897278,-0.229043,0.241354,-0.256214,
31.4747,-4.65196,4.05201,-0.943787,-0.225858,0.236145,-0.251884,
31.4778,-4.38659,4.39155,-1.03544,-0.231632,0.24304,-0.258035,
31.4839,-4.34287,4.26195,-1.02805,-0.228125,0.244049,-0.255997,
31.4893,-4.48222,4.23798,-1.14109,-0.228038,0.239864,-0.253729,
31.4924,-4.50698,4.30033,-1.07287,-0.228219,0.240771,-0.249188,
31.4988,-4.424,4.14612,-1.10282,-0.22736,0.237956,-0.25443,
31.5051,-4.38725,4.3834,-1.06045,-0.232243,0.239746,-0.256,
31.5083,-4.17561,4.30359,-1.10551,-0.229281,0.248302,-0.259026,
31.5144,-4.6508,4.00782,-1.10424,-0.224028,0.2344,-0.260163,
31.5206,-4.39862,4.16386,-0.864403,-0.225032,0.242457,-0.257338,
31.5238,-4.29198,4.28514,-1.13313,-0.23198,0.239261,-0.259577,
31.529,-4.46173,4.19379,-1.14341,-0.227028,0.24096,-0.255876,
31.5352,-4.07295,4.13381,-1.13537,-0.22597,0.24769,-0.257364,
31.5383,-4.44814,4.08685,-1.26183,-0.224331,0.238953,-0.254732,
31.5436,-4.1244,4.0467,-1.08728,-0.22306,0.245085,-0.256505,
31.5467,-4.11638,4.41086,-1.02337,-0.232036,0.247714,-0.261902,
31.5529,-4.26374,4.37511,-1.06975,-0.232791,0.243404,-0.25909,
31.5591,-4.44192,4.25218,-0.984719,-0.229023,0.240685,-0.25895,
31.5623,-4.3079,4.23826,-1.01518,-0.228283,0.243466,-0.256901,
31.5675,-4.36713,4.27617,-1.02582,-0.229267,0.241787,-0.257953,
31.5737,-4.52283,4.32281,-1.09246,-0.228615,0.238075,-0.260914,
31.5768,-4.38294,4.19877,-1.06571,-0.228752,0.241231,-0.252696,
31.5829,-4.1955,3.99208,-1.17448,-0.221388,0.246474,-0.251767,
31.5882,-4.36924,4.58706,-1.16334,-0.239392,0.240872,-0.260767,
31.5913,-4.64082,4.18534,-1.05815,-0.228559,0.234951,-0.258219,
31.5974,-4.40001,4.39285,-1.10276,-0.230857,0.240563,-0.254201,
31.6005,-4.54495,4.08307,-1.04892,-0.223043,0.238002,-0.253262,
31.6058,-4.35001,3.94231,-1.0244,-0.221161,0.238631,-0.253184,
31.6119,-4.40822,4.33499,-1.07681,-0.231918,0.244462,-0.257214,
31.6149,-4.57731,4.13333,-1.17271,-0.225855,0.235087,-0.256157,
31.6212,-4.45866,4.26909,-1.16712,-0.231029,0.242268,-0.254133,
31.6274,-4.4606,4.27193,-1.08593,-0.22906,0.239612,-0.257039,
31.6306,-4.20253,4.09403,-1.069,-0.224014,0.247701,-0.256271,
31.6388,-4.42228,4.27032,-1.19212,-0.231025,0.243113,-0.256026,
31.6419,-4.46717,4.07466,-0.984254,-0.22421,0.239727,-0.250821,
31.6473,-4.58664,4.24682,-1.01534,-0.229439,0.236687,-0.260152,
31.6534,-4.39718,4.3339,-0.983077,-0.230104,0.243623,-0.262773,
31.6564,-4.41343,4.18981,-1.02894,-0.225037,0.24087,-0.263132,
31.6627,-4.5289,4.44372,-1.11163,-0.233868,0.240998,-0.26174,
31.6689,-4.18005,4.40356,-1.01415,-0.231421,0.246845,-0.263853,
31.672,-4.45052,4.27833,-1.07407,-0.228755,0.239701,-0.251629,
31.6774,-4.36878,4.33381,-0.999807,-0.230798,0.242242,-0.253177,
31.685,-4.58323,4.36229,-0.902355,-0.230407,0.240385,-0.252062,
31.6881,-4.29906,4.22766,-1.06465,-0.231377,0.244924,-0.253262,
31.6934,-4.37367,4.14745,-0.945724,-0.229056,0.240287,-0.258232,
31.6997,-4.10568,4.22963,-0.938781,-0.227121,0.247095,-0.262979,
31.7028,-4.49073,4.21409,-0.956496,-0.228392,0.239786,-0.256404,
31.7089,-4.42949,4.11921,-0.937241,-0.224256,0.239438,-0.260148,
31.712,-4.33369,4.38469,-0.991372,-0.229925,0.243969,-0.260508,
31.7183,-4.48855,4.25543,-1.03191,-0.230473,0.238075,-0.253548,
31.7637,-4.282,4.00845,-0.873717,-0.222738,0.244558,-0.252502,
31.7682,-4.21665,4.36559,-0.952767,-0.231346,0.242374,-0.261689,
31.7714,-4.32612,4.25199,-1.04354,-0.227836,0.240075,-0.258754,
31.7756,-3.95956,4.28158,-1.04179,-0.229443,0.252489,-0.257606,
31.7788,-4.21657,4.33804,-0.894651,-0.22917,0.242356,-0.257227,
31.7849,-4.45902,4.06521,-1.05102,-0.223847,0.240079,-0.253504,
31.7911,-4.24777,4.0173,-1.07439,-0.224424,0.245469,-0.251801,
31.7943,-4.48479,4.15449,-0.895185,-0.224852,0.239707,-0.257204,
31.8779,-4.37505,4.27973,-1.0137,-0.230753,0.241971,-0.26013,
31.8822,-4.53215,4.06395,-1.10932,-0.224373,0.237724,-0.253384,
31.8853,-4.52992,4.01253,-0.983464,-0.223219,0.238042,-0.25187,
31.8914,-4.34755,4.45111,-1.06831,-0.232786,0.241117,-0.253772,
31.8974,-4.43038,4.16754,-1.07769,-0.222776,0.243412,-0.249219,
31.9006,-4.56576,4.28723,-1.19663,-0.232481,0.237838,-0.257171,
31.9083,-4.38849,4.37617,-1.0647,-0.229019,0.242031,-0.254171,
31.9149,-4.3199,4.35904,-1.10918,-0.231061,0.241303,-0.25765,
31.9183,-4.44423,4.02541,-1.06767,-0.221644,0.241042,-0.255042,
31.9228,-4.30849,3.99809,-1.1603,-0.226269,0.241661,-0.253498,
31.9304,-4.43906,4.22635,-1.11086,-0.227676,0.243136,-0.258531,
31.9334,-4.34039,4.17528,-1.08522,-0.226934,0.242696,-0.260669,
31.9397,-4.24091,4.18582,-1.13878,-0.226561,0.246258,-0.2575,
31.9459,-4.41968,4.19491,-0.976167,-0.227093,0.240407,-0.258581,
31.949,-4.18449,4.38512,-0.872047,-0.231455,0.248063,-0.259605,
31.9553,-4.40074,4.03618,-1.12738,-0.223426,0.243365,-0.252514,
31.9614,-4.55442,4.03225,-1.07066,-0.223202,0.237096,-0.254682,
31.9646,-4.24264,4.20321,-1.04998,-0.226627,0.245876,-0.257173,
31.9699,-4.44707,4.30548,-1.13746,-0.22918,0.241588,-0.255941,
31.973,-4.19438,4.20775,-1.07109,-0.229374,0.244469,-0.257521,
31.9792,-4.33503,4.38643,-1.03676,-0.232008,0.242792,-0.262091,
31.9854,-4.32506,3.98911,-1.12687,-0.222892,0.242805,-0.250923,
31.9884,-4.41166,3.9003,-1.18363,-0.221197,0.240731,-0.255432,
31.9937,-4.0252,4.02317,-1.079,-0.224451,0.252783,-0.250288,
31.9999,-4.46655,4.18285,-1.17609,-0.225611,0.240923,-0.255055,
32.003,-4.52465,4.11721,-1.16534,-0.224114,0.239593,-0.256532,
32.0083,-4.31844,4.12809,-1.004,-0.22291,0.242718,-0.257472,
32.0143,-4.12676,4.28691,-1.12382,-0.231298,0.244952,-0.257786,
32.0174,-4.32469,4.15032,-1.21345,-0.225595,0.244313,-0.245645,
32.0237,-4.39334,3.90389,-1.09021,-0.218658,0.243389,-0.250717,
32.0268,-4.16771,4.22724,-1.09733,-0.225113,0.244853,-0.255403,
32.0329,-4.49483,4.31961,-1.15504,-0.229953,0.240729,-0.261226,
32.0784,-4.38144,4.25336,-1.08342,-0.228464,0.24142,-0.252079,
32.0816,-4.2463,4.17534,-1.01365,-0.228848,0.243879,-0.255722,
32.0858,-4.41086,4.28666,-1.08411,-0.230399,0.238989,-0.260949,
32.0919,-4.48198,4.0148,-0.947025,-0.222897,0.242437,-0.254093,
32.095,-4.36702,4.01067,-0.985966,-0.220305,0.244115,-0.251627,
32.1013,-4.27652,4.25048,-1.01693,-0.228337,0.243909,-0.253863,
32.1074,-4.20718,4.31269,-1.07711,-0.227874,0.245374,-0.255977,
32.1104,-4.32999,3.93754,-1.02395,-0.219928,0.242972,-0.255159,
32.1689,-4.20633,4.09504,-1.0689,-0.225307,0.243694,-0.255518,
32.1721,-4.23067,4.19196,-1.00392,-0.226144,0.241463,-0.256165,
32.1763,-4.36699,4.11878,-1.02323,-0.223705,0.241841,-0.256409,
32.1824,-4.4426,4.00208,-1.00184,-0.220976,0.240717,-0.252096,
32.1855,-4.38815,4.32254,-0.930574,-0.228936,0.244233,-0.257704,
32.1917,-4.2051,4.42026,-1.09865,-0.232256,0.246042,-0.259054,
32.1948,-4.35438,4.2553,-1.06248,-0.227504,0.245447,-0.254875,
32.2009,-4.31166,4.20193,-1.02789,-0.228381,0.243835,-0.254054,
32.2624,-4.16319,4.31409,-1.1606,-0.230546,0.244416,-0.25612,
32.2658,-4.47709,4.0156,-1.11233,-0.223002,0.239376,-0.256615,
32.2741,-4.24127,4.13063,-1.15561,-0.226375,0.243155,-0.250657,
32.2803,-4.20621,4.09589,-1.05177,-0.223883,0.246351,-0.262126,
32.2834,-4.09657,4.28204,-1.09647,-0.227938,0.250372,-0.258248,
32.2897,-4.38727,4.33097,-1.05084,-0.227436,0.244868,-0.250181,
32.2928,-4.31326,4.23059,-1.25166,-0.227796,0.248167,-0.25603,
32.2989,-4.26109,4.19019,-1.27833,-0.225114,0.245903,-0.255925,
32.3052,-4.48566,4.24347,-1.16456,-0.225549,0.238001,-0.253004,
32.3084,-4.1801,4.39977,-1.06869,-0.231518,0.246411,-0.255333,
32.3162,-4.04724,4.13613,-1.08005,-0.224745,0.249079,-0.255988,
32.3207,-4.35773,4.35606,-1.07388,-0.233423,0.241389,-0.257869,
32.324,-4.38863,4.48611,-1.17364,-0.234478,0.241299,-0.260354,
32.3294,-4.08056,4.44852,-1.20172,-0.233615,0.247352,-0.256623,
32.3347,-4.41229,3.97834,-1.09472,-0.222578,0.241673,-0.252199,
32.3378,-4.19009,4.19911,-1.102,-0.231075,0.2472,-0.253538,
32.3439,-4.04892,4.36396,-1.13121,-0.229086,0.250202,-0.261294,
32.3493,-4.18839,4.32096,-1.14731,-0.229629,0.248549,-0.259067,
32.3527,-4.19701,3.97087,-1.16332,-0.22246,0.24655,-0.250042,
32.3608,-4.31564,4.0336,-1.10971,-0.221691,0.243892,-0.254454,
32.3659,-3.93027,4.26263,-1.11204,-0.226116,0.249575,-0.254593,
32.3689,-4.36436,4.22145,-1.12259,-0.228335,0.240561,-0.257247,
32.3752,-4.21225,4.17483,-1.151,-0.224377,0.242531,-0.258915,
32.3813,-4.1033,4.40295,-1.18784,-0.228559,0.244866,-0.258191,
32.3845,-4.3898,4.07233,-1.20367,-0.221501,0.241195,-0.249896,
32.3898,-4.31702,4.30126,-1.11938,-0.228365,0.244725,-0.258876,
32.3929,-4.03997,4.22899,-1.12711,-0.225524,0.247828,-0.255314,
32.401,-4.32593,4.25843,-1.13721,-0.225802,0.244481,-0.257898,
32.4062,-4.35101,4.45102,-1.24668,-0.232873,0.241871,-0.263898,
32.4093,-4.22783,3.98981,-1.29855,-0.220075,0.24457,-0.25274,
32.4154,-4.12529,4.2484,-1.22333,-0.229554,0.245959,-0.256745,
32.4216,-4.38806,4.08006,-1.25724,-0.223404,0.243354,-0.260136,
32.4248,-4.28982,4.18966,-1.02313,-0.226548,0.24455,-0.251746,
32.43,-4.35912,4.18887,-1.10554,-0.226046,0.24362,-0.259642,
32.4362,-4.33222,4.42203,-1.22897,-0.232154,0.240409,-0.258064,
32.4394,-4.26071,4.25747,-1.16966,-0.230346,0.244644,-0.256974,
32.4439,-4.18324,4.19849,-1.23727,-0.228296,0.245462,-0.254425,
32.4469,-4.37003,4.26429,-1.13084,-0.231279,0.241637,-0.257091,
32.4532,-4.42935,4.03313,-1.14902,-0.223957,0.239038,-0.257716,
32.4594,-4.11302,4.11427,-1.23174,-0.226006,0.245027,-0.252629,
32.4625,-4.39748,3.98654,-1.15871,-0.22073,0.239703,-0.257195,
32.4678,-4.18629,4.25798,-1.14511,-0.227794,0.246607,-0.256934,
32.4739,-4.18629,4.1146,-1.2118,-0.22293,0.243211,-0.254777,
32.477,-4.23647,4.1215,-1.09775,-0.225,0.245054,-0.249991,
32.4832,-4.18497,4.2,-1.09671,-0.225617,0.246839,-0.26503,
32.4884,-4.2643,4.29383,-1.1551,-0.228886,0.245209,-0.258484,
32.4917,-4.45059,4.15788,-1.24987,-0.224512,0.239429,-0.259095,
32.4961,-4.21277,4.28737,-1.24315,-0.227208,0.242653,-0.256618,
32.5024,-4.14544,4.0248,-1.27956,-0.222355,0.24565,-0.254089,
32.5055,-4.2031,3.98959,-1.18401,-0.221094,0.245067,-0.251949,
32.5108,-4.34622,4.07923,-1.04449,-0.224541,0.239523,-0.253287,
32.5139,-4.40558,4.28501,-1.13912,-0.226435,0.243526,-0.256402,
32.5202,-4.24564,4.18963,-1.23177,-0.227627,0.243053,-0.254606,
32.5264,-4.25792,4.39631,-1.19015,-0.23105,0.243638,-0.260479,
32.5295,-4.34831,4.2224,-1.15014,-0.229146,0.245358,-0.255819,
32.5358,-4.42719,4.134,-1.13542,-0.225609,0.240789,-0.256519,
32.5419,-4.58585,4.06915,-1.2099,-0.223141,0.234317,-0.25589,
32.545,-4.35206,4.22808,-1.09213,-0.226577,0.243983,-0.258039,
32.5503,-4.30101,4.22481,-1.11193,-0.229598,0.243087,-0.259121,
32.5564,-4.09998,4.36839,-1.16594,-0.231705,0.249456,-0.251893,
32.5595,-3.9912,4.50647,-1.17166,-0.233225,0.245535,-0.258368,
32.5657,-4.23429,4.11551,-1.16282,-0.224883,0.240747,-0.255495,
32.5688,-4.47069,3.9949,-1.12754,-0.220252,0.238225,-0.256443,
32.575,-4.24577,4.25254,-1.22345,-0.227039,0.243325,-0.257449,
32.5804,-4.35323,4.19692,-1.32477,-0.225287,0.241037,-0.255032,
32.5836,-4.22671,4.1669,-1.18877,-0.228194,0.244547,-0.257338,
32.5891,-4.07389,4.29262,-1.13063,-0.229291,0.250814,-0.258998,
32.5954,-4.30759,4.24646,-1.20678,-0.226351,0.242546,-0.262116,
32.5984,-4.23535,4.31467,-1.16381,-0.230912,0.244052,-0.252004,
32.6047,-4.33945,4.1618,-1.06043,-0.225997,0.240756,-0.262673,
32.6109,-4.25855,4.21535,-1.2481,-0.225226,0.24561,-0.256634,
32.6139,-4.3239,4.05518,-0.966204,-0.222493,0.239155,-0.257674,
32.6203,-4.198,4.22651,-1.28768,-0.226873,0.246453,-0.25752,
32.6287,-4.27683,4.05458,-1.16969,-0.220439,0.240831,-0.258566,
32.632,-4.29102,4.04335,-1.13383,-0.223004,0.24139,-0.254956,
32.6367,-4.4069,4.18203,-1.28058,-0.22824,0.237972,-0.250836,
32.6432,-4.29371,4.32554,-1.26062,-0.229809,0.243709,-0.256953,
32.6464,-4.07366,4.41194,-1.12611,-0.233844,0.250198,-0.26012,
32.6524,-4.15038,4.17615,-1.10966,-0.227258,0.244303,-0.251864,
32.6586,-4.43406,4.05446,-1.13739,-0.223745,0.236375,-0.253028,
32.6618,-4.17478,4.35867,-1.26054,-0.229789,0.244247,-0.25667,
32.6698,-4.43826,3.96634,-1.15478,-0.220602,0.239729,-0.254936,
32.6729,-4.50894,4.11273,-1.01976,-0.222696,0.236173,-0.253404,
32.6779,-4.40035,4.3768,-1.0037,-0.228301,0.239547,-0.257344,
32.6841,-4.35439,4.34548,-0.987904,-0.228559,0.240302,-0.255815,
32.6873,-4.42121,4.13354,-1.04527,-0.224473,0.240439,-0.253634,
32.6934,-4.28316,4.34055,-1.13072,-0.229258,0.241773,-0.255747,
32.6994,-4.55169,4.10345,-1.11,-0.224382,0.236984,-0.253545,
32.7026,-4.57615,4.16587,-1.03425,-0.225905,0.236331,-0.251924,
32.7079,-4.48575,4.36298,-0.998037,-0.230225,0.239449,-0.25678,
32.7132,-4.34637,4.39484,-1.00836,-0.231653,0.240613,-0.259311,
32.7163,-4.5226,4.09201,-1.14266,-0.219959,0.23679,-0.251391,
32.7224,-4.36242,4.35599,-1.06491,-0.231534,0.239306,-0.256125,
32.7254,-4.3547,4.21116,-1.14437,-0.227918,0.241877,-0.255117,
32.7317,-4.48573,4.18428,-0.890599,-0.226039,0.239681,-0.254882,
32.7379,-4.20884,4.31367,-0.886287,-0.229844,0.245128,-0.256571,
32.741,-4.1644,4.37326,-1.03131,-0.232533,0.248,-0.253657,
32.7463,-4.28597,3.96812,-1.05976,-0.221712,0.242715,-0.251591,
32.7523,-4.24233,4.0242,-0.888525,-0.224657,0.242942,-0.251652,
32.7555,-4.40333,4.10489,-1.01952,-0.22253,0.237924,-0.255095,
32.7618,-4.63516,4.09161,-0.971563,-0.225938,0.238119,-0.258246,
32.7649,-4.42901,4.15308,-0.985065,-0.226035,0.238417,-0.254268,
32.7709,-4.2904,4.20866,-1.1126,-0.227641,0.244196,-0.258479,
32.7772,-4.22106,4.29797,-1.08083,-0.228309,0.244586,-0.260986,
32.7803,-4.335,4.33803,-1.1142,-0.229711,0.243347,-0.255762,
32.7855,-4.38466,4.32721,-1.02776,-0.229991,0.241493,-0.25384,
32.7918,-4.27907,4.18018,-1.00672,-0.225766,0.241519,-0.257723,
32.7949,-4.44761,4.0982,-1.10553,-0.222832,0.240371,-0.252712,
32.8029,-4.35669,3.87814,-1.15,-0.220772,0.240972,-0.251757,
32.8085,-4.12523,4.36756,-1.16933,-0.235541,0.242458,-0.256849,
32.8116,-4.14136,4.37781,-1.07022,-0.230559,0.246176,-0.253566,
32.8179,-4.60579,3.9846,-1.0242,-0.222654,0.238335,-0.248086,
32.821,-4.39522,4.12532,-1.14925,-0.228545,0.243379,-0.255467,
32.8263,-4.23784,4.24519,-1.10792,-0.226684,0.245799,-0.256299,
32.8324,-4.39277,4.357,-1.18432,-0.23081,0.241119,-0.256357,
32.8355,-4.19319,4.16983,-1.07199,-0.226665,0.243721,-0.255434,
32.8417,-4.36175,4.16764,-0.962189,-0.224564,0.24092,-0.256751,
32.8479,-4.48067,4.32111,-1.07339,-0.228089,0.23804,-0.255411,
32.8512,-4.4213,4.01444,-1.09115,-0.222563,0.241573,-0.252001,
32.8556,-4.20384,4.2959,-1.15476,-0.229915,0.247637,-0.257406,
32.9029,-4.39466,4.29293,-1.17247,-0.229078,0.24328,-0.255945,
32.906,-4.42598,4.18636,-0.937526,-0.227948,0.238451,-0.25311,
32.9103,-4.28822,4.18684,-1.03689,-0.227884,0.241222,-0.253019,
32.9163,-4.44569,4.09905,-0.996769,-0.225899,0.23786,-0.258758,
32.9194,-4.28662,4.3129,-0.891437,-0.228968,0.2442,-0.258285,
32.9257,-4.12884,4.28134,-1.01053,-0.227889,0.245654,-0.255882,
32.9288,-4.23882,4.09619,-0.984835,-0.222646,0.244394,-0.253498,
32.935,-4.02801,4.29858,-1.00456,-0.229805,0.248327,-0.252816,
32.9417,-4.15913,4.26459,-1.19595,-0.228361,0.246397,-0.254301,
32.945,-4.34162,4.15479,-1.03964,-0.228375,0.240766,-0.250965,
32.9525,-4.29044,4.17604,-1.10891,-0.226133,0.241579,-0.254104,
32.9588,-4.45416,4.20393,-1.04115,-0.227905,0.239624,-0.25609,
32.9619,-4.4181,4.04566,-1.12228,-0.220076,0.240189,-0.257318,
32.9679,-4.43056,4.08926,-1.06618,-0.222705,0.239174,-0.257859,
32.9741,-4.14768,4.14987,-1.17254,-0.224434,0.246255,-0.25495,
32.9773,-4.70749,4.20805,-1.07334,-0.227146,0.234355,-0.254221,
32.9835,-4.37509,4.14466,-1.1798,-0.225739,0.240711,-0.255316,
32.9888,-4.44251,4.22173,-1.04069,-0.226836,0.240134,-0.258215,
32.9919,-4.47827,4.14428,-1.05672,-0.224152,0.236289,-0.255751,
32.9982,-4.26942,4.1096,-1.01598,-0.225815,0.243864,-0.254237,
33.0044,-4.16444,4.27663,-1.08835,-0.226584,0.243765,-0.25775,
33.0074,-4.26491,4.24632,-1.17917,-0.226953,0.242325,-0.256716,
33.0137,-4.59441,4.09035,-1.22051,-0.224446,0.239779,-0.25536,
33.0168,-4.50806,4.31971,-1.24739,-0.230999,0.235149,-0.251081,
33.0229,-4.46724,4.00554,-1.17414,-0.219671,0.236543,-0.252161,
33.0306,-4.33617,4.26846,-1.20095,-0.230514,0.24445,-0.259875,
33.0338,-4.41435,4.17922,-1.11832,-0.229565,0.242084,-0.254,
33.0412,-4.45626,3.99846,-1.1212,-0.22019,0.24044,-0.25174,
33.0474,-4.39732,4.14767,-1.12683,-0.225548,0.239806,-0.257748,
33.0505,-4.39156,3.98234,-1.01638,-0.221909,0.244172,-0.253481,
33.0567,-4.63814,4.18577,-0.998279,-0.226633,0.23581,-0.255666,
33.0629,-4.23652,4.39279,-1.04467,-0.2305,0.243289,-0.255257,
33.1423,-4.40999,4.25137,-1.0523,-0.227584,0.23888,-0.254184,
33.1464,-4.40723,4.14085,-0.957934,-0.222617,0.23929,-0.255744,
33.1526,-4.56939,4.21547,-0.987217,-0.225315,0.23718,-0.252201,
33.1557,-4.54312,4.34235,-0.930812,-0.227968,0.237178,-0.25765,
33.1638,-4.40778,4.06979,-1.04063,-0.223119,0.238784,-0.251424,
33.1669,-4.25742,4.02747,-0.965571,-0.222997,0.242404,-0.249246,
33.1722,-4.31421,4.28498,-0.952222,-0.229788,0.241187,-0.253781,
33.1784,-4.61301,4.21212,-1.07976,-0.225298,0.236664,-0.259717,
33.259,-4.24232,4.56275,-0.96578,-0.233933,0.243457,-0.254922,
33.2633,-4.42025,3.81792,-1.10317,-0.216932,0.239301,-0.252391,
33.2694,-4.37567,3.98597,-1.12215,-0.221842,0.242108,-0.251219,
33.2725,-4.32574,4.36368,-1.02215,-0.230531,0.242382,-0.261453,
33.2788,-4.26549,4.20645,-1.1662,-0.225936,0.244632,-0.252238,
33.2849,-4.3211,4.20846,-0.861012,-0.225916,0.238558,-0.255604,
33.288,-4.27522,4.48576,-1.00767,-0.232515,0.242947,-0.256431,
33.2943,-4.08322,4.31254,-0.908975,-0.226919,0.247434,-0.255582,
33.301,-4.34666,4.01895,-1.04823,-0.224761,0.241612,-0.255189,
33.3043,-4.46781,4.17652,-0.910577,-0.227971,0.237063,-0.255772,
33.3117,-4.57959,4.40982,-0.950219,-0.232844,0.233968,-0.25493,
33.3178,-4.2847,4.03581,-0.85505,-0.223185,0.240807,-0.254162,
33.3209,-4.46704,3.9972,-1.07866,-0.222568,0.239001,-0.253152,
33.3272,-4.37351,4.35133,-1.01655,-0.229903,0.241136,-0.260375,
33.3333,-4.37735,4.08507,-1.03774,-0.224674,0.243983,-0.256835,
33.3364,-4.39308,4.2378,-1.06295,-0.225972,0.240395,-0.250992,
33.3822,-4.37459,3.93873,-1.18303,-0.219324,0.23965,-0.25361,
33.3896,-4.49296,4.16865,-0.951447,-0.225373,0.237194,-0.257399,
33.3927,-4.50203,3.98797,-0.991659,-0.221077,0.23909,-0.254781,
33.3989,-4.51294,4.28254,-1.00908,-0.229854,0.238829,-0.255419,
33.402,-4.48448,4.31764,-1.02388,-0.232511,0.238543,-0.25869,
33.4082,-4.39047,4.22917,-1.0053,-0.225996,0.240735,-0.258226,
33.4144,-4.44742,4.13225,-1.02691,-0.227867,0.238159,-0.252359,
33.4175,-4.38148,4.1607,-1.04607,-0.226963,0.240237,-0.252216,
33.5015,-4.36832,4.0622,-1.06751,-0.223788,0.242177,-0.258073,
33.5057,-4.47516,4.07996,-1.13339,-0.225286,0.240356,-0.253589,
33.5088,-4.46653,4.13987,-0.99631,-0.226412,0.23883,-0.256383,
33.5149,-4.53424,4.17984,-1.00929,-0.227619,0.239368,-0.255552,
33.5212,-4.37103,4.01421,-1.05318,-0.222522,0.239822,-0.255653,
33.5243,-4.45595,3.98177,-1.03244,-0.223071,0.239933,-0.249292,
33.5304,-4.33981,4.03546,-0.997463,-0.226032,0.242739,-0.249291,
33.5366,-4.44726,4.35861,-1.04764,-0.232125,0.239783,-0.255759,
33.657,-4.28097,4.23047,-0.936187,-0.231428,0.242296,-0.258868,
33.6602,-4.25813,4.26779,-1.13977,-0.23081,0.245302,-0.2551,
33.6644,-4.56351,4.09388,-1.23266,-0.224586,0.238741,-0.251887,
33.6706,-4.30318,4.0496,-0.995095,-0.221684,0.243699,-0.252424,
33.6737,-4.58968,4.14741,-1.05023,-0.225783,0.237429,-0.257233,
33.6798,-4.14725,4.13775,-1.04635,-0.224517,0.247357,-0.251861,
33.6829,-4.54073,4.32374,-1.02909,-0.228323,0.238409,-0.252869,
33.6892,-4.25742,4.10325,-0.961705,-0.223761,0.242845,-0.259472,
33.7504,-4.67351,4.04095,-0.951253,-0.223553,0.235434,-0.24871,
33.7537,-4.5223,4.19204,-1.10368,-0.227992,0.237817,-0.248471,
33.7592,-4.43267,3.84439,-1.03828,-0.217398,0.238242,-0.250992,
33.7653,-4.40278,4.17777,-1.0297,-0.226026,0.23914,-0.253363,
33.7684,-4.54913,4.31824,-0.917509,-0.231037,0.238035,-0.257109,
33.7747,-4.09693,4.19504,-1.02755,-0.226448,0.243228,-0.25527,
33.7778,-4.41952,4.10884,-1.12294,-0.227192,0.241273,-0.256061,
33.7839,-4.48358,4.34212,-1.22767,-0.229754,0.240606,-0.251372,
33.7902,-4.38025,4.21649,-1.12216,-0.225744,0.242232,-0.254474,
33.7935,-4.20267,4.20727,-0.9857,-0.226997,0.243893,-0.259325,
33.8018,-4.40633,4.3457,-1.08097,-0.231735,0.239955,-0.257133,
33.8069,-4.3743,3.85696,-1.05759,-0.217793,0.23684,-0.248549,
33.81,-4.29161,4.17505,-1.06622,-0.22711,0.243403,-0.25317,
33.8163,-4.39183,4.18308,-0.922267,-0.224986,0.240522,-0.252827,
33.8223,-4.14979,4.30968,-0.961034,-0.230284,0.24653,-0.259224,
33.8254,-4.42399,4.10694,-1.18973,-0.225507,0.240514,-0.250672,
33.8317,-4.27954,4.28346,-1.14474,-0.228246,0.241043,-0.25407,
33.8349,-4.34355,4.26308,-1.00782,-0.229605,0.24179,-0.259536,
33.8431,-4.29967,3.94092,-1.07481,-0.221171,0.243205,-0.25169,
33.8493,-4.34431,4.0449,-0.986872,-0.22427,0.245099,-0.250986,
33.8524,-4.53183,4.1186,-0.950942,-0.225554,0.239965,-0.259914,
33.8587,-4.38878,4.18104,-0.96703,-0.226544,0.24084,-0.256899,
33.8648,-4.32804,4.10216,-0.999415,-0.22449,0.243219,-0.256127,
33.8679,-4.30056,4.10772,-0.97748,-0.225576,0.241535,-0.2587,
33.8742,-4.40451,4.26121,-0.883729,-0.227262,0.240893,-0.259743,
33.8794,-4.49372,4.12733,-0.910758,-0.223883,0.236914,-0.255177,
33.8828,-4.52252,4.10973,-0.909928,-0.223366,0.23598,-0.255461,
33.891,-4.58089,4.17066,-0.999395,-0.224634,0.236373,-0.257971,
33.8966,-4.66847,3.98078,-1.0715,-0.221643,0.235598,-0.258324,
33.8998,-4.62975,4.38937,-0.894985,-0.232621,0.233698,-0.260814,
33.9059,-4.47714,4.40285,-0.943076,-0.235279,0.239357,-0.257854,
33.909,-4.31638,4.02465,-1.01548,-0.222832,0.242318,-0.253766,
33.9153,-4.15754,4.33488,-1.02155,-0.232265,0.245489,-0.255036,
33.9204,-4.31979,4.05639,-1.20299,-0.223021,0.246151,-0.254832,
33.9236,-4.44249,4.20439,-0.994045,-0.227821,0.239928,-0.255052,
33.929,-4.25009,4.03589,-1.13315,-0.222792,0.246983,-0.248903,
33.9353,-4.33376,4.42026,-1.0989,-0.232517,0.243979,-0.258122,
33.9384,-4.28863,4.15809,-1.00162,-0.225532,0.244251,-0.257856,
33.9444,-4.41409,4.09761,-0.940223,-0.225246,0.241944,-0.253772,
33.9506,-4.38665,4.29731,-1.06661,-0.227829,0.239527,-0.256095,
33.9538,-4.33284,4.20216,-1.17398,-0.225042,0.245081,-0.258483,
33.9589,-4.33724,4.06245,-1.0027,-0.224781,0.24168,-0.24762,
33.9652,-4.49489,4.24397,-1.0652,-0.226979,0.237462,-0.258568,
33.9683,-4.41925,4.22199,-1.02416,-0.22954,0.240913,-0.25629,
33.9746,-4.13068,4.02904,-1.12455,-0.225145,0.248135,-0.251303,
33.9778,-4.43862,4.22448,-1.04208,-0.228447,0.240177,-0.251843,
33.9839,-4.33735,4.18298,-1.17767,-0.225539,0.241983,-0.252165,
33.9901,-4.41124,4.08858,-0.945311,-0.226705,0.24031,-0.253334,
33.9933,-4.32451,4.20031,-1.03837,-0.227625,0.243466,-0.252357,
33.9985,-4.58423,4.27694,-1.12316,-0.228767,0.239717,-0.263952,
34.0047,-4.20715,4.35164,-1.01506,-0.232021,0.243894,-0.260301,
34.0078,-4.38926,4.13047,-1.04925,-0.226373,0.241078,-0.255212,
34.0139,-4.22763,4.03338,-1.02708,-0.219974,0.244117,-0.249527,
34.0196,-4.42501,4.12427,-0.921928,-0.226015,0.239118,-0.256139,
34.0229,-4.45587,4.19514,-1.16037,-0.227743,0.238622,-0.25501,
34.0294,-4.10809,4.18663,-1.01519,-0.224867,0.245547,-0.256131,
34.0354,-4.50877,4.1783,-1.07943,-0.226238,0.238193,-0.260217,
34.0386,-4.26906,4.1887,-1.0148,-0.227732,0.244389,-0.258104,
34.0439,-4.19444,4.08963,-1.01651,-0.226712,0.245032,-0.255436,
34.047,-4.35653,4.28706,-1.06305,-0.229696,0.24147,-0.257477,
34.0533,-4.53431,4.32496,-1.07739,-0.229949,0.236072,-0.255072,
34.0594,-4.46568,4.13246,-0.992552,-0.22329,0.241906,-0.251982,
34.0628,-4.33421,4.29527,-1.15876,-0.229569,0.239824,-0.253857,
34.0692,-4.43373,4.34037,-1.10293,-0.23092,0.240881,-0.261188,
34.0754,-4.50244,3.95113,-1.11138,-0.220883,0.238167,-0.251762,
34.0786,-4.44578,3.93262,-1.05411,-0.219706,0.239985,-0.250063,
34.0838,-4.32303,4.25564,-0.9338,-0.229941,0.240975,-0.251271,
34.0899,-4.38452,4.21931,-0.863982,-0.226913,0.239145,-0.250639,
34.093,-4.40868,4.23018,-0.987103,-0.228326,0.23967,-0.253707,
34.0992,-4.23247,4.23631,-1.00932,-0.228111,0.245977,-0.25599,
34.1073,-4.2844,4.23899,-1.0089,-0.22681,0.242557,-0.256474,
34.1104,-4.19561,4.11005,-1.01723,-0.223898,0.246811,-0.253386,
34.1154,-4.29445,3.98699,-0.927303,-0.220178,0.242001,-0.249566,
34.1186,-4.29133,4.27781,-0.897939,-0.228059,0.245103,-0.259015,
34.1238,-4.461,4.23438,-0.966557,-0.224675,0.239418,-0.256634,
34.1299,-4.4624,4.00574,-1.07637,-0.224084,0.240923,-0.254814,
34.1329,-4.16349,4.29026,-0.990642,-0.230944,0.247849,-0.254644,
34.1392,-4.3895,4.19093,-1.12285,-0.225906,0.242452,-0.25533,
34.1453,-4.42647,3.94347,-1.1257,-0.220466,0.240089,-0.250076,
34.1484,-4.42403,4.04123,-1.02488,-0.22132,0.240272,-0.254022,
34.1539,-4.32226,4.45538,-0.996716,-0.235607,0.244954,-0.255373,
34.1586,-4.10514,4.22303,-1.07837,-0.226962,0.246639,-0.253564,
34.1619,-4.56101,4.07711,-1.03172,-0.226639,0.237974,-0.255388,
34.1684,-4.52376,4.00645,-1.00649,-0.221818,0.236066,-0.248624,
34.1747,-4.30661,4.14396,-0.847226,-0.225675,0.244513,-0.262201,
34.1778,-4.62508,4.35392,-0.919538,-0.232107,0.235188,-0.254425,
34.1839,-4.32161,4.15536,-1.00537,-0.223147,0.243863,-0.25167,
34.187,-4.37785,4.21978,-1.1203,-0.228674,0.239502,-0.256484,
34.1933,-4.30382,4.00929,-0.98009,-0.223204,0.241529,-0.258385,
34.2,-4.24688,4.41566,-0.917281,-0.231687,0.247913,-0.254292,
34.2063,-4.39527,4.19193,-1.02397,-0.227978,0.239443,-0.255811,
34.2094,-4.16205,4.23862,-1.07941,-0.228706,0.245909,-0.259101,
34.2157,-4.40787,4.30388,-1.16927,-0.225657,0.24049,-0.260721,
34.2188,-4.23808,4.23192,-1.08056,-0.231086,0.244778,-0.248049,
34.2249,-4.24028,4.03079,-0.941861,-0.222357,0.241351,-0.25168,
34.2311,-4.20349,4.34744,-1.00202,-0.230684,0.246604,-0.258092,
34.2343,-4.36395,4.29035,-0.978241,-0.228349,0.244914,-0.257629,
34.2395,-4.38135,4.09789,-1.15589,-0.223821,0.239444,-0.255913,
34.2441,-4.21985,4.29694,-1.03549,-0.226945,0.242428,-0.261228,
34.2472,-4.27877,4.17579,-1.13731,-0.223922,0.244455,-0.255469,
34.2533,-4.41901,4.16202,-1.05612,-0.227897,0.243941,-0.254385,
34.2594,-4.4477,3.87896,-0.961837,-0.218761,0.240488,-0.25148,
34.2625,-4.28403,4.32806,-1.05621,-0.22936,0.241859,-0.254572,
34.2688,-4.16901,4.22457,-1.0628,-0.226639,0.246877,-0.255206,
34.2719,-4.34683,4.14923,-0.984524,-0.226293,0.24121,-0.257819,
34.277,-4.43197,4.36797,-0.98783,-0.231411,0.238758,-0.26072,
34.2833,-4.28891,4.01625,-1.00565,-0.221452,0.243424,-0.253864,
34.2866,-4.31445,3.99477,-0.936345,-0.222918,0.240234,-0.251274,
34.2932,-4.56549,3.89105,-0.928227,-0.217634,0.236916,-0.250076,
34.2994,-4.41492,4.35034,-1.044,-0.230612,0.241742,-0.255337,
34.3025,-4.37097,4.26255,-1.11672,-0.226321,0.244075,-0.254032,
34.3088,-4.592,4.22653,-1.0937,-0.227776,0.23855,-0.258627,
34.3149,-4.35258,4.19227,-1.02326,-0.224646,0.239593,-0.254164,
34.3181,-4.15349,4.39612,-1.05762,-0.233993,0.248986,-0.252928,
34.3234,-4.31681,3.97005,-0.947639,-0.222245,0.242962,-0.256573,
34.3296,-4.14038,3.96859,-1.22946,-0.220636,0.246484,-0.254749,
34.3329,-4.44082,4.21101,-1.07181,-0.229831,0.236801,-0.255914,
34.3411,-4.33995,4.41635,-0.92936,-0.232628,0.241122,-0.259049,
34.3473,-4.34864,4.29286,-1.06051,-0.228695,0.238388,-0.258587,
34.3504,-4.33931,4.05952,-1.03925,-0.222447,0.241466,-0.258396,
34.3567,-4.37265,4.13064,-0.996693,-0.2243,0.241522,-0.260061,
34.3598,-4.36313,4.21162,-1.10431,-0.226564,0.240925,-0.2534,
34.365,-4.1785,4.01815,-1.20345,-0.221727,0.243812,-0.256891,
34.3713,-4.39614,4.18209,-1.1666,-0.226411,0.239169,-0.254255,
34.3744,-4.2795,4.15692,-0.975932,-0.22739,0.242271,-0.254817,
34.379,-4.33241,4.10074,-0.957187,-0.224962,0.243744,-0.253361,
34.3853,-4.35407,3.90314,-1.1121,-0.217275,0.243762,-0.251156,
34.3883,-4.45028,4.28085,-1.17232,-0.231055,0.238256,-0.258945,
34.3944,-4.48359,4.24617,-1.00716,-0.228907,0.239334,-0.25287,
34.3997,-4.56088,4.25325,-1.0427,-0.229549,0.238595,-0.257285,
34.4028,-4.3664,4.23927,-1.07961,-0.227558,0.242141,-0.256179,
34.4089,-4.53369,4.05399,-0.901122,-0.224873,0.239459,-0.251353,
34.4119,-4.55675,4.15445,-0.926382,-0.223735,0.237607,-0.248017,
34.4182,-4.2197,4.35688,-0.987511,-0.232215,0.244193,-0.257904,
34.4236,-4.42248,4.14882,-0.982551,-0.225423,0.24227,-0.253906,
34.4268,-4.50389,4.13213,-0.817883,-0.225875,0.240889,-0.254876,
34.4329,-4.491,4.30908,-0.998094,-0.229411,0.238365,-0.251812,
34.4382,-4.50604,4.30276,-0.906099,-0.228577,0.235946,-0.258004,
34.4413,-4.48657,4.02188,-0.928959,-0.223247,0.239952,-0.252957,
34.4474,-4.53898,3.90704,-1.03752,-0.221502,0.239476,-0.250291,
34.4534,-4.35127,4.19963,-0.894926,-0.228039,0.242783,-0.259966,
34.4565,-4.33473,4.10705,-0.943974,-0.226151,0.240443,-0.257128,
34.4627,-4.45928,4.0712,-0.938958,-0.222047,0.238397,-0.251384,
34.466,-4.18563,4.05587,-1.00895,-0.224889,0.244473,-0.254093,
34.4742,-4.33674,4.28258,-1.05733,-0.229909,0.241976,-0.25877,
34.4795,-4.40393,4.18989,-0.996458,-0.225815,0.242853,-0.253991,
34.4826,-4.46863,4.2629,-0.915727,-0.228998,0.238628,-0.251,
34.4888,-4.44226,4.18709,-0.968721,-0.225767,0.23998,-0.253324,
34.4949,-4.29637,4.31053,-0.992642,-0.229417,0.241673,-0.253354,
34.4979,-4.57511,4.21763,-1.06646,-0.229749,0.237321,-0.250064,
34.5042,-4.51826,4.08851,-1.03452,-0.225352,0.239454,-0.250743,
34.5123,-4.54816,4.35102,-0.970161,-0.231411,0.238329,-0.256238,
34.5154,-4.37451,4.16231,-0.94159,-0.227096,0.238001,-0.259765,
34.5205,-4.25257,4.1741,-1.13932,-0.230088,0.239611,-0.25351,
34.5236,-4.32261,4.23887,-0.904321,-0.227724,0.239894,-0.258797,
34.5298,-4.34001,4.08292,-0.948614,-0.225639,0.242119,-0.259007,
34.5359,-4.49522,4.16652,-0.903703,-0.224941,0.241158,-0.251621,
34.539,-4.24224,4.16615,-1.02625,-0.226427,0.245732,-0.259218,
34.5453,-4.24068,4.15708,-0.986293,-0.226341,0.244486,-0.25591,
34.5513,-4.37141,4.07409,-0.987079,-0.225139,0.242658,-0.254326,
34.6315,-4.4093,4.20999,-1.01938,-0.227554,0.239909,-0.253456,
34.6357,-4.56037,3.97191,-0.853796,-0.221247,0.236247,-0.254999,
34.6418,-4.41271,4.2227,-0.926369,-0.227087,0.237602,-0.263431,
34.645,-4.43388,4.04562,-1.02353,-0.225883,0.237866,-0.256687,
34.6513,-4.33007,4.41883,-0.889315,-0.232243,0.24062,-0.261922,
34.6573,-4.16944,4.31892,-0.894813,-0.229914,0.246262,-0.261449,
34.6604,-4.49137,4.00034,-0.988967,-0.225187,0.241755,-0.254237,
34.6667,-4.25829,4.12688,-1.11907,-0.224703,0.244014,-0.252925,
34.7784,-4.42619,4.31223,-1.07043,-0.229849,0.238155,-0.255549,
34.7815,-4.46014,4.00791,-1.08435,-0.222489,0.238955,-0.254724,
34.7868,-4.3975,4.01338,-1.0317,-0.221472,0.240634,-0.255631,
34.7899,-4.2758,4.48979,-0.989823,-0.231613,0.244767,-0.25925,
34.7959,-4.24062,4.42887,-1.09283,-0.232076,0.246024,-0.259917,
34.8021,-4.41762,4.19967,-0.96708,-0.226747,0.239031,-0.255197,
34.8053,-4.37037,4.40608,-0.935467,-0.232872,0.240989,-0.25589,
34.8114,-4.58603,3.94014,-0.852268,-0.220543,0.236323,-0.254693,
34.9156,-4.27658,4.14139,-0.894013,-0.226588,0.245292,-0.25417,
34.9187,-4.38341,4.21679,-1.08689,-0.225084,0.241713,-0.259569,
34.9229,-4.07551,4.32863,-0.990541,-0.230801,0.24755,-0.259535,
34.926,-4.47937,4.26841,-0.995748,-0.228023,0.238675,-0.255066,
34.9323,-4.6334,3.97597,-1.04176,-0.224077,0.235856,-0.253159,
34.9383,-4.07136,4.35431,-1.17224,-0.229143,0.247113,-0.259594,
34.9414,-4.37797,4.22519,-1.07377,-0.230613,0.240981,-0.25458,
34.9477,-4.45239,4.05342,-0.957195,-0.223748,0.239979,-0.25191,
35.0024,-4.07094,4.22102,-0.988779,-0.228218,0.246567,-0.257518,
35.0056,-4.50278,4.28689,-1.12287,-0.228416,0.235707,-0.25557,
35.0098,-4.35468,4.10262,-1.10758,-0.22477,0.242024,-0.253804,
35.0129,-4.33917,4.38543,-1.19216,-0.235234,0.242608,-0.254588,
35.0192,-4.30089,4.25929,-0.97483,-0.228174,0.238558,-0.252641,
35.0253,-4.44794,4.13163,-1.00427,-0.225855,0.239073,-0.251215,
35.0284,-4.15811,4.30782,-0.996265,-0.230284,0.24443,-0.258183,
35.0347,-4.38799,4.27941,-1.12562,-0.228973,0.241345,-0.255808,
35.1034,-4.59869,4.25541,-0.905485,-0.226158,0.237053,-0.255336,
35.1066,-4.366,4.14131,-0.957199,-0.22903,0.238148,-0.25219,
35.1119,-4.45286,3.95192,-1.06383,-0.219954,0.239232,-0.249598,
35.1149,-4.36176,4.19265,-1.0421,-0.226284,0.238222,-0.256661,
35.1212,-4.35962,4.23259,-0.921016,-0.229557,0.239427,-0.258945,
35.1273,-4.43591,4.1527,-1.18622,-0.227192,0.237185,-0.25383,
35.1304,-4.52753,4.05367,-1.12234,-0.223679,0.236009,-0.251654,
35.1367,-4.2802,4.24914,-1.07197,-0.226437,0.240241,-0.255836,
35.143,-4.53649,4.09411,-1.03195,-0.224355,0.234997,-0.254907,
35.1463,-4.3858,4.16661,-1.07287,-0.22588,0.242111,-0.255518,
35.1508,-4.49158,4.12872,-1.14553,-0.227849,0.238334,-0.25568,
35.1587,-4.46167,4.0069,-0.957296,-0.222183,0.239859,-0.253513,
35.162,-4.3892,4.34239,-1.13579,-0.230314,0.238699,-0.256183,
35.1684,-4.42257,4.16551,-1.12649,-0.226649,0.239306,-0.257478,
35.1744,-4.39991,4.27751,-1.11682,-0.229181,0.242502,-0.256322,
35.1775,-4.5441,4.15712,-1.21854,-0.226195,0.239157,-0.255752,
35.1838,-4.35855,4.1516,-1.08519,-0.227524,0.242508,-0.26142,
35.1921,-4.47357,4.18507,-1.0461,-0.227364,0.239716,-0.25115,
35.1953,-4.27006,4.16973,-1.18589,-0.226002,0.242179,-0.258601,
35.2004,-4.46648,4.26656,-1.07685,-0.230969,0.238899,-0.258055,
35.2066,-4.42122,4.27786,-0.954448,-0.227456,0.238331,-0.257218,
35.2098,-4.48265,4.11939,-1.09982,-0.225654,0.239545,-0.253997,
35.2158,-4.24624,4.15555,-0.9833,-0.224604,0.243714,-0.256486,
35.219,-4.5161,4.10138,-1.02549,-0.226131,0.240277,-0.256688,
35.2253,-4.31847,4.22786,-0.967338,-0.225782,0.239907,-0.252967,
35.2315,-4.42798,4.07795,-0.96032,-0.225485,0.239638,-0.256591,
35.2346,-4.33095,4.13506,-0.889221,-0.223017,0.242152,-0.256598,
35.2408,-4.06843,3.97405,-0.949288,-0.223367,0.247656,-0.251926,
35.2469,-4.27937,4.26758,-0.980328,-0.227236,0.24259,-0.254774,
35.25,-4.1062,4.25553,-1.10377,-0.226782,0.244522,-0.261487,
35.2563,-4.41487,4.17362,-0.985039,-0.225234,0.239065,-0.25918,
35.2623,-4.23408,4.05136,-0.957296,-0.220301,0.242185,-0.255904,
35.2655,-4.44761,4.2654,-1.01803,-0.225843,0.238317,-0.26203,
35.2708,-4.43661,4.03529,-0.98147,-0.22082,0.238654,-0.254142,
35.2739,-4.34173,4.01966,-0.977012,-0.224382,0.241518,-0.25076,
35.2821,-4.30082,4.00762,-1.12479,-0.222619,0.240327,-0.250061,
35.2873,-4.24571,4.30732,-1.08661,-0.228884,0.242812,-0.255754,
35.2904,-4.50725,4.26553,-1.052,-0.22807,0.23732,-0.255871,
35.2964,-4.08408,4.30429,-1.12079,-0.228288,0.243022,-0.25698,
35.3026,-4.15268,4.14744,-1.14827,-0.225385,0.246216,-0.257299,
35.3823,-4.35821,4.10646,-0.988923,-0.225336,0.238566,-0.255698,
35.3863,-4.2435,4.18854,-1.09329,-0.225828,0.245497,-0.253978,
35.3924,-4.34487,4.26268,-1.04827,-0.228226,0.242486,-0.259246,
35.3955,-4.15126,4.3427,-1.09776,-0.23056,0.247023,-0.255562,
35.4017,-4.60127,4.10598,-1.06556,-0.225471,0.237932,-0.250075,
35.4048,-4.31814,3.92132,-1.12272,-0.217502,0.241646,-0.25219,
35.411,-4.33836,4.12053,-1.07292,-0.221341,0.239141,-0.259107,
35.4193,-4.3188,4.01615,-1.06658,-0.221913,0.239066,-0.251788,
35.4227,-4.18149,4.00856,-1.11993,-0.219875,0.246659,-0.251475,
35.4282,-4.26016,4.20669,-1.096,-0.225471,0.243828,-0.250353,
35.4343,-4.54707,4.15731,-0.984415,-0.22574,0.23781,-0.257845,
35.4374,-4.41908,4.20461,-1.00109,-0.224262,0.240039,-0.253007,
35.4437,-4.26368,4.21286,-1.09521,-0.232775,0.243928,-0.257218,
35.4499,-4.21634,4.31419,-0.993622,-0.229298,0.245933,-0.25498,
35.453,-4.60595,4.18007,-1.11926,-0.227461,0.234245,-0.259332,
35.4593,-4.30052,3.93749,-0.932491,-0.219853,0.242308,-0.251355,
35.4654,-4.46238,4.319,-1.01328,-0.228452,0.237254,-0.257703,
35.4685,-4.4723,4.18416,-1.0542,-0.223877,0.237179,-0.259091,
35.4738,-4.05756,4.15988,-1.08731,-0.226572,0.24608,-0.252885,
35.4769,-4.28014,4.35151,-1.18702,-0.232252,0.244752,-0.256128,
35.4832,-4.42673,4.34813,-1.07222,-0.228735,0.239702,-0.256016,
35.4894,-4.33947,3.93476,-1.06317,-0.221113,0.243202,-0.254703,
35.4925,-4.53846,3.98923,-0.892252,-0.224342,0.236759,-0.25776,
35.4987,-4.52671,4.32072,-1.08751,-0.228063,0.236138,-0.259897,
35.5054,-4.2922,4.25736,-1.03743,-0.226528,0.240175,-0.2567,
35.5088,-4.15732,4.13281,-0.95621,-0.227533,0.245114,-0.252908,
35.5133,-4.33212,4.12733,-1.03842,-0.224439,0.241962,-0.258329,
35.5194,-4.65503,4.0211,-0.961636,-0.222454,0.232292,-0.256526,
35.5225,-4.44332,3.89882,-1.02669,-0.220268,0.241303,-0.256936,
35.5288,-4.52271,4.09375,-0.965176,-0.223948,0.238329,-0.249641,
35.5348,-4.54073,4.20924,-0.872883,-0.227448,0.237648,-0.258335,
35.5379,-4.33944,4.25989,-1.00395,-0.229788,0.239455,-0.260454,
35.6233,-4.36492,4.15885,-1.05555,-0.227402,0.241349,-0.254557,
35.6273,-4.29575,4.17106,-0.893073,-0.226408,0.240741,-0.249699,
35.6304,-4.36256,4.13004,-0.946092,-0.224023,0.24101,-0.259786,
35.6386,-4.28711,4.07618,-1.0205,-0.224337,0.240252,-0.255851,
35.6438,-4.31027,4.16293,-1.08322,-0.224949,0.243003,-0.257286,
35.6469,-4.43522,4.09315,-0.954615,-0.223588,0.241147,-0.254725,
35.6532,-4.3526,4.05682,-1.04282,-0.220698,0.241393,-0.251653,
35.6593,-4.65169,4.13955,-1.00205,-0.226132,0.236716,-0.253979,
35.6624,-4.33668,4.24312,-1.01828,-0.228874,0.2403,-0.253982,
35.6678,-4.37021,4.18086,-0.945415,-0.229241,0.240696,-0.254194,
35.6708,-4.52733,4.34827,-1.1642,-0.231102,0.238353,-0.256189,
35.6769,-4.36961,3.92345,-1.07992,-0.220984,0.241746,-0.252626,
35.6832,-4.44238,4.14123,-1.07081,-0.224654,0.239979,-0.254585,
35.6864,-4.32977,4.08102,-1.06734,-0.22314,0.245553,-0.248439,
35.6921,-4.43076,4.31138,-1.09475,-0.230499,0.240463,-0.258701,
35.6966,-4.28749,4.08102,-1.17556,-0.222997,0.24494,-0.258435,
35.6999,-4.43732,4.14437,-1.13097,-0.225768,0.239189,-0.252466,
35.7053,-4.42185,4.06296,-1.06947,-0.222345,0.240611,-0.25264,
35.7113,-4.23573,4.13499,-1.10421,-0.223702,0.244559,-0.257667,
35.7145,-4.428,4.40654,-0.988649,-0.232929,0.239539,-0.259293,
35.7207,-4.22106,4.23667,-1.05651,-0.229094,0.245133,-0.255835,
35.7258,-4.32486,4.03332,-0.986796,-0.221888,0.240095,-0.256528,
35.7292,-4.52885,4.26086,-1.14227,-0.228192,0.236281,-0.259059,
35.7338,-4.39197,4.0135,-1.08659,-0.222078,0.240035,-0.252949,
35.7389,-4.24,4.32817,-1.05856,-0.233188,0.244917,-0.257226,
35.742,-4.38626,4.2425,-0.989436,-0.228559,0.240554,-0.252796,
35.7473,-4.42761,4.26995,-1.2003,-0.229174,0.242683,-0.251616,
35.7533,-4.01504,4.16988,-1.13346,-0.224379,0.246506,-0.252351,
35.7564,-4.20538,4.29843,-1.07067,-0.230454,0.244847,-0.255018,
35.7627,-4.47602,4.54353,-1.02992,-0.234291,0.237926,-0.254381,
35.7658,-4.43851,4.36364,-0.957299,-0.233006,0.234928,-0.2552,
35.7719,-4.11288,4.44275,-1.04657,-0.232729,0.24551,-0.258243,
35.7782,-4.34437,4.17381,-0.886862,-0.227995,0.24071,-0.251126,
35.7813,-4.29228,3.99381,-0.896573,-0.220923,0.242721,-0.251614,
35.7864,-4.39992,4.21911,-1.06038,-0.226317,0.24074,-0.251029,
35.7927,-4.52798,4.45724,-0.990313,-0.235117,0.235456,-0.259983,
35.7958,-4.36788,4.28619,-0.988758,-0.227246,0.241925,-0.255386,
35.8018,-4.44001,4.27384,-0.926524,-0.228035,0.238354,-0.255606,
35.8049,-4.6717,4.14863,-1.04044,-0.225883,0.232369,-0.254817,
35.8112,-4.37573,3.96324,-1.03087,-0.223663,0.238906,-0.253331,
35.8188,-4.16518,4.31192,-1.00528,-0.230621,0.24522,-0.252418,
35.8219,-4.4161,3.97824,-0.978109,-0.221922,0.240982,-0.255354,
35.827,-4.58179,3.94025,-1.00107,-0.222273,0.23491,-0.256261,
35.8333,-4.3734,4.2255,-0.928855,-0.228781,0.241096,-0.258146,
35.8363,-4.17034,4.45219,-1.02588,-0.234761,0.244978,-0.25639,
35.8424,-4.30125,4.46799,-1.12012,-0.232471,0.241127,-0.257393,
35.8486,-4.65213,4.11849,-1.14893,-0.222396,0.234084,-0.251961,
35.8517,-4.43628,4.33487,-0.918332,-0.228082,0.238313,-0.256779,
35.9347,-4.41741,4.42085,-1.04152,-0.230228,0.239842,-0.25551,
35.9388,-4.32554,3.88552,-1.07148,-0.218229,0.239991,-0.248955,
35.9419,-4.33347,3.99333,-0.913703,-0.222561,0.241149,-0.255098,
35.9482,-4.24612,4.38889,-1.11153,-0.231341,0.244198,-0.255328,
35.9543,-4.3762,4.2366,-1.05431,-0.228204,0.240723,-0.252996,
35.9574,-4.47837,4.26329,-1.13819,-0.226443,0.238578,-0.249737,
35.9637,-4.21348,4.4306,-1.01845,-0.232539,0.243187,-0.261505,
35.9668,-4.16869,4.16523,-0.875213,-0.224771,0.244771,-0.253911,
36.2669,-4.37597,4.05919,-1.00345,-0.223366,0.244059,-0.248876,
36.2701,-4.58033,3.92044,-0.976868,-0.220067,0.237067,-0.25313,
36.2743,-4.47227,4.46945,-1.05157,-0.232774,0.234873,-0.256742,
36.2803,-4.36496,4.07071,-1.02421,-0.220805,0.238725,-0.249857,
36.2834,-4.32412,4.31761,-1.07319,-0.230142,0.240547,-0.254839,
36.2897,-4.30143,4.33903,-1.06123,-0.228718,0.241043,-0.258254,
36.2928,-4.5201,4.07053,-1.10678,-0.222647,0.238755,-0.253675,
36.2989,-4.65591,4.09388,-1.00212,-0.224156,0.233604,-0.255086,
36.3979,-4.27134,3.87769,-1.05763,-0.219399,0.24195,-0.251168,
36.4011,-4.25831,4.31054,-0.994566,-0.228782,0.239978,-0.256408,
36.4053,-4.63562,4.21431,-1.11663,-0.226462,0.234546,-0.257058,
36.4113,-4.27949,4.27256,-1.15783,-0.229316,0.242588,-0.255221,
36.4144,-4.5492,4.18176,-0.979256,-0.226908,0.23568,-0.253331,
36.4206,-4.36642,4.21378,-1.02942,-0.227476,0.242518,-0.253161,
36.4238,-4.37013,4.05099,-1.06514,-0.220497,0.241773,-0.250562,
36.4299,-4.30411,4.42018,-0.957778,-0.232582,0.243136,-0.260341,
36.5891,-4.20874,4.36877,-1.00485,-0.229728,0.243752,-0.260026,
36.5923,-4.21059,4.47122,-1.09535,-0.231618,0.245979,-0.25796,
36.5974,-4.28802,4.01656,-1.11005,-0.222265,0.240774,-0.2551,
36.6006,-4.46333,4.44737,-0.963411,-0.230249,0.238761,-0.255571,
36.6068,-4.34778,4.07095,-1.05794,-0.220714,0.243478,-0.251316,
36.6128,-4.33873,4.13712,-1.05058,-0.223687,0.24022,-0.251012,
36.6159,-4.13144,4.32744,-1.03719,-0.229721,0.249491,-0.256493,
36.6222,-4.44431,4.38636,-1.11723,-0.229458,0.240498,-0.257385,
36.7072,-4.47627,4.06234,-1.02684,-0.22413,0.23606,-0.25419,
36.7103,-4.59047,4.17842,-1.04784,-0.227087,0.233315,-0.253125,
36.7144,-4.35954,4.128,-1.02232,-0.222659,0.240196,-0.255834,
36.7229,-4.38448,4.28151,-1.07056,-0.22621,0.240534,-0.256336,
36.7263,-4.31634,4.3678,-0.919475,-0.229869,0.243406,-0.260546,
36.7328,-4.25858,3.99243,-1.06454,-0.223073,0.244829,-0.253658,
36.7382,-4.34124,4.15129,-0.8639,-0.225252,0.239045,-0.254839,
36.7413,-4.60614,4.08913,-0.920733,-0.223311,0.233818,-0.253836,
36.7474,-4.45746,4.38118,-0.993546,-0.231036,0.234237,-0.254168,
36.7527,-4.4812,4.34192,-1.05909,-0.230158,0.238221,-0.252252,
36.7558,-4.25466,4.13316,-1.18916,-0.225117,0.240653,-0.252383,
36.7638,-4.46997,3.93846,-1.0973,-0.219797,0.238627,-0.2557,
36.7669,-4.1993,4.41811,-1.09561,-0.231005,0.243767,-0.258836,
36.7719,-4.50695,4.26331,-1.09039,-0.226736,0.235505,-0.255786,
36.7781,-4.23822,4.1195,-1.11544,-0.225044,0.24636,-0.255173,
36.7812,-4.12462,4.29218,-1.14011,-0.22903,0.246851,-0.253722,
36.7874,-4.40402,3.93766,-1.08448,-0.217935,0.242228,-0.256113,
36.7927,-4.68591,4.14757,-1.00845,-0.224053,0.232894,-0.255332,
36.7958,-4.31378,4.32471,-1.03465,-0.229293,0.24451,-0.253231,
36.8018,-4.29085,4.20493,-0.974921,-0.226089,0.242053,-0.256688,
36.805,-4.48395,4.25293,-1.0446,-0.225508,0.238502,-0.257141,
36.8123,-4.4947,4.61868,-1.01533,-0.237674,0.23965,-0.259855,
36.8183,-4.33066,4.02025,-1.08609,-0.22186,0.238262,-0.252438,
36.8214,-4.2672,4.25684,-1.0279,-0.22483,0.242288,-0.252685,
36.8277,-4.25108,4.33251,-1.06922,-0.227935,0.242381,-0.258988,
36.8329,-4.41829,3.87032,-1.09902,-0.219366,0.239766,-0.251905,
36.8361,-4.25331,4.13363,-1.13807,-0.225116,0.246282,-0.250137,
36.8423,-4.21017,4.4637,-1.14397,-0.232566,0.243951,-0.255918,
36.8483,-4.43838,4.04272,-0.989638,-0.219723,0.239856,-0.252926,
36.8516,-4.23483,4.11719,-1.05241,-0.224321,0.243426,-0.257878,
36.8578,-4.33824,4.07261,-1.04066,-0.22315,0.243525,-0.253311,
36.8609,-4.35349,4.30739,-1.12909,-0.228741,0.241748,-0.252097,
36.8672,-4.4132,4.11914,-1.04009,-0.223733,0.241309,-0.253939,
36.8724,-4.28273,4.32547,-1.01075,-0.230524,0.243471,-0.258915,
36.8755,-4.21292,4.33578,-1.12095,-0.22878,0.246999,-0.257126,
36.8818,-4.27963,4.20216,-0.952673,-0.225517,0.243164,-0.257591,
36.8878,-4.51713,4.22471,-1.06664,-0.226781,0.237525,-0.253545,
36.8909,-4.31509,4.16767,-1.09696,-0.229013,0.242435,-0.256221,
36.8973,-4.50697,4.14506,-1.0976,-0.225998,0.24181,-0.249452,
36.9055,-4.44355,3.96719,-1.06546,-0.222283,0.238347,-0.255844,
36.9864,-4.15708,4.25258,-0.971892,-0.226953,0.247933,-0.259366,
36.9904,-4.01279,4.23316,-0.998348,-0.228605,0.249871,-0.259013,
36.9966,-4.41051,3.93956,-1.16432,-0.220461,0.242017,-0.252452,
36.9997,-4.48005,4.10986,-0.936723,-0.224373,0.241131,-0.254375,
37.0058,-4.50302,4.27763,-1.02714,-0.232142,0.239134,-0.257863,
37.0089,-4.31718,4.13315,-1.02537,-0.226763,0.24244,-0.25235,
37.0152,-4.31012,4.18638,-1.14361,-0.225588,0.241981,-0.252347,
37.0213,-4.19254,4.30895,-1.06721,-0.231392,0.243888,-0.257271,
37.0739,-4.36887,4.27846,-1.01847,-0.228614,0.241569,-0.255427,
37.0772,-4.30717,4.18704,-1.06413,-0.222909,0.243775,-0.254376,
37.0837,-4.44107,4.00102,-1.02726,-0.21937,0.240089,-0.253408,
37.0898,-4.4815,4.26322,-0.993628,-0.227498,0.237712,-0.2564,
37.0929,-4.31497,4.07566,-1.01688,-0.224608,0.242587,-0.256397,
37.0992,-4.4322,4.38589,-0.937156,-0.231,0.240643,-0.25677,
37.1053,-4.15119,4.34999,-1.01239,-0.22851,0.24737,-0.256182,
37.1084,-4.2478,4.12247,-0.934908,-0.224652,0.242183,-0.252358,
37.1559,-4.44411,4.2205,-0.989083,-0.229413,0.24035,-0.253374,
37.1601,-4.22056,4.13455,-0.965572,-0.224545,0.243302,-0.256135,
37.1632,-4.50888,4.17784,-0.918222,-0.224582,0.238503,-0.257699,
37.1694,-4.34306,4.06735,-0.912531,-0.224189,0.24152,-0.251253,
37.1725,-4.44163,4.33076,-0.990669,-0.230178,0.239876,-0.256734,
37.1787,-4.40496,4.32109,-0.948337,-0.231242,0.241248,-0.257209,
37.1848,-4.43742,4.06715,-0.869893,-0.221292,0.240227,-0.252719,
37.1879,-4.21732,4.30258,-0.957469,-0.230021,0.24402,-0.26181,
37.2564,-4.4322,4.2071,-0.878514,-0.226664,0.237923,-0.254411,
37.2597,-4.29485,4.28512,-1.08359,-0.229352,0.240751,-0.258548,
37.2644,-4.14495,4.16235,-1.14288,-0.227304,0.245455,-0.254513,
37.272,-4.26016,4.43073,-1.03633,-0.23229,0.242046,-0.258926,
37.2752,-4.26348,4.26583,-0.981395,-0.228261,0.240614,-0.261019,
37.2813,-4.13385,4.12011,-1.10938,-0.224346,0.243905,-0.254008,
37.2876,-4.70315,4.25642,-1.02646,-0.22715,0.234377,-0.2548,
37.2907,-4.6317,4.19903,-0.962236,-0.227669,0.231326,-0.252815,
37.2969,-4.4388,4.23475,-1.02589,-0.228382,0.240126,-0.25435,
37.3023,-4.13089,4.32651,-1.07167,-0.22758,0.247376,-0.259174,
37.3056,-4.35222,4.03222,-1.08418,-0.222221,0.238511,-0.253973,
37.3134,-4.48557,4.16284,-1.18696,-0.226697,0.235297,-0.247449,
37.3196,-4.24563,4.22688,-1.0181,-0.230612,0.243376,-0.260577,
37.3228,-4.31743,4.27658,-1.03915,-0.229427,0.241462,-0.258645,
37.3288,-4.34811,3.91556,-1.18345,-0.22079,0.241082,-0.254935,
37.3319,-4.33683,4.2019,-1.00445,-0.226631,0.240548,-0.255989,
37.3382,-4.34027,4.36299,-0.879038,-0.232196,0.240073,-0.255687,
37.3434,-4.35531,4.11447,-0.850385,-0.227675,0.23809,-0.252169,
37.3467,-4.50522,4.22282,-1.04106,-0.229296,0.238825,-0.256315,
37.3529,-4.20391,4.26919,-0.93591,-0.228574,0.243667,-0.25521,
37.3591,-4.29176,4.15784,-0.864805,-0.226193,0.243511,-0.250263,
37.3622,-4.49708,4.25111,-0.947586,-0.227206,0.237651,-0.259119,
37.3684,-4.43077,4.22521,-0.910656,-0.228047,0.240042,-0.251093,
37.3746,-4.31321,4.29327,-0.928788,-0.229677,0.242791,-0.247148,
37.3778,-4.27751,4.13578,-0.916457,-0.224528,0.242248,-0.24649,
37.3829,-4.18515,4.20639,-0.917267,-0.226127,0.2461,-0.254268,
37.3893,-4.39796,4.04132,-1.04069,-0.22132,0.239853,-0.255273,
37.3924,-4.25005,4.09399,-1.07236,-0.226891,0.241955,-0.253444,
37.3986,-4.33792,4.18825,-1.07657,-0.226332,0.240111,-0.249598,
37.4017,-4.54417,4.17829,-0.995925,-0.228066,0.239172,-0.253713,
37.4079,-4.56869,4.34955,-1.08572,-0.227207,0.233966,-0.253734,
37.4141,-4.51159,4.23965,-0.946632,-0.227362,0.235401,-0.254432,
37.4173,-4.25693,4.38565,-1.09765,-0.232423,0.241349,-0.254138,
37.4225,-4.31766,4.16332,-0.865015,-0.226773,0.243577,-0.25085,
37.4287,-4.4577,4.31114,-1.01441,-0.227548,0.236773,-0.255616,
37.4318,-4.28972,4.53259,-1.05818,-0.234966,0.241018,-0.262912,
37.4369,-4.21826,4.03318,-0.991024,-0.221127,0.244005,-0.249725,
37.4435,-4.29205,4.19306,-1.05195,-0.226079,0.240671,-0.254677,
37.4467,-4.27761,4.25738,-1.04516,-0.226615,0.24285,-0.255537,
37.4528,-4.36084,3.93269,-1.03308,-0.218418,0.23881,-0.254576,
37.456,-4.42546,4.16028,-0.968064,-0.223864,0.242492,-0.258263,
37.4613,-4.40568,4.40904,-1.08213,-0.228013,0.240768,-0.259809,
37.4673,-4.45483,4.35353,-1.1033,-0.228449,0.239103,-0.258374,
37.4705,-4.4341,4.11393,-1.09938,-0.224838,0.240492,-0.253446,
37.4767,-4.33763,3.91234,-1.14789,-0.219004,0.242694,-0.254203,
37.4829,-4.26741,4.27828,-1.16039,-0.226437,0.242597,-0.253862,
37.4862,-4.42554,4.23354,-1.06483,-0.227645,0.239578,-0.25112,
37.4926,-4.07673,4.13742,-1.139,-0.222053,0.244576,-0.251931,
37.6152,-4.199,4.33832,-1.04911,-0.228559,0.242119,-0.255505,
37.6193,-4.65741,3.9948,-1.06029,-0.220867,0.234529,-0.251256,
37.6224,-4.44238,4.04941,-1.01327,-0.222789,0.239307,-0.255492,
37.6286,-4.22893,4.3729,-0.959735,-0.232405,0.245294,-0.256644,
37.6318,-4.25161,4.01048,-1.03113,-0.222447,0.239203,-0.260449,
37.6378,-4.25113,4.19521,-1.13199,-0.225362,0.242689,-0.253281,
37.6439,-4.23874,4.26895,-1.19328,-0.22803,0.24566,-0.261192,
37.647,-4.3876,4.32368,-1.15907,-0.22758,0.238946,-0.258438,
37.7049,-4.38193,4.167,-1.00306,-0.224585,0.242058,-0.253087,
37.7083,-4.36747,4.06464,-0.956138,-0.225455,0.238921,-0.26003,
37.7126,-4.33972,4.21688,-1.06024,-0.229208,0.243746,-0.254028,
37.717,-4.52325,4.09243,-1.0511,-0.225343,0.241019,-0.252214,
37.7202,-4.24648,4.27854,-0.953722,-0.229803,0.243958,-0.25429,
37.7264,-4.35628,4.15584,-1.06681,-0.229313,0.240105,-0.257578,
37.7326,-4.28609,4.35676,-1.12941,-0.227838,0.24183,-0.259852,
37.7357,-4.31629,3.86387,-1.00161,-0.219077,0.239745,-0.251459,
37.7419,-4.23851,4.17584,-1.26354,-0.228881,0.241878,-0.254494,
37.7472,-4.32415,4.12907,-1.26146,-0.221771,0.240938,-0.258067,
37.7505,-4.35205,4.27244,-1.11466,-0.230114,0.24002,-0.252394,
37.7561,-4.26592,4.32978,-1.12896,-0.230345,0.242104,-0.259471,
37.7616,-4.38779,4.20623,-1.03867,-0.227041,0.241034,-0.262913,
37.7649,-4.47602,4.0081,-1.09101,-0.222922,0.237988,-0.251762,
37.7694,-4.21671,4.26265,-1.10139,-0.227693,0.24507,-0.252182,
37.7757,-4.32505,4.18667,-1.22032,-0.226375,0.24293,-0.259872,
37.7788,-4.26273,4.25592,-1.16655,-0.229372,0.2432,-0.257636,
37.7839,-4.21228,4.06065,-1.14236,-0.221326,0.242748,-0.254845,
37.7902,-3.96753,4.41681,-1.2072,-0.231449,0.25003,-0.260534,
37.7933,-4.30921,4.12215,-1.1007,-0.224739,0.243795,-0.259678,
37.7978,-4.32662,4.16081,-1.17882,-0.223457,0.240891,-0.249281,
37.8042,-4.27701,4.14051,-1.16492,-0.225489,0.243703,-0.25393,
37.8073,-4.34804,4.30139,-1.06205,-0.228943,0.240927,-0.253068,
37.8133,-4.43766,4.33267,-1.13036,-0.232214,0.242028,-0.25449,
37.8164,-4.53187,4.11958,-1.07479,-0.22343,0.238226,-0.258021,
37.8218,-4.38688,4.27262,-1.21288,-0.226265,0.24033,-0.263122,
37.8278,-4.44682,4.04025,-1.24697,-0.219121,0.241974,-0.251357,
37.8309,-4.29901,4.15443,-1.12825,-0.224462,0.242722,-0.255654,
37.8372,-4.24471,4.31429,-1.14059,-0.227244,0.24496,-0.253584,
37.8415,-4.57911,4.27004,-1.11234,-0.230247,0.236183,-0.254041,
37.8448,-4.46089,4.01711,-1.12434,-0.221331,0.238153,-0.25114,
37.8509,-4.21174,4.42417,-1.14623,-0.232211,0.244254,-0.258762,
37.854,-4.42991,4.13847,-1.16943,-0.225534,0.241317,-0.254111,
37.8593,-4.09995,4.41789,-0.989043,-0.232973,0.246239,-0.257115,
37.8653,-4.36434,4.18827,-1.05432,-0.224465,0.241976,-0.25307,
37.8684,-4.43782,4.39394,-1.01851,-0.232207,0.238737,-0.257003,
37.8746,-4.33243,4.20685,-1.04548,-0.227771,0.239698,-0.260943,
37.8808,-4.58942,4.02241,-1.02946,-0.220883,0.236699,-0.252873,
37.884,-4.67048,4.0623,-1.03004,-0.22334,0.233946,-0.249513,
37.8886,-4.1963,4.29783,-0.873056,-0.230397,0.245339,-0.259318,
37.8949,-4.38101,4.09841,-0.999378,-0.224293,0.239164,-0.261704,
37.898,-4.25963,4.30963,-1.05548,-0.228552,0.243002,-0.252765,
37.9033,-4.2188,4.31372,-1.0505,-0.230363,0.242004,-0.258669,
37.9093,-4.20971,4.47061,-1.18418,-0.232798,0.245267,-0.258217,
37.9124,-4.28236,3.97468,-0.966223,-0.220955,0.242559,-0.249773,
37.9187,-4.5113,4.23816,-1.00644,-0.226804,0.236998,-0.257127,
37.9218,-4.11196,4.19277,-1.10169,-0.225711,0.247565,-0.255203,
37.9278,-4.39985,4.06505,-1.08179,-0.222172,0.239023,-0.250751,
37.9354,-4.24808,4.13185,-1.16087,-0.223822,0.242836,-0.255145,
37.9386,-4.46828,4.2465,-1.04312,-0.225073,0.237789,-0.255797,
37.9438,-4.28728,4.24285,-1.09679,-0.227075,0.243681,-0.256949,
37.9499,-4.20575,4.07533,-1.19403,-0.221996,0.243841,-0.252512,
37.953,-4.2216,4.03083,-1.14508,-0.22117,0.24239,-0.250178,
37.9592,-4.14245,4.3779,-1.05751,-0.23438,0.247198,-0.257609,
37.9653,-4.45033,4.20435,-1.10843,-0.223504,0.238409,-0.254722,
37.9684,-4.19267,4.1526,-1.20117,-0.221941,0.246207,-0.258304,
37.9747,-4.42971,3.8809,-1.04529,-0.220756,0.238031,-0.255513,
37.978,-4.17801,4.36293,-1.12842,-0.23024,0.241771,-0.257654,
37.9828,-4.26606,4.14863,-0.987327,-0.222686,0.24315,-0.258541,
37.9894,-4.29516,4.06631,-1.05902,-0.221911,0.244952,-0.254815,
37.9957,-4.25454,4.25053,-1.03385,-0.226956,0.24286,-0.253167,
37.9988,-4.40953,4.17708,-0.984502,-0.22417,0.238953,-0.252606,
38.0048,-4.32411,4.14316,-1.06054,-0.22435,0.240583,-0.251027,
38.0079,-3.96207,4.2353,-1.04258,-0.225009,0.250672,-0.258527,
38.0143,-4.39638,4.30494,-1.07207,-0.229046,0.241141,-0.258462,
38.0194,-4.51536,4.13658,-1.04031,-0.224215,0.235678,-0.2546,
38.0226,-4.2887,4.17188,-1.12049,-0.223854,0.241582,-0.255475,
38.0278,-4.2927,4.14064,-1.03886,-0.224788,0.244045,-0.254214,
38.0338,-4.49351,4.23013,-1.10173,-0.228977,0.235728,-0.250763,
38.0369,-4.33293,4.08661,-1.0323,-0.220875,0.243724,-0.249538,
38.0432,-4.34372,3.97498,-0.998852,-0.220344,0.241637,-0.256568,
38.0493,-4.0458,4.12525,-1.13769,-0.225064,0.249213,-0.256029,
38.0524,-4.52136,4.13573,-1.09832,-0.226452,0.239421,-0.249228,
38.0577,-4.34227,4.02062,-1.22133,-0.222303,0.239527,-0.251078,
38.0608,-4.24741,4.37097,-1.18423,-0.23201,0.242185,-0.257488,
38.0669,-4.32148,4.27346,-0.926624,-0.228268,0.239477,-0.257907,
38.0732,-4.35989,4.20702,-1.01338,-0.225716,0.241258,-0.258643,
38.0763,-4.70731,4.15439,-1.06438,-0.225408,0.233127,-0.255635,
38.0823,-4.35577,4.06848,-1.10206,-0.221774,0.2432,-0.254833,
38.0885,-4.38506,4.1359,-1.11818,-0.224188,0.236091,-0.253507,
38.1309,-4.34577,4.13467,-0.948543,-0.223355,0.239648,-0.249801,
38.1352,-4.36047,4.32687,-1.02974,-0.227711,0.239956,-0.258615,
38.1413,-4.36847,4.34928,-1.10831,-0.230647,0.238433,-0.256839,
38.1444,-4.34302,4.06049,-1.03408,-0.223552,0.241662,-0.253312,
38.1507,-4.15577,4.10256,-1.01637,-0.223628,0.244503,-0.255895,
38.1538,-4.66761,4.4722,-1.02868,-0.232456,0.234083,-0.253358,
38.1591,-4.30938,4.08379,-1.02222,-0.225562,0.240724,-0.252301,
38.1653,-4.39207,4.47,-1.12484,-0.231151,0.238961,-0.256343,
38.2098,-4.28194,4.03763,-1.14554,-0.222106,0.243559,-0.250375,
38.2138,-4.25819,4.26765,-1.01053,-0.22685,0.242976,-0.257378,
38.2198,-4.31484,4.14532,-1.01755,-0.22476,0.243168,-0.253963,
38.223,-4.3061,4.23581,-1.20633,-0.226002,0.242273,-0.252373,
38.2292,-4.27417,4.27538,-1.11756,-0.226887,0.241523,-0.26009,
38.2353,-4.30448,4.22287,-1.1943,-0.224745,0.240233,-0.257664,
38.2384,-4.47471,4.13774,-1.04016,-0.224572,0.239845,-0.249017,
38.2447,-4.37413,4.11584,-1.26424,-0.223565,0.244211,-0.254617,
38.2504,-4.25484,4.0529,-1.11197,-0.22331,0.242028,-0.258365,
38.2537,-4.40446,4.15482,-1.15631,-0.225235,0.236747,-0.25431,
38.2582,-4.42082,4.23325,-1.18877,-0.22585,0.23896,-0.255002,
38.2627,-4.31099,4.27582,-0.939447,-0.227904,0.243428,-0.255608,
38.2661,-4.47838,4.30666,-0.977845,-0.228791,0.239467,-0.256729,
38.2725,-4.50404,4.08015,-1.06382,-0.223053,0.237785,-0.254786,
38.2788,-4.45118,4.17844,-1.11671,-0.226648,0.236278,-0.253256,
38.2819,-4.399,4.2133,-1.1555,-0.227914,0.241351,-0.259215,
38.2881,-4.43592,4.13711,-0.98346,-0.222356,0.240279,-0.253109,
38.2945,-4.21727,4.2009,-1.03878,-0.226164,0.24512,-0.255696,
38.2976,-4.34297,4.40542,-1.04423,-0.232863,0.239828,-0.25676,
38.3038,-4.12841,4.3725,-1.20582,-0.231565,0.24644,-0.257285,
38.307,-4.39813,3.98112,-1.13878,-0.218036,0.239059,-0.247274,
38.3132,-4.38062,4.21677,-1.26166,-0.227072,0.242713,-0.255714,
38.3193,-4.29767,4.15861,-1.06569,-0.225567,0.241356,-0.257114,
38.3224,-4.23628,4.34572,-1.08126,-0.228537,0.24033,-0.253157,
38.3287,-4.13365,4.10038,-1.04567,-0.221766,0.242618,-0.255355,
38.3339,-4.35149,4.08941,-1.03908,-0.222258,0.243024,-0.256079,
38.3372,-4.24318,4.14659,-1.08069,-0.225679,0.241915,-0.252799,
38.3423,-4.30768,4.26441,-1.05551,-0.226475,0.238553,-0.258653,
38.3486,-4.40864,4.26294,-1.13491,-0.227154,0.237909,-0.255864,
38.3517,-4.46678,4.08983,-1.11163,-0.221644,0.237992,-0.248914,
38.3578,-4.16379,4.24355,-1.14785,-0.225347,0.244081,-0.254532,
38.3609,-4.30376,4.2427,-1.12115,-0.22597,0.243519,-0.25087,
38.4074,-4.51494,4.13678,-1.07699,-0.222361,0.235927,-0.251671,
38.4117,-4.40197,4.51643,-1.08208,-0.232372,0.240021,-0.258139,
38.4148,-4.49432,4.31543,-1.12326,-0.231073,0.239327,-0.255179,
38.4209,-4.33135,4.02663,-1.05194,-0.221174,0.238817,-0.246644,
38.4271,-4.11824,4.22901,-1.19317,-0.227474,0.244755,-0.256046,
38.4303,-4.30344,4.09944,-1.15571,-0.224262,0.244138,-0.251824,
38.4363,-4.11926,4.06465,-1.05828,-0.220474,0.247731,-0.255295,
38.4426,-4.30712,4.15014,-1.06868,-0.225398,0.239447,-0.253768,
38.4744,-4.27341,4.61192,-1.12442,-0.236441,0.242627,-0.256688,
38.4778,-4.30746,4.35156,-1.01798,-0.228679,0.240755,-0.256463,
38.4823,-4.46312,3.98364,-1.04195,-0.221731,0.237246,-0.251337,
38.4884,-4.28981,4.23109,-1.13775,-0.226258,0.240485,-0.257426,
38.4915,-4.15485,4.14783,-0.956485,-0.225795,0.244205,-0.251982,
38.4977,-4.37576,4.15028,-1.04022,-0.223444,0.239079,-0.254558,
38.5008,-4.20422,4.2607,-1.17264,-0.227621,0.245772,-0.256063,
38.5069,-4.49955,4.35016,-1.14032,-0.227689,0.239486,-0.260213,
38.5527,-4.24232,4.17184,-1.07578,-0.223253,0.245938,-0.24864,
38.5558,-4.39702,4.19819,-1.1078,-0.224269,0.241021,-0.256009,
38.5599,-4.4842,4.32454,-1.20706,-0.229743,0.237501,-0.256747,
38.5682,-3.98322,4.22476,-1.0622,-0.225661,0.248583,-0.254185,
38.5713,-4.39818,4.23718,-1.13598,-0.227729,0.241169,-0.249324,
38.5773,-4.25361,4.24587,-1.22315,-0.229777,0.240927,-0.256528,
38.5835,-4.33189,4.06651,-1.16385,-0.22311,0.241659,-0.26018,
38.5867,-4.39571,4.18522,-0.987963,-0.226504,0.242751,-0.252936,
38.5929,-4.25748,4.26634,-1.03598,-0.229805,0.242683,-0.255243,
38.596,-4.52876,4.33323,-1.08618,-0.229307,0.238313,-0.253738,
38.6013,-4.43794,4.08331,-1.08142,-0.225634,0.237474,-0.256979,
38.6076,-4.54175,4.36176,-1.01095,-0.229528,0.235476,-0.256738,
38.611,-4.209,4.08679,-0.98242,-0.222868,0.240525,-0.259227,
38.6192,-4.27269,3.95183,-0.965624,-0.218951,0.242403,-0.252806,
38.6243,-4.41464,4.29495,-1.00269,-0.228216,0.237007,-0.256778,
38.6274,-4.40978,4.14512,-1.08769,-0.222429,0.24174,-0.258943,
38.6337,-4.19814,4.05443,-1.1588,-0.221822,0.244248,-0.255769,
38.6389,-4.04192,4.27243,-1.09322,-0.229498,0.245943,-0.252162,
38.6421,-4.16422,4.40526,-1.13588,-0.22946,0.245799,-0.260353,
38.6483,-4.25712,4.3735,-1.07089,-0.230176,0.240695,-0.254783,
38.6549,-4.51034,4.19607,-1.15799,-0.225055,0.237885,-0.251682,
38.6583,-4.37871,4.26309,-1.14092,-0.227533,0.240836,-0.255676,
38.6639,-4.44575,4.2946,-1.15964,-0.228256,0.237845,-0.254582,
38.6701,-4.34552,4.26615,-1.05441,-0.226579,0.240033,-0.253377,
38.6733,-4.40122,4.27886,-1.23318,-0.228088,0.238421,-0.254515,
38.6785,-4.18955,4.35803,-1.20878,-0.22882,0.244306,-0.260321,
38.6847,-4.22401,4.53791,-1.09053,-0.234745,0.245112,-0.254718,
38.6878,-4.55713,4.02289,-1.08323,-0.222146,0.234897,-0.254726,
38.6939,-4.54878,4.08394,-1.13481,-0.223641,0.237376,-0.254821,
38.6985,-4.28394,4.14407,-0.998998,-0.225589,0.242726,-0.254505,
38.7017,-4.30852,4.12351,-1.14926,-0.225289,0.240931,-0.254234,
38.7078,-4.36697,4.40324,-1.15265,-0.228281,0.24266,-0.256041,
38.711,-4.17647,4.46051,-1.16732,-0.231671,0.242945,-0.255401,
38.7163,-4.47997,4.30034,-1.08645,-0.227246,0.232644,-0.257357,
38.7223,-4.24106,4.2828,-1.08082,-0.230463,0.246156,-0.252429,
38.7254,-4.22345,4.20445,-1.20699,-0.225115,0.242307,-0.255945,
38.7316,-4.41459,4.14432,-1.05833,-0.223926,0.240417,-0.253304,
38.7378,-4.55754,4.17831,-1.14318,-0.226763,0.236171,-0.253064,
38.741,-4.4662,4.47592,-1.19828,-0.233399,0.240225,-0.255442,
38.7483,-4.26752,4.53175,-1.19247,-0.233058,0.241427,-0.261836,
38.7544,-4.5447,4.29587,-1.22749,-0.228072,0.235444,-0.251216,
38.7575,-4.50154,4.13677,-1.04224,-0.225738,0.237386,-0.256941,
38.7628,-4.48519,4.13836,-1.22719,-0.224502,0.236246,-0.251462,
38.7659,-4.33166,4.06328,-1.20245,-0.221929,0.240363,-0.248388,
38.7722,-4.32421,4.27924,-1.16282,-0.226491,0.241831,-0.260827,
38.7783,-4.65041,4.45848,-1.13646,-0.235692,0.229024,-0.254126,
38.7814,-4.48973,4.28461,-1.26121,-0.227404,0.235427,-0.253284,
38.7896,-4.24315,4.43904,-1.31725,-0.231046,0.244627,-0.254801,
38.7948,-4.58062,3.83332,-1.02708,-0.214091,0.236434,-0.248785,
38.798,-4.45809,4.29391,-1.06536,-0.229309,0.238888,-0.259364,
38.8033,-4.5358,4.37367,-1.02974,-0.230476,0.236067,-0.25824,
38.8093,-4.33186,4.21726,-1.09946,-0.224779,0.241929,-0.252307,
38.8124,-4.2739,4.22868,-0.990051,-0.225498,0.239731,-0.255096,
38.8186,-4.62983,4.25781,-1.01297,-0.22487,0.234726,-0.256287,
38.8217,-4.32643,3.95643,-1.07725,-0.220392,0.242477,-0.25551,
38.8278,-4.30091,4.22276,-1.10804,-0.225298,0.239309,-0.258013,
38.8352,-4.35663,4.22724,-0.935967,-0.227314,0.241567,-0.257569,
38.8383,-4.3452,4.15728,-1.07001,-0.226671,0.238747,-0.252363,
38.8434,-4.64577,4.17154,-1.16252,-0.225341,0.233777,-0.256866,
38.8497,-4.35315,4.25577,-1.06638,-0.230204,0.24028,-0.253535,
38.8528,-4.2063,4.45888,-1.13072,-0.232926,0.243713,-0.25256,
38.8588,-4.18879,4.15512,-1.144,-0.222805,0.242767,-0.260209,
38.8619,-4.52624,4.09404,-1.10418,-0.221238,0.238368,-0.249838,
38.8682,-4.09419,4.18174,-1.11602,-0.225148,0.247459,-0.251951,
38.8744,-4.42374,4.49262,-1.1013,-0.234667,0.239858,-0.253379,
38.8777,-4.37685,4.32303,-1.231,-0.225526,0.240648,-0.2505,
38.8858,-4.33741,4.35625,-1.03536,-0.230478,0.240972,-0.254433,
38.89,-4.53988,4.40993,-1.06678,-0.230904,0.234556,-0.255181,
38.8932,-4.22329,4.21107,-1.11472,-0.226472,0.245036,-0.253352,
38.8993,-4.3702,4.19314,-1.03308,-0.226777,0.240188,-0.25365,
38.9056,-4.54928,4.18563,-1.1787,-0.223615,0.232618,-0.251401,
38.9087,-4.50649,4.33686,-1.03547,-0.229318,0.235849,-0.253671,
39.0299,-4.44765,4.26946,-1.04625,-0.227103,0.23694,-0.254989,
39.0341,-4.20084,4.34461,-0.972054,-0.226418,0.242798,-0.260183,
39.0372,-4.36332,4.38052,-1.0402,-0.230436,0.240154,-0.258266,
39.0433,-4.45923,4.16311,-1.0972,-0.224978,0.236881,-0.255377,
39.0495,-4.19352,4.36053,-1.07836,-0.23117,0.24392,-0.253353,
39.0527,-4.2924,4.18507,-0.959586,-0.224841,0.241949,-0.255573,
39.0607,-4.28243,4.11558,-1.11902,-0.222152,0.242068,-0.251854,
39.0638,-4.41233,4.26937,-1.00691,-0.227984,0.237877,-0.255526,
39.1054,-4.20575,4.40817,-1.05542,-0.229315,0.243392,-0.257956,
39.1085,-4.35334,4.294,-1.03761,-0.228173,0.239003,-0.25607,
39.1148,-4.42915,4.20772,-1.12476,-0.227951,0.239296,-0.251987,
39.118,-4.53095,4.20271,-1.11218,-0.227704,0.23563,-0.252105,
39.1242,-4.07985,4.20244,-0.963558,-0.224793,0.244801,-0.254133,
39.1303,-4.33364,4.2008,-1.14903,-0.226151,0.239199,-0.248474,
39.1335,-4.43796,4.02908,-1.16618,-0.220717,0.23578,-0.254247,
39.1397,-4.28913,4.42757,-1.01345,-0.230797,0.244447,-0.254476,
39.1869,-4.47283,4.08973,-1.05273,-0.224251,0.236893,-0.250009,
39.1901,-4.52223,4.12422,-1.13291,-0.225611,0.235632,-0.251818,
39.1945,-4.35179,4.42724,-1.08241,-0.232869,0.240043,-0.257554,
39.2001,-4.1557,4.14786,-1.07247,-0.225523,0.243533,-0.255727,
39.2034,-4.29277,4.26339,-1.16193,-0.228242,0.242519,-0.254173,
39.2081,-4.24414,4.33435,-1.10578,-0.228887,0.244267,-0.257704,
39.2126,-4.53852,4.58593,-1.07797,-0.233222,0.234423,-0.258918,
39.2157,-4.31149,4.02259,-1.09243,-0.221492,0.243513,-0.252125,
39.2219,-4.52406,4.08231,-1.18744,-0.223029,0.239354,-0.253148,
39.2272,-4.46377,3.95658,-1.0385,-0.218375,0.236988,-0.246925,
39.2303,-4.24525,4.48761,-1.10004,-0.233621,0.244332,-0.254281,
39.2365,-4.14868,4.2333,-1.17916,-0.225916,0.245216,-0.25909,
39.2409,-4.46956,4.24297,-1.11055,-0.228054,0.236432,-0.254717,
39.2441,-4.42713,4.36059,-1.13602,-0.228279,0.238861,-0.257252,
39.2503,-4.37109,4.17421,-1.1098,-0.225779,0.238848,-0.255984,
39.2563,-4.34205,3.98411,-1.09535,-0.220689,0.241985,-0.250851,
39.2594,-4.63769,4.34121,-1.02709,-0.230421,0.234301,-0.259224,
39.2647,-4.32806,4.41138,-0.97793,-0.230944,0.241751,-0.249656,
39.2678,-4.56642,4.35691,-0.936842,-0.230304,0.233869,-0.255537,
39.2738,-4.35071,4.32888,-0.932187,-0.23021,0.239816,-0.254176,
39.2801,-4.43306,4.13373,-1.03159,-0.224729,0.239937,-0.254656,
39.2835,-4.31585,3.8805,-1.01412,-0.219906,0.241803,-0.253898,
39.2917,-4.36949,4.25588,-1.01443,-0.22624,0.241839,-0.255746,
39.2978,-4.39685,4.29425,-1.10271,-0.230458,0.239354,-0.257204,
39.301,-4.62592,4.15907,-1.17518,-0.22349,0.235963,-0.253612,
39.3063,-4.25598,4.41713,-1.02073,-0.232372,0.243402,-0.259056,
39.3123,-4.34082,4.14226,-1.07404,-0.224932,0.24152,-0.255033,
39.3154,-4.32337,4.30324,-1.06828,-0.230625,0.239056,-0.259538,
39.3216,-4.39551,4.39834,-1.04568,-0.230715,0.240292,-0.26204,
39.3248,-4.62177,4.23208,-1.07254,-0.226562,0.235359,-0.250692,
39.3302,-4.33598,4.17948,-1.11596,-0.227574,0.24033,-0.250573,
39.3363,-4.3109,4.444,-1.06326,-0.234402,0.240515,-0.259774,
39.3395,-4.32856,4.18977,-1.16094,-0.226089,0.241284,-0.252799,
39.3447,-4.45619,4.2421,-1.10749,-0.22451,0.23739,-0.25463,
39.3508,-4.4311,4.40572,-1.14478,-0.233215,0.236133,-0.256714,
39.354,-4.22281,4.19768,-1.09456,-0.227667,0.243377,-0.253795,
39.3602,-4.5756,4.09468,-1.19917,-0.222145,0.235415,-0.250829,
39.3663,-4.40521,4.12336,-1.10748,-0.22412,0.244342,-0.259078,
39.3694,-4.39935,4.26287,-1.0897,-0.228155,0.242628,-0.259442,
39.3748,-4.35249,4.05474,-1.08764,-0.221729,0.240033,-0.248268,
39.4203,-4.33872,4.25404,-1.12383,-0.226774,0.239363,-0.258423,
39.4235,-4.39263,4.40467,-1.19784,-0.230615,0.239509,-0.25029,
39.4277,-4.58421,4.08032,-1.11496,-0.223521,0.236594,-0.253032,
39.4308,-4.43863,4.16324,-1.15612,-0.225271,0.239185,-0.254817,
39.4368,-4.41751,4.1001,-1.24983,-0.223439,0.239329,-0.25607,
39.4431,-4.43304,4.16507,-1.10282,-0.225315,0.238823,-0.259981,
39.4462,-4.45968,4.29869,-1.27428,-0.23031,0.240976,-0.259461,
39.4523,-4.54798,4.54936,-1.20988,-0.235135,0.236707,-0.255909,
39.5039,-4.70862,4.07242,-1.21011,-0.221463,0.234894,-0.254758,
39.5071,-4.52877,4.11811,-1.18075,-0.222848,0.235659,-0.255688,
39.5113,-4.53988,4.09341,-1.10811,-0.223508,0.236361,-0.254677,
39.5173,-4.48004,4.41012,-1.23953,-0.230711,0.237859,-0.257168,
39.5204,-4.66786,4.27178,-1.10378,-0.229606,0.234631,-0.254729,
39.5267,-4.20574,4.55222,-1.16446,-0.237262,0.242173,-0.259424,
39.5298,-4.5446,4.35,-1.12009,-0.232897,0.236419,-0.257576,
39.5358,-4.45632,4.21373,-0.993693,-0.233134,0.237104,-0.252419,
39.5896,-4.32274,4.22562,-1.15338,-0.228767,0.239862,-0.250467,
39.5927,-4.56418,4.19469,-1.07119,-0.226394,0.236692,-0.251388,
39.5969,-4.3616,4.19044,-1.19274,-0.225561,0.237424,-0.254802,
39.6046,-4.38208,4.22641,-1.25291,-0.227579,0.240289,-0.256423,
39.6077,-4.47407,4.33357,-1.17137,-0.227493,0.237782,-0.259369,
39.6138,-4.46789,4.16744,-1.17399,-0.22407,0.239518,-0.250129,
39.617,-4.16498,4.07102,-1.26582,-0.223458,0.247796,-0.249232,
39.6232,-4.34528,4.38229,-1.21077,-0.230148,0.242415,-0.249996,
39.6697,-4.50994,4.17075,-1.1037,-0.226585,0.238424,-0.257729,
39.6728,-4.394,4.19367,-1.25273,-0.22737,0.240999,-0.255046,
39.6768,-4.39267,4.21904,-1.29263,-0.223771,0.241761,-0.259339,
39.6828,-4.45353,4.51518,-1.24564,-0.235262,0.24137,-0.256775,
39.6861,-4.37761,3.92058,-1.37795,-0.220326,0.241239,-0.248973,
39.6907,-4.40738,3.9789,-1.25472,-0.219767,0.240639,-0.253085,
39.6968,-4.35925,4.40369,-1.21114,-0.232284,0.238367,-0.258871,
39.6999,-4.24672,4.1513,-1.25195,-0.223154,0.242318,-0.255981,
39.7457,-4.30378,4.32617,-1.24433,-0.229112,0.244473,-0.255442,
39.7498,-4.56434,4.4458,-1.26028,-0.233604,0.23603,-0.258363,
39.7529,-4.41664,4.40766,-1.22774,-0.231182,0.238096,-0.257093,
39.7591,-4.41116,4.14324,-1.21415,-0.22508,0.23917,-0.252604,
39.7653,-4.50835,4.43223,-1.20898,-0.231097,0.237022,-0.256457,
39.7684,-4.56438,4.16054,-1.19118,-0.223432,0.23533,-0.258404,
39.7746,-4.42709,4.18871,-1.22815,-0.227147,0.237638,-0.252164,
39.7777,-4.39834,4.27543,-1.22124,-0.224537,0.240297,-0.254617,
39.8224,-4.20228,4.19619,-1.23943,-0.227468,0.241822,-0.258365,
39.8258,-4.31741,4.02416,-1.12598,-0.220743,0.240017,-0.250634,
39.8304,-4.32393,4.1232,-1.26224,-0.225279,0.242345,-0.25775,
39.8368,-4.38291,4.33194,-1.17013,-0.22708,0.237827,-0.255419,
39.8399,-4.445,4.11534,-1.22509,-0.22555,0.237962,-0.252773,
39.8461,-4.39978,4.35559,-1.1704,-0.231008,0.240205,-0.256848,
39.8523,-4.47861,4.40352,-1.14001,-0.228903,0.239574,-0.254739,
39.8554,-4.56227,4.33728,-1.18417,-0.230046,0.237687,-0.258359,
39.8617,-4.35365,4.27478,-1.08003,-0.227904,0.239326,-0.256166,
39.8648,-4.23301,4.25003,-1.225,-0.228989,0.245504,-0.256263,
39.8727,-4.42053,4.37585,-1.1078,-0.229909,0.238587,-0.254017,
39.8801,-4.39545,4.12198,-1.26456,-0.223299,0.241828,-0.252371,
39.8863,-4.4247,4.181,-1.13636,-0.225976,0.240149,-0.259417,
39.8894,-4.27198,4.23101,-1.19054,-0.22573,0.243285,-0.256314,
39.8956,-4.50738,4.24169,-1.24229,-0.226704,0.236247,-0.256341,
39.8987,-4.15685,4.28932,-1.07148,-0.230164,0.243088,-0.252306,
39.9049,-4.6298,4.05814,-1.05538,-0.224872,0.234785,-0.256258,
39.9131,-4.54778,4.15586,-1.20089,-0.225409,0.235117,-0.251696,
39.9164,-4.4985,4.38452,-1.05175,-0.230007,0.239459,-0.254992,
39.9209,-4.29646,4.27534,-1.12212,-0.225972,0.238777,-0.257222,
39.9265,-4.48952,4.30385,-1.09095,-0.230215,0.241247,-0.256264,
39.9296,-4.45421,4.20773,-1.17838,-0.225288,0.238455,-0.255176,
39.9358,-4.3974,4.25682,-1.0625,-0.228763,0.240828,-0.253556,
39.942,-4.58106,4.25547,-1.14859,-0.227976,0.235598,-0.253508,
39.9452,-4.39001,4.38626,-1.12245,-0.232136,0.239552,-0.25442,
39.9505,-4.46501,4.21083,-1.06408,-0.225362,0.238586,-0.252773,
39.9588,-4.37932,4.14628,-1.15549,-0.225037,0.2406,-0.253526,
39.9619,-4.20726,4.28983,-1.13275,-0.22812,0.24177,-0.256826,
39.9672,-4.34318,4.24608,-1.05862,-0.22417,0.239725,-0.25417,
39.9733,-4.35673,3.9743,-0.967808,-0.222587,0.240863,-0.251655,
39.9764,-4.46144,4.12725,-1.16444,-0.225228,0.239415,-0.254735,
39.9826,-4.38996,4.34694,-1.0105,-0.230874,0.240993,-0.253415,
39.9858,-4.54003,4.17382,-1.19318,-0.223163,0.234876,-0.251968,
39.9909,-4.45847,4.24256,-1.07398,-0.228734,0.236061,-0.25416,
39.9972,-4.17299,4.04044,-1.17113,-0.223003,0.244406,-0.250095,
40.0004,-4.01937,4.15214,-1.20535,-0.224773,0.246122,-0.248324,
40.0048,-4.16438,4.15323,-1.18461,-0.225279,0.24628,-0.258475,
40.0108,-4.01237,4.2374,-1.13376,-0.228302,0.247723,-0.256693,
40.0139,-4.45353,4.09723,-1.05295,-0.226038,0.238694,-0.250035,
40.0201,-4.24614,4.05394,-1.18741,-0.222577,0.239427,-0.252163,
40.0263,-4.34614,4.31807,-1.18695,-0.230651,0.243264,-0.255063,
40.0294,-4.27908,4.19737,-1.15027,-0.225754,0.240375,-0.254243,
40.0347,-4.27304,4.30919,-1.0195,-0.227228,0.243335,-0.255752,
40.0378,-4.28243,4.35209,-1.05134,-0.230771,0.245257,-0.26317,
40.0439,-4.25595,4.19003,-1.04474,-0.224774,0.24382,-0.259636,
40.0491,-4.44778,4.00865,-1.07235,-0.221381,0.241231,-0.250016,
40.0522,-4.32628,4.04497,-1.17802,-0.22204,0.241064,-0.25027,
40.0583,-4.41402,4.30825,-1.25438,-0.229661,0.239233,-0.261152,
40.0646,-4.17254,4.14959,-1.28675,-0.223978,0.245223,-0.253847,
40.0677,-4.21113,4.49922,-1.13518,-0.232719,0.24482,-0.257828,
40.0729,-4.19609,4.19936,-1.10891,-0.226081,0.243415,-0.258954,
40.0792,-4.51329,4.14469,-1.17329,-0.227628,0.23892,-0.25094,
40.0822,-4.40362,4.22831,-1.16575,-0.228461,0.241396,-0.254195,
40.0883,-4.09718,4.21904,-1.18701,-0.225385,0.247244,-0.25557,
40.0916,-4.26409,4.21288,-1.1937,-0.22645,0.243525,-0.25627,
40.0971,-4.51931,4.02603,-1.14787,-0.219805,0.234741,-0.254424,
40.1016,-4.34774,4.22679,-1.13973,-0.22779,0.240913,-0.261116,
40.1047,-4.47195,4.344,-1.24365,-0.232854,0.237575,-0.258896,
40.11,-4.4282,4.07581,-1.16568,-0.223382,0.236144,-0.254966,
40.1162,-4.35131,4.30819,-1.13093,-0.228459,0.242126,-0.259161,
40.1193,-4.38192,4.18865,-1.10733,-0.224386,0.239162,-0.256235,
40.1253,-4.54083,4.20493,-1.17772,-0.22612,0.234526,-0.2544,
40.1315,-4.29167,4.40873,-1.21879,-0.23229,0.243178,-0.262177,
40.1347,-4.47584,4.12525,-1.14731,-0.223974,0.238088,-0.257828,
40.1802,-4.39561,4.04007,-1.16513,-0.221364,0.23986,-0.2541,
40.1869,-4.36572,4.13446,-1.14983,-0.224927,0.238934,-0.257653,
40.1902,-4.63423,4.04914,-1.183,-0.223973,0.234985,-0.250675,
40.1958,-4.44308,4.29817,-1.16895,-0.2273,0.238553,-0.25799,
40.2003,-4.52336,4.26654,-1.20556,-0.227566,0.238011,-0.253909,
40.2036,-4.17753,4.19193,-1.22488,-0.225348,0.242911,-0.252109,
40.2098,-4.52991,3.87432,-1.10867,-0.217778,0.237362,-0.258007,
40.2158,-4.49334,4.15591,-1.22386,-0.224604,0.238047,-0.254897,
40.2189,-4.32745,4.12647,-1.12851,-0.225632,0.239525,-0.250832,
40.2243,-4.50931,4.17526,-1.14189,-0.226587,0.239192,-0.257416,
40.2289,-4.12534,4.20373,-1.04735,-0.224665,0.246568,-0.259096,
40.2321,-4.20859,4.04944,-1.18976,-0.223572,0.240113,-0.253932,
40.2383,-4.41708,4.09809,-1.17993,-0.222812,0.238037,-0.256286,
40.2443,-4.20809,4.3593,-1.17241,-0.228614,0.245328,-0.257557,
40.2474,-4.33961,4.17166,-1.18376,-0.224373,0.240667,-0.254136,
40.2536,-4.36344,4.4196,-1.28922,-0.230924,0.241627,-0.25816,
40.2568,-4.36739,4.17324,-1.09445,-0.226968,0.241178,-0.259768,
40.2619,-4.19756,4.34677,-1.13812,-0.227672,0.243693,-0.256243,
40.2682,-4.21035,4.01825,-1.02306,-0.22239,0.243692,-0.249535,
40.2714,-4.29387,3.99237,-1.10427,-0.221011,0.241356,-0.253467,
40.2776,-4.45559,4.25829,-1.18642,-0.226964,0.238601,-0.2537,
40.2838,-4.29121,4.23944,-1.2109,-0.227936,0.242356,-0.256263,
40.2869,-4.26386,4.32639,-1.14223,-0.230765,0.245992,-0.256657,
40.2932,-4.33409,4.25743,-1.02967,-0.228939,0.242168,-0.255501,
40.2993,-4.43275,3.99763,-1.20888,-0.220668,0.238243,-0.253334,
40.3025,-4.10836,4.33523,-1.3308,-0.227973,0.244485,-0.254847,
40.3078,-4.28274,4.23881,-1.18323,-0.226533,0.242515,-0.252851,
40.3108,-4.5426,4.01506,-1.27854,-0.223318,0.235483,-0.256529,
40.3169,-4.44779,4.47929,-1.26451,-0.233093,0.241117,-0.255755,
40.3242,-4.27921,4.42629,-1.17392,-0.232476,0.241525,-0.259263,
40.3272,-4.30848,4.00624,-1.26219,-0.219466,0.241357,-0.249219,
40.3333,-4.15985,4.22585,-1.21778,-0.225915,0.246403,-0.254205,
40.3788,-4.47772,4.23174,-1.16952,-0.22554,0.238786,-0.251746,
40.382,-4.39669,4.24972,-1.10547,-0.22763,0.238106,-0.254121,
40.3862,-4.506,4.25658,-1.2212,-0.225573,0.236291,-0.253082,
40.3923,-4.19425,4.42831,-1.14441,-0.231938,0.246511,-0.25514,
40.3954,-4.24722,4.06466,-1.23635,-0.221442,0.243474,-0.255964,
40.4017,-4.43554,4.02214,-1.22658,-0.219304,0.239115,-0.254171,
40.4048,-4.3312,3.98996,-1.24198,-0.221005,0.241934,-0.253712,
40.4131,-4.02855,4.46333,-1.077,-0.232831,0.247768,-0.255351,
40.4578,-4.44151,4.126,-1.19209,-0.2225,0.240187,-0.253288,
40.4609,-4.50879,4.06654,-1.28637,-0.224305,0.238473,-0.254417,
40.4651,-4.43105,4.14518,-1.28937,-0.225263,0.237914,-0.255204,
40.4713,-4.43094,4.12511,-1.3377,-0.224289,0.240481,-0.254431,
40.4745,-4.41742,4.30304,-1.35758,-0.228185,0.241722,-0.253764,
40.4807,-4.28223,4.11256,-1.3543,-0.222875,0.243051,-0.255286,
40.4868,-4.63653,4.08608,-1.27299,-0.220968,0.236606,-0.250143,
40.4899,-4.5869,4.03837,-1.27727,-0.224693,0.238278,-0.249648,
40.5399,-4.52967,4.38915,-1.24585,-0.22959,0.237604,-0.253953,
40.5432,-4.244,4.10598,-1.34762,-0.222155,0.243524,-0.258543,
40.5473,-4.34281,4.11608,-1.30957,-0.223955,0.242091,-0.256434,
40.5535,-4.35451,4.26447,-1.24099,-0.226908,0.243551,-0.254014,
40.5567,-4.46393,4.32329,-1.26445,-0.229278,0.235553,-0.255088,
40.5628,-4.48272,4.14127,-1.10802,-0.225385,0.234282,-0.254317,
40.566,-4.50569,4.24147,-1.28511,-0.22756,0.238088,-0.24981,
40.5722,-4.35002,4.36517,-1.18262,-0.231317,0.240639,-0.256029,
40.6753,-4.5182,4.20506,-1.02227,-0.227024,0.236748,-0.252418,
40.6787,-4.49389,4.07831,-1.21236,-0.224519,0.241491,-0.252818,
40.6867,-4.27172,4.09334,-1.12503,-0.223036,0.242072,-0.258027,
40.6898,-4.09448,4.12422,-1.16631,-0.225469,0.245559,-0.256084,
40.6948,-4.61686,3.97081,-1.22955,-0.220297,0.235557,-0.253602,
40.701,-4.47721,4.22632,-1.24563,-0.226039,0.238217,-0.250454,
40.7042,-4.40302,4.34404,-1.16383,-0.229656,0.240708,-0.255018,
40.7103,-4.345,4.25218,-1.24017,-0.226918,0.239515,-0.260064,
40.7658,-4.32271,4.00163,-1.22812,-0.221015,0.244635,-0.250221,
40.7691,-4.29219,4.05622,-1.11118,-0.225729,0.245563,-0.253186,
40.7733,-4.35102,4.30236,-1.15653,-0.228627,0.239736,-0.257205,
40.7793,-4.34194,4.23252,-1.04909,-0.228172,0.241528,-0.254452,
40.7824,-4.3687,4.10279,-1.09834,-0.226591,0.239419,-0.254352,
40.7886,-4.26247,4.30983,-1.12167,-0.228202,0.242806,-0.25562,
40.7917,-4.39628,4.21361,-1.07318,-0.226861,0.239917,-0.257989,
40.7978,-4.21982,4.09246,-1.12996,-0.225979,0.244531,-0.25766,
40.8603,-4.41931,4.04477,-1.18687,-0.223525,0.238396,-0.251455,
40.8635,-4.27994,4.06752,-1.27614,-0.221406,0.243709,-0.252995,
40.8677,-4.39403,4.31723,-1.32107,-0.229972,0.239849,-0.258106,
40.8708,-4.45093,3.84589,-1.2679,-0.217188,0.237554,-0.255808,
40.8768,-4.49819,4.03143,-1.2191,-0.219332,0.23765,-0.252628,
40.8831,-4.10292,4.35783,-1.3159,-0.230842,0.245175,-0.252041,
40.8862,-4.38425,4.02217,-1.07488,-0.221025,0.239958,-0.256477,
40.8923,-4.344,3.97632,-1.25398,-0.220359,0.239809,-0.247936,
40.9481,-4.30973,4.24972,-1.12242,-0.2241,0.241998,-0.256833,
40.9514,-4.36246,4.16102,-1.25483,-0.226309,0.241897,-0.250428,
40.9569,-4.41328,4.08543,-1.13477,-0.22387,0.239513,-0.256321,
40.9632,-4.49636,4.06863,-1.21944,-0.220497,0.238728,-0.255149,
40.9663,-4.51286,4.11801,-1.19092,-0.223271,0.236981,-0.255137,
40.9723,-4.4693,4.21797,-1.14229,-0.224962,0.239966,-0.256693,
40.9754,-4.53205,4.26416,-1.05506,-0.226258,0.238387,-0.254664,
40.9816,-4.42627,3.94262,-1.10534,-0.220463,0.237973,-0.250356,
41.0662,-4.4901,4.0815,-1.1549,-0.225358,0.238065,-0.248513,
41.0703,-4.30869,4.14605,-1.18631,-0.226522,0.239458,-0.255947,
41.0734,-4.47306,4.21225,-1.263,-0.227349,0.239628,-0.25675,
41.0796,-4.23798,4.14602,-1.25637,-0.223676,0.243113,-0.254054,
41.0828,-4.21665,4.50178,-1.14398,-0.233403,0.242976,-0.257609,
41.0885,-4.29828,4.28564,-1.15603,-0.228783,0.242725,-0.251835,
41.0967,-4.51015,3.9684,-1.15911,-0.222767,0.236421,-0.257032,
41.0998,-4.29733,4.50192,-1.15332,-0.232963,0.243284,-0.25755,
41.1049,-4.29061,4.17234,-1.15474,-0.222045,0.242473,-0.260663,
41.1102,-4.36369,4.09368,-1.21101,-0.22781,0.241082,-0.255788,
41.1133,-4.11155,4.04821,-1.12185,-0.221422,0.246276,-0.256513,
41.1193,-4.37024,3.95726,-1.22347,-0.218029,0.240277,-0.252748,
41.1266,-4.38685,4.10349,-1.16072,-0.225651,0.238859,-0.252236,
41.1297,-4.44533,4.18231,-1.19686,-0.222507,0.239089,-0.254594,
41.1358,-4.09909,4.21714,-1.11277,-0.226524,0.246612,-0.256984,
41.139,-4.21116,4.15135,-1.25193,-0.223957,0.242944,-0.261163,
41.1453,-4.35231,4.18765,-1.17244,-0.225624,0.239434,-0.250454,
41.1504,-4.20512,4.15632,-1.17933,-0.225616,0.242409,-0.252058,
41.1535,-4.61386,4.25454,-1.14218,-0.225126,0.235673,-0.253171,
41.1597,-4.34063,4.2209,-1.19967,-0.225861,0.241811,-0.253357,
41.1658,-4.43658,4.30282,-1.13047,-0.22653,0.239751,-0.257585,
41.1689,-4.18762,4.45129,-1.06709,-0.232195,0.246083,-0.255307,
41.1771,-4.2078,4.2573,-1.08968,-0.227582,0.244782,-0.25471,
41.1823,-4.44168,4.04195,-1.10759,-0.222556,0.239932,-0.251559,
41.1854,-4.28543,4.13512,-1.15547,-0.225872,0.240215,-0.255907,
41.1917,-4.23462,4.36119,-1.21016,-0.232143,0.242585,-0.258193,
41.1948,-4.18343,4.10123,-1.1701,-0.222274,0.244075,-0.254637,
41.2008,-4.03084,4.37064,-1.14114,-0.229576,0.247739,-0.257826,
41.2071,-4.3298,4.51137,-1.10244,-0.23103,0.242477,-0.258909,
41.2102,-4.23254,4.2863,-1.15095,-0.228911,0.242347,-0.255611,
41.2165,-4.33465,4.10903,-1.22376,-0.224222,0.238556,-0.25008,
41.224,-4.24911,4.34227,-1.16935,-0.228926,0.243017,-0.255575,
41.3059,-4.63388,4.22358,-1.1407,-0.226006,0.236432,-0.25604,
41.3143,-4.48592,4.17138,-1.20418,-0.22646,0.238007,-0.253027,
41.3188,-4.27685,4.28807,-1.13189,-0.228171,0.24123,-0.256884,
41.3219,-4.39302,4.30577,-1.10299,-0.2257,0.241007,-0.251635,
41.3282,-4.29861,4.44083,-1.0929,-0.231068,0.241339,-0.259749,
41.3343,-4.31737,4.10084,-1.04533,-0.225499,0.24128,-0.255088,
41.3374,-4.47268,4.27234,-1.21622,-0.227926,0.237262,-0.254261,
41.3436,-4.42166,4.23512,-1.10946,-0.228524,0.238772,-0.25124,
41.3509,-4.27061,4.34489,-1.25112,-0.22924,0.239288,-0.255868,
41.3542,-4.27201,4.31847,-1.254,-0.226307,0.243444,-0.253206,
41.3588,-4.25399,4.33048,-1.16573,-0.227541,0.244078,-0.253923,
41.3654,-4.12435,4.24775,-1.042,-0.228911,0.245942,-0.261141,
41.3686,-4.18216,4.12857,-1.12314,-0.222628,0.242132,-0.250508,
41.3748,-4.71199,3.90797,-1.1503,-0.218972,0.230242,-0.248373,
41.3808,-4.27125,4.4199,-1.16241,-0.231843,0.241945,-0.253686,
41.3839,-4.34219,4.33011,-1.14323,-0.229604,0.239852,-0.256352,
41.3902,-4.4172,3.82995,-1.15446,-0.217804,0.240538,-0.253735,
41.3966,-4.29577,4.2461,-1.16247,-0.224466,0.242036,-0.252587,
41.3998,-4.1904,4.01127,-1.04595,-0.222051,0.244131,-0.25208,
41.4058,-4.36009,4.18123,-1.13867,-0.225282,0.241971,-0.254786,
41.4089,-4.24169,4.24715,-1.26988,-0.22342,0.243115,-0.254755,
41.4152,-4.34122,4.29328,-1.10454,-0.229198,0.241977,-0.257104,
41.4213,-4.24359,4.08532,-1.18607,-0.222325,0.242655,-0.25143,
41.4244,-4.22927,4.20483,-1.36399,-0.22597,0.245358,-0.254477,
41.4307,-4.38471,4.36113,-1.28379,-0.230995,0.238698,-0.257092,
41.4359,-4.39168,4.19805,-1.35097,-0.225228,0.241629,-0.248117,
41.4391,-4.57118,4.09798,-1.11781,-0.220529,0.235964,-0.252092,
41.4453,-4.30241,4.23545,-1.15702,-0.22921,0.239484,-0.251894,
41.4515,-4.48597,4.38617,-1.1605,-0.228319,0.236426,-0.259483,
41.4547,-4.54614,4.06067,-1.14161,-0.223327,0.234124,-0.253222,
41.4608,-4.56616,4.06102,-1.22177,-0.223046,0.237194,-0.256805,
41.4639,-4.45293,4.42585,-1.09745,-0.234565,0.239816,-0.253189,
41.4702,-4.57113,4.14393,-1.17738,-0.225248,0.235572,-0.252229,
41.4754,-4.45689,4.04062,-1.00532,-0.220004,0.236774,-0.25122,
41.4786,-4.4641,4.22708,-1.00903,-0.226436,0.237863,-0.2555,
41.4849,-4.30526,4.21346,-1.07888,-0.225633,0.238116,-0.254807,
41.4912,-4.50902,4.0858,-1.10065,-0.222594,0.238367,-0.24818,
41.4943,-4.45029,4.03462,-1.02038,-0.222208,0.239828,-0.249913,
41.5003,-4.46995,4.36202,-1.11751,-0.229092,0.240079,-0.258832,
41.5065,-4.40289,4.2357,-1.09472,-0.224596,0.239083,-0.257255,
41.5497,-4.34213,4.12983,-1.06476,-0.222515,0.242103,-0.25116,
41.5538,-4.45949,4.16383,-1.10829,-0.223773,0.238158,-0.250024,
41.5569,-4.55146,4.00929,-1.0818,-0.222418,0.235015,-0.255344,
41.5632,-4.2386,4.13413,-1.15086,-0.225562,0.240584,-0.254705,
41.5693,-4.30065,4.28239,-1.02183,-0.225216,0.24133,-0.254053,
41.5724,-4.32327,4.1617,-1.14099,-0.225104,0.238989,-0.254769,
41.5797,-4.287,4.12457,-0.989681,-0.222748,0.243063,-0.250265,
41.5858,-4.5727,3.99639,-1.0635,-0.22253,0.235277,-0.254181,
41.7099,-4.23008,4.31008,-1.12179,-0.225488,0.243487,-0.255649,
41.7131,-4.21481,4.30675,-1.1134,-0.229519,0.245388,-0.255479,
41.7173,-4.52601,4.24701,-1.15593,-0.227222,0.236408,-0.253471,
41.7233,-4.32653,4.21323,-1.19099,-0.223207,0.241679,-0.249266,
41.7264,-4.36455,4.24872,-1.09581,-0.228487,0.241704,-0.256773,
41.7326,-4.5411,4.173,-1.03143,-0.223625,0.23754,-0.249997,
41.7357,-4.38637,4.14555,-1.0009,-0.224585,0.241283,-0.248877,
41.7418,-4.33595,4.25212,-1.26049,-0.226984,0.241703,-0.257308,
41.8063,-4.51333,4.03807,-1.14736,-0.223541,0.23888,-0.248925,
41.8097,-4.4707,4.32232,-1.12645,-0.22538,0.235828,-0.25661,
41.8179,-4.59413,4.16476,-1.16301,-0.226079,0.237026,-0.253806,
41.8233,-4.57275,4.40658,-1.25497,-0.227557,0.236168,-0.254219,
41.8263,-4.39842,4.09939,-1.39269,-0.223826,0.236282,-0.254546,
41.8326,-4.43214,4.11273,-1.16465,-0.225709,0.237968,-0.251946,
41.8357,-4.26041,3.9487,-1.13911,-0.218613,0.241832,-0.249184,
41.8418,-4.1659,4.30943,-1.24464,-0.227271,0.248538,-0.257903,
41.8501,-4.1297,4.2814,-1.28358,-0.229097,0.246827,-0.257524,
41.8533,-4.38931,4.33651,-1.06891,-0.228623,0.242481,-0.248704,
41.8575,-4.40375,4.14366,-1.31954,-0.22511,0.238282,-0.258818,
41.8637,-4.26636,4.36216,-1.09638,-0.228321,0.242454,-0.255551,
41.8668,-4.30641,4.13771,-1.20287,-0.22234,0.243848,-0.253108,
41.8728,-4.45836,4.08016,-1.16417,-0.222074,0.238404,-0.251221,
41.876,-4.24176,4.21839,-1.19365,-0.22251,0.245405,-0.258192,
41.8822,-4.58579,4.09827,-1.1891,-0.224447,0.236695,-0.25759,
41.8883,-4.4345,4.11093,-1.1919,-0.223422,0.238102,-0.250382,
41.8916,-4.27269,4.09963,-1.24691,-0.224495,0.242518,-0.253816,
41.8998,-4.26441,4.13753,-1.22194,-0.226584,0.244538,-0.256898,
41.9048,-4.34475,4.15032,-1.25163,-0.225072,0.241785,-0.262193,
41.9079,-4.66135,3.95308,-1.23997,-0.22011,0.23285,-0.250977,
41.9142,-4.49691,3.88298,-1.21322,-0.215661,0.236902,-0.252314,
41.9203,-4.48237,4.04014,-1.18784,-0.222086,0.24018,-0.256743,
41.9234,-4.39512,4.17632,-1.20718,-0.225779,0.237677,-0.255553,
41.9296,-4.64074,4.27657,-1.15881,-0.227565,0.232478,-0.25493,
41.9327,-4.30954,3.89388,-1.13974,-0.221891,0.240331,-0.250915,
41.9382,-4.3997,4.20423,-1.20894,-0.225471,0.241784,-0.249683,
41.9464,-4.46891,4.18935,-1.22484,-0.226011,0.236268,-0.254062,
41.9496,-4.42617,4.39826,-1.1618,-0.230214,0.237233,-0.256008,
41.9548,-4.44415,4.09063,-1.19871,-0.222589,0.238211,-0.251496,
41.9608,-4.22834,4.04558,-1.0694,-0.221243,0.24394,-0.252769,
41.9639,-4.61103,4.22408,-1.13662,-0.224785,0.234944,-0.25356,
41.9702,-4.32279,4.16293,-1.25492,-0.224923,0.239282,-0.247056,
41.9754,-4.34756,4.27576,-1.10945,-0.226777,0.240724,-0.256701,
41.9785,-4.46026,4.25664,-1.22745,-0.227286,0.234868,-0.255857,
41.9838,-4.39749,4.25466,-1.2534,-0.227071,0.239718,-0.252669,
41.9869,-4.18095,4.20679,-1.27319,-0.223356,0.244194,-0.256034,
41.9931,-4.25469,4.34815,-1.13603,-0.230335,0.241421,-0.257962,
41.9993,-4.545,4.23018,-1.22332,-0.227796,0.236624,-0.255005,
42.0024,-4.34629,3.90169,-1.22128,-0.218426,0.237724,-0.251124,
42.0086,-4.22724,4.26942,-1.29244,-0.227975,0.241526,-0.256015,
42.0139,-4.23499,4.45325,-1.21255,-0.232362,0.243858,-0.255025,
42.017,-4.23574,4.29297,-1.14425,-0.228743,0.241014,-0.254548,
42.0232,-4.36627,4.31763,-1.20315,-0.228714,0.243389,-0.25662,
42.0286,-4.52849,4.20583,-1.25475,-0.224932,0.238975,-0.251464,
42.0317,-4.57385,4.16507,-1.09523,-0.227161,0.234297,-0.252828,
42.0378,-4.38754,3.97509,-1.03877,-0.219907,0.238577,-0.250774,
42.0409,-4.40389,4.2662,-1.05673,-0.227038,0.239146,-0.258731,
42.0472,-4.40531,4.36947,-1.13289,-0.227264,0.239205,-0.260539,
42.0524,-4.19428,4.16018,-1.17073,-0.224718,0.242538,-0.253531,
42.0556,-4.40256,4.39686,-1.0616,-0.231218,0.238568,-0.252367,
42.0618,-4.36493,4.1089,-1.16722,-0.223121,0.239777,-0.259332,
42.0678,-4.20588,4.07226,-1.19896,-0.223635,0.246194,-0.249235,
42.0711,-4.13367,4.36143,-1.12276,-0.230988,0.242368,-0.259905,
42.0755,-4.20173,4.53035,-1.18737,-0.232964,0.241955,-0.255802,
42.0818,-4.15423,4.0885,-1.26829,-0.223264,0.243342,-0.251355,
42.1627,-4.38831,4.0543,-1.14739,-0.222528,0.239526,-0.252292,
42.1668,-4.28618,4.12912,-1.13557,-0.223533,0.242823,-0.252934,
42.1728,-4.39356,4.21206,-1.1168,-0.227097,0.240059,-0.250587,
42.1759,-4.31853,4.19612,-1.15106,-0.226557,0.241482,-0.253329,
42.1822,-4.17372,4.3595,-1.14404,-0.229624,0.244372,-0.258262,
42.1883,-4.29142,4.28148,-1.03663,-0.225659,0.24094,-0.254292,
42.1914,-4.28687,4.10402,-1.13557,-0.224799,0.241787,-0.250802,
42.1976,-4.52673,4.13822,-1.13419,-0.22689,0.237605,-0.255356,
42.2141,-4.32839,4.32785,-1.05396,-0.23046,0.243977,-0.255652,
42.2174,-4.51675,4.32995,-1.05761,-0.22751,0.235671,-0.253318,
42.2232,-4.35148,4.25454,-1.00387,-0.22654,0.23859,-0.253574,
42.2308,-4.23144,4.44226,-1.20561,-0.234052,0.241369,-0.257084,
42.2338,-4.4066,4.05228,-1.08281,-0.225503,0.238338,-0.251374,
42.2401,-4.39204,4.02163,-1.03936,-0.223309,0.240058,-0.248771,
42.2463,-4.41282,4.19749,-1.13137,-0.227358,0.238052,-0.258726,
42.2495,-4.42375,4.26181,-1.00199,-0.227732,0.240124,-0.253664,
42.2528,-4.51537,4.23552,-1.1139,-0.227062,0.236981,-0.254384,
42.2582,-4.20877,4.18418,-1.17049,-0.226214,0.246222,-0.254142,
42.2613,-4.32264,4.25299,-1.05397,-0.228232,0.240553,-0.257503,
42.2676,-4.2778,4.04361,-1.04963,-0.22128,0.2434,-0.252968,
42.2707,-4.37154,3.96722,-1.11056,-0.218834,0.240293,-0.248252,
42.2768,-4.38103,4.3637,-1.02984,-0.232041,0.238293,-0.25898,
42.283,-4.46188,4.3797,-1.08774,-0.229391,0.239229,-0.255477,
42.2862,-4.42673,4.05101,-1.00752,-0.222184,0.238428,-0.253896,
42.2923,-4.34756,4.26186,-1.1531,-0.229297,0.241814,-0.254835,
42.3001,-4.4969,4.15569,-1.09165,-0.225677,0.23636,-0.254835,
42.3034,-4.48297,3.91822,-0.946644,-0.220929,0.236552,-0.255219,
42.3078,-4.39073,4.04338,-0.899104,-0.225157,0.239013,-0.249468,
42.3138,-4.34837,4.37258,-1.06638,-0.230045,0.24073,-0.255311,
42.3169,-4.21486,4.28238,-0.957917,-0.228863,0.243666,-0.252289,
42.3231,-4.26489,4.14297,-1.05144,-0.228248,0.241868,-0.249212,
42.3293,-4.47685,4.25237,-0.963155,-0.227764,0.239838,-0.258479,
42.3324,-4.30916,4.24906,-1.16862,-0.226403,0.242971,-0.25731,
42.3387,-4.25598,4.3056,-1.15606,-0.227895,0.242495,-0.255655,
42.3442,-4.34295,4.23696,-1.1551,-0.224266,0.244644,-0.255846,
42.3475,-4.07176,4.46328,-1.17985,-0.230609,0.24778,-0.256845,
42.354,-4.24942,4.37667,-1.00053,-0.23197,0.238886,-0.254825,
42.3603,-4.35709,4.15597,-0.969471,-0.227562,0.242908,-0.254173,
42.3634,-4.49037,4.25703,-1.15657,-0.22745,0.238724,-0.254958,
42.3696,-4.32463,4.2053,-0.981222,-0.226153,0.241421,-0.253636,
42.3727,-4.27975,4.24316,-1.06388,-0.227897,0.240228,-0.252472,
42.3779,-4.27003,4.32365,-1.09316,-0.22933,0.242102,-0.256211,
42.3842,-4.18358,4.32223,-1.21504,-0.227795,0.243419,-0.255325,
42.3873,-4.30939,4.35183,-1.13095,-0.229536,0.243848,-0.257821,
42.3916,-4.44883,4.06932,-1.17306,-0.223326,0.239511,-0.252768,
42.3978,-4.37024,4.197,-1.13039,-0.225372,0.242457,-0.254501,
42.4009,-4.4332,4.25802,-1.1643,-0.22691,0.239316,-0.253789,
42.4072,-4.30825,4.09517,-1.05353,-0.221093,0.242062,-0.253928,
42.4133,-4.35769,4.18663,-1.01628,-0.224374,0.239981,-0.252143,
42.4165,-4.46967,4.36069,-1.05006,-0.228739,0.234477,-0.258273,
42.4218,-4.44683,4.26459,-1.10068,-0.227887,0.237455,-0.252688,
42.4249,-4.34476,4.14826,-1.0936,-0.223803,0.243102,-0.253429,
42.4312,-4.45149,4.23387,-1.12618,-0.229203,0.238333,-0.254973,
42.4395,-4.47619,4.16356,-1.1864,-0.225609,0.236416,-0.251255,
42.4426,-4.43707,4.09691,-1.06327,-0.22319,0.238197,-0.249138,
42.4478,-4.51887,4.04537,-0.98246,-0.223078,0.237758,-0.249702,
42.4538,-4.27698,4.11358,-1.05531,-0.223135,0.239113,-0.256972,
42.457,-4.46968,4.16057,-1.08388,-0.222968,0.240135,-0.251198,
42.4623,-4.46461,3.8975,-1.03801,-0.219582,0.236461,-0.251391,
42.4685,-4.44687,4.17803,-0.905702,-0.224137,0.234446,-0.259978,
42.4717,-4.24905,4.34704,-1.03765,-0.22776,0.242896,-0.255999,
42.4797,-4.3295,4.10006,-0.974929,-0.222912,0.241464,-0.255323,
42.4828,-4.52225,4.15238,-0.891943,-0.224282,0.236484,-0.250037,
42.4878,-4.25999,4.1082,-0.992363,-0.221247,0.242923,-0.25719,
42.4941,-4.34532,4.19387,-0.898963,-0.227054,0.243018,-0.249043,
42.4972,-4.31437,4.09965,-1.14177,-0.221512,0.23876,-0.248586,
42.5024,-4.34571,4.49242,-0.988096,-0.235809,0.239711,-0.25817,
42.5086,-4.19737,4.31611,-0.860402,-0.226246,0.245062,-0.254794,
42.5117,-4.51406,4.14272,-0.968517,-0.223964,0.238121,-0.256827,
42.5178,-4.307,4.27272,-1.02639,-0.227421,0.242791,-0.25351,
42.5234,-4.49937,4.45038,-1.02297,-0.230846,0.234181,-0.255574,
42.5268,-4.43521,4.18672,-1.00725,-0.225129,0.24138,-0.253436,
42.5352,-4.25468,4.13683,-0.938813,-0.22392,0.243857,-0.253319,
42.5394,-4.3226,4.21899,-0.982163,-0.225033,0.239729,-0.258191,
42.5425,-4.42557,4.20017,-1.04881,-0.229366,0.238034,-0.259413,
42.5487,-4.26516,4.05644,-1.0514,-0.223704,0.242858,-0.251129,
42.5518,-4.3573,4.11366,-1.12501,-0.22238,0.240096,-0.256706,
42.5578,-4.21382,4.48276,-1.04798,-0.230942,0.244503,-0.25751,
42.5641,-4.42895,4.08699,-1.02601,-0.225789,0.236786,-0.250568,
42.5672,-4.44264,4.21742,-1.00762,-0.226197,0.23763,-0.256181,
42.6508,-4.49152,4.3268,-1.03817,-0.22932,0.237546,-0.258226,
42.6551,-4.34653,4.29885,-1.07014,-0.229337,0.240692,-0.252023,
42.6584,-4.28429,4.1914,-1.02467,-0.226644,0.240495,-0.251036,
42.6648,-4.2525,4.50624,-0.895217,-0.230218,0.241271,-0.256629,
42.671,-4.15839,4.23023,-0.867687,-0.226847,0.241841,-0.256627,
42.6742,-4.25233,4.50013,-0.977333,-0.231548,0.24001,-0.261822,
42.6803,-4.44846,4.3417,-1.07203,-0.227873,0.236698,-0.252876,
42.6863,-4.36484,4.12836,-1.00402,-0.22333,0.241718,-0.25388,
42.7299,-4.28592,4.32851,-0.999501,-0.226559,0.243163,-0.251589,
42.7342,-4.20029,4.34466,-0.917872,-0.229032,0.243685,-0.256521,
42.7403,-4.45296,4.10934,-0.971088,-0.221621,0.237539,-0.252936,
42.7434,-4.61443,4.03479,-1.1068,-0.223555,0.234288,-0.252652,
42.7489,-4.40665,4.58201,-1.09206,-0.235949,0.240689,-0.256099,
42.7551,-4.49507,4.10143,-0.97391,-0.221737,0.236746,-0.258004,
42.7582,-4.475,4.19019,-0.938965,-0.224226,0.238443,-0.251647,
42.7643,-4.33422,4.28722,-0.983884,-0.228138,0.238406,-0.254256,
42.7674,-4.51764,4.09547,-1.01936,-0.221355,0.236521,-0.253292,
42.7727,-4.08176,4.33816,-1.07839,-0.228457,0.248595,-0.252129,
42.7788,-4.51836,4.15674,-0.986487,-0.22533,0.236197,-0.247801,
42.7818,-4.41564,4.26673,-1.0559,-0.223625,0.238595,-0.257148,
42.7881,-4.48934,4.1919,-1.03224,-0.225291,0.237212,-0.254018,
42.7914,-4.40875,4.006,-1.10064,-0.220035,0.239859,-0.25385,
42.7947,-4.22573,4.28049,-0.985301,-0.229583,0.241764,-0.256857,
42.7993,-4.46653,4.13649,-1.02058,-0.223124,0.236746,-0.254768,
42.804,-4.22954,4.12629,-1.05661,-0.222369,0.242915,-0.248703,
42.8073,-4.35577,4.07167,-1.06593,-0.221027,0.240186,-0.25005,
42.813,-4.42512,4.43407,-1.02455,-0.230105,0.236758,-0.256925,
42.8192,-4.13446,4.32032,-1.08109,-0.22924,0.247458,-0.256307,
42.8223,-4.57542,4.05496,-1.0542,-0.222883,0.23849,-0.252756,
42.8283,-4.34875,4.20612,-1.02271,-0.225624,0.240183,-0.252928,
42.8345,-4.41723,4.16533,-1.02049,-0.223392,0.236611,-0.253814,
42.8377,-4.44951,4.21614,-1.06353,-0.227288,0.236394,-0.255094,
42.8438,-4.26623,4.35406,-0.904165,-0.228975,0.240782,-0.253116,
42.847,-4.40337,4.32401,-0.929356,-0.230365,0.24178,-0.25425,
42.8523,-4.31568,4.33507,-1.06529,-0.228011,0.243121,-0.250061,
42.8583,-4.40858,4.27759,-1.02746,-0.228033,0.237937,-0.252313,
42.8614,-4.40935,4.05234,-1.00146,-0.22208,0.238427,-0.247665,
42.8676,-4.52593,4.31321,-1.12561,-0.226755,0.234598,-0.251885,
42.8738,-4.67889,4.2255,-0.962737,-0.227143,0.232966,-0.256104,
42.8769,-4.37166,4.34144,-1.07837,-0.22818,0.239134,-0.252257,
42.8852,-4.36328,4.02492,-1.08156,-0.220014,0.240167,-0.255768,
42.8894,-4.30779,4.13286,-0.902922,-0.222011,0.241736,-0.252806,
42.8925,-4.38695,3.96066,-1.07814,-0.220004,0.240972,-0.254013,
42.8988,-4.33551,4.15834,-0.993434,-0.226754,0.240519,-0.251634,
42.9018,-4.49843,4.29148,-1.05438,-0.226738,0.23774,-0.262653,
42.9078,-4.60677,4.33118,-1.0935,-0.229681,0.234413,-0.257057,
42.9141,-4.36942,4.4606,-1.01574,-0.231855,0.237825,-0.256134,
42.9172,-4.38606,4.47385,-1.02994,-0.232614,0.238274,-0.251415,
42.9233,-4.57612,4.31398,-0.987042,-0.227016,0.235675,-0.257551,
42.9317,-4.31525,4.2579,-1.02624,-0.230408,0.241597,-0.252638,
42.935,-4.29616,4.07679,-0.959753,-0.223801,0.241953,-0.250823,
42.9432,-4.16506,4.24532,-1.07972,-0.226545,0.242618,-0.257103,
42.9493,-4.17211,4.39481,-0.930582,-0.229834,0.24555,-0.25555,
42.9524,-4.43694,4.15798,-1.08809,-0.224545,0.238713,-0.251093,
42.9587,-4.55337,4.18477,-1.00772,-0.227444,0.237184,-0.25009,
42.9618,-4.14363,4.33422,-1.02469,-0.228049,0.246755,-0.258244,
42.9678,-4.22555,4.29199,-1.0323,-0.229384,0.243448,-0.251799,
42.9732,-4.37747,4.09551,-1.13672,-0.222054,0.241079,-0.255055,
42.9763,-4.46359,4.25818,-1.09789,-0.225901,0.237211,-0.256944,
42.9826,-4.21607,4.07637,-1.08406,-0.224932,0.243009,-0.253406,
42.9888,-4.0883,4.55827,-1.06033,-0.236352,0.24569,-0.258958,
42.9919,-4.39135,4.42371,-1.14989,-0.231149,0.241205,-0.258428,
42.9982,-4.46973,4.11302,-1.10992,-0.221343,0.237495,-0.251204,
43.0043,-4.35751,4.24409,-1.10714,-0.225158,0.24154,-0.255567,
43.0074,-4.42482,4.21401,-1.0593,-0.227299,0.238764,-0.254468,
43.0127,-4.55507,4.06544,-1.28525,-0.222009,0.23752,-0.249735,
43.016,-4.34119,4.11321,-1.12162,-0.227576,0.241057,-0.251724,
43.0243,-4.37083,4.25238,-1.14334,-0.227605,0.240149,-0.258917,
43.0288,-4.20121,4.17304,-1.08164,-0.222697,0.245545,-0.257518,
43.032,-4.4101,4.07569,-1.13288,-0.221857,0.237836,-0.250795,
43.0382,-4.4346,4.00772,-1.04494,-0.218818,0.237858,-0.24984,
43.0443,-4.37892,4.22851,-1.01724,-0.226288,0.238836,-0.256956,
43.0475,-4.59512,4.01678,-1.13581,-0.223099,0.233596,-0.253934,
43.0527,-4.33479,4.13264,-1.18544,-0.222341,0.24284,-0.252553,
43.0588,-4.48788,4.38575,-1.12051,-0.229838,0.235351,-0.261187,
43.0621,-4.33165,4.48348,-1.18571,-0.231547,0.241036,-0.254954,
43.0696,-4.5199,4.13549,-1.16673,-0.224623,0.236411,-0.252143,
43.0758,-4.34759,4.25584,-1.24419,-0.228222,0.239297,-0.254454,
43.0789,-4.25083,4.19028,-1.14054,-0.226853,0.241774,-0.256455,
43.0851,-4.50535,4.307,-1.21732,-0.22873,0.235006,-0.25375,
43.0913,-4.49426,4.41445,-1.0912,-0.23141,0.238201,-0.25807,
43.0944,-4.13617,4.20272,-1.13099,-0.223415,0.245125,-0.257959,
43.0998,-4.54321,4.28388,-1.07103,-0.227791,0.235442,-0.256541,
43.1028,-4.26319,4.25861,-1.04529,-0.223798,0.242518,-0.251118,
43.1091,-4.33036,4.40478,-1.24072,-0.230048,0.243873,-0.257956,
43.1153,-4.41221,4.1057,-1.05739,-0.226519,0.238299,-0.254549,
43.1184,-4.65105,4.28156,-1.15766,-0.228094,0.233208,-0.25048,
43.1246,-4.39927,4.31191,-1.0215,-0.227324,0.240205,-0.260375,
43.1308,-4.32126,4.17363,-1.16429,-0.222683,0.242652,-0.25561,
43.134,-4.56792,4.29445,-1.21753,-0.225797,0.236486,-0.255626,
43.1403,-4.35247,4.32337,-1.10253,-0.229267,0.240972,-0.257088,
43.1463,-4.44155,4.40244,-1.17048,-0.230216,0.238755,-0.252183,
43.1494,-4.49201,4.07974,-1.15264,-0.224667,0.237489,-0.251698,
43.1538,-4.39432,4.02858,-1.17754,-0.220796,0.240025,-0.248136,
43.1595,-4.34672,4.25758,-1.06579,-0.227143,0.240518,-0.255799,
43.1628,-4.39615,4.31683,-1.05157,-0.226092,0.239571,-0.257369,
43.1674,-4.17157,4.31648,-1.02543,-0.226761,0.24397,-0.253592,
43.1758,-4.26348,4.02097,-1.215,-0.221612,0.247373,-0.257759,
43.179,-4.27659,4.55167,-1.03849,-0.235632,0.240224,-0.259226,
43.1842,-4.39229,4.35427,-0.980177,-0.231655,0.243087,-0.249695,
43.1903,-4.48811,3.89796,-1.04363,-0.216112,0.236546,-0.248206,
43.1934,-4.5175,4.05154,-1.07474,-0.224242,0.238919,-0.252052,
43.1978,-4.48875,4.44432,-1.03475,-0.232367,0.23671,-0.254827,
43.2009,-4.61336,4.09894,-1.01368,-0.222024,0.233584,-0.256704,
43.2072,-4.50976,4.14836,-1.03297,-0.22301,0.235748,-0.249414,
43.2124,-4.43936,4.32333,-1.12194,-0.229408,0.2376,-0.257577,
43.2156,-4.61882,4.11031,-1.03426,-0.222242,0.233041,-0.254746,
43.2218,-4.467,4.17823,-1.01918,-0.226545,0.236652,-0.251111,
43.2278,-4.55987,3.95036,-1.02382,-0.21786,0.232244,-0.248976,
43.2309,-4.55196,4.2586,-1.10138,-0.229941,0.234669,-0.253828,
43.2371,-4.39201,4.27678,-1.04502,-0.227452,0.241532,-0.254398,
43.2452,-4.51694,4.22936,-1.12674,-0.228824,0.23557,-0.257494,
43.2483,-4.46437,4.22729,-1.10117,-0.22234,0.237827,-0.250228,
43.2527,-4.33073,4.04454,-1.1179,-0.220401,0.238612,-0.253511,
43.2558,-4.43576,4.22862,-1.02909,-0.225692,0.237716,-0.252511,
43.2618,-4.37683,4.2814,-0.955344,-0.227496,0.240776,-0.245577,
43.2681,-4.77515,4.42221,-0.886795,-0.230213,0.230796,-0.259396,
43.2712,-4.39331,4.07998,-1.03922,-0.222038,0.238565,-0.247757,
43.2773,-4.41107,3.99537,-0.991024,-0.22064,0.239274,-0.2514,
43.2835,-4.64887,4.05131,-1.04163,-0.221795,0.233847,-0.2501,
43.2867,-4.36069,4.13503,-1.18139,-0.224502,0.240377,-0.254535,
43.2919,-4.25896,4.24874,-1.009,-0.227121,0.242914,-0.257139,
43.2982,-4.50375,4.16137,-1.00266,-0.222485,0.236644,-0.253078,
43.3013,-4.42782,4.32602,-1.0943,-0.228517,0.237013,-0.254082,
43.3073,-4.47856,4.44242,-1.20762,-0.232028,0.236411,-0.248853,
43.3104,-4.63758,4.18228,-1.12524,-0.224995,0.235874,-0.252641,
43.3167,-4.61425,4.10583,-1.12263,-0.222995,0.231639,-0.257406,
43.3228,-4.29876,4.36248,-1.07153,-0.228871,0.241098,-0.256374,
43.3654,-4.33311,4.16236,-1.05053,-0.224897,0.238715,-0.245878,
43.3697,-4.08887,4.21732,-0.957953,-0.223911,0.247048,-0.256681,
43.3769,-4.40657,4.29857,-1.08967,-0.224684,0.240299,-0.254664,
43.3802,-4.45859,4.042,-1.06725,-0.222817,0.234331,-0.252001,
43.3847,-4.57025,4.29447,-1.09474,-0.231592,0.234988,-0.25013,
43.3893,-4.43791,4.46036,-1.05358,-0.230229,0.238543,-0.26015,
43.3926,-4.50417,4.2503,-1.04948,-0.22541,0.236588,-0.261012,
43.4001,-4.6756,4.12357,-1.10485,-0.224991,0.231483,-0.252669,
43.4063,-4.30783,4.33246,-1.05795,-0.227834,0.243399,-0.254907,
43.4095,-4.21814,4.22062,-1.06293,-0.226794,0.242986,-0.253709,
43.4148,-4.2843,4.07578,-1.03861,-0.223674,0.243084,-0.251974,
43.4228,-4.52123,4.18076,-1.02962,-0.227112,0.237954,-0.252303,
43.4259,-4.1483,4.32539,-1.16508,-0.227918,0.246448,-0.256537,
43.4312,-4.17967,4.31197,-1.01315,-0.228309,0.24441,-0.255423,
43.4373,-4.39716,3.92469,-1.03637,-0.219681,0.238927,-0.248832,
43.4403,-4.55308,4.00234,-1.15515,-0.221166,0.236432,-0.252531,
43.4466,-4.65891,4.17056,-1.04523,-0.224745,0.232103,-0.256092,
43.4497,-4.32971,4.15413,-1.07215,-0.226918,0.240786,-0.260759,
43.4549,-4.45634,4.43846,-1.14171,-0.232372,0.238808,-0.25724,
43.4612,-4.49402,4.01083,-1.09696,-0.222065,0.236916,-0.253044,
43.4643,-4.28792,4.14735,-0.948884,-0.223685,0.239214,-0.25514,
43.472,-4.46502,4.23218,-1.1232,-0.227398,0.238083,-0.256257,
43.4783,-4.65797,4.18496,-1.0128,-0.224876,0.23232,-0.25853,
43.4814,-4.51802,4.04626,-1.06121,-0.22274,0.237475,-0.255882,
43.4876,-4.24304,4.20967,-1.08527,-0.223998,0.24098,-0.259135,
43.4929,-4.10953,4.68319,-1.09821,-0.237319,0.246018,-0.256366,
43.4961,-4.37985,4.16787,-0.957357,-0.224928,0.238094,-0.250238,
43.5023,-4.36095,4.46116,-1.05554,-0.231893,0.24195,-0.257439,
43.5083,-4.61693,4.18969,-1.02257,-0.226402,0.231769,-0.252927,
43.5116,-4.55796,4.17564,-1.11763,-0.223815,0.238251,-0.250177,
43.516,-4.44923,4.42717,-1.07451,-0.232703,0.238462,-0.249023,
43.5223,-4.55525,4.35627,-1.15487,-0.230074,0.235805,-0.258868,
43.5255,-4.55924,4.03975,-1.14938,-0.223266,0.236706,-0.25004,
43.5308,-4.38535,4.2337,-1.17058,-0.225788,0.237402,-0.259789,
43.5338,-4.11228,4.24068,-1.14698,-0.227751,0.248004,-0.256197,
43.5401,-4.66798,4.11838,-1.22663,-0.220551,0.229753,-0.257833,
43.5463,-4.3958,4.20573,-1.09817,-0.226306,0.24178,-0.254095,
43.5494,-4.2659,4.34762,-1.05313,-0.228978,0.241495,-0.254016,
43.5557,-4.43873,4.00626,-1.03271,-0.219312,0.238868,-0.255401,
43.5631,-4.51019,4.0087,-1.11013,-0.220752,0.236023,-0.252539,
43.5663,-4.35988,4.41955,-1.04595,-0.228878,0.239774,-0.256349,
43.5715,-4.51116,4.27522,-1.10637,-0.229131,0.236037,-0.254984,
43.5777,-4.33183,4.23113,-1.28947,-0.225411,0.243451,-0.251059,
43.5808,-4.4096,4.0707,-1.04688,-0.221411,0.237607,-0.255296,
43.5868,-4.49843,4.08639,-1.21828,-0.222301,0.238258,-0.258703,
43.5899,-4.40767,4.14546,-1.19914,-0.223488,0.238111,-0.250106,
43.5962,-4.47238,3.96944,-1.08559,-0.21903,0.237918,-0.249843,
43.6042,-4.27188,4.2992,-1.0545,-0.227508,0.242975,-0.257457,
43.6073,-4.42782,4.26437,-1.16196,-0.226983,0.237399,-0.256703,
43.6117,-4.40944,4.13777,-1.08736,-0.223985,0.238575,-0.252573,
43.6178,-4.30867,4.28315,-1.18712,-0.228579,0.243177,-0.256404,
43.6209,-4.27309,4.05206,-1.06858,-0.223183,0.241681,-0.254224,
43.6272,-4.39466,4.13467,-1.05162,-0.225932,0.238494,-0.248965,
43.6333,-4.48402,4.25543,-1.05793,-0.230126,0.237236,-0.258058,
43.6364,-4.32381,4.28326,-1.0832,-0.227206,0.242426,-0.25563,
43.6426,-4.57978,4.28826,-1.12147,-0.229141,0.234378,-0.25768,
43.6459,-4.25426,4.21488,-1.07039,-0.224185,0.243615,-0.254908,
43.6534,-4.20513,4.16077,-1.00094,-0.224589,0.243676,-0.253876,
43.6592,-4.66616,4.13676,-1.15104,-0.225729,0.234599,-0.251903,
43.6636,-4.30374,4.16386,-1.00842,-0.223566,0.242017,-0.252028,
43.6667,-4.6478,3.87484,-1.10984,-0.217673,0.233396,-0.254139,
43.6728,-4.41635,4.27869,-1.113,-0.229319,0.240526,-0.260917,
43.6759,-4.38475,4.33842,-1.00123,-0.229125,0.239556,-0.256807,
43.6822,-4.16008,4.25953,-1.04123,-0.226137,0.244272,-0.252066,
43.6883,-4.4995,4.06794,-1.09804,-0.221205,0.233934,-0.250116,
43.6916,-4.238,4.42882,-0.987632,-0.230075,0.244771,-0.254572,
43.6971,-4.50376,4.33498,-1.14986,-0.227548,0.238649,-0.258593,
43.7033,-4.40869,4.17462,-1.06674,-0.226811,0.237899,-0.25537,
43.7064,-4.26342,4.1456,-1.27962,-0.225214,0.243086,-0.255935,
43.7127,-4.26915,4.33817,-1.1519,-0.229545,0.243138,-0.260745,
43.7188,-4.10508,4.15676,-1.10104,-0.224359,0.246701,-0.246108,
43.7219,-4.25057,3.93394,-1.12408,-0.216731,0.243633,-0.249807,
43.7281,-4.48931,4.23189,-1.07647,-0.22701,0.238997,-0.250061,
43.7333,-4.43502,4.25505,-1.12963,-0.228381,0.236376,-0.250639,
43.7366,-4.31105,4.17525,-1.14275,-0.227213,0.242725,-0.254899,
43.7428,-4.50664,4.08969,-1.15227,-0.222583,0.237798,-0.255308,
43.7459,-4.24209,4.36508,-1.01961,-0.227897,0.244893,-0.257051,
43.7522,-4.41274,4.1903,-1.06531,-0.225586,0.237829,-0.25075,
43.7583,-4.44157,4.05224,-1.11676,-0.220451,0.241597,-0.247827,
43.7614,-4.34872,4.22398,-1.07899,-0.22702,0.242291,-0.257774,
43.7677,-4.38389,4.09977,-1.19244,-0.22484,0.240439,-0.251316,
43.7728,-4.23812,4.18266,-1.24632,-0.225994,0.240077,-0.250808,
43.776,-4.16931,4.3563,-1.1398,-0.229827,0.242819,-0.255811,
43.7834,-4.16314,4.20422,-1.04646,-0.226449,0.243747,-0.256375,
43.788,-4.39925,4.27215,-1.16283,-0.227091,0.236254,-0.254973,
43.7912,-4.21279,4.13044,-1.02719,-0.221254,0.239558,-0.252706,
43.7973,-4.524,4.18746,-1.05455,-0.226285,0.235657,-0.261378,
43.8035,-4.22372,4.14764,-1.03941,-0.226424,0.24349,-0.254251,
43.8067,-4.34811,4.23796,-1.07733,-0.226114,0.240906,-0.255972,
43.8119,-4.28463,4.16454,-1.12219,-0.224313,0.241589,-0.255046,
43.8181,-4.26381,4.31661,-1.03746,-0.229435,0.243029,-0.255578,
43.8212,-4.4738,4.01584,-0.945143,-0.221573,0.234984,-0.249743,
43.8273,-4.32249,4.08245,-1.14945,-0.223026,0.240628,-0.249558,
43.8304,-4.2985,4.23345,-1.05337,-0.22354,0.242709,-0.254496,
43.8366,-4.34623,4.18862,-0.920932,-0.223728,0.239522,-0.258039,
43.8428,-4.43181,4.31343,-1.01115,-0.228231,0.238313,-0.253007,
43.8852,-4.39652,4.21778,-1.14689,-0.228239,0.239103,-0.249576,
43.8893,-3.94072,4.07922,-1.12755,-0.221308,0.249555,-0.253428,
43.8953,-4.32839,4.18687,-0.91123,-0.223682,0.241795,-0.255984,
43.8984,-4.45504,4.25703,-1.07982,-0.228678,0.238808,-0.258298,
43.9046,-4.25315,4.20309,-1.09573,-0.228079,0.242371,-0.258057,
43.9077,-4.32304,4.21535,-1.05256,-0.225593,0.24182,-0.254045,
43.9138,-4.40533,4.23441,-1.08347,-0.225202,0.238966,-0.258833,
43.9215,-4.1803,4.07894,-1.08147,-0.221951,0.245167,-0.252758,
43.9249,-4.27657,4.03143,-1.07401,-0.223599,0.243539,-0.250218,
43.9303,-4.52661,4.46,-1.20717,-0.229354,0.235882,-0.257624,
43.9363,-4.34616,4.16645,-1.13362,-0.227,0.242195,-0.252168,
43.9394,-4.18035,4.43665,-1.08664,-0.232073,0.243945,-0.254889,
43.9457,-4.4084,4.33577,-1.02603,-0.227463,0.237419,-0.256042,
43.9518,-4.39957,3.96816,-1.11214,-0.220083,0.240623,-0.255039,
43.9548,-4.39152,4.03414,-1.11878,-0.219174,0.239,-0.251584,
43.9612,-4.50311,4.21446,-1.10291,-0.222845,0.235836,-0.258459,
44.0861,-4.40895,4.37407,-1.02932,-0.228099,0.23745,-0.256928,
44.0892,-4.18957,4.00457,-1.04864,-0.219635,0.240984,-0.252794,
44.0933,-4.52069,4.44231,-1.0008,-0.229602,0.234708,-0.257306,
44.0997,-4.6081,4.38317,-0.986923,-0.227863,0.233848,-0.258356,
44.1027,-4.50023,4.32225,-1.09968,-0.227752,0.23586,-0.254425,
44.1088,-4.28081,4.18784,-1.01583,-0.223192,0.240427,-0.250113,
44.1119,-4.36949,4.37022,-1.02272,-0.229918,0.238413,-0.255453,
44.1181,-4.44473,4.01362,-0.977368,-0.22198,0.23948,-0.251672,
44.1863,-4.33838,4.21284,-0.953005,-0.224825,0.239694,-0.258986,
44.1896,-4.46436,4.2826,-1.12541,-0.221556,0.239173,-0.256187,
44.1951,-4.23889,4.28633,-0.965393,-0.228379,0.240446,-0.25803,
44.2013,-4.55797,3.91785,-1.06137,-0.220635,0.233997,-0.249838,
44.2043,-4.37798,4.18157,-1.1369,-0.225929,0.238178,-0.2564,
44.2106,-4.32709,4.19557,-1.08447,-0.226945,0.241649,-0.259584,
44.2137,-4.27711,4.20371,-1.06476,-0.22592,0.240812,-0.255105,
44.2198,-4.36421,4.3226,-1.07945,-0.226323,0.238879,-0.257945,
44.3043,-4.57285,4.11999,-1.14289,-0.224115,0.234511,-0.253131,
44.3075,-4.37982,3.92961,-0.964639,-0.217942,0.240052,-0.25028,
44.3117,-4.28177,4.24359,-1.09779,-0.227719,0.241626,-0.261639,
44.3178,-4.28381,4.20591,-0.929439,-0.225996,0.240225,-0.25585,
44.3209,-4.29571,4.03593,-1.03561,-0.223513,0.241601,-0.25211,
44.3282,-3.99685,4.27465,-1.01539,-0.229979,0.246916,-0.252066,
44.3343,-4.45767,4.16006,-0.992969,-0.223379,0.240525,-0.255711,
44.3373,-4.44189,4.08165,-0.92641,-0.224077,0.237762,-0.254556,
44.4181,-4.4984,4.15946,-0.930579,-0.223738,0.237159,-0.25131,
44.4213,-4.11143,4.33786,-0.972345,-0.229767,0.246353,-0.252543,
44.4268,-4.26528,4.31678,-0.962293,-0.231587,0.242055,-0.259133,
44.4299,-4.61426,4.11476,-1.03765,-0.225791,0.232468,-0.253385,
44.4362,-4.30612,4.33707,-0.973747,-0.230389,0.239249,-0.255389,
44.4423,-4.3061,4.17908,-0.876049,-0.224544,0.242877,-0.249304,
44.4454,-4.45372,4.12971,-1.11239,-0.221786,0.237154,-0.251766,
44.4516,-4.35768,4.12869,-1.03559,-0.224725,0.238176,-0.253274,
44.4579,-4.33016,4.31386,-1.05702,-0.22834,0.23867,-0.257171,
44.4612,-4.33796,4.30039,-1.06667,-0.227987,0.242097,-0.258375,
44.4693,-4.41913,4.048,-1.07406,-0.221326,0.241857,-0.248406,
44.4746,-4.47995,4.36796,-1.07524,-0.228002,0.239256,-0.254126,
44.4777,-4.33291,4.26654,-0.946724,-0.228669,0.238765,-0.251547,
44.4838,-4.29055,4.18804,-1.18991,-0.224016,0.242301,-0.251521,
44.4869,-4.22217,4.21757,-1.1354,-0.225461,0.243236,-0.251354,
44.4932,-4.29128,4.349,-1.00647,-0.226804,0.241403,-0.255139,
44.4994,-4.27171,4.39537,-0.978162,-0.229706,0.241165,-0.258007,
44.5026,-4.47478,4.03307,-1.02249,-0.222753,0.237664,-0.251049,
44.5069,-4.44949,4.25361,-0.995495,-0.226731,0.237735,-0.257094,
44.5132,-4.45976,4.17898,-1.21107,-0.222495,0.235626,-0.252018,
44.5163,-4.40148,4.10091,-1.01344,-0.222179,0.239571,-0.252063,
44.5223,-4.45832,4.41823,-0.973397,-0.228707,0.238338,-0.258135,
44.5285,-4.29669,4.23263,-0.968512,-0.224703,0.241227,-0.257769,
44.5316,-4.2249,4.3633,-1.02566,-0.228622,0.240015,-0.255061,
44.5378,-4.50331,4.44718,-0.998934,-0.234165,0.235704,-0.258384,
44.541,-4.37409,4.20482,-0.917464,-0.224451,0.238327,-0.257113,
44.5463,-4.34598,4.18578,-1.01093,-0.226823,0.237592,-0.255524,
44.552,-4.29413,3.92347,-1.00345,-0.219381,0.243399,-0.251792,
44.5565,-4.3342,4.23277,-1.08854,-0.226452,0.239869,-0.258745,
44.5598,-4.25308,4.25314,-0.995811,-0.226851,0.240584,-0.258203,
44.5681,-4.32739,4.11609,-0.88593,-0.224067,0.240747,-0.252662,
44.5743,-4.24782,4.18176,-1.13165,-0.224441,0.241493,-0.252059,
44.5774,-4.36561,4.37785,-1.10469,-0.232566,0.237162,-0.255638,
44.5828,-4.53559,4.05678,-1.10621,-0.221604,0.236246,-0.252723,
44.5858,-4.28909,4.34234,-1.05228,-0.229472,0.245946,-0.252868,
44.5922,-4.29095,4.2117,-0.966056,-0.225465,0.240156,-0.259373,
44.5965,-4.15442,4.21982,-1.08495,-0.225879,0.245606,-0.248761,
44.5996,-4.13164,4.18345,-1.21142,-0.226062,0.243707,-0.250564,
44.6058,-4.55865,4.03755,-1.01284,-0.224259,0.238074,-0.2535,
44.6121,-4.12946,4.43683,-1.02539,-0.228663,0.244997,-0.254131,
44.6152,-4.49386,4.19222,-1.12974,-0.226353,0.234967,-0.251433,
44.6204,-4.12713,3.98294,-1.11024,-0.219335,0.243605,-0.256542,
44.6267,-4.11461,4.17464,-1.07849,-0.224945,0.24513,-0.250685,
44.6297,-4.25273,4.09655,-1.09427,-0.222266,0.242834,-0.257879,
44.6369,-4.31793,4.3288,-1.10051,-0.23045,0.242166,-0.254027,
44.6415,-4.0894,4.19945,-1.1299,-0.224639,0.245368,-0.255334,
44.6446,-4.27187,4.21746,-1.17733,-0.225664,0.240888,-0.258733,
44.6508,-4.54402,4.12753,-0.991784,-0.221753,0.235476,-0.250191,
44.6539,-4.32296,4.2717,-1.14672,-0.227553,0.241414,-0.257363,
44.6592,-4.33581,4.1914,-1.05123,-0.224946,0.239729,-0.255236,
44.6653,-4.33709,4.23481,-1.02056,-0.224005,0.237937,-0.25758,
44.6684,-4.24802,4.13481,-1.0942,-0.22353,0.242585,-0.256607,
44.6747,-4.59611,4.22243,-0.965569,-0.223537,0.235106,-0.259532,
44.6827,-4.05897,4.37167,-1.00276,-0.230404,0.244833,-0.257042,
44.6858,-4.43645,4.04781,-1.01412,-0.223476,0.237323,-0.254494,
44.6908,-4.41037,4.131,-1.05963,-0.225593,0.238231,-0.252501,
44.694,-4.04307,4.28885,-1.13657,-0.228315,0.246416,-0.254811,
44.6993,-4.48384,4.07353,-1.08008,-0.222255,0.238054,-0.25048,
44.7053,-4.3578,4.40677,-1.07357,-0.232171,0.239876,-0.262192,
44.7084,-4.39172,4.28346,-1.04128,-0.225844,0.241055,-0.255989,
44.7146,-4.43247,3.91309,-1.19855,-0.218468,0.23813,-0.247846,
44.7208,-4.43748,4.11555,-1.18451,-0.224145,0.23538,-0.243792,
44.7239,-4.21009,4.01057,-1.18872,-0.220236,0.241579,-0.251603,
44.7312,-4.31393,4.32115,-1.14471,-0.229388,0.239966,-0.252906,
44.7768,-4.27419,4.31698,-1.14197,-0.228726,0.23964,-0.254123,
44.7799,-4.35076,4.16567,-1.11129,-0.222825,0.241165,-0.250751,
44.7842,-4.32253,4.242,-1.11476,-0.223875,0.240441,-0.256177,
44.7902,-4.4442,4.20864,-1.10684,-0.224897,0.239811,-0.254761,
44.7933,-4.37981,3.92234,-1.11623,-0.218555,0.239105,-0.25158,
44.7996,-4.38554,4.29508,-1.15614,-0.225841,0.241643,-0.253927,
44.8027,-4.3501,4.11786,-1.2415,-0.222027,0.240539,-0.254444,
44.8088,-3.96494,4.29422,-1.21304,-0.229102,0.248883,-0.255239,
44.8598,-4.23473,4.17107,-1.10972,-0.226329,0.244467,-0.255588,
44.8632,-4.56539,4.1716,-1.12519,-0.224476,0.23578,-0.254593,
44.8673,-4.32084,4.26587,-1.03381,-0.228889,0.240743,-0.252153,
44.8735,-4.32872,4.19055,-1.01157,-0.225341,0.241097,-0.255628,
44.8767,-4.38439,4.43966,-1.20464,-0.228419,0.2394,-0.2569,
44.8828,-4.34418,4.28606,-1.06736,-0.228842,0.236909,-0.257813,
44.8859,-4.40156,4.10988,-1.07689,-0.220742,0.237099,-0.252206,
44.8921,-4.55196,4.09228,-1.01731,-0.220446,0.236451,-0.25764,
45.0511,-4.16526,4.34718,-1.05106,-0.229075,0.245617,-0.259523,
45.0542,-4.30335,4.14072,-1.14495,-0.225747,0.24107,-0.255708,
45.0594,-4.51135,4.22345,-1.09282,-0.226435,0.238081,-0.254641,
45.0625,-4.10425,4.53399,-1.06379,-0.233072,0.244542,-0.252302,
45.0687,-4.27591,4.22652,-1.16484,-0.226737,0.243597,-0.253686,
45.0748,-4.19075,4.06753,-1.09486,-0.223561,0.244067,-0.248438,
45.0779,-4.15138,4.31011,-1.07058,-0.230765,0.243811,-0.256008,
45.0842,-4.08464,4.28693,-1.04311,-0.228041,0.248358,-0.257873,
45.0889,-4.25361,4.28954,-0.98804,-0.228033,0.24448,-0.251274,
45.0923,-4.53735,4.18435,-1.10649,-0.223448,0.23482,-0.25371,
45.0968,-4.36919,4.1268,-1.13474,-0.223714,0.238185,-0.257241,
45.1031,-4.38197,4.25179,-1.21248,-0.226578,0.24102,-0.257388,
45.1062,-4.25265,4.42249,-1.14989,-0.229988,0.24412,-0.257495,
45.1123,-4.32344,4.12167,-1.21767,-0.220035,0.240523,-0.250562,
45.1185,-4.14255,4.24783,-1.13971,-0.225255,0.242894,-0.254522,
45.1216,-4.07777,4.23278,-1.1672,-0.223553,0.246864,-0.253873,
45.1278,-4.42591,4.19466,-1.2456,-0.226216,0.238716,-0.253863,
45.1325,-4.31982,4.12115,-1.19502,-0.226233,0.243821,-0.249867,
45.1358,-4.27199,4.43805,-1.27906,-0.230435,0.242438,-0.255611,
45.1424,-4.21542,4.34173,-1.22391,-0.229933,0.243146,-0.259178,
45.1486,-4.14753,4.17485,-1.24285,-0.227008,0.244205,-0.253944,
45.1517,-4.5067,4.38163,-1.14333,-0.228335,0.239347,-0.256128,
45.1578,-4.57133,4.32691,-1.15859,-0.227809,0.235118,-0.257253,
45.1609,-4.5796,4.106,-1.09525,-0.22239,0.234557,-0.253749,
45.1672,-4.4218,4.11697,-1.22428,-0.223605,0.239775,-0.25112,
45.1724,-4.35995,4.49617,-1.08697,-0.231354,0.239604,-0.257567,
45.1756,-4.21877,4.19021,-1.09355,-0.225156,0.241999,-0.253772,
45.1818,-4.36692,4.24401,-1.17906,-0.227295,0.237736,-0.252372,
45.188,-4.38082,4.44381,-1.15078,-0.2299,0.23686,-0.25908,
45.1912,-4.41659,4.32571,-1.11506,-0.226459,0.239473,-0.256221,
45.1973,-4.25979,4.0623,-1.05798,-0.221381,0.240981,-0.248538,
45.2033,-4.36417,3.98674,-1.04835,-0.219333,0.240082,-0.253425,
45.2064,-4.33703,4.11638,-0.97265,-0.224827,0.238499,-0.25715,
45.2118,-4.3498,4.20956,-1.07796,-0.228897,0.238702,-0.256616,
45.2148,-4.24491,4.26141,-1.10645,-0.227158,0.240507,-0.252332,
45.2212,-4.17042,4.20639,-1.02392,-0.22516,0.242701,-0.25763,
45.2277,-4.20546,4.25045,-1.06022,-0.229575,0.242631,-0.260168,
45.2308,-4.46557,4.12894,-1.12933,-0.222825,0.23764,-0.254594,
45.2361,-4.15059,4.07641,-1.07368,-0.222163,0.243579,-0.251608,
45.2423,-4.40456,4.16696,-1.07667,-0.224858,0.240595,-0.257206,
45.2454,-4.61121,4.06067,-1.10899,-0.222443,0.234357,-0.25662,
45.2507,-4.41859,4.31942,-0.98783,-0.228899,0.238596,-0.256547,
45.2568,-4.63513,4.22054,-1.19008,-0.229482,0.234552,-0.258479,
45.2598,-4.48157,4.26634,-1.12273,-0.227374,0.237623,-0.252063,
45.2662,-4.65268,4.07187,-0.997837,-0.224629,0.233976,-0.251136,
45.2708,-4.36394,4.30106,-1.0064,-0.228241,0.240622,-0.252111,
45.2742,-4.3682,4.43223,-1.01751,-0.228789,0.240089,-0.255371,
45.2803,-4.17795,4.08464,-1.09278,-0.2221,0.246069,-0.253046,
45.3658,-4.47974,4.15264,-1.11459,-0.224509,0.239481,-0.256996,
45.3689,-4.38006,4.44974,-1.12568,-0.229714,0.239864,-0.257978,
45.3732,-4.39118,4.06149,-1.0352,-0.223181,0.239704,-0.25705,
45.3793,-4.0776,4.03876,-1.02128,-0.217627,0.245931,-0.248686,
45.3824,-4.46356,4.09407,-1.18325,-0.223466,0.240377,-0.249935,
45.3886,-4.43052,4.26842,-1.01568,-0.227933,0.238146,-0.25335,
45.3917,-4.4646,4.2652,-1.12074,-0.225097,0.235601,-0.255838,
45.3978,-4.40882,4.17127,-1.09468,-0.226357,0.240287,-0.253545,
45.4813,-4.37413,4.29358,-1.09127,-0.224888,0.240072,-0.254758,
45.4856,-4.50837,4.18684,-1.15167,-0.22314,0.23715,-0.25551,
45.4887,-4.63319,4.08756,-1.1674,-0.224202,0.234356,-0.252653,
45.495,-4.02213,4.19959,-1.08435,-0.223494,0.248111,-0.260682,
45.5012,-4.17957,4.15956,-1.0226,-0.220699,0.244001,-0.255973,
45.5043,-4.43719,4.26652,-1.01632,-0.226456,0.237618,-0.258625,
45.5106,-4.51958,4.30728,-1.05884,-0.228378,0.236317,-0.257847,
45.5137,-4.43745,4.33155,-1.09967,-0.228771,0.236789,-0.254578,
45.6311,-4.55293,4.29992,-0.95845,-0.228142,0.234532,-0.259989,
45.6343,-4.42169,4.19488,-1.04222,-0.223446,0.237095,-0.259424,
45.6397,-4.2978,4.10029,-1.03316,-0.222138,0.241965,-0.254917,
45.6428,-4.50258,3.88696,-1.11043,-0.214817,0.234009,-0.248613,
45.6491,-4.27351,4.27061,-1.07085,-0.227066,0.239724,-0.257274,
45.6553,-4.36986,4.39116,-1.03308,-0.229648,0.242534,-0.25437,
45.6584,-4.33269,4.29556,-1.06971,-0.226266,0.240536,-0.253244,
45.6646,-4.23754,4.068,-1.04111,-0.22046,0.242482,-0.255086,
45.6728,-4.50377,4.3417,-1.01258,-0.228383,0.238308,-0.257232,
45.6761,-4.40565,4.01327,-1.12716,-0.220187,0.23757,-0.251382,
45.6818,-4.31097,4.06501,-0.941043,-0.22029,0.242451,-0.252077,
45.6865,-4.35487,4.18908,-1.01276,-0.224649,0.242814,-0.257245,
45.6897,-4.22584,4.22262,-1.03845,-0.226121,0.242416,-0.256414,
45.6958,-4.42537,4.37403,-1.08246,-0.229219,0.235792,-0.253632,
45.702,-4.43037,4.16077,-1.13853,-0.221325,0.239651,-0.256394,
45.7052,-4.26548,4.0868,-1.11059,-0.22136,0.243235,-0.254577,
45.7113,-4.32091,4.09265,-1.05498,-0.222291,0.240136,-0.251285,
45.7195,-4.29072,4.12694,-1.16092,-0.223619,0.242007,-0.249184,
45.7227,-4.21002,4.47707,-1.01903,-0.230928,0.2457,-0.253268,
45.7288,-4.40632,4.13808,-1.0289,-0.224618,0.236741,-0.25324,
45.7319,-4.28219,4.1454,-1.17143,-0.227309,0.243398,-0.260437,
45.7382,-4.10619,4.29791,-1.04888,-0.226561,0.244518,-0.260102,
45.7443,-4.16697,4.07039,-1.01781,-0.224425,0.243009,-0.254741,
45.7473,-4.45878,3.95006,-1.0866,-0.218134,0.236842,-0.252126,
45.7536,-4.44583,4.26804,-1.03073,-0.22508,0.235328,-0.25541,
45.7589,-4.18536,4.23236,-1.14025,-0.227324,0.241868,-0.253983,
45.7622,-4.25111,4.25339,-1.06672,-0.226838,0.245017,-0.253899,
45.7676,-4.27832,4.26701,-0.921408,-0.227636,0.242949,-0.254025,
45.7722,-4.21338,4.27282,-1.00474,-0.225764,0.243613,-0.257376,
45.7755,-4.35611,3.97296,-1.06233,-0.22071,0.241102,-0.252616,
45.7817,-4.36691,4.25393,-1.15583,-0.226591,0.238607,-0.255979,
45.7878,-4.28871,4.34889,-1.17178,-0.227744,0.241708,-0.258726,
45.7909,-4.2401,4.10243,-1.21599,-0.222372,0.240711,-0.255835,
45.7962,-4.31138,4.18701,-1.26086,-0.221748,0.243853,-0.254287,
45.8023,-4.28922,4.12337,-1.20044,-0.222543,0.241387,-0.248413,
45.8056,-4.54505,4.21195,-1.17592,-0.22387,0.236002,-0.260142,
45.8102,-4.42522,4.43162,-1.10212,-0.228929,0.23886,-0.258219,
45.8162,-4.38037,4.26259,-1.15508,-0.227227,0.238572,-0.255889,
45.8193,-4.30456,4.19527,-1.19699,-0.225809,0.242224,-0.250449,
45.8256,-4.37049,4.24353,-1.15391,-0.225594,0.243665,-0.252848,
45.8287,-4.41513,4.16699,-1.21025,-0.223664,0.238359,-0.256866,
45.8339,-4.27984,4.35819,-1.28873,-0.22835,0.242622,-0.256367,
45.8402,-4.43984,4.18544,-1.05771,-0.22527,0.236902,-0.257841,
45.8433,-4.455,4.34452,-1.18834,-0.229048,0.239302,-0.256537,
45.8494,-4.35974,4.27605,-1.22986,-0.229229,0.23979,-0.252954,
45.8539,-4.16636,4.25517,-1.18213,-0.225095,0.241644,-0.253149,
45.8571,-4.41784,4.14293,-1.25356,-0.223618,0.239463,-0.257245,
45.8633,-4.24651,3.95363,-1.2177,-0.218532,0.243729,-0.251367,
45.8695,-4.38555,4.34723,-1.19359,-0.228043,0.238349,-0.254401,
45.8727,-4.29193,4.05599,-1.15267,-0.220893,0.241666,-0.257081,
45.8778,-4.48119,4.18611,-1.11546,-0.224771,0.236624,-0.243734,
45.8841,-4.47301,4.39738,-1.12667,-0.230958,0.238121,-0.253859,
45.8872,-4.19371,4.24225,-1.13048,-0.227431,0.244626,-0.252541,
45.8933,-4.26726,4.01305,-1.22345,-0.218021,0.243412,-0.248327,
45.8965,-3.95376,4.43419,-1.19513,-0.229839,0.248872,-0.25748,
45.9037,-4.3852,4.1537,-1.13985,-0.224219,0.241919,-0.260037,
45.9098,-4.2243,4.38569,-1.11646,-0.233046,0.242798,-0.256557,
45.913,-4.5456,4.30818,-0.922475,-0.22862,0.235574,-0.257435,
45.9183,-4.30404,4.19654,-0.986639,-0.224723,0.241216,-0.259282,
45.9245,-4.34337,4.19676,-1.17184,-0.223153,0.238907,-0.252179,
45.9276,-4.34826,4.13949,-0.94149,-0.221797,0.238821,-0.248657,
45.9338,-4.17281,4.15924,-1.17583,-0.224968,0.245218,-0.254695,
45.937,-4.27943,4.39607,-1.03535,-0.231602,0.240638,-0.258621,
45.9432,-4.28552,4.32052,-1.10363,-0.226981,0.240231,-0.25767,
45.9493,-4.39594,4.30546,-0.989117,-0.228539,0.235288,-0.255681,
45.9525,-4.23207,4.30967,-1.11493,-0.228809,0.242591,-0.257307,
45.9577,-4.30804,4.3416,-1.07096,-0.227265,0.238484,-0.256753,
45.9638,-4.49572,4.09068,-1.09792,-0.221527,0.238988,-0.254241,
45.9668,-4.32217,3.9939,-1.09124,-0.220283,0.241598,-0.25117,
45.9731,-4.23517,4.3708,-0.975672,-0.229449,0.244209,-0.255953,
45.9793,-4.23874,4.20357,-1.12834,-0.225059,0.243613,-0.253973,
45.9824,-4.42118,3.99089,-1.10342,-0.219758,0.240409,-0.255943,
45.9907,-4.31531,4.18584,-1.24582,-0.225605,0.240103,-0.253617,
45.9977,-4.26969,4.21422,-1.13565,-0.226568,0.240641,-0.251669,
46.0008,-4.30289,4.11618,-1.1707,-0.22093,0.240591,-0.254493,
46.0068,-4.2487,4.268,-1.05274,-0.227879,0.244833,-0.257095,
46.01,-4.23784,4.24648,-1.09687,-0.227848,0.24278,-0.257449,
46.0162,-4.36484,4.02564,-1.02517,-0.219806,0.240103,-0.251725,
46.0223,-4.51387,4.27241,-1.09355,-0.225704,0.236639,-0.253527,
46.0254,-4.47918,4.20949,-1.13027,-0.225134,0.237472,-0.253355,
46.1097,-4.30545,4.26984,-1.15456,-0.227028,0.239571,-0.255887,
46.1138,-4.50576,4.00742,-1.06843,-0.218975,0.238052,-0.254646,
46.1168,-4.27988,4.3935,-1.1911,-0.22852,0.241756,-0.255416,
46.1251,-4.40304,4.42223,-1.15411,-0.232227,0.241035,-0.257216,
46.1303,-4.29122,4.04073,-1.30246,-0.220382,0.243574,-0.25516,
46.1334,-4.45524,4.33862,-1.05712,-0.229401,0.238874,-0.253663,
46.1396,-4.27993,4.08327,-1.10929,-0.223337,0.24059,-0.251189,
46.1458,-4.53625,4.07732,-1.17209,-0.224001,0.234857,-0.250671,
46.2273,-4.46733,4.07492,-1.10065,-0.220763,0.234552,-0.255408,
46.2316,-4.6734,4.21833,-1.08686,-0.223995,0.230662,-0.254931,
46.2378,-4.35826,4.25192,-1.10659,-0.226965,0.240564,-0.250233,
46.2409,-4.426,4.05772,-1.1553,-0.220521,0.236589,-0.247963,
46.2471,-4.41543,4.26631,-1.15385,-0.227305,0.237237,-0.249617,
46.2533,-4.1833,4.22831,-1.18119,-0.223003,0.243289,-0.254219,
46.2565,-4.44509,4.07557,-1.09824,-0.223846,0.238068,-0.25645,
46.2627,-4.47416,4.30797,-1.11933,-0.22741,0.236921,-0.254723,
46.3106,-4.45764,4.40994,-1.06909,-0.228558,0.237512,-0.262811,
46.3139,-4.73014,4.05118,-1.01888,-0.223849,0.23285,-0.252504,
46.3192,-4.49027,4.12427,-1.21015,-0.222518,0.238082,-0.249848,
46.3252,-4.25433,4.14238,-1.14164,-0.221234,0.241252,-0.257905,
46.3283,-4.29421,4.18361,-1.17661,-0.223471,0.239324,-0.253678,
46.3346,-4.41626,4.07119,-1.17171,-0.222562,0.237466,-0.255146,
46.3377,-4.32206,4.39634,-1.06842,-0.231473,0.242349,-0.259448,
46.3438,-4.37074,4.21574,-1.07641,-0.224143,0.242098,-0.259251,
46.3516,-4.23476,4.20215,-1.03685,-0.223634,0.243266,-0.256625,
46.3548,-4.30913,4.01742,-1.06309,-0.221011,0.23868,-0.251343,
46.3605,-4.67611,4.23801,-1.09336,-0.226574,0.234345,-0.256155,
46.365,-4.42077,4.29491,-1.10095,-0.227456,0.237454,-0.256965,
46.3713,-4.55204,4.16668,-1.06216,-0.224765,0.235081,-0.253318,
46.3744,-4.39439,4.19439,-1.07487,-0.22681,0.235164,-0.251026,
46.3806,-4.32412,4.28034,-1.08839,-0.228473,0.23917,-0.255582,
46.3837,-4.38445,4.2476,-1.11345,-0.226714,0.234122,-0.257882,
46.3899,-4.3139,4.08124,-1.25366,-0.221407,0.24017,-0.254299,
46.3954,-4.70425,4.30663,-1.14072,-0.230045,0.228618,-0.257159,
46.3986,-4.43434,4.14611,-0.837811,-0.223873,0.23632,-0.254688,
46.4048,-4.33239,4.10575,-1.04499,-0.223538,0.239949,-0.257383,
46.4108,-4.48163,4.25794,-0.968872,-0.226667,0.239297,-0.254253,
46.4138,-4.74853,4.00635,-1.1595,-0.22018,0.232894,-0.252762,
46.4201,-4.53962,4.15135,-1.20456,-0.222198,0.235809,-0.250383,
46.4263,-4.41424,4.33469,-1.17453,-0.225916,0.237805,-0.257242,
46.4294,-4.28385,4.23441,-1.14552,-0.225642,0.242703,-0.25648,
46.4347,-4.38106,4.25445,-1.003,-0.225634,0.239386,-0.259149,
46.4378,-4.35289,4.22807,-1.09643,-0.224217,0.24246,-0.255091,
46.4441,-4.35507,4.23018,-1.19865,-0.226123,0.240532,-0.254337,
46.4503,-4.2413,4.30263,-1.23988,-0.228783,0.244978,-0.256235,
46.4534,-4.43438,4.22968,-1.19812,-0.222728,0.236755,-0.251488,
46.4596,-4.37275,4.04024,-1.15719,-0.222585,0.242824,-0.251355,
46.4658,-4.4598,4.57813,-1.19146,-0.236851,0.237089,-0.260524,
46.4689,-4.3777,4.48385,-1.26387,-0.232988,0.237306,-0.257163,
46.4742,-4.47446,4.11632,-1.29839,-0.220752,0.238485,-0.25143,
46.4822,-4.26633,4.31676,-1.13745,-0.227365,0.243159,-0.253357,
46.4852,-4.25794,4.08594,-1.14592,-0.225457,0.239594,-0.249854,
46.4913,-4.49226,3.95589,-1.14279,-0.220178,0.236621,-0.256261,
46.4944,-4.26036,4.40881,-1.1321,-0.229515,0.243842,-0.250113,
46.5006,-4.48225,4.55593,-1.10366,-0.235793,0.237871,-0.254748,
46.5067,-4.34287,4.0305,-1.19972,-0.222014,0.243431,-0.248704,
46.5099,-4.2761,4.09423,-1.21713,-0.222535,0.243856,-0.253444,
46.5152,-4.45098,4.24008,-1.21703,-0.225789,0.238629,-0.258859,
46.5213,-4.59979,4.00201,-1.06613,-0.219317,0.235314,-0.251539,
46.5244,-4.35016,4.24724,-1.12193,-0.225795,0.237848,-0.257678,
46.5309,-4.58244,4.25336,-1.18467,-0.223092,0.230076,-0.257878,
46.5354,-4.29865,4.24428,-1.13029,-0.228027,0.242771,-0.251623,
46.5386,-4.65482,3.98119,-1.24719,-0.21869,0.235879,-0.248412,
46.5448,-4.44057,4.5301,-1.07614,-0.2318,0.238015,-0.254655,
46.5903,-4.33451,4.16205,-1.22044,-0.225406,0.240602,-0.252979,
46.5934,-4.39563,4.09677,-1.19225,-0.218087,0.240869,-0.251492,
46.5977,-4.29748,4.32854,-1.1972,-0.231035,0.239619,-0.256374,
46.6007,-4.37245,4.26011,-1.2394,-0.226218,0.240005,-0.250673,
46.6068,-4.35587,4.07005,-1.12991,-0.221844,0.240338,-0.254803,
46.6131,-4.35733,4.13034,-1.04063,-0.223802,0.237988,-0.253043,
46.6163,-4.3924,4.17616,-1.13473,-0.22636,0.237933,-0.258418,
46.6217,-4.27852,4.24552,-1.29101,-0.227435,0.244328,-0.258355,
46.7037,-4.36748,4.27978,-1.16649,-0.227056,0.238946,-0.255281,
46.7069,-4.1535,4.21656,-1.23464,-0.224689,0.245168,-0.25242,
46.7112,-4.46222,4.17114,-1.17884,-0.22385,0.238858,-0.255657,
46.7173,-4.46686,3.9585,-1.13106,-0.219354,0.238531,-0.252247,
46.7204,-4.46264,4.42061,-1.20049,-0.229897,0.236082,-0.251415,
46.7267,-4.14646,4.25604,-1.1676,-0.229522,0.24325,-0.258364,
46.7328,-4.21505,4.21518,-1.08109,-0.22435,0.241669,-0.260957,
46.7359,-4.31962,4.08859,-1.12678,-0.220994,0.241258,-0.254313,
46.7563,-4.03417,4.25513,-1.03607,-0.227697,0.247182,-0.254917,
46.7595,-4.251,4.09622,-1.17596,-0.221702,0.24369,-0.254031,
46.7648,-4.26628,4.21071,-1.19381,-0.225081,0.243017,-0.252817,
46.7711,-4.28173,4.28703,-1.19354,-0.227747,0.24225,-0.259008,
46.7742,-4.15991,4.33991,-1.18216,-0.22855,0.243192,-0.256941,
46.7803,-4.51916,4.05011,-1.06116,-0.222815,0.235553,-0.250145,
46.7834,-4.48182,3.96884,-1.08835,-0.218099,0.234103,-0.255663,
46.7896,-4.27463,4.25033,-1.15351,-0.227256,0.242071,-0.256297,
46.8758,-4.1193,4.1953,-1.19296,-0.225303,0.247009,-0.251047,
46.8789,-4.19176,4.13182,-1.13286,-0.223837,0.248029,-0.253505,
46.8832,-4.38995,4.36988,-1.1481,-0.228026,0.242201,-0.256884,
46.8864,-4.21912,4.3574,-1.14597,-0.226652,0.243527,-0.258462,
46.8897,-4.39619,3.99671,-1.20576,-0.222149,0.240409,-0.250152,
46.8961,-4.51179,4.00547,-1.30179,-0.2221,0.236377,-0.249769,
46.9023,-4.41118,4.33552,-1.14887,-0.230801,0.238979,-0.255878,
46.9054,-4.24509,4.36062,-1.27781,-0.228052,0.242589,-0.256004,
46.9518,-4.27924,4.18841,-1.27684,-0.226882,0.239802,-0.252348,
46.9561,-4.19669,4.30709,-1.15174,-0.228216,0.242559,-0.254414,
46.9592,-4.27009,4.14009,-1.18249,-0.224143,0.242831,-0.255657,
46.9653,-4.14962,4.0213,-1.20353,-0.220356,0.243756,-0.248735,
46.9715,-4.36643,3.98253,-1.20364,-0.218666,0.24113,-0.247629,
46.9746,-4.47501,4.18304,-1.20767,-0.224856,0.235698,-0.257072,
46.9789,-4.47408,4.35714,-1.10635,-0.229778,0.23589,-0.256463,
46.9845,-4.40351,4.21993,-1.29633,-0.225173,0.239764,-0.257333,
46.9878,-4.28511,4.28168,-1.16404,-0.229352,0.242094,-0.259698,
46.9962,-4.36248,4.37708,-1.11903,-0.230554,0.23884,-0.253863,
47.0045,-4.59527,4.10739,-1.13367,-0.224923,0.238235,-0.250364,
47.0077,-4.51897,4.10656,-1.09855,-0.221226,0.238427,-0.246993,
47.0128,-4.42832,4.39089,-1.16563,-0.230384,0.238673,-0.256225,
47.0158,-4.68254,4.14257,-1.12624,-0.21944,0.23192,-0.253218,
47.0221,-4.32689,4.13841,-1.07244,-0.223025,0.241044,-0.251338,
47.0283,-4.20685,4.23687,-1.17159,-0.226015,0.244676,-0.253361,
47.0314,-4.29845,4.14089,-1.17054,-0.223686,0.24517,-0.254395,
47.0367,-4.34872,4.04865,-1.18877,-0.219685,0.24191,-0.246187,
47.0428,-4.25495,4.18302,-1.08336,-0.225024,0.244543,-0.251378,
47.0458,-4.28262,4.41568,-1.15142,-0.228412,0.245838,-0.256746,
47.0521,-4.3029,4.32523,-1.16354,-0.230357,0.240826,-0.255187,
47.0582,-4.21997,4.04433,-1.09982,-0.222264,0.244388,-0.248854,
47.0613,-4.43202,4.06092,-1.14338,-0.221245,0.23839,-0.254692,
47.0696,-4.39516,4.13464,-1.09173,-0.222966,0.239181,-0.253759,
47.0729,-4.24764,4.16553,-1.26216,-0.222021,0.244755,-0.249636,
47.0776,-4.51297,4.16401,-1.19528,-0.220615,0.237379,-0.253764,
47.082,-4.35222,4.29783,-1.13194,-0.225417,0.24082,-0.257055,
47.0882,-4.41752,4.10493,-1.21959,-0.222464,0.236756,-0.254867,
47.0913,-4.35287,4.11916,-1.16235,-0.223728,0.237519,-0.254822,
47.0975,-4.30532,4.24178,-1.17872,-0.226862,0.241713,-0.252174,
47.1007,-4.30999,4.20804,-1.16374,-0.226493,0.244146,-0.251326,
47.1068,-4.61462,4.28013,-1.16347,-0.22668,0.234584,-0.255178,
47.1112,-4.12324,4.23767,-1.15955,-0.224146,0.244233,-0.254116,
47.1145,-4.3585,4.11574,-1.08356,-0.222028,0.238697,-0.257256,
47.1219,-4.48595,4.41486,-1.21804,-0.227541,0.236444,-0.253789,
47.1282,-4.13672,4.26122,-1.12632,-0.2256,0.244088,-0.252722,
47.1313,-4.47543,4.30077,-1.20216,-0.228753,0.238881,-0.252752,
47.1375,-4.45609,4.11435,-1.15896,-0.224878,0.237411,-0.254063,
47.1438,-4.41071,4.52199,-0.988684,-0.233125,0.238966,-0.253941,
47.1468,-4.21803,4.29827,-1.17022,-0.225902,0.242379,-0.258601,
47.1531,-4.38204,4.11334,-1.09769,-0.222267,0.237292,-0.251723,
47.1613,-4.32075,4.22989,-1.06717,-0.224641,0.239393,-0.253033,
47.1646,-4.54273,4.05839,-0.989815,-0.221194,0.235003,-0.250586,
47.1698,-4.36187,4.44206,-1.16229,-0.229485,0.24003,-0.253401,
47.1729,-3.96705,4.38043,-1.16878,-0.227764,0.245536,-0.255139,
47.1792,-4.37198,3.99863,-1.08855,-0.220118,0.238653,-0.25322,
47.1853,-4.36874,4.06584,-1.13503,-0.220874,0.238928,-0.249375,
47.1884,-4.38492,4.39104,-1.03524,-0.230869,0.239905,-0.256942,
47.1947,-4.17272,4.17462,-1.10989,-0.223816,0.24411,-0.257023,
47.1999,-4.458,4.25946,-1.35989,-0.226182,0.238803,-0.251003,
47.2031,-4.15777,4.37331,-1.19704,-0.228668,0.243725,-0.250215,
47.2075,-4.04304,4.17942,-1.22831,-0.221128,0.246681,-0.256385,
47.2137,-4.15926,4.23826,-1.3427,-0.227077,0.243092,-0.252936,
47.2168,-4.19048,4.10322,-1.25541,-0.226165,0.243976,-0.250045,
47.2231,-4.08084,4.23254,-1.20627,-0.224538,0.246551,-0.26035,
47.2293,-4.23979,4.1989,-1.24892,-0.226633,0.244082,-0.258425,
47.2324,-4.27806,4.0319,-1.23481,-0.219514,0.241376,-0.252237,
47.2377,-4.18364,4.26962,-1.0404,-0.228562,0.247306,-0.256037,
47.2408,-4.40455,4.24619,-1.12125,-0.224549,0.238635,-0.255293,
47.2472,-4.51653,4.24724,-1.22141,-0.22485,0.236471,-0.25464,
47.2533,-4.52846,4.07378,-1.13472,-0.222824,0.2385,-0.251242,
47.2563,-4.19254,4.3596,-1.17197,-0.229777,0.245017,-0.256727,
47.2626,-4.42461,4.32379,-1.15874,-0.2272,0.238645,-0.255841,
47.2688,-4.42461,4.32379,-1.15874,-0.2272,0.238645,-0.255841,
47.2719,-4.38607,4.05372,-1.26231,-0.222035,0.238848,-0.250313,
47.2772,-4.308,4.09006,-1.02941,-0.225283,0.241117,-0.249883,
47.2833,-4.23868,4.22522,-1.03516,-0.22479,0.240472,-0.258597,
47.2863,-4.38741,4.25022,-1.03357,-0.226113,0.238666,-0.256651,
47.2926,-4.47215,4.4426,-1.11586,-0.231937,0.237698,-0.25401,
47.2957,-4.32713,4.16198,-1.07247,-0.222872,0.240139,-0.250345,
47.3018,-4.43704,4.07715,-1.17614,-0.222127,0.238661,-0.248058,
47.3078,-4.57208,4.16874,-1.15802,-0.221577,0.233786,-0.251436,
47.3109,-4.48044,4.06167,-1.04006,-0.222294,0.237656,-0.249097,
47.3173,-4.29593,4.19771,-1.12684,-0.224594,0.239819,-0.253375,
47.3233,-4.50234,4.09063,-1.11691,-0.223102,0.236811,-0.250749,
47.3264,-4.21552,3.92653,-1.12079,-0.217696,0.240322,-0.250158,
47.3326,-4.57104,4.11135,-1.13365,-0.221703,0.234532,-0.245313,
47.3358,-4.29932,4.26735,-1.11891,-0.223053,0.241962,-0.256044,
47.3441,-4.20338,4.22377,-1.13621,-0.225542,0.24415,-0.254583,
47.3493,-4.38654,4.24965,-1.1527,-0.22629,0.238696,-0.251432,
47.3924,-4.47536,4.28272,-0.946861,-0.227324,0.237939,-0.259854,
47.3966,-4.35815,4.05707,-1.06861,-0.223357,0.242026,-0.253108,
47.4027,-4.27702,4.17785,-1.13894,-0.22609,0.241889,-0.251286,
47.4058,-4.45092,4.0928,-1.1444,-0.222731,0.238723,-0.253873,
47.4121,-4.18313,4.18571,-1.07775,-0.223511,0.246146,-0.253579,
47.4183,-4.40543,4.08931,-1.06657,-0.22248,0.24213,-0.255113,
47.4214,-4.22765,4.42874,-1.14778,-0.22988,0.245738,-0.257042,
47.4277,-4.21364,4.18681,-1.07089,-0.224607,0.243447,-0.253052,
47.4324,-4.30903,4.12673,-1.21073,-0.223745,0.242059,-0.251505,
47.4358,-4.48789,4.45208,-1.12141,-0.231517,0.236673,-0.255372,
47.4403,-4.23028,4.4087,-1.16395,-0.229638,0.243137,-0.25373,
47.4465,-4.44048,4.09105,-1.21131,-0.222142,0.239137,-0.246824,
47.4497,-4.49896,4.23956,-1.22362,-0.225709,0.235909,-0.254587,
47.4557,-4.29456,4.32243,-1.11265,-0.227338,0.245074,-0.255789,
47.4588,-4.13905,4.24208,-1.12402,-0.223773,0.246384,-0.25104,
47.4651,-4.31558,4.09622,-1.27099,-0.221717,0.241331,-0.248738,
47.5498,-4.38796,4.29433,-1.24302,-0.228172,0.240352,-0.256083,
47.5529,-4.5901,4.42688,-1.20452,-0.229782,0.233593,-0.255754,
47.5572,-4.44362,3.89822,-1.15083,-0.216538,0.234395,-0.251722,
47.5652,-4.37799,4.19844,-1.30743,-0.225251,0.238804,-0.251877,
47.5683,-4.2014,4.17326,-1.23244,-0.224432,0.242883,-0.256634,
47.5743,-4.19149,4.28874,-1.36674,-0.226767,0.242136,-0.256017,
47.5805,-4.47126,4.15159,-1.27288,-0.224672,0.236054,-0.252237,
47.5837,-4.04663,4.29818,-1.18859,-0.227639,0.249812,-0.257163,
47.5898,-4.23211,4.26493,-1.22913,-0.225874,0.246149,-0.260519,
47.5951,-4.45675,4.00842,-1.17851,-0.219848,0.237615,-0.25027,
47.5982,-4.3468,3.94453,-1.2056,-0.220365,0.24088,-0.249734,
47.6043,-4.06252,4.31343,-1.22291,-0.229277,0.246232,-0.253382,
47.6076,-4.29304,4.24412,-1.25086,-0.225684,0.241019,-0.257362,
47.6157,-4.22937,4.46424,-1.31728,-0.228386,0.242324,-0.255312,
47.6208,-4.09008,4.39501,-1.36036,-0.228861,0.247009,-0.254506,
47.6239,-4.20457,4.1126,-1.25077,-0.222228,0.244237,-0.248162,
47.6302,-4.28558,4.18813,-1.3519,-0.224824,0.244098,-0.248648,
47.6353,-4.4007,4.04723,-1.19919,-0.220198,0.239891,-0.249424,
47.6385,-4.29043,4.40483,-1.14698,-0.229971,0.242784,-0.256458,
47.6447,-4.47172,4.25469,-1.29529,-0.22496,0.240022,-0.25372,
47.6478,-4.11802,4.23538,-1.15779,-0.225958,0.245074,-0.253877,
47.6562,-4.28012,4.20261,-1.1834,-0.226574,0.243382,-0.251173,
47.6627,-4.393,4.02543,-1.2411,-0.220696,0.2392,-0.249879,
47.6658,-4.32783,3.98913,-1.28219,-0.21724,0.242771,-0.250676,
47.6721,-4.34348,4.33979,-1.1376,-0.226577,0.237833,-0.254336,
47.6774,-4.4383,4.24839,-1.15346,-0.225722,0.237804,-0.259071,
47.6805,-4.44999,4.39542,-1.15872,-0.226877,0.238724,-0.260097,
47.6867,-4.19464,4.01435,-1.14654,-0.219313,0.244412,-0.251581,
47.6928,-4.38421,4.07441,-1.32412,-0.22124,0.240371,-0.252681,
47.6961,-4.16172,4.34534,-1.23407,-0.229558,0.245335,-0.256881,
47.7006,-4.35575,4.23165,-1.22306,-0.226141,0.23888,-0.252299,
47.7052,-4.33665,4.10797,-1.30009,-0.222402,0.239323,-0.253202,
47.7085,-4.24007,4.23412,-1.19342,-0.22552,0.244266,-0.250805,
47.7152,-4.36758,4.27917,-1.09264,-0.226564,0.237851,-0.257937,
47.7195,-4.40279,4.38807,-1.1153,-0.227789,0.237465,-0.249864,
47.7227,-4.43271,4.04266,-1.10643,-0.219756,0.238456,-0.248101,
47.7288,-4.31516,3.98659,-1.26154,-0.219055,0.240507,-0.252899,
47.735,-4.55759,4.35921,-1.2303,-0.229534,0.233827,-0.259788,
47.7382,-4.20972,4.02624,-1.16763,-0.218259,0.242156,-0.255744,
47.7453,-4.19609,4.35316,-1.14097,-0.228152,0.242318,-0.255358,
47.7516,-4.07706,4.40981,-1.06402,-0.228764,0.244315,-0.255932,
47.7547,-4.46404,3.99097,-1.25345,-0.220653,0.239238,-0.249841,
47.7599,-4.18178,3.87973,-1.18727,-0.217553,0.241848,-0.247581,
47.7662,-4.47016,4.30475,-1.18231,-0.22597,0.236878,-0.251297,
47.7692,-4.36827,4.19513,-1.22031,-0.22305,0.241537,-0.253769,
47.7752,-4.31625,4.19229,-1.22673,-0.224908,0.241699,-0.251572,
47.7783,-4.36739,4.22755,-1.16372,-0.227786,0.238666,-0.255683,
47.7846,-4.28491,4.22617,-1.07936,-0.224593,0.242724,-0.253863,
47.7918,-4.37266,4.11847,-1.2438,-0.219229,0.237788,-0.251437,
47.795,-4.53688,3.99109,-1.23878,-0.219568,0.235737,-0.250042,
47.8003,-4.31935,4.24786,-1.19963,-0.224607,0.240841,-0.256325,
47.8063,-4.29369,4.38488,-1.07975,-0.229514,0.241027,-0.254873,
47.8094,-4.22881,3.97804,-1.18718,-0.21923,0.243506,-0.25177,
47.8156,-4.50536,4.16927,-1.11612,-0.225726,0.236224,-0.254267,
47.8187,-4.47373,4.26038,-1.17013,-0.223814,0.236838,-0.255799,
47.8248,-4.36118,4.0551,-1.1329,-0.220944,0.238294,-0.254012,
47.8703,-4.44429,4.09683,-1.12899,-0.223528,0.236465,-0.249601,
47.8734,-4.63686,4.18816,-1.22051,-0.223545,0.232666,-0.257661,
47.8817,-4.32882,4.25367,-1.17601,-0.225212,0.241818,-0.257882,
47.8867,-4.53272,3.97931,-1.17203,-0.221957,0.23525,-0.251264,
47.8898,-4.40618,4.18408,-1.17177,-0.224348,0.241115,-0.251753,
47.8961,-4.58437,4.21839,-1.05818,-0.225014,0.235063,-0.255974,
47.9022,-4.61244,4.22873,-1.21735,-0.226519,0.234067,-0.248729,
47.9053,-4.66435,4.11425,-1.28457,-0.222669,0.233883,-0.254019,
47.9116,-4.35033,4.14732,-1.14141,-0.222758,0.240821,-0.255737,
47.9147,-4.65573,4.06778,-1.13646,-0.221711,0.232405,-0.257176,
47.92,-4.6242,4.09724,-1.27387,-0.223034,0.234557,-0.250677,
47.9244,-4.48034,4.19254,-1.10691,-0.226926,0.239446,-0.249393,
47.9277,-4.37903,4.51616,-1.06485,-0.233052,0.240403,-0.254022,
47.9322,-4.38672,4.28236,-1.16565,-0.228476,0.241055,-0.25557,
47.9401,-4.52373,4.20608,-1.17115,-0.225506,0.236161,-0.249834,
47.9462,-4.71768,4.15399,-1.19372,-0.223219,0.232118,-0.256674,
47.9493,-4.50024,4.01412,-1.11697,-0.218819,0.23602,-0.252735,
47.9547,-4.18239,4.31222,-1.21596,-0.226216,0.243403,-0.253606,
47.9577,-4.42124,4.19289,-1.11966,-0.222772,0.23955,-0.258275,
47.9638,-4.52065,4.28632,-1.19716,-0.225425,0.233057,-0.252732,
47.9684,-4.30702,4.07882,-1.22827,-0.223818,0.24152,-0.250472,
47.9716,-4.35613,4.13625,-1.20337,-0.221799,0.239398,-0.25635,
47.9778,-4.51059,4.15413,-1.21714,-0.224234,0.234603,-0.250724,
47.9838,-4.74998,4.41061,-1.27423,-0.230097,0.228761,-0.256642,
47.9869,-4.31739,4.11011,-1.15777,-0.223051,0.241941,-0.255776,
47.9922,-4.38573,4.2915,-1.15647,-0.226842,0.238477,-0.249732,
47.9982,-4.25741,4.15061,-1.07887,-0.223534,0.243173,-0.25389,
48.0013,-4.44399,4.20808,-1.19085,-0.227553,0.237305,-0.256975,
48.0076,-4.37648,4.13172,-1.2389,-0.223346,0.241758,-0.249716,
48.0108,-4.35202,4.48487,-1.21439,-0.229674,0.241942,-0.252671,
48.016,-4.69851,4.20336,-1.18688,-0.223712,0.231319,-0.258131,
48.0205,-4.40312,4.23212,-1.15656,-0.22546,0.241271,-0.258024,
48.0237,-4.51638,4.2186,-1.28832,-0.227048,0.235999,-0.253097,
48.0288,-4.41029,4.04411,-1.18272,-0.222073,0.238898,-0.253055,
48.0351,-4.6473,4.19228,-1.21048,-0.224099,0.237244,-0.251964,
48.0382,-4.28742,4.37023,-1.22679,-0.229257,0.241398,-0.256351,
48.0443,-4.24148,4.23871,-1.22855,-0.226673,0.241331,-0.256736,
48.0505,-4.2834,4.47934,-1.09146,-0.230774,0.238928,-0.257599,
48.0537,-4.56908,3.88848,-1.11334,-0.217186,0.233623,-0.249497,
48.0589,-4.5521,4.0299,-1.15581,-0.219283,0.233701,-0.251487,
48.0655,-4.38381,4.0118,-1.19758,-0.216605,0.241501,-0.250518,
48.0686,-4.61817,4.21303,-1.21196,-0.225518,0.235365,-0.249563,
48.0739,-4.27631,4.24192,-1.11077,-0.227899,0.240125,-0.257368,
48.0802,-4.34822,4.22386,-1.19352,-0.224694,0.240547,-0.252107,
48.0832,-4.62051,4.27697,-1.0495,-0.2266,0.235503,-0.250763,
48.0893,-4.18913,4.23301,-1.0832,-0.224725,0.241241,-0.252971,
48.0923,-4.29362,4.30365,-1.126,-0.227582,0.240026,-0.259601,
48.0986,-4.43695,4.00939,-1.01266,-0.218631,0.238122,-0.248735,
48.1048,-4.23155,4.27734,-1.09054,-0.227549,0.244031,-0.256013,
48.108,-4.48186,4.26524,-1.1245,-0.228657,0.237838,-0.255599,
48.1133,-4.28905,4.04817,-1.06648,-0.22201,0.240458,-0.25476,
48.1195,-4.53782,3.96042,-1.03059,-0.218951,0.23946,-0.250884,
48.1226,-4.5322,4.10809,-1.15301,-0.222817,0.237902,-0.255436,
48.1287,-4.58038,3.90959,-1.14666,-0.219159,0.234314,-0.2526,
48.1318,-4.63354,4.12391,-0.999429,-0.221675,0.233243,-0.247552,
48.1381,-4.22657,4.19481,-0.93971,-0.224845,0.241288,-0.255774,
48.1443,-4.35327,4.01169,-1.03729,-0.22034,0.241915,-0.249047,
48.1477,-4.4966,4.06391,-1.05867,-0.221864,0.235766,-0.261124,
48.1532,-4.54057,4.10828,-1.20947,-0.221622,0.23308,-0.255286,
48.1577,-4.41296,4.21406,-1.14916,-0.224553,0.240055,-0.254835,
48.1609,-4.37297,4.16575,-1.08188,-0.224916,0.236421,-0.256789,
48.1672,-4.49061,4.08691,-0.949317,-0.22329,0.237308,-0.256144,
48.1733,-4.7024,4.11573,-1.12109,-0.225464,0.232865,-0.255686,
48.1764,-4.59822,4.00097,-0.99497,-0.220123,0.233193,-0.249938,
48.1827,-4.41219,4.21005,-1.1209,-0.225021,0.237942,-0.255265,
48.1878,-4.61091,4.08159,-1.02611,-0.219197,0.234567,-0.253008,
48.1911,-4.29644,4.2345,-0.957599,-0.227648,0.241158,-0.254104,
48.1973,-4.4339,4.05335,-1.11022,-0.222058,0.235549,-0.260686,
48.2033,-4.59075,4.24591,-1.08171,-0.222822,0.238852,-0.255082,
48.2064,-4.54748,3.79635,-1.1014,-0.216788,0.234661,-0.252407,
48.2126,-4.36932,4.06178,-1.04869,-0.222043,0.235608,-0.253533,
48.2157,-4.48698,4.15324,-1.06278,-0.221908,0.236134,-0.25467,
48.2218,-4.38426,3.9972,-1.05879,-0.220258,0.238749,-0.250728,
48.2271,-4.26961,4.11452,-1.07535,-0.221645,0.242948,-0.256049,
48.2302,-4.42273,4.24281,-1.09489,-0.224784,0.238007,-0.25745,
48.2364,-4.38275,3.9247,-1.14322,-0.219094,0.242194,-0.25285,
48.241,-4.33885,4.15941,-1.15092,-0.224859,0.237394,-0.250524,
48.2441,-4.36514,4.20048,-1.09035,-0.22562,0.241501,-0.255028,
48.2503,-4.58962,4.10331,-1.12782,-0.220497,0.237399,-0.254065,
48.2565,-4.20325,4.19016,-1.00102,-0.224581,0.243565,-0.250571,
48.3379,-4.35057,4.13401,-1.16878,-0.224213,0.240351,-0.25663,
48.3421,-4.21664,4.17707,-1.11113,-0.221173,0.238211,-0.255112,
48.3482,-4.34966,4.1297,-1.19462,-0.223787,0.240983,-0.249201,
48.3513,-4.46278,4.04424,-1.18009,-0.221432,0.237988,-0.249466,
48.3576,-4.35752,4.36113,-1.2034,-0.227294,0.239747,-0.25686,
48.3607,-4.31067,4.20887,-1.13488,-0.225146,0.241589,-0.259258,
48.3668,-4.47871,4.23493,-1.08495,-0.224749,0.235709,-0.254715,
48.3721,-4.36716,4.38743,-1.05495,-0.227688,0.240354,-0.259585,
48.4573,-4.22053,4.19515,-1.12804,-0.221752,0.241638,-0.259195,
48.4605,-4.56978,3.97462,-1.25572,-0.219361,0.234781,-0.251034,
48.4648,-4.43703,4.08008,-1.34183,-0.220783,0.23702,-0.253337,
48.4678,-4.27467,4.36096,-1.16136,-0.228066,0.243002,-0.258649,
48.4741,-4.40837,4.12477,-1.12266,-0.219832,0.24101,-0.253682,
48.4803,-4.58565,4.13777,-1.20347,-0.223186,0.236168,-0.251852,
48.4834,-4.1334,4.04063,-1.07436,-0.220013,0.24457,-0.252473,
48.4897,-4.46062,4.19411,-1.10469,-0.224402,0.238219,-0.254132,
48.5993,-4.13988,4.02853,-1.0736,-0.216769,0.243923,-0.250293,
48.6027,-4.60006,3.95313,-1.15303,-0.219897,0.234619,-0.249423,
48.6079,-4.30758,4.16915,-1.1919,-0.221953,0.244581,-0.255839,
48.6142,-4.2923,4.21554,-1.21159,-0.224077,0.238291,-0.253926,
48.6172,-4.14744,4.35567,-1.13157,-0.226446,0.24609,-0.255762,
48.6233,-4.28863,3.93345,-1.15527,-0.219651,0.242405,-0.250642,
48.6263,-4.39693,3.98642,-1.18824,-0.219813,0.238682,-0.254791,
48.6326,-4.13993,4.23758,-1.16134,-0.226074,0.243039,-0.254924,
48.6787,-4.07298,4.04025,-1.13207,-0.221438,0.244841,-0.25452,
48.6817,-4.3472,4.096,-1.09397,-0.222264,0.237428,-0.255336,
48.6859,-4.52003,4.06017,-1.00692,-0.221616,0.235166,-0.251265,
48.6925,-4.41268,4.21843,-1.01113,-0.225671,0.237006,-0.252988,
48.6958,-4.30909,3.91983,-1.11799,-0.216905,0.240722,-0.250234,
48.7037,-4.43257,4.11907,-0.920648,-0.223532,0.239751,-0.260978,
48.7087,-4.39387,4.30094,-1.03823,-0.228166,0.237014,-0.254689,
48.7118,-4.29636,4.09906,-1.0557,-0.221435,0.239173,-0.257751,
48.7181,-4.32142,4.11786,-1.05669,-0.221003,0.239368,-0.256972,
48.7233,-4.32404,4.23523,-0.989241,-0.226617,0.240548,-0.255203,
48.7265,-4.5969,4.15763,-1.00556,-0.220824,0.232732,-0.251632,
48.7346,-4.26608,4.02253,-1.04993,-0.218016,0.242214,-0.251347,
48.7377,-4.36258,4.33004,-1.07526,-0.227126,0.238734,-0.254966,
48.7428,-4.44307,4.29062,-1.23006,-0.225903,0.239424,-0.254248,
48.749,-4.35868,4.16125,-1.03481,-0.222418,0.24126,-0.253968,
48.7522,-4.45101,4.21975,-1.13249,-0.225865,0.233104,-0.252218,
48.7583,-4.15725,4.36397,-1.07901,-0.230459,0.242808,-0.253461,
48.7636,-4.43522,4.30952,-1.10409,-0.225355,0.236304,-0.252084,
48.7667,-4.24283,3.93136,-1.2402,-0.221428,0.240501,-0.249841,
48.7728,-4.43401,4.20171,-1.1592,-0.225106,0.238464,-0.250454,
48.7782,-4.35087,3.97351,-1.044,-0.218546,0.240865,-0.25178,
48.7813,-4.47875,4.07097,-1.12635,-0.222227,0.237246,-0.258671,
48.7875,-4.38334,4.20138,-1.20649,-0.224337,0.23907,-0.254524,
48.7906,-4.49987,4.0967,-1.05517,-0.22174,0.233826,-0.253211,
48.7968,-4.37991,4.23343,-1.16219,-0.224263,0.239843,-0.254455,
48.8022,-4.47467,4.09876,-1.07747,-0.219834,0.236278,-0.246783,
48.8052,-4.31769,4.37536,-1.20344,-0.227119,0.243476,-0.255474,
48.8113,-4.39451,4.18774,-1.20867,-0.222042,0.237112,-0.257399,
48.8175,-4.40216,4.32872,-1.09118,-0.226484,0.237531,-0.256447,
48.8207,-4.32822,4.08329,-1.18858,-0.22257,0.237884,-0.25324,
48.8253,-4.30398,4.21386,-1.22499,-0.223962,0.244254,-0.251818,
48.8315,-4.00847,4.14672,-1.07157,-0.219349,0.248576,-0.252701,
48.8761,-4.25315,4.33096,-1.10335,-0.227293,0.242144,-0.251913,
48.8803,-4.26382,4.18997,-1.11278,-0.226144,0.240822,-0.250634,
48.8865,-4.38218,4.26152,-1.20589,-0.226366,0.23904,-0.251771,
48.8896,-4.4856,4.32821,-1.13952,-0.229671,0.235661,-0.255639,
48.8957,-4.32264,4.38736,-1.2076,-0.227787,0.24061,-0.255392,
48.8988,-4.57966,4.43551,-1.07604,-0.228793,0.234692,-0.25369,
48.9051,-4.43771,4.2364,-1.08535,-0.224414,0.239757,-0.253061,
48.9132,-4.36102,4.38556,-1.06953,-0.228695,0.242977,-0.258301,
48.9167,-4.23693,4.08454,-1.08621,-0.220104,0.244599,-0.253811,
48.9211,-4.27572,4.00463,-1.09283,-0.217298,0.242267,-0.253816,
48.9273,-4.21933,4.33475,-0.901645,-0.227946,0.243146,-0.258663,
48.9304,-4.36878,4.30252,-1.072,-0.226326,0.240129,-0.25107,
48.9366,-4.58217,4.02407,-1.11171,-0.219154,0.233911,-0.25557,
48.9427,-4.37256,4.20387,-1.2421,-0.223699,0.238242,-0.253628,
48.9458,-4.59078,4.21376,-1.08188,-0.223823,0.23543,-0.251847,
48.9521,-4.21709,4.11147,-1.12621,-0.220057,0.242329,-0.249698,
49.0348,-4.39732,3.98218,-1.12003,-0.217697,0.241265,-0.250718,
49.0379,-4.33354,4.36825,-1.15402,-0.227645,0.23809,-0.253072,
49.0421,-4.26549,4.33457,-1.10407,-0.230788,0.24175,-0.253485,
49.0464,-4.21848,3.97738,-1.10773,-0.219949,0.243222,-0.251986,
49.0496,-4.582,4.09108,-1.10074,-0.220743,0.236574,-0.251179,
49.0557,-4.49925,3.86796,-1.08726,-0.218557,0.236412,-0.254405,
49.0588,-4.15031,4.20118,-1.12441,-0.223969,0.246081,-0.259299,
49.0651,-4.22234,4.23354,-1.00722,-0.226894,0.24391,-0.254083,
49.144,-4.4607,4.18538,-0.977494,-0.222723,0.239218,-0.251067,
49.1482,-4.52434,4.18491,-1.00497,-0.224356,0.236558,-0.248111,
49.1513,-4.29942,4.3774,-1.10835,-0.229805,0.238753,-0.255921,
49.1575,-4.41279,4.11762,-1.00299,-0.222058,0.236912,-0.256506,
49.1607,-4.42756,4.42731,-0.973536,-0.22766,0.240044,-0.252446,
49.1668,-4.50494,4.29402,-1.03238,-0.227364,0.238407,-0.251615,
49.173,-4.38816,4.18025,-1.07126,-0.225269,0.239846,-0.253653,
49.1762,-4.14646,4.1675,-1.09853,-0.222801,0.245306,-0.256681,
49.2227,-4.38595,4.25104,-1.06721,-0.222513,0.239831,-0.256395,
49.2307,-4.39982,4.35943,-0.965677,-0.229714,0.23985,-0.256045,
49.2338,-4.46026,4.0517,-1.05241,-0.220681,0.239972,-0.252017,
49.2388,-4.25091,3.94458,-1.10344,-0.217775,0.24368,-0.249946,
49.2419,-4.32948,4.35751,-1.02845,-0.227759,0.242413,-0.255924,
49.2481,-4.31184,4.32403,-1.01089,-0.227004,0.240035,-0.254769,
49.2542,-4.47,4.24772,-0.985888,-0.223594,0.237799,-0.251927,
49.2574,-4.46485,4.12603,-1.00039,-0.221566,0.236126,-0.254527,
49.3223,-4.40408,4.18203,-1.04072,-0.222371,0.238985,-0.254006,
49.3256,-4.06734,4.0076,-0.998658,-0.217379,0.244776,-0.248759,
49.331,-4.43067,4.30709,-1.01576,-0.222397,0.239309,-0.260964,
49.3372,-4.22048,4.1773,-1.15073,-0.223136,0.24036,-0.260498,
49.3403,-4.28028,4.34866,-0.96228,-0.228127,0.244275,-0.256118,
49.3466,-4.44617,4.29291,-1.05307,-0.227417,0.238306,-0.258182,
49.3497,-4.46274,4.02882,-1.04781,-0.220659,0.236829,-0.252893,
49.3558,-4.40338,3.99889,-1.07248,-0.219359,0.239273,-0.247693,
49.3632,-4.34102,4.15151,-1.00576,-0.220903,0.235981,-0.257488,
49.3665,-4.31203,4.32638,-1.10939,-0.226752,0.239489,-0.258928,
49.372,-4.61707,4.02063,-1.03868,-0.220145,0.234512,-0.250731,
49.3782,-4.48144,4.27519,-1.05619,-0.223846,0.235606,-0.256477,
49.3813,-4.45979,4.21499,-0.994118,-0.226293,0.236809,-0.25391,
49.3876,-4.54431,3.87574,-0.955378,-0.21564,0.236114,-0.249122,
49.3937,-4.48239,4.15654,-0.947937,-0.224426,0.235576,-0.251039,
49.3968,-4.39872,4.3652,-0.945295,-0.226229,0.238591,-0.258068,
49.4446,-4.38833,4.24813,-0.973571,-0.226065,0.238443,-0.25472,
49.4487,-4.55269,4.17234,-1.0272,-0.225188,0.235421,-0.252988,
49.452,-4.40623,4.04401,-1.10221,-0.21916,0.240355,-0.253914,
49.4576,-4.22091,4.17358,-0.949507,-0.222276,0.23866,-0.251132,
49.4637,-4.49116,4.08029,-1.1063,-0.222451,0.238254,-0.250075,
49.4668,-4.42031,4.34436,-0.96796,-0.228374,0.238491,-0.254214,
49.4731,-4.28148,4.35608,-1.02269,-0.230973,0.243713,-0.256696,
49.4792,-4.44714,4.15338,-1.07938,-0.224364,0.23642,-0.251846,
49.5232,-4.30414,4.23109,-0.987786,-0.224513,0.240569,-0.248468,
49.5272,-4.58914,4.05121,-1.09507,-0.220792,0.235796,-0.253466,
49.5332,-4.4966,4.05485,-1.07392,-0.221085,0.238869,-0.254567,
49.5363,-4.23326,4.2056,-1.01292,-0.226074,0.242829,-0.254037,
49.5445,-4.34046,4.26399,-0.965679,-0.224249,0.236537,-0.252272,
49.5476,-4.46319,4.3041,-1.04022,-0.226167,0.235835,-0.253718,
49.5527,-4.34826,4.24025,-1.14204,-0.227165,0.240876,-0.252278,
49.559,-4.45504,4.04704,-1.18557,-0.222381,0.238876,-0.252649,
49.6024,-4.42742,4.26717,-1.17192,-0.227302,0.238461,-0.256749,
49.6066,-4.4471,4.12656,-1.16604,-0.220668,0.239764,-0.253159,
49.6127,-4.49153,4.27092,-1.07414,-0.225367,0.235209,-0.252065,
49.6158,-4.24339,4.25807,-1.06007,-0.22238,0.242867,-0.253202,
49.6221,-4.33808,4.17959,-1.02709,-0.22468,0.2401,-0.256179,
49.6282,-4.57623,4.1104,-1.09417,-0.220603,0.235837,-0.253002,
49.6315,-4.55785,4.17982,-1.08631,-0.224162,0.235867,-0.252361,
49.6371,-4.29522,4.22294,-1.07149,-0.224762,0.242257,-0.254707,
49.6448,-4.60678,4.17063,-1.2387,-0.222527,0.2332,-0.258216,
49.6482,-4.37943,4.25557,-1.13415,-0.226241,0.241787,-0.255781,
49.6562,-4.34935,4.43471,-1.08582,-0.229536,0.240491,-0.258373,
49.6612,-4.49345,3.9548,-1.12838,-0.21915,0.239292,-0.251635,
49.6643,-4.20673,4.11717,-1.04317,-0.222128,0.241562,-0.250624,
49.6706,-4.2923,4.41103,-1.16635,-0.227237,0.243877,-0.25772,
49.6736,-4.39702,4.16827,-1.00922,-0.222044,0.238222,-0.258125,
49.68,-4.29396,4.11057,-1.12814,-0.223521,0.239731,-0.257113,
49.6863,-4.4401,4.03963,-1.0208,-0.220726,0.236408,-0.256817,
49.6894,-4.39796,4.28304,-1.07873,-0.22786,0.23879,-0.252016,
49.6947,-4.45438,4.05457,-1.01711,-0.221481,0.238075,-0.252558,
49.7007,-4.39894,4.41471,-1.12942,-0.229333,0.238842,-0.256148,
49.7038,-4.37289,4.22626,-1.07002,-0.225608,0.239683,-0.257957,
49.7101,-4.49205,4.07667,-1.05241,-0.218183,0.237121,-0.255301,
49.7162,-4.26886,4.26992,-1.1008,-0.226725,0.240058,-0.252225,
49.7194,-4.34884,4.06539,-1.04126,-0.220201,0.240197,-0.252406,
49.7251,-4.50126,4.13088,-1.11536,-0.222436,0.237882,-0.252973,
49.7303,-4.32188,3.90416,-0.996095,-0.215043,0.241349,-0.252546,
49.7335,-4.27078,4.40124,-1.05727,-0.230696,0.24326,-0.256788,
49.7397,-4.16519,4.4648,-1.18197,-0.231969,0.24414,-0.258729,
49.7428,-4.45306,4.20467,-1.16381,-0.223512,0.237399,-0.24936,
49.7491,-4.3312,4.05023,-1.05389,-0.219483,0.237942,-0.255281,
49.7552,-4.24504,4.19874,-1.21306,-0.225502,0.239117,-0.253014,
49.7584,-4.10891,4.10459,-1.09247,-0.220116,0.244206,-0.249525,
49.7647,-4.45137,4.10111,-1.16071,-0.222025,0.238027,-0.2548,
49.7692,-4.424,4.37666,-1.16454,-0.227988,0.239591,-0.257137,
49.7726,-4.40379,4.43709,-1.20389,-0.230234,0.238514,-0.259375,
49.7772,-4.16465,4.27165,-1.24431,-0.226463,0.242275,-0.256852,
49.7832,-4.29283,4.27635,-1.23396,-0.226877,0.242784,-0.254657,
49.7863,-4.64376,4.16284,-1.11272,-0.223207,0.232545,-0.253962,
49.7926,-4.46283,4.1571,-1.11167,-0.223316,0.239904,-0.250892,
49.7987,-4.52456,4.0738,-1.13196,-0.220785,0.23462,-0.24787,
49.8018,-4.0851,4.30971,-1.20273,-0.228468,0.24268,-0.257165,
49.8072,-4.11454,4.3422,-1.11269,-0.225574,0.247945,-0.253093,
49.8152,-4.29361,4.04788,-1.19302,-0.221806,0.243353,-0.252631,
49.8183,-4.28114,4.10239,-1.24002,-0.219024,0.240925,-0.254664,
49.8235,-4.02668,4.26964,-1.18818,-0.224485,0.245642,-0.253333,
49.8266,-4.40331,4.10625,-1.19184,-0.219822,0.240695,-0.253395,
49.8328,-4.36964,4.42381,-1.07174,-0.230226,0.237202,-0.256339,
49.839,-4.23184,4.36119,-1.09703,-0.22599,0.241036,-0.254852,
49.8422,-4.15014,4.08836,-1.14273,-0.221287,0.245624,-0.251866,
49.8473,-4.47699,3.9037,-1.09648,-0.217435,0.239485,-0.25146,
49.8535,-4.27127,4.27362,-1.06899,-0.224868,0.241552,-0.255932,
49.8568,-4.34181,4.33792,-1.04513,-0.226389,0.239313,-0.254491,
49.8633,-4.41001,4.20599,-0.976553,-0.223962,0.235724,-0.256983,
49.8696,-4.19873,4.12168,-0.940735,-0.222786,0.241414,-0.254231,
49.8727,-4.3658,4.36147,-0.996919,-0.228151,0.238301,-0.256636,
49.8787,-4.4654,4.16733,-1.11136,-0.222196,0.234956,-0.25601,
49.8819,-4.33441,3.84571,-1.14562,-0.214636,0.239009,-0.24969,
49.8871,-4.31195,4.29222,-1.12111,-0.226518,0.240479,-0.257407,
49.8932,-4.58259,4.31143,-1.05727,-0.22668,0.235197,-0.258193,
49.8964,-4.36658,4.11487,-0.975518,-0.224283,0.239159,-0.251409,
49.9028,-4.0662,4.18515,-1.13131,-0.226237,0.247412,-0.251863,
49.9093,-4.42894,4.16353,-1.19263,-0.22373,0.240501,-0.250209,
49.9125,-4.28413,4.13129,-1.06943,-0.223228,0.240653,-0.255285,
49.9187,-4.32296,4.19896,-1.06115,-0.226448,0.238497,-0.25125,
49.9248,-4.22708,4.34005,-1.04673,-0.226386,0.240345,-0.25521,
49.9279,-4.5088,4.11954,-1.11891,-0.220844,0.234643,-0.25617,
49.9332,-4.18709,3.99901,-1.07641,-0.21996,0.242265,-0.250956,
49.9392,-4.26932,4.20863,-1.03045,-0.225118,0.242018,-0.252627,
49.9423,-4.20885,4.20545,-1.12052,-0.2243,0.243696,-0.256273,
49.9505,-4.15189,4.09282,-1.15127,-0.222303,0.244334,-0.253859,
49.9536,-4.39128,4.13869,-1.18352,-0.220764,0.238257,-0.254653,
49.9588,-4.58135,4.27372,-1.14633,-0.223539,0.234275,-0.257161,
49.965,-4.12874,4.23458,-1.04752,-0.224586,0.24361,-0.253873,
49.9682,-4.28046,4.21293,-1.08656,-0.225921,0.241232,-0.248737,
49.9733,-4.28607,4.16788,-0.974233,-0.225342,0.240425,-0.253088,
49.9796,-4.141,4.15706,-1.00672,-0.225096,0.24222,-0.252493,
49.9827,-4.50711,4.271,-0.933045,-0.227319,0.232074,-0.254961,
49.9887,-4.28476,4.24303,-1.06774,-0.227624,0.239172,-0.255967,
49.9964,-4.30506,4.40914,-1.04048,-0.228259,0.240359,-0.258666,
49.9996,-4.29515,3.94714,-0.995289,-0.217737,0.240072,-0.247875,
50.0058,-4.456,3.99874,-0.979928,-0.219826,0.237109,-0.249805,
50.0111,-4.53105,4.20847,-1.02329,-0.223769,0.235276,-0.253517,
50.0142,-4.38109,4.29473,-0.90334,-0.228778,0.238471,-0.254859,
50.0202,-4.20259,4.22969,-0.947023,-0.225044,0.241877,-0.257311,
50.0233,-4.35245,4.17284,-1.06188,-0.22316,0.240319,-0.252633,
50.0296,-4.34968,4.35525,-1.1196,-0.227338,0.238696,-0.257844,
50.0358,-4.40939,4.24705,-1.11293,-0.225255,0.241889,-0.248745,
50.0392,-4.23847,3.97315,-1.25492,-0.21609,0.241572,-0.247761,
50.0468,-4.10694,4.3974,-1.16319,-0.23001,0.24662,-0.255485,
50.0521,-4.60488,4.29004,-1.2391,-0.226713,0.234925,-0.25135,
50.0552,-4.46594,4.27472,-1.07863,-0.222622,0.237473,-0.258288,
50.0613,-4.12722,4.24948,-1.16809,-0.225965,0.245029,-0.250784,
50.0675,-4.47627,4.05717,-1.08114,-0.222642,0.238206,-0.254275,
50.0706,-4.5999,4.21615,-1.14295,-0.225118,0.237496,-0.247503,
50.0767,-4.63978,4.31975,-1.17536,-0.228904,0.235258,-0.256245,
50.0841,-4.3354,4.3163,-1.25992,-0.22812,0.240782,-0.259713,
50.0872,-4.32844,4.34075,-1.12545,-0.22572,0.242299,-0.25569,
50.0923,-4.40702,4.27191,-1.05049,-0.226503,0.238354,-0.249065,
50.0955,-4.64941,4.12182,-1.14233,-0.220962,0.230486,-0.253531,
50.1017,-4.29868,4.1136,-1.1003,-0.221046,0.244244,-0.254178,
50.1077,-4.25939,4.35487,-1.11343,-0.228234,0.239963,-0.254491,
50.1108,-4.46633,4.2674,-1.17279,-0.227337,0.240102,-0.256189,
50.1171,-4.37424,4.16333,-1.16169,-0.223032,0.239612,-0.261394,
50.1232,-4.27531,3.91897,-1.14404,-0.217746,0.24145,-0.250768,
50.1658,-4.62607,3.88903,-1.10752,-0.216555,0.232064,-0.25374,
50.1702,-4.43036,4.35642,-1.15684,-0.229214,0.240526,-0.255137,
50.1768,-4.51656,4.17726,-1.1642,-0.224208,0.235868,-0.256216,
50.1802,-4.37174,4.12348,-0.970281,-0.221803,0.236383,-0.254094,
50.1878,-4.3004,4.38467,-1.03523,-0.228119,0.242585,-0.257426,
50.1932,-4.52373,4.26443,-0.89262,-0.227014,0.236169,-0.253216,
50.1962,-4.59102,3.90918,-1.02559,-0.219187,0.235234,-0.254175,
50.2023,-4.40464,4.09536,-0.907662,-0.222954,0.240509,-0.249096,
50.2085,-4.47374,4.21896,-1.1952,-0.223385,0.237376,-0.255858,
50.2116,-4.55365,4.26673,-0.988004,-0.225193,0.233157,-0.255135,
50.2197,-4.75395,4.45149,-1.07476,-0.233532,0.229741,-0.258859,
50.2227,-4.43337,4.08262,-0.925245,-0.222608,0.239234,-0.255261,
50.2278,-4.53737,4.01353,-0.975036,-0.221491,0.23574,-0.254061,
50.234,-4.46241,3.95724,-1.13542,-0.217908,0.238088,-0.252492,
50.2371,-4.54384,4.21594,-1.10881,-0.225653,0.232904,-0.257799,
50.2433,-4.28735,4.19365,-1.00544,-0.224467,0.241304,-0.251264,
50.2495,-4.60065,4.22495,-1.11885,-0.225363,0.234082,-0.258242,
50.2527,-4.24695,4.45879,-1.11814,-0.230569,0.240911,-0.260113,
50.2578,-4.39725,4.14051,-1.04914,-0.222712,0.239666,-0.257478,
50.2632,-4.55199,3.80151,-1.01649,-0.213874,0.236088,-0.252871,
50.2665,-4.34227,4.24836,-1.16416,-0.222388,0.238285,-0.249694,
50.2741,-4.50694,4.37994,-1.07695,-0.229827,0.236963,-0.252404,
50.2802,-4.48177,4.14076,-1.0816,-0.221462,0.238179,-0.251202,
50.2833,-4.54947,4.23747,-1.13676,-0.222676,0.233995,-0.253389,
50.2896,-4.47898,4.1012,-1.14083,-0.225004,0.240437,-0.252183,
50.2927,-4.35534,3.9924,-1.12254,-0.219313,0.239528,-0.248979,
50.2979,-4.18226,4.34832,-1.11157,-0.227265,0.24404,-0.257131,
50.3042,-4.44073,4.32755,-1.11694,-0.226565,0.240051,-0.254725,
50.3074,-4.43901,4.26087,-1.18467,-0.224476,0.237891,-0.253838,
50.314,-4.15686,4.22715,-1.07343,-0.22483,0.245682,-0.25112,
50.3202,-4.28412,4.47254,-1.1748,-0.230309,0.239976,-0.258393,
50.3233,-4.40825,4.18664,-1.11834,-0.226206,0.238507,-0.25099,
50.3293,-4.216,4.28466,-1.04734,-0.227453,0.242695,-0.251454,
50.3346,-4.40047,4.20759,-1.05399,-0.222514,0.238918,-0.253853,
50.3377,-4.40213,3.97652,-1.20063,-0.217919,0.239091,-0.253095,
50.3438,-4.46698,4.16075,-1.15984,-0.223765,0.236045,-0.25399,
50.3468,-4.36034,4.27542,-1.24556,-0.225206,0.239042,-0.251021,
50.3541,-4.31949,4.27712,-1.21353,-0.227804,0.240917,-0.259931,
50.3602,-4.53978,3.99068,-1.05549,-0.219472,0.237252,-0.254048,
50.3633,-4.20479,4.21282,-1.13124,-0.224247,0.239641,-0.256652,
50.3696,-4.27162,4.27288,-1.19295,-0.226232,0.242037,-0.252622,
50.3748,-4.55992,4.14775,-1.17473,-0.223938,0.236411,-0.254129,
50.378,-4.31112,4.35764,-1.18857,-0.229255,0.240321,-0.253476,
50.3842,-4.39834,4.4164,-1.29783,-0.230325,0.238598,-0.258049,
50.3902,-4.31754,4.07197,-1.13237,-0.221309,0.241008,-0.247714,
50.3933,-4.17804,4.10186,-1.19864,-0.220624,0.242347,-0.250295,
50.3976,-4.19947,4.38853,-1.06627,-0.230346,0.242369,-0.258349,
50.4009,-4.34301,4.18375,-1.08305,-0.221688,0.237407,-0.254315,
50.4053,-4.41694,4.38522,-1.21155,-0.228434,0.237692,-0.255007,
50.4106,-4.53005,4.0151,-1.09953,-0.217852,0.236194,-0.25346,
50.4137,-4.44921,4.00159,-1.19913,-0.219412,0.236752,-0.255195,
50.4198,-4.36719,4.10226,-1.13348,-0.220396,0.241379,-0.251857,
50.426,-4.43318,4.16048,-1.05273,-0.223287,0.240191,-0.251776,
50.4291,-4.38926,4.29149,-1.07626,-0.226239,0.240024,-0.253218,
50.4352,-4.51085,4.36985,-1.16575,-0.227891,0.237629,-0.255302,
50.4415,-4.32787,4.32351,-1.12211,-0.227486,0.2418,-0.257514,
50.5242,-4.36229,4.31257,-1.17652,-0.228363,0.241102,-0.257711,
50.5282,-4.57013,3.90512,-1.27,-0.214272,0.235042,-0.253047,
50.5348,-4.23246,4.32964,-1.11413,-0.22655,0.241913,-0.255109,
50.5382,-4.48821,4.16137,-1.15593,-0.222623,0.242057,-0.254273,
50.5446,-4.2977,4.26174,-1.24391,-0.22709,0.245094,-0.25677,
50.55,-4.33851,4.27292,-1.1065,-0.224548,0.241556,-0.25402,
50.5531,-4.20275,4.38771,-1.18323,-0.228382,0.244022,-0.252009,
50.5593,-4.36264,4.43331,-1.35171,-0.230268,0.239421,-0.257618,
50.5655,-4.24533,4.44799,-1.19547,-0.232159,0.241675,-0.254417,
50.5686,-4.54504,4.20178,-1.14198,-0.225729,0.23504,-0.252534,
50.5739,-4.47521,4.22032,-1.29456,-0.225197,0.238162,-0.250222,
50.5822,-4.3897,4.2932,-1.18693,-0.224076,0.242023,-0.253625,
50.5853,-4.56266,4.15077,-1.26757,-0.221972,0.234022,-0.252194,
50.5913,-4.71622,4.26792,-1.18302,-0.227054,0.229926,-0.248328,
50.5944,-4.16339,4.3254,-1.208,-0.22837,0.244036,-0.256929,
50.6006,-4.25527,4.49106,-1.11379,-0.232015,0.241783,-0.254035,
50.6068,-4.50477,4.01216,-0.982822,-0.21918,0.239054,-0.255191,
50.6099,-4.23212,4.26075,-1.16226,-0.227147,0.240722,-0.257958,
50.6152,-4.37143,4.21971,-1.10522,-0.226298,0.239131,-0.257053,
50.6231,-4.60959,4.22948,-1.1047,-0.223705,0.233975,-0.251571,
50.6262,-4.40657,4.03508,-1.09136,-0.220077,0.237131,-0.259501,
50.6322,-4.35284,4.09371,-1.0999,-0.22188,0.239709,-0.251437,
50.6354,-4.59248,4.21507,-1.22856,-0.224191,0.23592,-0.252174,
50.6416,-4.55056,4.10722,-1.13069,-0.221818,0.236234,-0.251129,
50.6478,-4.26454,4.37541,-1.21582,-0.227151,0.238644,-0.258648,
50.6509,-4.36435,4.46495,-1.1698,-0.231834,0.240477,-0.254731,
50.6562,-4.26245,4.15862,-1.11143,-0.22346,0.244022,-0.255541,
50.6622,-4.23501,4.33668,-1.09738,-0.230202,0.244696,-0.255919,
50.6655,-4.42904,4.41056,-1.14762,-0.230498,0.235797,-0.250506,
50.6717,-4.6518,4.06652,-1.22838,-0.220502,0.235738,-0.251204,
50.6748,-4.47167,4.2852,-1.27331,-0.227911,0.238018,-0.252977,
50.6811,-4.32295,4.55967,-1.26767,-0.230735,0.242977,-0.262023,
50.6873,-4.58011,4.39263,-1.14213,-0.229961,0.236174,-0.254054,
50.6904,-4.4363,4.33968,-1.18135,-0.228,0.237244,-0.252484,
50.6957,-4.54405,4.17126,-1.21685,-0.224057,0.234983,-0.259944,
50.7017,-4.4107,4.20213,-1.19537,-0.224934,0.239742,-0.251316,
50.7048,-4.60544,4.04975,-1.29076,-0.218841,0.235777,-0.248243,
50.7112,-4.44454,4.22746,-1.19942,-0.222703,0.238886,-0.255046,
50.7195,-4.40914,4.47392,-1.23337,-0.229778,0.236686,-0.257486,
50.7227,-4.48627,4.14588,-1.191,-0.222215,0.237784,-0.251858,
50.7278,-4.22852,4.23406,-1.15912,-0.224987,0.24181,-0.257397,
50.7331,-4.54091,3.95882,-1.15663,-0.216532,0.235523,-0.254278,
50.7362,-4.4078,3.96413,-1.26035,-0.218315,0.240847,-0.25087,
50.7422,-4.41868,4.30255,-1.25805,-0.22606,0.24001,-0.257482,
50.7454,-4.30541,4.15944,-1.2472,-0.224225,0.242766,-0.253502,
50.7516,-4.44352,4.23337,-1.24057,-0.223162,0.236774,-0.252757,
50.7596,-4.17793,4.22739,-1.11761,-0.224315,0.242649,-0.25645,
50.7627,-4.58342,4.29064,-1.1107,-0.228243,0.235951,-0.257068,
50.8464,-4.25432,4.04013,-1.13081,-0.22119,0.244,-0.247941,
50.8528,-4.22761,3.92125,-1.0688,-0.219089,0.24274,-0.252229,
50.8559,-4.39645,4.28695,-1.12988,-0.227619,0.234836,-0.255775,
50.8621,-4.37731,4.35372,-1.13753,-0.227737,0.239845,-0.254731,
50.8682,-4.69122,4.35615,-1.05989,-0.225416,0.22872,-0.25666,
50.8713,-4.51359,4.34558,-1.08273,-0.227128,0.23333,-0.255223,
50.8775,-4.35775,4.08217,-1.12802,-0.220318,0.240513,-0.250241,
50.8807,-4.37768,4.0878,-1.16065,-0.221151,0.236748,-0.250276,
50.9436,-4.30822,4.08662,-1.1324,-0.223973,0.239563,-0.25246,
50.9469,-4.10184,4.19439,-1.27173,-0.223282,0.244305,-0.250908,
50.9516,-4.35807,4.31044,-1.29153,-0.227407,0.240349,-0.249968,
50.957,-4.25838,4.0128,-1.06968,-0.218743,0.242887,-0.255869,
50.9603,-4.43824,4.19568,-1.09176,-0.226206,0.235626,-0.256217,
50.9665,-4.12701,4.14094,-0.921989,-0.22345,0.244805,-0.252141,
50.9727,-4.46878,4.08456,-1.01371,-0.222136,0.238779,-0.25126,
50.9758,-4.28487,4.53047,-1.11018,-0.230346,0.240938,-0.257515,
50.9841,-4.36895,4.28416,-1.1602,-0.227536,0.239838,-0.252551,
50.9893,-4.55951,4.2091,-1.15043,-0.225456,0.237019,-0.250383,
50.9925,-4.40883,4.12858,-1.17381,-0.221917,0.23735,-0.253119,
50.9987,-4.4244,4.17617,-1.0364,-0.222548,0.238909,-0.254998,
51.0018,-4.49876,4.07061,-1.06523,-0.221396,0.23703,-0.258467,
51.0078,-4.47861,4.2804,-1.15649,-0.225162,0.235856,-0.251667,
51.0141,-4.45119,4.30989,-1.14312,-0.225345,0.238944,-0.25785,
51.0172,-4.24437,4.33916,-1.04579,-0.228238,0.243524,-0.256064,
51.0233,-4.42811,4.25498,-1.03028,-0.223669,0.239353,-0.253639,
51.0278,-4.314,4.06878,-1.08071,-0.221237,0.241424,-0.253205,
51.0311,-4.56548,4.23108,-0.993699,-0.225094,0.234222,-0.253354,
51.0367,-4.29297,4.42273,-1.15773,-0.229947,0.240523,-0.255099,
51.0427,-4.51549,4.46873,-1.03944,-0.228802,0.235006,-0.254546,
51.0458,-4.44271,4.14109,-1.00508,-0.222828,0.23473,-0.2544,
51.0521,-4.54603,4.31324,-1.09132,-0.225871,0.236902,-0.255036,
51.0582,-4.04625,4.3994,-1.02868,-0.22977,0.247636,-0.257708,
51.0613,-4.25847,4.22475,-1.18734,-0.224462,0.242487,-0.255151,
51.0666,-4.23955,4.14233,-1.0448,-0.221597,0.238962,-0.255667,
51.0698,-4.32142,4.36162,-1.14088,-0.22756,0.240024,-0.256094,
51.0774,-4.33943,4.19781,-1.16484,-0.225877,0.238948,-0.250895,
51.0836,-4.47243,4.05779,-1.25306,-0.222074,0.23604,-0.253622,
51.0867,-4.35709,3.98816,-1.15146,-0.216113,0.240386,-0.253989,
51.0927,-4.2289,4.06525,-1.25674,-0.220047,0.24334,-0.254008,
51.099,-4.57654,4.29333,-1.21044,-0.225459,0.238246,-0.257502,
51.1022,-4.61949,4.14449,-1.20071,-0.220426,0.23264,-0.256796,
51.1074,-4.21279,4.18579,-1.0669,-0.22215,0.242423,-0.258867,
51.1136,-4.45873,3.91728,-1.05802,-0.213946,0.23672,-0.253458,
51.1168,-4.41326,4.09,-1.0264,-0.218822,0.239098,-0.258109,
51.121,-4.2506,4.30139,-1.0345,-0.227266,0.243525,-0.256489,
51.1272,-4.43677,4.00384,-0.970786,-0.217499,0.236269,-0.25401,
51.1303,-4.43279,4.07437,-1.14951,-0.221744,0.236382,-0.258424,
51.1365,-4.48066,4.16548,-1.1352,-0.222128,0.236981,-0.25767,
51.1397,-4.34378,4.46982,-1.1255,-0.230691,0.237388,-0.254214,
51.1449,-4.13934,3.98085,-1.18006,-0.217836,0.242983,-0.25225,
51.1511,-4.179,4.08761,-1.06669,-0.222245,0.240946,-0.25164,
51.1542,-4.35978,4.34327,-1.15281,-0.226543,0.238997,-0.254541,
51.1603,-4.07516,3.9619,-1.22375,-0.217394,0.244742,-0.256055,
51.1669,-4.49777,4.23779,-1.11036,-0.221543,0.235113,-0.261845,
51.1702,-4.17698,4.3106,-1.09444,-0.224242,0.243732,-0.259883,
51.1762,-4.23914,4.27634,-1.23,-0.226366,0.241225,-0.263009,
51.1823,-4.1817,4.23596,-1.13021,-0.22637,0.242552,-0.253565,
51.1854,-4.40501,4.29118,-1.14737,-0.22663,0.237113,-0.259457,
51.1918,-4.33454,4.08633,-1.14089,-0.222157,0.243378,-0.255055,
51.1949,-4.6286,4.28144,-1.00607,-0.227309,0.233462,-0.252885,
51.2012,-4.25504,4.46846,-1.19174,-0.228533,0.242202,-0.257616,
51.2063,-4.2879,4.30919,-0.992875,-0.225994,0.237581,-0.256008,
51.2095,-4.22357,4.25591,-1.02511,-0.226742,0.243421,-0.259313,
51.2157,-4.2512,4.31941,-1.13167,-0.225537,0.240161,-0.257555,
51.2218,-4.27352,4.16722,-1.10367,-0.226021,0.241251,-0.249513,
51.2249,-4.4832,4.18513,-1.1978,-0.22535,0.234962,-0.251682,
51.2302,-4.27534,4.1005,-1.04839,-0.220773,0.241432,-0.248077,
51.2362,-4.3397,4.45131,-1.04385,-0.230471,0.240171,-0.259338,
51.2393,-4.24197,4.28713,-1.11874,-0.224521,0.242028,-0.259723,
51.2456,-4.41431,4.29115,-1.0599,-0.224912,0.237267,-0.254352,
51.2487,-4.45081,4.29921,-1.2098,-0.225491,0.237535,-0.252962,
51.2551,-4.30505,4.33721,-1.07843,-0.226635,0.241422,-0.254533,
51.2618,-4.3963,4.14637,-1.07302,-0.222183,0.237726,-0.256945,
51.2672,-4.45596,4.03653,-1.14535,-0.218681,0.2394,-0.252745,
51.2703,-4.54919,4.2583,-1.04503,-0.223037,0.234651,-0.256361,
51.2765,-4.34864,4.30707,-1.16998,-0.228265,0.238652,-0.253203,
51.2797,-4.62709,4.15077,-1.23764,-0.222064,0.232955,-0.254778,
51.2857,-4.48617,4.38006,-1.15528,-0.227324,0.23594,-0.256395,
51.292,-4.4307,4.37918,-1.17912,-0.22752,0.233869,-0.257402,
51.2952,-4.40653,4.11247,-1.06555,-0.219075,0.236655,-0.252681,
51.2995,-4.51334,4.28473,-1.16254,-0.227036,0.236357,-0.250375,
51.3048,-4.46679,4.31365,-1.14264,-0.228221,0.238068,-0.253859,
51.308,-4.32828,4.144,-1.07484,-0.219682,0.240731,-0.250828,
51.3142,-4.21709,4.38959,-1.17095,-0.228944,0.24307,-0.257565,
51.3202,-4.31692,4.33608,-1.16022,-0.225707,0.240897,-0.254746,
51.3233,-4.44999,4.02044,-1.04264,-0.220013,0.238504,-0.251224,
51.3295,-4.52396,4.12822,-1.23114,-0.219927,0.232001,-0.249396,
51.3326,-4.3031,4.05001,-1.17443,-0.22025,0.238661,-0.251966,
51.3388,-4.17741,4.31026,-1.07863,-0.225523,0.243782,-0.256718,
51.3442,-4.39027,4.21894,-1.1316,-0.226729,0.238523,-0.251006,
51.3473,-4.51626,4.29315,-1.23017,-0.226878,0.236897,-0.254348,
51.3535,-4.4219,4.3736,-1.20895,-0.227654,0.236864,-0.252515,
51.3597,-4.53713,4.29735,-1.26764,-0.224751,0.23663,-0.249622,
51.3628,-4.54491,4.17302,-1.23623,-0.223021,0.233111,-0.248694,
51.369,-4.42591,4.20877,-1.24597,-0.224293,0.238799,-0.252065,
51.3752,-4.45916,4.16332,-1.13472,-0.222251,0.239877,-0.255771,
51.4179,-4.28356,4.23086,-1.08903,-0.225989,0.238743,-0.258353,
51.4221,-4.53983,4.01672,-1.10338,-0.221934,0.238582,-0.251053,
51.4282,-4.41488,4.12356,-1.17837,-0.223201,0.236214,-0.249205,
51.4314,-4.41104,4.1272,-1.07118,-0.220487,0.240173,-0.251996,
51.4368,-4.52169,4.17553,-1.18666,-0.222729,0.237383,-0.253963,
51.4436,-4.37431,4.14339,-1.18413,-0.2211,0.239762,-0.254394,
51.4468,-4.40888,4.38215,-1.07263,-0.230061,0.234655,-0.255475,
51.452,-4.63716,4.03927,-1.27001,-0.220622,0.233023,-0.253092,
51.4582,-4.38891,3.95397,-1.28465,-0.219422,0.240366,-0.249287,
51.4614,-4.39525,4.2604,-1.10758,-0.224615,0.24123,-0.260752,
51.4677,-4.39747,4.06506,-1.14442,-0.218788,0.241897,-0.257091,
51.4708,-4.33662,4.10364,-1.11174,-0.221146,0.240614,-0.254629,
51.477,-4.42796,4.2082,-1.24122,-0.222752,0.238184,-0.25397,
51.4832,-4.57159,4.36064,-1.04839,-0.224676,0.234048,-0.255978,
51.4863,-4.56067,3.96751,-1.19121,-0.222492,0.236783,-0.252424,
51.4926,-4.33806,4.08953,-1.12275,-0.223182,0.239973,-0.252726,
51.538,-4.37624,4.44637,-1.0916,-0.229519,0.23762,-0.255505,
51.5411,-4.55214,4.28191,-1.03628,-0.226037,0.233966,-0.258244,
51.5452,-4.48703,4.06995,-1.14314,-0.222001,0.238421,-0.252972,
51.5512,-4.16529,4.17297,-1.19365,-0.224692,0.240541,-0.256365,
51.5543,-4.53627,4.11918,-1.15983,-0.22098,0.236873,-0.248734,
51.5606,-4.42102,4.07777,-1.20436,-0.219416,0.23588,-0.251994,
51.5637,-4.39891,4.47968,-1.15925,-0.228427,0.240148,-0.261765,
51.5719,-4.49571,4.34096,-1.15486,-0.226896,0.237137,-0.253274,
51.5763,-4.54222,3.95822,-1.10539,-0.218409,0.237797,-0.247362,
51.5795,-4.53779,4.15524,-1.23177,-0.222301,0.235528,-0.253327,
51.5848,-4.41478,4.06762,-1.13436,-0.219016,0.238311,-0.254078,
51.591,-4.42029,4.18434,-1.07793,-0.221126,0.238608,-0.253666,
51.5941,-4.24219,4.16746,-1.10187,-0.224296,0.238389,-0.252154,
51.6002,-4.3067,4.2062,-1.19226,-0.223069,0.239257,-0.258839,
51.6065,-4.33605,4.21053,-1.09883,-0.222834,0.240278,-0.255241,
51.6096,-4.70894,4.14841,-1.20127,-0.218761,0.23025,-0.252347,
51.6552,-4.51596,4.11028,-1.15786,-0.222884,0.236767,-0.254617,
51.6596,-4.66453,4.11576,-0.982501,-0.221418,0.233021,-0.247357,
51.6628,-4.09882,4.51872,-1.1687,-0.2326,0.245132,-0.255563,
51.6713,-4.35017,4.05607,-1.02323,-0.220525,0.236699,-0.249119,
51.677,-4.40268,4.12387,-1.13559,-0.219878,0.239739,-0.254411,
51.6802,-4.389,4.18996,-1.22541,-0.221808,0.239683,-0.255349,
51.6862,-4.46412,4.09407,-1.13325,-0.221637,0.237,-0.252556,
51.6924,-4.57828,4.12892,-1.21695,-0.221578,0.233871,-0.252476,
51.6956,-1.75478,4.65504,-0.287779,-0.255864,0.0601845,-0.0361127,
51.701,-1.79645,4.7365,-0.339058,-0.256426,0.0581439,-0.0364025,
51.7054,-1.75883,4.63806,-0.296252,-0.253491,0.0571982,-0.0353838,
51.7086,-1.5731,4.59647,-0.247168,-0.253493,0.0580497,-0.0405672,
51.7147,-1.86141,4.66327,-0.351666,-0.254753,0.0541347,-0.0403538,
51.7178,-2.05601,4.5849,-0.350279,-0.251774,0.0571385,-0.0370087,
51.7241,-1.8446,4.56539,-0.33374,-0.249309,0.0632731,-0.0370093,
51.7302,-2.01896,4.84638,-0.43828,-0.255532,0.0582464,-0.0369357,
51.7334,-1.6396,4.61375,-0.324197,-0.253485,0.0377687,-0.0459747,
51.7387,-1.59264,4.73163,-0.292908,-0.255377,0.0353031,-0.0436555,
51.7448,-1.57669,4.69822,-0.217487,-0.257556,0.0373339,-0.0394561,
51.748,-1.70217,4.8533,-0.267226,-0.257066,0.0352326,-0.0392293,
51.7542,-1.61575,4.62434,-0.216206,-0.249974,0.0370874,-0.0377773,
51.7602,-1.6064,4.45541,-0.22866,-0.251436,0.0369116,-0.0418195,
51.7633,-1.77841,4.50318,-0.199973,-0.251479,0.0340711,-0.0415793,
51.7695,-1.80168,4.72745,-0.235369,-0.257169,0.0367369,-0.0399921,
51.7727,-1.36632,4.65287,-0.241224,-0.254619,0.0380844,-0.039643,
51.7779,-1.34907,4.67515,-0.22308,-0.251333,0.0407776,-0.0405162,
51.7841,-1.49985,4.6632,-0.17338,-0.251114,0.0417324,-0.0382723,
51.7872,-1.52331,4.7183,-0.28631,-0.253512,0.0353232,-0.0412983,
51.7952,-1.52641,4.87636,-0.367082,-0.260524,0.0354464,-0.0433492,
51.8012,-1.39293,4.71547,-0.255152,-0.251577,0.0334795,-0.0435544,
51.8043,-1.33523,4.74604,-0.242361,-0.253824,0.0356864,-0.0421528,
51.8106,-1.42429,4.63767,-0.371504,-0.254009,0.0348132,-0.0394918,
51.8137,-1.5721,4.59857,-0.310994,-0.253181,0.0343492,-0.0402464,
51.8189,-1.69068,4.66319,-0.264895,-0.249506,0.0386459,-0.0420499,
51.8251,-1.58862,4.84886,-0.251593,-0.254471,0.0387871,-0.0356356,
51.8282,-1.46755,4.68571,-0.34147,-0.255003,0.0344487,-0.0372801,
51.8343,-1.5654,4.69672,-0.246379,-0.256893,0.0313658,-0.0416344,
51.8409,-1.33779,4.51845,-0.351557,-0.252971,0.0364421,-0.0373415,
51.8441,-1.42224,4.76087,-0.342784,-0.252782,0.0391376,-0.0418041,
51.8502,-1.29625,4.75963,-0.277768,-0.256874,0.0473879,-0.0381516,
51.9331,-1.01624,4.66201,-0.384587,-0.254068,0.0362234,-0.0374954,
51.9362,-1.0465,4.80807,-0.3024,-0.255988,0.0339396,-0.0364395,
51.9402,-1.25314,4.56899,-0.338774,-0.250927,0.0312029,-0.0376971,
51.9464,-1.17817,4.68705,-0.307433,-0.25118,0.032399,-0.0361376,
51.9496,-1.35282,4.50483,-0.37199,-0.249499,0.0272579,-0.0382416,
51.9557,-1.01107,4.75608,-0.36369,-0.254326,0.0338582,-0.0381893,
51.9588,-0.926561,4.73964,-0.485632,-0.252214,0.0334583,-0.0387709,
51.9651,-0.772532,4.65661,-0.562007,-0.253836,0.0350916,-0.0368495,
52.1038,-0.8768,4.72061,-0.392113,-0.253347,0.0362469,-0.0396586,
52.107,-1.14266,4.72162,-0.342648,-0.255294,0.0308403,-0.0385338,
52.1112,-1.21718,4.63773,-0.536144,-0.254149,0.034864,-0.0404869,
52.1172,-1.04951,4.74383,-0.342386,-0.256261,0.0351279,-0.0394469,
52.1204,-1.10177,4.81863,-0.366152,-0.257599,0.0337453,-0.0344966,
52.1266,-1.08658,4.67398,-0.423508,-0.250724,0.025375,-0.0383292,
52.1297,-1.125,4.84936,-0.371727,-0.258061,0.0271601,-0.0366245,
52.1357,-1.05976,4.82405,-0.411199,-0.255841,0.0314447,-0.0387087,
52.2473,-1.25875,4.68706,-0.377589,-0.253258,0.0283981,-0.0362505,
52.2507,-0.777267,4.70604,-0.45192,-0.251858,0.032669,-0.0350606,
52.2583,-0.969617,4.61668,-0.45568,-0.252824,0.0291656,-0.032592,
52.2645,-0.974983,4.59168,-0.443591,-0.251741,0.0271765,-0.0382556,
52.2676,-1.03047,4.567,-0.422344,-0.249085,0.0289272,-0.0388303,
52.2737,-0.981084,4.50901,-0.473835,-0.249022,0.0362872,-0.0342139,
52.2769,-1.04385,4.76686,-0.529117,-0.254437,0.0340072,-0.040226,
52.2831,-1.15495,4.63837,-0.355764,-0.252858,0.0249173,-0.0341671,
52.2873,-0.991376,4.69441,-0.392663,-0.253785,0.0295075,-0.0383109,
52.2906,-0.986758,4.67506,-0.547752,-0.252005,0.0301295,-0.0387604,
52.2987,-0.995806,4.73574,-0.440358,-0.253685,0.0263084,-0.0435292,
52.3037,-1.06739,4.55956,-0.317929,-0.251316,0.028373,-0.0399942,
52.3068,-1.06648,4.81516,-0.390876,-0.256844,0.0217066,-0.0339652,
52.313,-0.870744,4.47167,-0.349878,-0.251458,0.0226069,-0.0337613,
52.3192,-1.08979,4.69222,-0.289353,-0.253475,0.0173492,-0.0350764,
52.3223,-1.04014,4.61074,-0.410478,-0.25348,0.0241771,-0.0374548,
52.3701,-0.968271,4.81972,-0.38943,-0.256417,0.0272697,-0.0343159,
52.3762,-1.14053,4.66525,-0.241147,-0.253851,0.0195464,-0.0347382,
52.3796,-0.968319,4.71461,-0.343332,-0.256101,0.0216886,-0.0384897,
52.3873,-1.11603,4.71695,-0.341477,-0.251449,0.0197919,-0.0403016,
52.3929,-0.718508,4.79017,-0.371113,-0.256885,0.0295049,-0.0426278,
52.3961,-0.788582,4.77321,-0.39841,-0.256395,0.031417,-0.0355255,
52.4022,-1.214,4.66526,-0.431393,-0.254741,0.0169332,-0.0390342,
52.4084,-1.0103,4.87497,-0.432862,-0.261414,0.0221128,-0.0352404,
52.4116,-1.02514,4.76842,-0.344105,-0.259092,0.0188738,-0.0336836,
52.4168,-0.930364,4.7213,-0.315888,-0.25175,0.0160881,-0.0370501,
52.4222,-0.890707,4.6071,-0.311577,-0.253987,0.0141399,-0.0342135,
52.4255,-0.812688,4.63545,-0.415269,-0.252063,0.0207204,-0.041256,
52.4311,-0.975843,4.67897,-0.329925,-0.255564,0.0218317,-0.0412533,
52.4372,-0.938706,4.62891,-0.279891,-0.25429,0.0169488,-0.0370717,
52.4403,-0.822341,4.68026,-0.345397,-0.254048,0.0162514,-0.0347736,
52.4465,-0.663759,4.70713,-0.220886,-0.253622,0.0164907,-0.0403791,
52.4497,-0.864162,4.60476,-0.263945,-0.254351,0.00910686,-0.0383052,
52.4549,-1.12145,4.8776,-0.32934,-0.260774,0.00418495,-0.0416449,
52.4611,-0.939611,4.41304,-0.281743,-0.248031,0.00924057,-0.0393664,
52.4642,-1.04415,4.66181,-0.249643,-0.251745,0.005661,-0.0394115,
52.4725,-0.866066,4.73499,-0.343081,-0.258064,0.00968951,-0.0382384,
52.4777,-0.881538,4.73281,-0.204561,-0.255411,0.00752794,-0.0391646,
52.4808,-0.627254,4.73024,-0.250621,-0.256535,0.0121556,-0.036859,
52.487,-0.791405,4.75039,-0.372532,-0.255506,0.00784095,-0.0337495,
52.4932,-0.742418,4.51066,-0.314591,-0.25413,-0.0103603,-0.0422109,
52.4963,-0.765745,4.58745,-0.27457,-0.255383,-0.00536977,-0.0412779,
52.5016,-0.956592,4.69393,-0.32065,-0.260323,-0.0105695,-0.0382282,
52.5047,-0.893658,4.59628,-0.417206,-0.255891,-0.00909736,-0.042354,
52.5108,-0.795608,4.57357,-0.2121,-0.255677,-0.00543518,-0.0412809,
52.5171,-0.734974,4.72508,-0.450666,-0.256605,-0.00436368,-0.0408143,
52.5202,-0.57783,4.58471,-0.42227,-0.252392,-0.00451063,-0.0346109,
52.5262,-0.667973,4.67677,-0.489558,-0.254811,-0.00694334,-0.0380919,
52.5325,-0.633698,4.52616,-0.31678,-0.254452,-0.00838952,-0.038369,
52.5356,-0.938386,4.7081,-0.351609,-0.260287,-0.0148474,-0.0403103,
52.5408,-0.763946,4.6026,-0.235765,-0.256708,-0.0107061,-0.0404388,
52.547,-0.678611,4.42276,-0.177943,-0.250341,-0.0081009,-0.0393984,
52.5501,-0.710416,4.70472,-0.253532,-0.259661,-0.0121718,-0.0396158,
52.5582,-0.424722,4.78889,-0.575378,-0.260953,-0.00598344,-0.0397488,
52.5616,-0.631987,4.66972,-0.175652,-0.256148,-0.00924676,-0.037643,
52.566,-0.849436,4.75948,-0.300327,-0.262176,-0.0134851,-0.0377258,
52.5722,-0.593151,4.71977,-0.362515,-0.259887,-0.0150108,-0.042467,
52.5754,-0.734146,4.70473,-0.201425,-0.258327,-0.0220059,-0.0398117,
52.5807,-0.720091,4.84994,-0.372888,-0.261612,-0.0151611,-0.0398235,
52.5867,-0.474998,4.46083,-0.254116,-0.253293,-0.0148466,-0.0421323,
52.5898,-0.680424,4.78985,-0.209932,-0.261525,-0.0165352,-0.0407716,
52.5961,-0.500991,4.60959,-0.300404,-0.256867,-0.0147045,-0.0382591,
52.5992,-0.486222,4.49976,-0.396464,-0.25732,-0.0163394,-0.0389887,
52.6025,-0.499828,4.79911,-0.25268,-0.26411,-0.0193701,-0.0363769,
52.607,-0.783852,4.72873,-0.303483,-0.259483,-0.0237862,-0.0419316,
52.6123,-0.601924,4.57671,-0.396934,-0.258631,-0.0193233,-0.0411742,
52.6155,-0.723339,4.58811,-0.34561,-0.256616,-0.0207215,-0.0421207,
52.6217,-0.664676,4.79874,-0.333044,-0.26285,-0.020964,-0.0393923,
52.6248,-0.350384,4.6637,-0.351258,-0.256912,-0.0170295,-0.040183,
52.6311,-0.380976,4.62011,-0.241037,-0.258495,-0.0173028,-0.0376089,
52.6372,-0.332183,4.58837,-0.249164,-0.259415,-0.0161042,-0.0367726,
52.6403,-0.613686,4.7974,-0.292783,-0.261591,-0.0210874,-0.0388873,
52.6861,-0.584366,4.55678,-0.384341,-0.256999,-0.0211756,-0.0399025,
52.6942,-0.399194,4.74243,-0.269696,-0.263073,-0.0210363,-0.0393017,
52.6975,-0.514172,4.60468,-0.150291,-0.257518,-0.0192852,-0.0393725,
52.7051,-0.367034,4.87999,-0.360135,-0.266982,-0.0193741,-0.0354174,
52.7112,-0.447757,4.46948,-0.409102,-0.255492,-0.0166671,-0.0374154,
52.7143,-0.44456,4.64878,-0.355897,-0.258828,-0.0170469,-0.034393,
52.7206,-0.544085,4.68722,-0.422822,-0.260018,-0.0198201,-0.0360246,
52.7267,-0.460643,4.77283,-0.294658,-0.265127,-0.0214521,-0.0372075,
52.7298,-0.555416,4.87107,-0.276574,-0.265607,-0.0203751,-0.0374362,
52.7352,-0.58325,4.85656,-0.34285,-0.262049,-0.0198334,-0.0385139,
52.7412,-0.840435,4.64783,-0.233158,-0.259016,-0.0264856,-0.0328289,
52.7443,-0.589119,4.74047,-0.290627,-0.259785,-0.0235065,-0.0372244,
52.7505,-0.66721,4.80209,-0.333926,-0.262548,-0.0319226,-0.0364277,
52.7536,-0.505094,4.68298,-0.41587,-0.258567,-0.0249653,-0.0366468,
52.7597,-0.275071,4.62966,-0.208282,-0.259441,-0.0169146,-0.0356639,
52.766,-0.335012,4.77891,-0.323935,-0.262817,-0.0194852,-0.0372988,
52.7692,-0.392628,4.79567,-0.450835,-0.263705,-0.018846,-0.038992,
52.7743,-0.487228,4.72234,-0.334654,-0.265302,-0.02519,-0.0382293,
52.7816,-0.281158,4.64733,-0.461393,-0.260844,-0.0263555,-0.0387962,
52.7849,-0.53653,4.50755,-0.270152,-0.257843,-0.0292331,-0.0385439,
52.7925,-0.483114,4.76675,-0.254069,-0.264358,-0.025621,-0.0367071,
52.8007,-0.832965,4.5356,-0.296548,-0.256911,-0.0298364,-0.0388041,
52.804,-0.534224,4.65054,-0.260975,-0.257535,-0.0214407,-0.0338147,
52.8092,-0.802709,4.86586,-0.323417,-0.26506,-0.0363888,-0.0386608,
52.8153,-0.399506,4.70435,-0.245329,-0.260567,-0.0267547,-0.0369048,
52.8184,-0.577558,4.63051,-0.31206,-0.258765,-0.0330751,-0.0363824,
52.8237,-0.33154,4.71605,-0.329258,-0.261273,-0.0282068,-0.0379415,
52.832,-0.6227,4.72371,-0.25663,-0.260746,-0.0316523,-0.0391956,
52.8351,-0.448043,4.76041,-0.289378,-0.25998,-0.0288981,-0.0387232,
52.8402,-0.28927,4.58174,-0.357698,-0.257398,-0.0269568,-0.0361534,
52.8433,-0.359885,4.77678,-0.625099,-0.265076,-0.031965,-0.0403259,
52.8495,-0.265748,4.7781,-0.330986,-0.260256,-0.0289568,-0.0365554,
52.8557,-0.241933,4.86969,-0.499443,-0.266163,-0.0359772,-0.0338033,
52.8589,-0.446634,4.94678,-0.452764,-0.264927,-0.0362611,-0.0351635,
52.8642,-0.285613,4.81995,-0.337154,-0.264671,-0.0296276,-0.0356505,
52.8722,-0.568691,4.6324,-0.421481,-0.256838,-0.0345147,-0.0303458,
52.8754,-0.326828,4.89864,-0.303786,-0.26482,-0.0346581,-0.0364257,
52.8806,-0.3051,4.79506,-0.345121,-0.261488,-0.0379756,-0.0323939,
52.8837,-0.172522,4.73361,-0.461201,-0.262396,-0.0374341,-0.0380509,
52.8897,-0.29801,4.67016,-0.437019,-0.26106,-0.0411342,-0.0369738,
52.896,-0.167833,4.95354,-0.459837,-0.265724,-0.0380505,-0.0352439,
52.8991,-0.438543,4.74506,-0.50895,-0.262218,-0.0419359,-0.036534,
52.9043,-0.23152,4.8389,-0.42148,-0.262301,-0.0399248,-0.0377604,
52.9106,-0.35822,4.85226,-0.402192,-0.268847,-0.0398465,-0.0380291,
52.9137,-0.568305,4.55551,-0.265503,-0.256759,-0.0378826,-0.0345123,
52.92,-0.380977,4.7103,-0.304618,-0.260638,-0.0371288,-0.0332487,
52.9244,-0.31015,4.62504,-0.370399,-0.261613,-0.0431417,-0.0334104,
52.9276,-0.462267,4.83939,-0.41888,-0.264298,-0.0438575,-0.0389444,
52.9338,-0.253062,4.80023,-0.406912,-0.267007,-0.0410708,-0.03853,
52.9391,0.0999854,4.76175,-0.390197,-0.262616,-0.0366216,-0.0357569,
52.9422,-0.0168989,4.73043,-0.544937,-0.265419,-0.0438108,-0.0385292,
52.9482,-0.024192,4.69311,-0.417589,-0.260854,-0.0475193,-0.0336607,
52.9513,0.156096,4.95353,-0.449508,-0.269756,-0.0398409,-0.0363551,
52.9576,-0.503261,4.77678,-0.408835,-0.266309,-0.0524084,-0.0393781,
52.9637,-0.307598,4.82879,-0.60041,-0.267314,-0.0474798,-0.0336644,
52.9668,-0.234227,4.79703,-0.473714,-0.265091,-0.0467468,-0.0351097,
52.9731,-0.187414,4.6669,-0.564762,-0.259392,-0.0457024,-0.0361882,
52.9783,-0.0713388,4.87317,-0.410885,-0.267307,-0.0499272,-0.0372693,
52.9814,-0.1469,4.84169,-0.258481,-0.265695,-0.0508444,-0.0385255,
52.9877,-0.057774,4.62017,-0.376963,-0.262226,-0.0510912,-0.0397611,
52.9908,-0.185085,4.69402,-0.466397,-0.261392,-0.0492314,-0.0373709,
52.997,-0.0871634,4.86834,-0.349228,-0.266656,-0.0473201,-0.0390284,
53.0032,0.0151925,4.76104,-0.40987,-0.266842,-0.0497702,-0.036511,
53.0065,0.0123471,4.68053,-0.463226,-0.261777,-0.0519397,-0.037222,
53.0121,-0.0926384,4.74868,-0.346934,-0.265768,-0.05313,-0.0384726,
53.0174,-0.286268,4.78655,-0.374259,-0.263174,-0.0549909,-0.0367344,
53.0205,-0.205048,4.77646,-0.392104,-0.263494,-0.0449844,-0.036382,
53.0267,-0.149065,4.69144,-0.351824,-0.264855,-0.0486088,-0.0392904,
53.0329,0.126235,4.64639,-0.206582,-0.261091,-0.0519791,-0.0406526,
53.0361,0.0408418,4.92095,-0.448235,-0.268295,-0.0543493,-0.0379897,
53.0422,-0.281053,4.81356,-0.437504,-0.266062,-0.0580331,-0.0349475,
53.0482,-0.189623,4.80291,-0.367288,-0.264379,-0.0500359,-0.0386687,
53.0515,-0.0633565,4.53577,-0.391988,-0.259256,-0.0492286,-0.0430255,
53.0591,-0.142582,4.86299,-0.566265,-0.266083,-0.0536214,-0.040086,
53.0652,-0.277277,4.73762,-0.596323,-0.264956,-0.0590194,-0.0384888,
53.0683,-0.0168499,4.67981,-0.304983,-0.262758,-0.0630783,-0.0391631,
53.0746,-0.0495303,4.63375,-0.323618,-0.260347,-0.0591699,-0.0373203,
53.0777,-0.28436,4.83582,-0.285195,-0.265657,-0.0566974,-0.0398432,
53.0837,-0.131396,4.78875,-0.332013,-0.267524,-0.0551168,-0.0423312,
53.09,-0.119172,4.60984,-0.32494,-0.261854,-0.058652,-0.0377092,
53.0931,-0.0443693,4.73188,-0.293054,-0.263738,-0.0697323,-0.0390508,
53.1013,-0.013966,4.75133,-0.337792,-0.26565,-0.0676178,-0.0383938,
53.1097,-0.12332,4.67151,-0.159627,-0.264834,-0.0713477,-0.0437487,
53.1131,0.0374423,4.76366,-0.3047,-0.26463,-0.0629995,-0.0386805,
53.1206,0.0849823,4.76493,-0.283741,-0.270779,-0.0702526,-0.042239,
53.1267,0.088858,4.58631,-0.288806,-0.263022,-0.0695366,-0.0401242,
53.1298,0.210293,4.6321,-0.252869,-0.264351,-0.0653647,-0.042279,
53.1361,-0.00855535,4.57806,-0.217782,-0.261557,-0.0730297,-0.0405433,
53.1392,-0.101951,4.80531,-0.256795,-0.269586,-0.0747296,-0.0420549,
53.1425,-0.105977,4.63814,-0.368638,-0.26461,-0.073227,-0.0414585,
53.1478,0.0992542,4.85677,-0.29016,-0.269529,-0.0692134,-0.0407848,
53.1541,-0.0397818,4.62488,-0.220189,-0.265943,-0.0761943,-0.0431549,
53.1572,-0.18656,4.71969,-0.289609,-0.264365,-0.0759309,-0.0420161,
53.1632,-0.252538,4.41428,-0.337433,-0.259887,-0.0776073,-0.0436072,
53.1663,-0.129952,4.81988,-0.322469,-0.266957,-0.0777126,-0.044377,
53.1725,-0.150885,4.64731,-0.167333,-0.263932,-0.0761442,-0.0420056,
53.1787,-0.00289742,4.68604,-0.188064,-0.263636,-0.0719095,-0.0452983,
53.1819,-0.10728,4.68176,-0.193197,-0.265508,-0.0797135,-0.0398935,
53.1872,-0.0159461,4.60338,-0.247868,-0.263982,-0.0805844,-0.0431356,
53.1932,-0.00580856,4.71779,-0.16763,-0.26776,-0.0808406,-0.0442128,
53.1963,-0.194353,4.64132,-0.131798,-0.266564,-0.0801909,-0.0432386,
53.2025,-0.153425,4.73801,-0.0856616,-0.266834,-0.0804538,-0.0456424,
53.2057,-0.0687552,4.73044,-0.281133,-0.266132,-0.0770141,-0.0425149,
53.2117,-0.180657,4.70894,-0.265573,-0.263441,-0.0858588,-0.0457975,
53.2586,-0.126642,4.70018,-0.304152,-0.265357,-0.0846679,-0.0421785,
53.2617,-0.150705,4.71201,-0.270419,-0.265845,-0.0807557,-0.0380242,
53.2657,-0.142989,4.80138,-0.293332,-0.265659,-0.0833082,-0.0447946,
53.2717,0.0281945,4.61012,-0.0143394,-0.268637,-0.080784,-0.0453905,
53.275,0.00495221,4.66783,-0.211723,-0.264631,-0.0808542,-0.0431255,
53.2815,-0.0562158,4.55421,-0.274479,-0.261739,-0.086323,-0.0415635,
53.2877,-0.164816,4.70312,-0.132042,-0.264448,-0.083094,-0.0407476,
53.2908,-0.0313876,4.73337,-0.211211,-0.263036,-0.0832416,-0.0438762,
53.2971,-0.0777443,4.64241,-0.209198,-0.262771,-0.0845921,-0.0439444,
53.3023,-0.292307,4.42599,-0.332053,-0.257668,-0.0898366,-0.0434658,
53.3054,0.0708661,4.7832,-0.19053,-0.268928,-0.083087,-0.0424365,
53.3116,-0.0740758,4.73667,-0.339902,-0.265008,-0.0890661,-0.0422439,
53.3147,0.103543,4.78853,-0.331795,-0.265759,-0.086884,-0.0429868,
53.3208,0.0786022,4.67423,-0.215026,-0.267155,-0.087818,-0.0430872,
53.3292,-0.197559,4.74594,-0.409547,-0.267465,-0.0897891,-0.0414647,
53.3324,0.10988,4.90655,-0.249698,-0.270911,-0.0858813,-0.0447878,
53.3377,-0.0320738,4.71726,-0.29139,-0.265858,-0.0926589,-0.0384374,
53.3428,0.358478,4.60603,-0.448528,-0.264844,-0.0897526,-0.0425215,
53.346,0.252232,4.74655,-0.255984,-0.268056,-0.0924106,-0.0445364,
53.3522,0.219648,4.56264,-0.284305,-0.265088,-0.0849848,-0.0421407,
53.3582,0.0333607,4.6435,-0.370847,-0.264118,-0.0898457,-0.0440776,
53.3613,0.295715,4.61424,-0.35513,-0.264909,-0.0873499,-0.0429523,
53.3657,0.391887,4.75069,-0.351098,-0.270599,-0.0918922,-0.0449897,
53.3722,0.245911,4.50745,-0.192032,-0.263047,-0.0904802,-0.0435963,
53.3756,0.10601,4.63039,-0.457707,-0.26353,-0.0895476,-0.0427008,
53.3831,-0.220761,4.58898,-0.374363,-0.265619,-0.0948154,-0.0405595,
53.3892,0.139155,4.73339,-0.31222,-0.267392,-0.090164,-0.0414926,
53.3923,0.219356,4.60602,-0.358584,-0.267666,-0.0942846,-0.0437325,
53.3985,0.247371,4.53621,-0.371887,-0.263598,-0.0989504,-0.0448022,
53.4016,0.445099,4.59582,-0.407816,-0.263894,-0.0934376,-0.0394092,
53.4077,0.193876,4.80075,-0.167949,-0.271221,-0.0900874,-0.0470193,
53.4134,0.174831,4.72695,-0.281109,-0.268181,-0.0896901,-0.0394458,
53.4166,0.239335,4.69071,-0.237306,-0.265593,-0.0964342,-0.0402549,
53.4219,0.301366,4.76423,-0.347248,-0.26545,-0.0974299,-0.0382464,
53.4281,0.157696,4.57333,-0.346346,-0.262104,-0.0992955,-0.035042,
53.4312,0.0426902,4.72738,-0.197745,-0.265187,-0.104751,-0.0409323,
53.4372,0.284098,4.80181,-0.346394,-0.269189,-0.0986085,-0.0374714,
53.4435,0.203455,4.81697,-0.467958,-0.270199,-0.101674,-0.0392372,
53.4466,0.277029,4.72005,-0.392431,-0.266375,-0.0981713,-0.0434202,
53.4527,0.134733,4.6993,-0.443799,-0.266593,-0.0990031,-0.0337219,
53.4593,0.507317,4.6521,-0.296312,-0.265817,-0.10232,-0.03382,
53.4626,0.513127,4.66085,-0.370331,-0.265225,-0.100615,-0.0385373,
53.4702,0.725535,4.76831,-0.304951,-0.270143,-0.0955242,-0.0368144,
53.4744,0.648507,4.76707,-0.407902,-0.266829,-0.0985615,-0.0397153,
53.4776,0.572112,4.56072,-0.337213,-0.264757,-0.10444,-0.0379865,
53.4837,0.534399,4.83665,-0.26817,-0.270941,-0.103649,-0.038949,
53.4868,0.635143,4.69532,-0.264022,-0.267529,-0.102356,-0.0384987,
53.4931,0.480759,4.53085,-0.34995,-0.26031,-0.10164,-0.0389562,
53.4992,0.818294,4.51004,-0.385754,-0.262946,-0.118116,-0.0417438,
53.5024,0.982127,4.88581,-0.312319,-0.271561,-0.110023,-0.0390375,
53.5077,0.85119,4.58871,-0.485564,-0.262601,-0.109174,-0.0426265,
53.514,0.974702,4.52676,-0.406161,-0.264374,-0.10801,-0.0400605,
53.5171,1.08015,4.62983,-0.246493,-0.266518,-0.10628,-0.0408383,
53.5232,0.732873,4.62201,-0.455582,-0.265578,-0.114199,-0.0392333,
53.5295,0.770509,4.84638,-0.243088,-0.273068,-0.115175,-0.0397445,
53.5326,0.828383,4.58828,-0.310666,-0.266008,-0.113097,-0.0412563,
53.5387,0.917181,4.6915,-0.273132,-0.268177,-0.112765,-0.0401631,
53.5441,0.709142,4.73375,-0.208421,-0.270374,-0.123346,-0.0402269,
53.5473,0.666884,4.87356,-0.31368,-0.272148,-0.122092,-0.0374332,
53.5536,0.605133,4.73216,-0.309899,-0.269076,-0.121091,-0.0398673,
53.5566,0.548764,4.54517,-0.265803,-0.261698,-0.118445,-0.045281,
53.5627,0.653024,4.68645,-0.201672,-0.266836,-0.116434,-0.0424207,
53.569,0.999009,4.78879,-0.26364,-0.269625,-0.118236,-0.0384699,
53.5721,0.962862,4.83765,-0.256512,-0.269489,-0.11979,-0.0402662,
53.5783,0.680608,4.64787,-0.330012,-0.267172,-0.118739,-0.0397247,
53.5836,0.489816,4.69308,-0.342479,-0.269701,-0.1129,-0.0402135,
53.5867,0.646836,4.69961,-0.272917,-0.268708,-0.116794,-0.0405871,
53.5947,0.930806,4.62139,-0.213963,-0.266724,-0.118348,-0.0397698,
53.6023,1.13212,4.79194,-0.32297,-0.269764,-0.117644,-0.036828,
53.6054,1.02792,4.5793,-0.26926,-0.267468,-0.114716,-0.0400038,
53.6116,0.898391,4.7961,-0.319122,-0.271466,-0.115441,-0.0433883,
53.6147,0.363373,4.79573,-0.291076,-0.270526,-0.124732,-0.0362978,
53.6601,0.870948,4.76377,-0.208872,-0.270777,-0.119359,-0.0360875,
53.6642,0.905319,4.74508,-0.252547,-0.26916,-0.124743,-0.0378758,
53.6673,0.90896,4.56444,-0.280766,-0.263111,-0.122642,-0.0392506,
53.6735,0.958872,4.6725,-0.275127,-0.269794,-0.117623,-0.041334,
53.6797,0.694152,4.63082,-0.332215,-0.268611,-0.117737,-0.0403059,
53.683,0.592461,4.73841,-0.197187,-0.269098,-0.124022,-0.0403146,
53.6905,0.923158,4.65855,-0.252216,-0.267821,-0.12591,-0.0420357,
53.6967,0.729358,4.70766,-0.198252,-0.26759,-0.126693,-0.0446395,
53.7777,0.806426,4.76715,-0.253414,-0.273127,-0.125853,-0.0456392,
53.7817,0.927656,4.62162,-0.298506,-0.268236,-0.130743,-0.041897,
53.788,0.949687,4.77387,-0.211089,-0.270292,-0.135814,-0.0435696,
53.7911,0.735094,4.81191,-0.26854,-0.269503,-0.136871,-0.037491,
53.7972,1.06808,4.76278,-0.213679,-0.271345,-0.125769,-0.0467217,
53.8034,0.613417,4.72693,-0.141898,-0.269646,-0.135217,-0.039576,
53.8066,0.794828,4.72627,-0.237335,-0.269085,-0.133486,-0.0457027,
53.8127,1.00023,4.83474,-0.257713,-0.271945,-0.130585,-0.041786,
53.8203,1.07767,4.72729,-0.212831,-0.270386,-0.138344,-0.042026,
53.8236,0.820471,4.62295,-0.288196,-0.268852,-0.14149,-0.041659,
53.8291,0.993441,4.82139,-0.182786,-0.273473,-0.135872,-0.041034,
53.8352,0.955475,4.64746,-0.139095,-0.270786,-0.141383,-0.0420045,
53.8383,1.21084,4.69993,-0.206775,-0.268047,-0.140252,-0.0423197,
53.8445,1.01163,4.60533,-0.307931,-0.26765,-0.145647,-0.0463085,
53.8476,1.12165,4.60746,-0.234935,-0.270215,-0.144065,-0.0398873,
53.8537,1.26542,4.65017,-0.206862,-0.267571,-0.14003,-0.0437388,
53.862,0.836788,4.26569,-0.171386,-0.260382,-0.149977,-0.0439857,
53.8652,0.829716,4.73907,-0.191886,-0.27123,-0.146053,-0.0442908,
53.873,1.27817,4.71953,-0.325484,-0.271652,-0.139994,-0.044422,
53.8774,0.947688,4.72317,-0.28608,-0.269438,-0.14349,-0.0446989,
53.8806,1.10263,4.64363,-0.263683,-0.270222,-0.1491,-0.0412309,
53.8867,0.884544,4.50137,-0.182582,-0.265453,-0.151109,-0.0375621,
53.893,0.451457,4.72794,-0.218928,-0.272841,-0.153985,-0.0413977,
53.8961,0.959194,4.40656,-0.165833,-0.266092,-0.14503,-0.0413781,
53.9023,1.25973,4.79867,-0.325393,-0.273569,-0.138767,-0.0427046,
53.9097,1.16462,4.59655,-0.0374882,-0.269354,-0.153812,-0.0449845,
53.9128,1.24002,4.6334,-0.160614,-0.270284,-0.151412,-0.0453696,
53.9191,1.14541,4.72732,-0.215634,-0.269324,-0.144067,-0.0427345,
53.9252,1.00027,4.81686,-0.260888,-0.275376,-0.147908,-0.0441214,
53.9283,1.03335,4.58737,-0.294364,-0.27002,-0.142407,-0.0469437,
53.9345,0.987082,4.66942,-0.262362,-0.26945,-0.147829,-0.0402522,
53.9376,1.13511,4.71338,-0.21919,-0.27229,-0.144061,-0.0491313,
53.9437,0.775496,4.66367,-0.186715,-0.272034,-0.154308,-0.0435711,
53.9491,1.07953,4.73754,-0.32785,-0.274729,-0.146589,-0.0432577,
53.9524,0.846035,4.50476,-0.285102,-0.269661,-0.154051,-0.0415207,
53.9588,0.940576,4.51952,-0.258744,-0.268355,-0.157823,-0.0440801,
53.9651,1.11002,4.51513,-0.338498,-0.267406,-0.149537,-0.0458424,
53.9682,1.00062,4.62908,-0.251461,-0.269251,-0.146345,-0.0424273,
53.9742,1.2056,4.83101,-0.198321,-0.273564,-0.14398,-0.0439913,
53.9804,1.06215,4.82939,-0.175887,-0.276162,-0.146076,-0.0417054,
54.0631,1.16499,4.601,-0.162218,-0.272144,-0.150968,-0.044053,
54.0672,1.34293,4.77104,-0.19601,-0.277069,-0.147601,-0.0426915,
54.0732,0.884876,4.42738,-0.188868,-0.265405,-0.155339,-0.0431335,
54.0763,1.08335,4.64051,-0.146234,-0.271926,-0.147698,-0.0435605,
54.0826,1.09283,4.66087,-0.166229,-0.271503,-0.150287,-0.0451735,
54.0858,1.4208,4.50911,-0.254645,-0.268135,-0.14599,-0.0428531,
54.0925,1.1824,4.63002,-0.241582,-0.268526,-0.153862,-0.0420058,
54.098,1.10125,4.67062,-0.104699,-0.270915,-0.15559,-0.0391274,
54.1045,1.02151,4.60269,-0.179131,-0.267707,-0.149732,-0.0393207,
54.1077,0.91097,4.71352,-0.156081,-0.27132,-0.149223,-0.0461471,
54.1129,0.94,4.71561,-0.321061,-0.2749,-0.154693,-0.0426821,
54.1191,1.02401,4.72426,-0.194553,-0.274145,-0.156371,-0.0412629,
54.1222,1.39832,4.94053,-0.211075,-0.278987,-0.153471,-0.0439141,
54.1282,1.14634,4.61912,-0.216639,-0.268874,-0.159796,-0.0433956,
54.1315,1.08106,4.5603,-0.129888,-0.268042,-0.156935,-0.0443653,
54.1396,1.35721,4.6667,-0.117513,-0.271974,-0.148563,-0.042702,
54.1447,1.02943,4.54017,-0.106615,-0.269256,-0.157268,-0.0413756,
54.1479,1.17125,4.77872,-0.063101,-0.276493,-0.156895,-0.0441168,
54.1532,0.890347,4.609,-0.214123,-0.271343,-0.161293,-0.0448868,
54.1592,1.23529,4.57738,-0.196619,-0.268964,-0.156457,-0.0401943,
54.1623,1.11577,4.65942,-0.177015,-0.270069,-0.156526,-0.0429994,
54.1686,1.04451,4.59602,-0.194815,-0.269892,-0.159216,-0.0429386,
54.1716,1.0988,4.54896,-0.246011,-0.269669,-0.153972,-0.0443676,
54.179,0.832745,4.62004,0.0322565,-0.268659,-0.161359,-0.0424528,
54.1835,1.38665,4.71351,-0.179904,-0.273964,-0.15214,-0.0401108,
54.1866,1.41144,4.58848,-0.250944,-0.272224,-0.159931,-0.0418844,
54.1919,1.23928,4.54959,-0.0290336,-0.271005,-0.165048,-0.0397481,
54.1981,1.33107,4.61193,-0.172836,-0.273367,-0.161363,-0.0414145,
54.2012,1.38887,4.62826,-0.163415,-0.273457,-0.158404,-0.0387399,
54.2072,1.32892,4.48884,-0.175975,-0.270265,-0.159433,-0.0412018,
54.2134,1.24613,4.66192,-0.154273,-0.271117,-0.161999,-0.0397533,
54.2166,1.12513,4.54028,-0.298231,-0.270211,-0.166062,-0.0421523,
54.223,1.24072,4.47918,-0.150371,-0.267579,-0.157925,-0.0436629,
54.2275,1.07668,4.48523,-0.183624,-0.265787,-0.160345,-0.0370456,
54.2308,1.27926,4.6155,-0.0970695,-0.271524,-0.161606,-0.0413319,
54.2383,1.22059,4.62381,-0.173561,-0.272489,-0.162089,-0.0415283,
54.2446,1.51172,4.54626,-0.0225169,-0.268252,-0.157741,-0.0411714,
54.2476,1.37486,4.66614,-0.106617,-0.27256,-0.159191,-0.0408124,
54.2537,1.14577,4.72806,-0.301042,-0.275081,-0.163351,-0.0405216,
54.2568,1.32713,4.66127,-0.174507,-0.27312,-0.16347,-0.0434443,
54.2631,1.20844,4.60206,-0.15412,-0.270285,-0.168331,-0.0423714,
54.2685,1.24348,4.76995,-0.101275,-0.273702,-0.161613,-0.0402579,
54.2718,1.39234,4.58824,-0.204381,-0.269913,-0.164822,-0.0414229,
54.2782,1.55508,4.7215,-0.149952,-0.27434,-0.165456,-0.0378527,
54.2842,1.27163,4.66585,-0.229491,-0.272748,-0.172391,-0.0427642,
54.2873,1.19197,4.59608,-0.130169,-0.270941,-0.169161,-0.0379556,
54.2936,1.26301,4.6976,-0.262905,-0.272222,-0.164254,-0.0423629,
54.2997,1.10202,4.60577,-0.0387568,-0.274747,-0.172044,-0.0353594,
54.3028,1.67708,4.65432,-0.15999,-0.272551,-0.16786,-0.0370853,
54.3081,1.6052,4.46195,-0.207352,-0.270219,-0.170998,-0.0365289,
54.3162,1.38599,4.35291,-0.229977,-0.26616,-0.171459,-0.0370883,
54.3192,1.25975,4.43747,-0.250198,-0.269935,-0.170295,-0.036882,
54.3245,1.35907,4.54568,-0.194628,-0.271278,-0.168808,-0.0351409,
54.3276,1.6283,4.67889,-0.284417,-0.273375,-0.169672,-0.03686,
54.3337,1.43493,4.5285,-0.274342,-0.27191,-0.174794,-0.0374067,
54.34,1.4283,4.4822,-0.108486,-0.267282,-0.170655,-0.0357483,
54.3431,1.19713,4.65911,-0.239299,-0.271192,-0.167316,-0.0354006,
54.3483,1.21951,4.5839,-0.268047,-0.273075,-0.165483,-0.0395483,
54.3546,1.61899,4.59077,-0.0731022,-0.274607,-0.169065,-0.0356379,
54.3579,1.59462,4.63617,-0.0825919,-0.274626,-0.168193,-0.0336411,
54.3655,1.26251,4.68651,-0.208494,-0.272018,-0.171997,-0.0404194,
54.3717,1.25434,4.70647,-0.22009,-0.272845,-0.168792,-0.0377921,
54.3748,1.35461,4.59668,-0.329411,-0.273454,-0.164849,-0.0359602,
54.3811,1.43381,4.48638,-0.204921,-0.270124,-0.173134,-0.0382761,
54.3872,1.54983,4.79265,-0.230159,-0.276558,-0.179749,-0.0363751,
54.3904,2.0662,4.60892,-0.255235,-0.269994,-0.169114,-0.0335334,
54.3957,1.79442,4.51911,-0.274507,-0.271628,-0.176792,-0.0350798,
54.3988,1.8895,4.74523,-0.281557,-0.274406,-0.170347,-0.0318018,
54.4063,1.6597,4.60796,-0.229886,-0.272794,-0.179654,-0.0376442,
54.4115,1.56207,4.54134,-0.170869,-0.270884,-0.180968,-0.0353159,
54.4146,1.81521,4.57576,-0.142297,-0.271871,-0.183502,-0.0329122,
54.4207,1.5329,4.51294,-0.22472,-0.270146,-0.188802,-0.0349308,
54.427,1.63965,4.64448,-0.0786396,-0.276497,-0.184879,-0.0348829,
54.4301,1.80931,4.68754,-0.158198,-0.272826,-0.174077,-0.0304258,
54.4353,1.84038,4.55193,-0.275549,-0.272891,-0.176239,-0.0357169,
54.4416,1.88249,4.56842,-0.215562,-0.274516,-0.178049,-0.0321286,
54.4447,1.90497,4.61696,-0.321192,-0.274551,-0.177609,-0.0363466,
54.449,1.85751,4.49456,-0.346739,-0.270009,-0.182123,-0.0332831,
54.4552,1.9666,4.54469,-0.235851,-0.271734,-0.175045,-0.0288324,
54.4583,1.36846,4.57547,-0.218678,-0.270916,-0.18797,-0.0329577,
54.4646,1.84218,4.68399,-0.27607,-0.275497,-0.183177,-0.0316926,
54.4676,1.66472,4.63767,-0.276434,-0.272505,-0.185864,-0.0314636,
54.4728,1.93185,4.48394,-0.224584,-0.268188,-0.179958,-0.0343191,
54.479,2.00081,4.40275,-0.206837,-0.267467,-0.178896,-0.0335283,
54.4821,1.8585,4.58039,-0.188273,-0.2713,-0.17469,-0.0318127,
54.4882,1.75406,4.61976,-0.234166,-0.273198,-0.178896,-0.0327469,
54.4945,1.69497,4.48458,-0.282127,-0.268065,-0.177497,-0.0336943,
54.4976,1.88024,4.6184,-0.241107,-0.275172,-0.180294,-0.0354568,
54.5037,1.8172,4.72273,-0.302269,-0.274595,-0.185373,-0.0303031,
54.5091,1.56585,4.24489,-0.372546,-0.264836,-0.192082,-0.0373632,
54.5122,1.739,4.43299,-0.359867,-0.26974,-0.180474,-0.0331871,
54.5182,1.53281,4.53879,-0.278783,-0.273671,-0.182971,-0.0333418,
54.5213,1.71516,4.49032,-0.340601,-0.270979,-0.183,-0.0383732,
54.5276,1.82402,4.59624,-0.377521,-0.269207,-0.186687,-0.0317566,
54.5337,1.87724,4.49214,-0.198282,-0.267486,-0.184948,-0.0356759,
54.537,1.99939,4.6187,-0.268281,-0.269505,-0.18218,-0.0303826,
54.5427,1.89459,4.68341,-0.199927,-0.274875,-0.183061,-0.0338756,
54.5493,1.83469,4.43628,-0.310933,-0.269969,-0.185742,-0.0362288,
54.5527,1.99812,4.56416,-0.315462,-0.272964,-0.18643,-0.0344577,
54.5607,1.97504,4.46549,-0.195613,-0.270777,-0.187917,-0.0330162,
54.5657,1.9417,4.76532,-0.400834,-0.275691,-0.181278,-0.035498,
54.5688,1.85343,4.51039,-0.287512,-0.27095,-0.186295,-0.0335229,
54.575,1.75922,4.48697,-0.289548,-0.270373,-0.193104,-0.0347667,
54.5831,2.03558,4.55945,-0.351223,-0.270604,-0.191395,-0.0333549,
54.5863,1.8898,4.5588,-0.501292,-0.271114,-0.186183,-0.0334433,
54.5906,1.84475,4.3168,-0.401718,-0.267784,-0.175833,-0.0327168,
54.5937,1.91115,4.68827,-0.36792,-0.274173,-0.17496,-0.0324798,
54.5997,2.33522,4.65257,-0.437377,-0.278544,-0.185348,-0.0369638,
54.6059,2.21249,4.51198,-0.406499,-0.269262,-0.190984,-0.0321196,
54.6091,2.14944,4.75556,-0.334287,-0.281679,-0.1894,-0.0336489,
54.6152,1.95245,4.48976,-0.393892,-0.270978,-0.181461,-0.0363111,
54.6215,1.76679,4.74039,-0.416734,-0.2793,-0.179859,-0.0328755,
54.6247,1.49733,4.46412,-0.452088,-0.269596,-0.194779,-0.0311384,
54.6302,2.17111,4.79278,-0.291204,-0.278573,-0.190942,-0.0345793,
54.6359,2.04808,4.51535,-0.4583,-0.270658,-0.183737,-0.0363403,
54.6391,1.70115,4.73225,-0.428897,-0.27574,-0.192757,-0.0376025,
54.6452,1.73402,4.67123,-0.465194,-0.276678,-0.191767,-0.0343371,
54.6515,2.04255,4.66953,-0.402457,-0.274796,-0.186484,-0.0332206,
54.6546,2.38148,4.60314,-0.3607,-0.273815,-0.184679,-0.0344411,
54.6607,2.25186,4.64759,-0.368536,-0.274875,-0.194215,-0.039721,
54.6639,2.01171,4.75417,-0.261612,-0.278309,-0.194539,-0.0355808,
54.6692,2.06474,4.68996,-0.469484,-0.278896,-0.192755,-0.0368065,
54.6774,2.10166,4.64529,-0.356189,-0.277229,-0.19502,-0.0384281,
54.6806,1.96429,4.58608,-0.514414,-0.272855,-0.19019,-0.0308933,
54.6857,2.10159,4.71272,-0.504682,-0.27668,-0.192847,-0.035314,
54.6919,1.99357,4.74708,-0.534786,-0.277555,-0.202922,-0.0363436,
54.6951,2.09737,4.68604,-0.466741,-0.274413,-0.195424,-0.0368757,
54.7012,2.04939,4.59671,-0.324281,-0.273928,-0.191293,-0.0337244,
54.7075,2.66832,4.65359,-0.299397,-0.276543,-0.21166,-0.0353148,
54.7106,2.33822,4.88403,-0.32718,-0.283358,-0.21939,-0.0372682,
54.7188,2.44663,4.64467,-0.198745,-0.276045,-0.211736,-0.0285653,
54.7241,2.33805,4.67712,-0.562342,-0.275439,-0.211611,-0.0356305,
54.7271,2.22767,4.7213,-0.462919,-0.279631,-0.213798,-0.0306309,
54.7332,2.31081,4.72587,-0.334512,-0.276768,-0.212809,-0.0371009,
54.7363,2.67636,4.65294,-0.414198,-0.274451,-0.214896,-0.0355177,
54.7425,2.61055,4.83119,-0.441079,-0.282042,-0.217166,-0.0350975,
54.7487,2.2814,4.68622,-0.337908,-0.278218,-0.210618,-0.0392466,
54.7519,2.04041,4.69354,-0.308117,-0.279957,-0.211185,-0.0357527,
54.7572,2.47629,4.64758,-0.318737,-0.274262,-0.216874,-0.031676,
54.7637,2.50586,4.81028,-0.295608,-0.282521,-0.224072,-0.0362134,
54.7667,2.44129,4.66866,-0.220249,-0.276767,-0.224803,-0.0319019,
54.773,2.44291,4.63452,-0.296984,-0.277216,-0.225103,-0.0330435,
54.7792,2.48947,4.63723,-0.22912,-0.275296,-0.206634,-0.0360282,
54.7823,2.31916,4.79218,-0.304259,-0.280221,-0.211749,-0.0316657,
54.7886,2.6333,4.76261,-0.385796,-0.279357,-0.232397,-0.0344372,
54.7916,2.60005,4.62759,-0.221583,-0.275684,-0.228357,-0.0344822,
54.7968,2.69101,4.65007,-0.306023,-0.279326,-0.22275,-0.0345137,
54.8031,2.44254,4.63858,-0.431281,-0.275817,-0.226063,-0.0369557,
54.8063,2.5488,4.62662,-0.378934,-0.279912,-0.230263,-0.0336309,
54.8125,2.54814,4.55502,-0.393389,-0.274321,-0.228985,-0.0314468,
54.8187,2.51438,4.53466,-0.353581,-0.273564,-0.223626,-0.0370926,
54.8218,2.36658,4.60076,-0.341613,-0.278475,-0.23117,-0.0374372,
54.8281,2.9,4.68473,-0.487588,-0.27996,-0.217606,-0.0376857,
54.8333,2.80374,4.56913,-0.32504,-0.275956,-0.22531,-0.0365548,
54.8364,2.83839,4.7074,-0.290157,-0.279876,-0.228759,-0.0327879,
54.8427,2.78854,4.65531,-0.460003,-0.280492,-0.227741,-0.0377281,
54.8457,2.67189,4.64777,-0.221493,-0.278246,-0.225642,-0.0329444,
54.8521,2.49149,4.68251,-0.288173,-0.275995,-0.231573,-0.0371958,
54.8592,2.5704,4.62824,-0.252846,-0.280576,-0.226839,-0.0369074,
54.8624,2.77769,4.68244,-0.337822,-0.27867,-0.229932,-0.0348841,
54.9087,2.81936,4.76355,-0.310493,-0.281192,-0.227517,-0.0327694,
54.913,2.54739,4.68568,-0.30629,-0.279202,-0.230128,-0.0369273,
54.9161,2.53771,4.71736,-0.130838,-0.281039,-0.231713,-0.0364608,
54.9222,2.41558,4.62951,-0.348934,-0.277489,-0.236501,-0.0381034,
54.9284,2.77673,4.70978,-0.373107,-0.280992,-0.228826,-0.0363852,
54.9316,2.79604,4.48279,-0.189427,-0.273534,-0.233269,-0.0355737,
54.9377,2.63989,4.7238,-0.382373,-0.27707,-0.232535,-0.0421365,
54.9443,2.97243,4.55956,-0.392187,-0.275128,-0.226229,-0.032318,
54.9477,2.99012,4.78182,-0.28659,-0.283844,-0.241753,-0.0329098,
54.9529,2.6835,4.7135,-0.296104,-0.27973,-0.238481,-0.0407903,
54.9591,2.76578,4.53884,-0.254727,-0.27568,-0.23546,-0.0374938,
54.9622,3.00173,4.64267,-0.331686,-0.278396,-0.232536,-0.0385479,
54.9684,3.11192,4.51103,-0.368754,-0.275641,-0.2345,-0.0400865,
54.9716,2.90071,4.74614,-0.356327,-0.283636,-0.239497,-0.0327156,
54.9777,2.88406,4.56369,-0.442958,-0.278911,-0.230808,-0.0443127,
54.984,2.67736,4.49268,-0.411481,-0.272105,-0.237437,-0.0372039,
55.0702,2.83404,4.71954,-0.275336,-0.279893,-0.243491,-0.0393382,
55.0734,2.99817,4.65725,-0.446354,-0.276817,-0.244626,-0.0354096,
55.0797,2.96261,4.69598,-0.308712,-0.282761,-0.242592,-0.0333246,
55.0882,2.94032,4.73572,-0.297794,-0.280949,-0.23895,-0.0361358,
55.0915,3.06056,4.60856,-0.403567,-0.278168,-0.23434,-0.0333771,
55.0996,3.03722,4.52255,-0.296374,-0.277243,-0.236137,-0.0366118,
55.1027,2.84979,4.78549,-0.37156,-0.283649,-0.242679,-0.0358697,
55.1077,2.91587,4.44898,-0.472968,-0.273587,-0.239264,-0.0382348,
55.1138,2.93664,4.67175,-0.490068,-0.279326,-0.23763,-0.0323205,
55.1169,2.77784,4.62154,-0.344717,-0.277695,-0.2388,-0.0352545,
55.1212,2.99255,4.57486,-0.376382,-0.277984,-0.239866,-0.0380753,
55.1275,3.00875,4.67286,-0.417605,-0.277906,-0.240633,-0.03567,
55.1306,2.75625,4.7821,-0.415595,-0.281021,-0.239935,-0.0340063,
55.1367,2.88875,4.73802,-0.329211,-0.277829,-0.23918,-0.0308233,
55.1398,2.74724,4.67596,-0.279948,-0.281563,-0.245389,-0.038853,
55.1461,2.91409,4.68418,-0.474236,-0.281617,-0.246978,-0.0384276,
55.1522,3.03987,4.82538,-0.44104,-0.285456,-0.248219,-0.0372243,
55.1554,2.97741,4.69061,-0.51302,-0.281697,-0.246932,-0.0325347,
55.1607,2.9121,4.56965,-0.424457,-0.279229,-0.244889,-0.035581,
55.1686,3.05363,4.56995,-0.435755,-0.278942,-0.243349,-0.0352253,
55.1717,3.14177,4.7879,-0.295045,-0.282871,-0.238935,-0.033304,
55.1767,2.7071,4.69074,-0.19882,-0.28153,-0.24768,-0.0379628,
55.1798,3.12051,4.57967,-0.374971,-0.276651,-0.238389,-0.036046,
55.1861,3.00531,4.73418,-0.374957,-0.279693,-0.246978,-0.029499,
55.1922,3.36844,4.65419,-0.297705,-0.278834,-0.244954,-0.0346278,
55.1954,3.04716,4.72124,-0.261925,-0.284148,-0.247622,-0.0373879,
55.2007,2.70643,4.63363,-0.377318,-0.277316,-0.247808,-0.0357408,
55.2067,2.75434,4.64876,-0.481634,-0.278087,-0.240739,-0.0323495,
55.2098,2.9336,4.65618,-0.345608,-0.281062,-0.240383,-0.034602,
55.2152,3.05032,4.67741,-0.454615,-0.277005,-0.243063,-0.0325428,
55.2221,3.08036,4.4394,-0.592151,-0.275749,-0.243242,-0.0359454,
55.2255,2.22424,4.77896,-0.45087,-0.278319,-0.206832,-0.0415015,
55.2331,2.16905,4.6764,-0.540995,-0.280594,-0.208587,-0.0447274,
55.2383,2.11551,4.90068,-0.441317,-0.287125,-0.200537,-0.0446201,
55.2415,2.1925,4.69256,-0.406777,-0.280767,-0.200654,-0.0458283,
55.2477,2.22714,4.66251,-0.455492,-0.280706,-0.199123,-0.0452534,
55.2537,2.25012,4.75184,-0.410248,-0.281353,-0.201869,-0.0438812,
55.257,2.2873,4.77643,-0.421652,-0.282054,-0.197731,-0.0422117,
55.2625,2.12283,4.75165,-0.438266,-0.284593,-0.204187,-0.0459664,
55.2687,2.22873,4.86177,-0.374411,-0.283175,-0.202603,-0.0417335,
55.2719,2.23579,4.82125,-0.486573,-0.281143,-0.2021,-0.0438791,
55.2772,2.14993,4.67866,-0.519506,-0.280718,-0.204465,-0.0412289,
55.2832,2.44894,4.62926,-0.542185,-0.278426,-0.206696,-0.0413177,
55.2863,2.39459,4.84364,-0.354772,-0.285394,-0.209706,-0.0473823,
55.2925,2.22122,4.63533,-0.330477,-0.27712,-0.212576,-0.0457761,
55.2956,2.14485,4.7213,-0.319339,-0.28295,-0.210309,-0.0459556,
55.3036,2.04959,4.67301,-0.524518,-0.278332,-0.20869,-0.0430154,
55.3097,2.29134,4.722,-0.287871,-0.279388,-0.207734,-0.0464363,
55.3128,2.42593,4.77824,-0.516689,-0.281252,-0.212757,-0.0449016,
55.3181,2.6187,4.64795,-0.346786,-0.27964,-0.213048,-0.0457256,
55.3242,2.42623,4.79845,-0.523634,-0.280101,-0.211563,-0.0437637,
55.3273,2.17762,4.50562,-0.386651,-0.275395,-0.206135,-0.042948,
55.3335,2.10685,4.87853,-0.386608,-0.283324,-0.207192,-0.0437627,
55.3366,2.34309,4.68893,-0.370814,-0.279241,-0.207554,-0.0445047,
55.3427,2.40305,4.6782,-0.353984,-0.280611,-0.210287,-0.0415508,
55.351,2.4189,4.644,-0.414886,-0.281407,-0.205237,-0.0443387,
55.3541,2.52542,4.65186,-0.405735,-0.280908,-0.212569,-0.0489921,
55.3594,2.28842,4.64666,-0.321536,-0.282396,-0.217447,-0.0467204,
55.3656,2.33115,4.61496,-0.48977,-0.277087,-0.2103,-0.0455758,
55.3687,2.5327,4.6953,-0.499772,-0.282897,-0.209799,-0.0456592,
55.3747,2.43836,4.59008,-0.470754,-0.276972,-0.21245,-0.0455966,
55.3778,2.73298,4.73415,-0.537927,-0.282275,-0.207939,-0.0434684,
55.384,2.59795,4.75314,-0.463237,-0.280445,-0.213094,-0.0428672,
55.3922,2.4523,4.72511,-0.420552,-0.279666,-0.211894,-0.0449126,
55.4718,2.66277,4.70084,-0.481791,-0.282113,-0.212794,-0.0461286,
55.4761,2.67187,4.83128,-0.600912,-0.285142,-0.215251,-0.0455063,
55.4822,2.55355,4.52864,-0.521599,-0.277678,-0.213168,-0.0487267,
55.4854,2.53212,4.66781,-0.70875,-0.277766,-0.209609,-0.0424417,
55.4916,2.36472,4.48549,-0.599386,-0.276293,-0.214746,-0.0427103,
55.4977,2.72584,4.52359,-0.65357,-0.276021,-0.210267,-0.045911,
55.5008,2.83564,4.74289,-0.649205,-0.28025,-0.217065,-0.0450746,
55.507,2.78203,4.69061,-0.492021,-0.279299,-0.21988,-0.0447789,
55.531,2.74044,4.55714,-0.600596,-0.277009,-0.211481,-0.0446887,
55.5341,2.6545,4.71796,-0.481152,-0.280756,-0.211178,-0.0450321,
55.5393,2.74786,4.55205,-0.580083,-0.274673,-0.211928,-0.0461636,
55.5425,2.7243,4.64734,-0.512579,-0.276575,-0.219388,-0.0465684,
55.5487,2.7346,4.74232,-0.384558,-0.283681,-0.215841,-0.0467397,
55.5547,2.51253,4.72771,-0.323543,-0.27989,-0.214024,-0.0454393,
55.5578,2.33246,4.54021,-0.484856,-0.278449,-0.216445,-0.0441337,
55.564,2.90477,4.77158,-0.402875,-0.28148,-0.214382,-0.0453045,
55.5703,2.58099,4.60497,-0.448825,-0.28014,-0.227486,-0.0478986,
55.5736,2.86771,4.76531,-0.487705,-0.283282,-0.221591,-0.0473083,
55.5818,2.65484,4.79222,-0.470119,-0.281958,-0.225524,-0.0445801,
55.5871,2.46264,4.64905,-0.48754,-0.278791,-0.220741,-0.0469772,
55.5901,2.75522,4.70081,-0.451369,-0.280801,-0.216855,-0.0468572,
55.5962,2.73172,4.72992,-0.338636,-0.279189,-0.223096,-0.0472146,
55.5993,2.49514,4.57002,-0.540455,-0.276894,-0.228376,-0.0461791,
55.6056,2.74658,4.5368,-0.238766,-0.278369,-0.219281,-0.0432224,
55.6522,2.63751,4.5968,-0.360641,-0.27841,-0.22439,-0.0432647,
55.6554,2.62478,4.8034,-0.366276,-0.286106,-0.216768,-0.0452911,
55.6596,2.41361,4.57048,-0.338368,-0.28127,-0.222369,-0.0518696,
55.6662,2.66007,4.68596,-0.433867,-0.284168,-0.22203,-0.044398,
55.6695,2.59962,4.66191,-0.374181,-0.281685,-0.222697,-0.0466806,
55.6757,2.73758,4.76256,-0.537631,-0.283782,-0.217111,-0.0444459,
55.6817,3.01701,4.62622,-0.395449,-0.279155,-0.217226,-0.0450902,
55.6848,2.86629,4.77941,-0.453935,-0.283594,-0.227615,-0.0473508,
55.6911,2.74245,4.79018,-0.496398,-0.284262,-0.239533,-0.0471285,
55.6963,2.85984,4.75586,-0.50007,-0.280377,-0.235476,-0.0499884,
55.6994,2.87,4.60211,-0.455774,-0.281135,-0.236637,-0.0448234,
55.7076,3.08256,4.56455,-0.287535,-0.277729,-0.240075,-0.0458132,
55.716,3.12518,4.65541,-0.244014,-0.280654,-0.242564,-0.0462797,
55.7192,3.07646,4.53537,-0.272493,-0.277376,-0.238731,-0.0468807,
55.7258,2.76276,4.69898,-0.388079,-0.282886,-0.245738,-0.049464,
55.732,2.90859,4.51564,-0.302895,-0.274941,-0.240501,-0.0457785,
55.7352,3.02252,4.64789,-0.340899,-0.284443,-0.250335,-0.0453644,
55.7403,3.01004,4.5566,-0.29752,-0.277712,-0.241328,-0.0460039,
55.7435,3.06921,4.53344,-0.309222,-0.278469,-0.24455,-0.0425945,
55.7497,3.30587,4.52548,-0.363462,-0.277605,-0.243986,-0.0433184,
55.7539,3.20866,4.70277,-0.521232,-0.284162,-0.242114,-0.0462146,
55.7571,3.29448,4.52013,-0.419495,-0.280083,-0.237089,-0.0475311,
55.7632,2.9269,4.68933,-0.334259,-0.281425,-0.24415,-0.043289,
55.7694,2.95628,4.71858,-0.377301,-0.283076,-0.247379,-0.048272,
55.7726,3.13211,4.83003,-0.313182,-0.287944,-0.262312,-0.0437988,
55.7778,3.42807,4.52901,-0.509178,-0.279063,-0.257391,-0.0442016,
55.784,3.13337,4.83394,-0.445394,-0.287482,-0.254049,-0.0441845,
55.7871,3.18723,4.64421,-0.46028,-0.283033,-0.245538,-0.0454533,
55.7932,3.40685,4.73339,-0.458304,-0.285487,-0.24418,-0.0439669,
55.7964,3.3183,4.57774,-0.368513,-0.2796,-0.254239,-0.0451254,
55.8017,3.40007,4.68428,-0.382749,-0.285186,-0.259283,-0.0450657,
55.808,3.15834,4.75866,-0.468724,-0.283415,-0.267983,-0.0447619,
55.8111,3.66772,4.75833,-0.423077,-0.286475,-0.273099,-0.0480064,
55.8163,3.36638,4.41211,-0.410098,-0.278796,-0.278151,-0.0422705,
55.8226,3.30747,4.57912,-0.323961,-0.281478,-0.273338,-0.0458852,
55.8257,3.53741,4.56213,-0.0886988,-0.282529,-0.268481,-0.0469901,
55.8317,3.34574,4.61658,-0.196048,-0.282776,-0.274281,-0.0491538,
55.8348,3.75435,4.59294,-0.340824,-0.282839,-0.270876,-0.0454243,
55.8411,3.53525,4.62263,-0.309939,-0.282832,-0.274903,-0.0450567,
55.8472,3.6616,4.60347,-0.308726,-0.286054,-0.265417,-0.0483693,
55.8503,3.17917,4.52121,-0.31698,-0.280375,-0.275284,-0.0442204,
55.8556,3.32885,4.55963,-0.204007,-0.283179,-0.272352,-0.0465451,
55.8617,3.4197,4.46489,-0.241152,-0.278329,-0.272045,-0.0490926,
55.8648,3.6475,4.58433,-0.201571,-0.28099,-0.272457,-0.0497043,
55.871,3.70027,4.5926,-0.254138,-0.281288,-0.271841,-0.0457953,
55.8772,3.63678,4.64405,-0.270931,-0.284327,-0.273853,-0.0461844,
55.8803,3.38756,4.48172,-0.33295,-0.282062,-0.273278,-0.0461984,
55.8885,3.22926,4.56856,-0.232774,-0.281363,-0.272284,-0.0451831,
55.9712,3.42256,4.42091,-0.321735,-0.277942,-0.261523,-0.0457181,
55.9744,3.18388,4.63328,-0.26311,-0.283735,-0.267249,-0.0458835,
55.9796,3.44387,4.47586,-0.176599,-0.278816,-0.26485,-0.0491714,
55.9827,3.23791,4.51923,-0.185944,-0.278935,-0.272349,-0.0500454,
55.9887,3.31305,4.48867,-0.287422,-0.281383,-0.271017,-0.047273,
55.995,3.37152,4.35126,-0.186174,-0.274444,-0.273771,-0.0437152,
55.9981,3.17422,4.65557,-0.339434,-0.283212,-0.278817,-0.0441771,
56.0042,3.22607,4.53223,-0.261004,-0.283061,-0.281974,-0.0423688,
56.0637,3.54976,4.7388,-0.265254,-0.284321,-0.27418,-0.044642,
56.0669,3.35504,4.39227,-0.193535,-0.276457,-0.273375,-0.0476233,
56.0711,3.37988,4.62908,-0.247893,-0.283064,-0.270182,-0.045823,
56.0772,3.29619,4.48819,-0.240886,-0.280034,-0.267252,-0.0451439,
56.0803,3.18512,4.52062,-0.145728,-0.279992,-0.262157,-0.0459838,
56.0865,3.17454,4.57469,-0.104115,-0.283513,-0.261466,-0.0438542,
56.0896,2.91704,4.39969,-0.269101,-0.279382,-0.26556,-0.0452846,
56.0957,3.20592,4.63189,-0.253157,-0.284925,-0.261363,-0.0462609,
56.1569,2.97561,4.60289,-0.27415,-0.283098,-0.266278,-0.0505672,
56.16,3.15655,4.51296,-0.247634,-0.283849,-0.260793,-0.0491598,
56.1642,3.22414,4.62547,-0.259278,-0.285636,-0.260698,-0.048188,
56.1704,3.11001,4.62943,-0.188789,-0.284319,-0.26481,-0.0475248,
56.1736,3.32064,4.73573,-0.269847,-0.286416,-0.260932,-0.0488129,
56.1797,3.27234,4.46324,-0.347491,-0.279118,-0.266065,-0.0482516,
56.1828,3.32265,4.58203,-0.270911,-0.282131,-0.264705,-0.0480193,
56.189,3.31389,4.44493,-0.265721,-0.278544,-0.261849,-0.049181,
56.299,3.21031,4.5542,-0.21638,-0.279221,-0.263834,-0.0526719,
56.3023,3.09766,4.59651,-0.275901,-0.281777,-0.264137,-0.0470303,
56.31,3.04144,4.69112,-0.281206,-0.28386,-0.266512,-0.0458375,
56.3162,3.06739,4.65205,-0.398507,-0.282351,-0.263649,-0.0487348,
56.3192,2.98273,4.38669,-0.264364,-0.279391,-0.264247,-0.0475378,
56.3255,2.79755,4.53155,-0.375162,-0.27986,-0.264576,-0.0483715,
56.3286,2.87236,4.66668,-0.226858,-0.284267,-0.255171,-0.048722,
56.3347,2.61211,4.68483,-0.173577,-0.282892,-0.257123,-0.0453497,
56.3402,2.76918,4.37995,-0.0450951,-0.278685,-0.247071,-0.0496358,
56.3436,2.80376,4.60176,-0.344922,-0.281717,-0.245106,-0.0452891,
56.3481,2.80486,4.58703,-0.174917,-0.280128,-0.244166,-0.0488385,
56.3526,2.65413,4.57947,-0.0110449,-0.282133,-0.245559,-0.0473277,
56.3557,2.53092,4.70153,-0.159026,-0.28436,-0.252334,-0.0431347,
56.361,2.82829,4.70579,-0.0270533,-0.287074,-0.249605,-0.0460602,
56.3672,2.5125,4.71095,-0.165716,-0.284163,-0.247195,-0.045435,
56.3703,2.57294,4.56135,-0.294039,-0.285635,-0.242223,-0.0484489,
56.3766,2.48815,4.46442,-0.270864,-0.279857,-0.226272,-0.0471223,
56.3831,2.15391,4.60051,-0.202702,-0.283962,-0.231821,-0.0459043,
56.3862,1.98305,4.58035,-0.248622,-0.281239,-0.235117,-0.0454058,
56.3922,2.15128,4.51154,-0.244535,-0.283193,-0.227452,-0.0461175,
56.3984,2.22752,4.522,-0.354201,-0.279498,-0.22635,-0.0473382,
56.4016,2.23048,4.50183,-0.322138,-0.281105,-0.226686,-0.0511466,
56.4077,2.30468,4.51499,-0.240816,-0.282209,-0.224606,-0.0453326,
56.4108,2.35846,4.54789,-0.279031,-0.281765,-0.225258,-0.0477673,
56.4171,2.12976,4.54482,-0.118794,-0.281345,-0.230989,-0.048554,
56.4223,2.30168,4.44443,-0.257701,-0.277885,-0.225653,-0.0483458,
56.4256,2.18166,4.57238,-0.137838,-0.28213,-0.228266,-0.0447561,
56.4309,2.38845,4.69921,-0.187895,-0.283795,-0.225186,-0.0501629,
56.4354,2.13941,4.61195,-0.132884,-0.28149,-0.232979,-0.0472834,
56.4385,2.18802,4.56779,-0.181154,-0.281,-0.22591,-0.0455851,
56.4447,2.20569,4.58342,-0.226531,-0.278276,-0.229678,-0.0468755,
56.4509,2.2227,4.53973,-0.107025,-0.280409,-0.229172,-0.0451638,
56.4541,2.21847,4.535,-0.212109,-0.282678,-0.228449,-0.048195,
56.4593,2.34257,4.64208,-0.254418,-0.283617,-0.222344,-0.0470414,
56.4655,2.17966,4.72686,-0.242326,-0.284171,-0.220748,-0.0451397,
56.4686,2.26246,4.51928,-0.271041,-0.279015,-0.221984,-0.0488231,
56.4737,1.96662,4.63466,-0.298491,-0.285179,-0.2293,-0.0513824,
56.4768,2.25766,4.54907,-0.289876,-0.283335,-0.220495,-0.0468911,
56.483,2.06483,4.5758,-0.217241,-0.280239,-0.227186,-0.0494174,
56.4892,2.24169,4.76454,-0.285258,-0.288345,-0.225006,-0.0494449,
56.4924,2.56438,4.68772,-0.282995,-0.28589,-0.225559,-0.0468594,
56.4976,2.29458,4.60898,-0.349002,-0.281626,-0.22953,-0.0481544,
56.5037,2.29582,4.71509,-0.267276,-0.283886,-0.231083,-0.0482462,
56.5068,2.27876,4.51424,-0.192145,-0.280088,-0.231277,-0.0503932,
56.513,2.46496,4.55043,-0.234226,-0.283242,-0.229307,-0.0465912,
56.5192,2.56371,4.56937,-0.19151,-0.280527,-0.228592,-0.0483044,
56.5226,2.34549,4.50804,-0.295854,-0.278253,-0.234443,-0.0489547,
56.5302,2.51287,4.77955,-0.227579,-0.28411,-0.223854,-0.0475534,
56.5365,2.49894,4.65947,-0.226591,-0.282029,-0.227465,-0.0489759,
56.5396,2.37212,4.56037,-0.351267,-0.282085,-0.230207,-0.0504945,
56.5448,2.66728,4.68706,-0.298048,-0.282431,-0.223973,-0.0483489,
56.5511,2.5116,4.34714,-0.253704,-0.27483,-0.223107,-0.0518382,
56.5542,2.31877,4.64593,-0.309766,-0.283633,-0.224647,-0.0479523,
56.5621,2.22471,4.54109,-0.271094,-0.277311,-0.22994,-0.0459721,
56.5652,2.26998,4.60375,-0.35785,-0.281147,-0.232151,-0.0482689,
56.5702,2.35342,4.74145,-0.303984,-0.285985,-0.225607,-0.0488094,
56.5765,2.05118,4.61341,-0.230349,-0.279332,-0.218396,-0.0480928,
56.5796,1.93952,4.49585,-0.241007,-0.278921,-0.217456,-0.0468426,
56.5848,1.69581,4.56069,-0.236665,-0.281196,-0.223863,-0.0496986,
56.591,2.04785,4.49247,-0.293714,-0.278383,-0.217589,-0.0485725,
56.5941,2.09386,4.57911,-0.147869,-0.280602,-0.214914,-0.0479194,
56.6002,1.854,4.6208,-0.233945,-0.281919,-0.221236,-0.051802,
56.6033,2.24451,4.5553,-0.320357,-0.280352,-0.213101,-0.0489119,
56.6096,2.00139,4.71957,-0.34597,-0.283682,-0.215153,-0.0484923,
56.6157,1.96761,4.30955,-0.261206,-0.274578,-0.217271,-0.0484166,
56.6188,2.07553,4.52003,-0.377143,-0.279245,-0.214516,-0.049043,
56.6241,1.81151,4.67715,-0.293068,-0.286427,-0.220349,-0.0457458,
56.6302,1.98731,4.68058,-0.337557,-0.284812,-0.219352,-0.0497107,
56.6333,1.72507,4.53259,-0.252145,-0.27916,-0.223419,-0.0463321,
56.6396,1.98168,4.45653,-0.31366,-0.277653,-0.215734,-0.0506683,
56.6426,2.06803,4.54348,-0.128615,-0.280312,-0.217375,-0.0475486,
56.6487,1.91191,4.39417,-0.227187,-0.277869,-0.219693,-0.0488225,
56.6542,1.90043,4.52971,-0.391294,-0.278832,-0.203152,-0.0545845,
56.6575,1.65497,4.57729,-0.239906,-0.279345,-0.208353,-0.0508717,
56.6658,1.81324,4.37141,-0.370506,-0.27318,-0.199817,-0.052946,
56.6711,1.87724,4.65925,-0.245256,-0.2795,-0.202084,-0.0528405,
56.6742,1.76986,4.49815,-0.205423,-0.279225,-0.204473,-0.0523505,
56.6802,1.56239,4.63749,-0.229676,-0.281251,-0.208004,-0.0536092,
56.6862,1.61601,4.46683,-0.113117,-0.278057,-0.2069,-0.0529867,
56.6893,1.48181,4.5226,-0.186845,-0.279552,-0.210227,-0.0538716,
56.6975,1.95015,4.59972,-0.226858,-0.277882,-0.200088,-0.0534077,
56.7006,1.79502,4.54722,-0.333355,-0.279904,-0.204408,-0.051369,
56.7058,1.68007,4.56669,-0.191236,-0.277924,-0.206517,-0.0474661,
56.7121,1.75243,4.42613,-0.272062,-0.273559,-0.203168,-0.0520112,
56.7152,1.88623,4.525,-0.414513,-0.275274,-0.200971,-0.0521428,
56.7212,1.77012,4.63816,-0.303296,-0.281647,-0.203925,-0.0506863,
56.7274,1.68819,4.60245,-0.385991,-0.280371,-0.203764,-0.0543584,
56.7306,1.58037,4.57119,-0.325848,-0.279961,-0.205899,-0.0531588,
56.7752,1.6257,4.55851,-0.358916,-0.280103,-0.206007,-0.051825,
56.7794,1.72334,4.60158,-0.300186,-0.281216,-0.206325,-0.0559693,
56.7826,1.63708,4.61361,-0.375555,-0.280103,-0.204967,-0.0525066,
56.7891,1.73377,4.474,-0.355866,-0.279058,-0.202733,-0.0548306,
56.7956,1.77581,4.63173,-0.277621,-0.282179,-0.204779,-0.051874,
56.7988,1.75743,4.6259,-0.391418,-0.280801,-0.201881,-0.0543168,
56.8051,1.8582,4.57309,-0.433274,-0.278451,-0.200156,-0.0539193,
56.8112,1.71605,4.57799,-0.335948,-0.281792,-0.20349,-0.0508192,
56.8143,1.74648,4.59889,-0.352594,-0.278798,-0.204683,-0.0486662,
56.8196,1.96646,4.42303,-0.360135,-0.275788,-0.199067,-0.0528162,
56.8227,1.66009,4.5301,-0.241961,-0.27912,-0.202294,-0.0505524,
56.8287,1.62686,4.52709,-0.269022,-0.276595,-0.204678,-0.054463,
56.836,1.9066,4.61229,-0.260668,-0.278497,-0.196476,-0.0502671,
56.8391,1.67666,4.55651,-0.329145,-0.277739,-0.20218,-0.0567283,
56.8452,1.68112,4.6805,-0.232546,-0.283893,-0.203068,-0.0530556,
56.8514,1.90464,4.51631,-0.473699,-0.276681,-0.196436,-0.0513083,
56.9328,1.8379,4.46865,-0.442471,-0.276913,-0.199355,-0.0480244,
56.9371,1.66102,4.52913,-0.360225,-0.277667,-0.201971,-0.0524421,
56.9432,1.65308,4.64033,-0.462933,-0.280761,-0.204408,-0.0546034,
56.9462,1.71317,4.5714,-0.291285,-0.280269,-0.202621,-0.0517403,
56.9525,1.59942,4.64307,-0.331584,-0.282225,-0.202291,-0.0459329,
56.9556,1.54404,4.62781,-0.272583,-0.282367,-0.203507,-0.055772,
56.9617,1.99729,4.65427,-0.374962,-0.28234,-0.194114,-0.0533384,
56.9679,1.59293,4.63846,-0.381614,-0.281408,-0.203478,-0.0526219,
57.1042,1.64369,4.64205,-0.344847,-0.281421,-0.194184,-0.0542788,
57.1076,1.31254,4.58189,-0.275863,-0.279717,-0.2008,-0.0562389,
57.1158,1.54206,4.50416,-0.373011,-0.278642,-0.20061,-0.0546048,
57.1223,1.53956,4.52502,-0.398618,-0.276398,-0.199947,-0.0552235,
57.1255,1.77398,4.59814,-0.297932,-0.280797,-0.194243,-0.056011,
57.1317,1.70972,4.59729,-0.262745,-0.278712,-0.19577,-0.0537293,
57.1349,1.45463,4.58075,-0.36046,-0.27882,-0.200199,-0.0554851,
57.1411,1.51558,4.61861,-0.255792,-0.278587,-0.198768,-0.0531935,
57.1491,1.3821,4.66526,-0.350306,-0.279712,-0.199447,-0.0567121,
57.1522,1.50814,4.59211,-0.40881,-0.27791,-0.197705,-0.0539579,
57.1566,1.61198,4.80512,-0.360431,-0.284362,-0.193775,-0.0570466,
57.1627,1.74157,4.61397,-0.355732,-0.280391,-0.188723,-0.054893,
57.1658,1.37377,4.5835,-0.382684,-0.278013,-0.197452,-0.0546229,
57.172,1.57157,4.67645,-0.358773,-0.280753,-0.194992,-0.0592138,
57.1782,1.48752,4.68799,-0.284737,-0.2828,-0.195738,-0.0559298,
57.1812,1.70959,4.74138,-0.351719,-0.282892,-0.18871,-0.0596541,
57.1875,1.51808,4.48134,-0.422754,-0.275855,-0.194688,-0.0554703,
57.1907,1.41408,4.68715,-0.314744,-0.279686,-0.198248,-0.0566908,
57.199,1.43545,4.4446,-0.420653,-0.27299,-0.195634,-0.056179,
57.2042,1.32923,4.6106,-0.290331,-0.277635,-0.198584,-0.056325,
57.2072,1.56647,4.70365,-0.301146,-0.281396,-0.193265,-0.0565377,
57.2135,1.47522,4.37125,-0.289978,-0.27493,-0.196356,-0.0553769,
57.2197,1.41686,4.54587,-0.356544,-0.279538,-0.195877,-0.0537172,
57.2228,1.45302,4.68673,-0.413787,-0.283065,-0.195291,-0.0556739,
57.2291,1.33892,4.56428,-0.412938,-0.275557,-0.193612,-0.057014,
57.2342,1.42985,4.50101,-0.348996,-0.274445,-0.189634,-0.0569236,
57.2374,1.33936,4.6612,-0.383794,-0.280542,-0.194045,-0.0598702,
57.2437,1.33664,4.78839,-0.408283,-0.283531,-0.192668,-0.0558061,
57.2467,1.43312,4.62859,-0.295359,-0.28088,-0.190888,-0.0536864,
57.253,1.33266,4.6097,-0.410436,-0.2791,-0.193854,-0.0587586,
57.2592,1.53241,4.60111,-0.41001,-0.28013,-0.18795,-0.0580128,
57.2623,1.49249,4.4438,-0.502877,-0.273295,-0.189102,-0.0544786,
57.3477,1.17231,4.4783,-0.276961,-0.273845,-0.194055,-0.0563969,
57.352,1.6117,4.52217,-0.211478,-0.276907,-0.183584,-0.0574742,
57.3551,1.34222,4.532,-0.312724,-0.276072,-0.190923,-0.0566525,
57.3612,1.30313,4.43611,-0.388277,-0.274241,-0.19139,-0.056287,
57.3672,1.27351,4.62775,-0.257404,-0.280787,-0.191715,-0.0605108,
57.3704,1.62281,4.6054,-0.237089,-0.276725,-0.183476,-0.0581124,
57.3759,1.29388,4.50474,-0.256743,-0.277807,-0.190148,-0.063887,
57.3822,1.29699,4.54023,-0.259099,-0.276672,-0.192211,-0.0566459,
57.4246,1.0753,4.42924,-0.406591,-0.273291,-0.188296,-0.058858,
57.4287,1.24627,4.63068,-0.527143,-0.278206,-0.187598,-0.0602943,
57.4317,1.30155,4.5792,-0.382875,-0.275963,-0.181929,-0.0517431,
57.438,1.3342,4.59192,-0.444495,-0.277077,-0.185375,-0.0577381,
57.4442,0.956844,4.59716,-0.338683,-0.278522,-0.190819,-0.0616036,
57.4473,1.27342,4.5316,-0.233736,-0.276132,-0.184267,-0.0555293,
57.4535,1.22411,4.5783,-0.309286,-0.274822,-0.18474,-0.0553158,
57.4597,1.02561,4.50515,-0.331102,-0.273941,-0.188357,-0.0606501,
57.4682,1.03887,4.66204,-0.452103,-0.277504,-0.192139,-0.0567364,
57.4716,1.30622,4.61382,-0.368277,-0.275892,-0.182441,-0.0607886,
57.476,1.08689,4.4505,-0.336423,-0.272105,-0.187535,-0.0587241,
57.4822,1.24946,4.51861,-0.340108,-0.276071,-0.182591,-0.0594215,
57.4852,1.44744,4.60421,-0.367821,-0.279643,-0.176859,-0.058074,
57.4915,1.27875,4.47153,-0.19361,-0.273355,-0.186785,-0.0642874,
57.4946,1.33665,4.49303,-0.354388,-0.274797,-0.183525,-0.0547318,
57.5007,1.24955,4.52345,-0.253914,-0.274504,-0.183873,-0.0565472,
57.5855,1.1672,4.54288,-0.271336,-0.277365,-0.184894,-0.0562886,
57.5886,1.41856,4.44385,-0.272324,-0.276957,-0.179941,-0.0593477,
57.5927,1.38029,4.4971,-0.294484,-0.275953,-0.18332,-0.0569844,
57.5979,1.28818,4.67618,-0.336306,-0.280817,-0.184249,-0.0583722,
57.6011,1.17753,4.46274,-0.248561,-0.273706,-0.188904,-0.0558944,
57.6072,1.31422,4.61675,-0.226849,-0.278723,-0.181606,-0.0593697,
57.6132,1.02781,4.61802,-0.321836,-0.278736,-0.188724,-0.0599965,
57.6163,1.23083,4.44904,-0.419986,-0.272984,-0.185034,-0.0613812,
57.6847,1.14756,4.62035,-0.439816,-0.280412,-0.18498,-0.0603358,
57.6879,1.17376,4.62426,-0.230246,-0.276862,-0.185203,-0.0598751,
57.6921,1.20693,4.62338,-0.296525,-0.277988,-0.181624,-0.0607483,
57.6982,1.18447,4.52766,-0.329115,-0.27631,-0.181539,-0.0561632,
57.7013,1.45169,4.51541,-0.327158,-0.274187,-0.178843,-0.0585695,
57.7075,1.18233,4.78028,-0.35581,-0.280646,-0.183171,-0.053416,
57.7106,1.43497,4.65629,-0.374661,-0.280837,-0.179581,-0.0590955,
57.7167,1.314,4.62189,-0.322343,-0.277175,-0.183072,-0.0613384,
57.8187,1.24101,4.65948,-0.291121,-0.2817,-0.1819,-0.0557055,
57.8219,1.22627,4.58121,-0.245092,-0.27636,-0.181974,-0.0591742,
57.8261,1.19146,4.53241,-0.422558,-0.277672,-0.184224,-0.0601852,
57.8322,1.30914,4.5252,-0.299744,-0.279133,-0.182962,-0.0570589,
57.8353,1.03556,4.78868,-0.22621,-0.280192,-0.189212,-0.0593693,
57.8415,0.977027,4.3441,-0.257003,-0.269443,-0.191577,-0.0571865,
57.8446,1.15807,4.61564,-0.207109,-0.278818,-0.184846,-0.0597863,
57.8507,1.31627,4.54358,-0.363006,-0.274807,-0.182301,-0.0574364,
58.0085,1.10929,4.60675,-0.342649,-0.27878,-0.187076,-0.0578327,
58.0118,1.105,4.53305,-0.34369,-0.276776,-0.18489,-0.059229,
58.0185,1.4549,4.59523,-0.215555,-0.279002,-0.177393,-0.0581776,
58.0239,1.06481,4.58123,-0.33896,-0.27678,-0.183712,-0.0552239,
58.0271,1.16161,4.63564,-0.394253,-0.281134,-0.181379,-0.0620226,
58.0332,1.30777,4.55175,-0.408531,-0.276374,-0.181542,-0.0600389,
58.0394,1.25662,4.46315,-0.31089,-0.270962,-0.179975,-0.0579938,
58.0426,1.1652,4.55063,-0.448422,-0.273342,-0.184398,-0.0596216,
58.048,1.30971,4.48885,-0.377047,-0.276477,-0.178074,-0.0607878,
58.0532,1.1432,4.48356,-0.438898,-0.274508,-0.183549,-0.0598933,
58.0564,1.21104,4.57151,-0.402672,-0.278038,-0.182535,-0.0574957,
58.0626,1.28691,4.6933,-0.463017,-0.279544,-0.177946,-0.0610245,
58.0657,1.1522,4.43844,-0.253647,-0.272901,-0.183675,-0.057129,
58.0717,1.15476,4.44997,-0.265093,-0.273942,-0.184164,-0.061298,
58.078,1.10258,4.62464,-0.301636,-0.276416,-0.179849,-0.0595672,
58.0811,1.24621,4.62577,-0.250313,-0.278286,-0.177547,-0.0589939,
58.0872,1.21483,4.45118,-0.360095,-0.273463,-0.180991,-0.0615686,
58.0937,1.01787,4.55436,-0.209688,-0.276869,-0.183905,-0.0621512,
58.0971,0.949174,4.52493,-0.386115,-0.277146,-0.187924,-0.0615636,
58.1025,1.12832,4.48224,-0.339824,-0.272585,-0.180548,-0.0630818,
58.1087,1.22751,4.47966,-0.372339,-0.274568,-0.181851,-0.0603378,
58.1118,1.13034,4.59115,-0.382799,-0.279529,-0.183424,-0.0585652,
58.118,1.17835,4.43946,-0.298063,-0.274576,-0.180844,-0.0588468,
58.1242,1.19403,4.53794,-0.278545,-0.277362,-0.180566,-0.060705,
58.1273,1.28055,4.45733,-0.262752,-0.272719,-0.176437,-0.05928,
58.1326,1.07452,4.54006,-0.534693,-0.275043,-0.18305,-0.0603822,
58.1357,1.09296,4.57486,-0.531064,-0.27626,-0.183378,-0.0615769,
58.142,1.1158,4.62476,-0.402543,-0.278802,-0.181369,-0.0609829,
58.1482,1.18758,4.59994,-0.323841,-0.276973,-0.178493,-0.0584303,
58.1513,1.08304,4.53169,-0.227563,-0.275364,-0.181572,-0.0592617,
58.1576,0.826779,4.55481,-0.406219,-0.275961,-0.189966,-0.0622692,
58.1637,1.14466,4.60571,-0.379697,-0.278181,-0.180685,-0.0654345,
58.1668,1.16562,4.42206,-0.355873,-0.271655,-0.178954,-0.0557085,
58.1721,0.960565,4.53915,-0.398029,-0.272303,-0.185147,-0.0597389,
58.1782,1.067,4.534,-0.207583,-0.276041,-0.183923,-0.0615979,
58.1813,1.43064,4.57496,-0.289804,-0.276339,-0.175336,-0.0556934,
58.1875,1.08704,4.60843,-0.291052,-0.276774,-0.180411,-0.0551222,
58.1906,1.04778,4.54117,-0.346534,-0.273063,-0.18324,-0.0573164,
58.1967,0.964532,4.76499,-0.380359,-0.281847,-0.183738,-0.0620996,
58.203,1.00648,4.49836,-0.208145,-0.276138,-0.180644,-0.0611495,
58.2061,1.10434,4.58103,-0.24696,-0.276887,-0.180825,-0.0593385,
58.2113,1.2514,4.70417,-0.33095,-0.280227,-0.176745,-0.0594787,
58.2176,1.06406,4.62752,-0.2604,-0.278599,-0.182652,-0.0617543,
58.2207,1.14529,4.48232,-0.269421,-0.276154,-0.180402,-0.0608904,
58.2287,1.13436,4.58512,-0.136682,-0.275872,-0.179607,-0.0563268,
58.2344,1.11735,4.67406,-0.192405,-0.277609,-0.180215,-0.0631775,
58.2377,0.938729,4.75072,-0.223625,-0.283576,-0.183002,-0.0607564,
58.2421,1.03795,4.52912,-0.2256,-0.274925,-0.178972,-0.0601252,
58.2482,1.21646,4.53871,-0.272461,-0.277313,-0.175469,-0.060048,
58.2513,1.00517,4.54663,-0.322225,-0.278365,-0.179927,-0.0581594,
58.2566,1.14494,4.57355,-0.289265,-0.277484,-0.179504,-0.0614854,
58.2597,1.09021,4.74657,-0.151478,-0.279307,-0.177351,-0.0598795,
58.2657,1.09903,4.56836,-0.162996,-0.276154,-0.1808,-0.0640397,
58.271,0.981989,4.55676,-0.373692,-0.274586,-0.182116,-0.0612685,
58.2743,1.21977,4.70277,-0.368773,-0.280421,-0.175274,-0.0601923,
58.2826,1.13538,4.49819,-0.334865,-0.274885,-0.176987,-0.0582049,
58.2877,1.28553,4.70588,-0.402291,-0.280029,-0.171448,-0.0620329,
58.2909,1.13069,4.62306,-0.329538,-0.27878,-0.176263,-0.0632548,
58.2962,1.12748,4.65393,-0.321927,-0.281717,-0.178816,-0.0559293,
58.3022,0.991245,4.50112,-0.301145,-0.274119,-0.180382,-0.0588184,
58.3053,1.05962,4.72744,-0.411229,-0.280765,-0.180329,-0.0626551,
58.3115,1.3738,4.5879,-0.369903,-0.27616,-0.172193,-0.0614519,
58.3147,1.19611,4.71503,-0.300728,-0.278069,-0.173388,-0.0576109,
58.3226,0.926444,4.73501,-0.304695,-0.278441,-0.180816,-0.0595038,
58.3287,1.18356,4.40752,-0.352382,-0.273671,-0.177395,-0.0619282,
58.3319,0.984492,4.45983,-0.452682,-0.274019,-0.181427,-0.0601051,
58.3372,1.01886,4.33889,-0.372783,-0.270142,-0.181829,-0.0616393,
58.3434,1.03692,4.59294,-0.392335,-0.278387,-0.180647,-0.0602003,
58.3466,0.915394,4.57128,-0.39523,-0.276806,-0.180181,-0.0608118,
58.3527,1.11489,4.45911,-0.285333,-0.27458,-0.174369,-0.062,
58.3558,1.15779,4.68758,-0.365042,-0.280897,-0.178216,-0.0605519,
58.3639,0.977532,4.5122,-0.397515,-0.274202,-0.181287,-0.0561366,
58.3702,1.04434,4.4523,-0.324369,-0.274859,-0.182005,-0.0583584,
58.3733,1.10997,4.42052,-0.423772,-0.272662,-0.175207,-0.0590787,
58.3786,1.06204,4.50653,-0.471638,-0.274444,-0.179065,-0.0609874,
58.3847,1.09549,4.6104,-0.315289,-0.274125,-0.177276,-0.061977,
58.3878,1.17231,4.60307,-0.42092,-0.27798,-0.173259,-0.0621067,
58.3941,1.06139,4.44898,-0.326091,-0.271508,-0.177958,-0.0656918,
58.4002,1.04611,4.53478,-0.368608,-0.277492,-0.177733,-0.0637664,
58.4033,1.09355,4.72094,-0.274118,-0.280513,-0.175578,-0.059915,
58.4097,0.933483,4.62022,-0.39473,-0.278131,-0.182391,-0.0646911,
58.4153,1.1381,4.47273,-0.285699,-0.272588,-0.175647,-0.0595526,
58.4184,1.13948,4.53574,-0.33366,-0.273943,-0.175251,-0.0578981,
58.4246,1.13132,4.71935,-0.371785,-0.281673,-0.178242,-0.0639027,
58.4277,1.31913,4.60121,-0.328578,-0.276082,-0.171255,-0.0626116,
58.434,1.04349,4.41662,-0.308683,-0.273528,-0.179301,-0.058805,
58.4402,1.04958,4.76725,-0.179635,-0.281871,-0.176646,-0.0623568,
58.4433,1.05791,4.64982,-0.317597,-0.278505,-0.175,-0.0609393,
58.4867,1.13371,4.42837,-0.397613,-0.273093,-0.174128,-0.0600115,
58.491,0.829633,4.51079,-0.363768,-0.275377,-0.181496,-0.0629185,
58.4941,0.952738,4.50733,-0.392892,-0.275525,-0.179519,-0.0629204,
58.5003,1.19219,4.59278,-0.348937,-0.2792,-0.172795,-0.0605984,
58.5086,0.826071,4.63564,-0.335164,-0.280328,-0.17978,-0.0644935,
58.512,1.10406,4.57244,-0.367238,-0.278564,-0.174316,-0.0611112,
58.5172,0.976095,4.48391,-0.481812,-0.271487,-0.175658,-0.0598716,
58.5234,0.943786,4.68966,-0.334612,-0.2798,-0.180767,-0.0610012,
58.5266,1.06003,4.50569,-0.259124,-0.274708,-0.176946,-0.0663087,
58.5318,0.94676,4.63221,-0.484254,-0.277998,-0.176818,-0.0635988,
58.5381,0.93802,4.73088,-0.571338,-0.28299,-0.179229,-0.0641962,
58.5412,1.20565,4.52216,-0.437454,-0.276117,-0.170856,-0.0616005,
58.5478,0.836257,4.61768,-0.462219,-0.278297,-0.178662,-0.0585066,
58.554,0.981235,4.4971,-0.486385,-0.273959,-0.177474,-0.0626946,
58.5571,1.21914,4.4082,-0.401265,-0.270313,-0.172783,-0.0650799,
58.5632,0.995829,4.56273,-0.334092,-0.277731,-0.177408,-0.0626235,
58.5663,0.931977,4.58361,-0.424132,-0.278141,-0.177743,-0.0631548,
58.5716,1.26212,4.45421,-0.379032,-0.272876,-0.170199,-0.0582071,
58.5777,1.12901,4.38306,-0.22826,-0.271477,-0.171582,-0.0606033,
58.5808,0.878948,4.79922,-0.381476,-0.282742,-0.177035,-0.0600581,
58.587,1.17811,4.54836,-0.253819,-0.276453,-0.17093,-0.0642239,
58.5932,1.21817,4.44657,-0.2768,-0.272783,-0.173277,-0.0602533,
58.5962,1.03491,4.29611,-0.376585,-0.270101,-0.173743,-0.062615,
58.6025,1.08559,4.62229,-0.365754,-0.278117,-0.171345,-0.0613563,
58.6056,0.766337,4.69182,-0.356909,-0.278042,-0.18152,-0.0633984,
58.6108,0.93652,4.4452,-0.435716,-0.272359,-0.178594,-0.0629518,
58.617,0.851368,4.65784,-0.34603,-0.280909,-0.180261,-0.0637735,
58.6201,0.98876,4.67486,-0.383241,-0.279105,-0.174832,-0.0649467,
58.6262,0.884321,4.3881,-0.388904,-0.272487,-0.177011,-0.0618409,
58.6314,0.899861,4.48206,-0.232206,-0.272741,-0.176457,-0.0620686,
58.6347,1.00055,4.41967,-0.315327,-0.273658,-0.17417,-0.0637174,
58.6432,0.815564,4.53872,-0.362795,-0.275474,-0.18047,-0.0626554,
58.6498,1.2006,4.32563,-0.288794,-0.266965,-0.170959,-0.0638481,
58.653,1.0926,4.60912,-0.365093,-0.275981,-0.173046,-0.0656154,
58.6583,1.09655,4.46952,-0.420846,-0.274182,-0.17234,-0.0584032,
58.6645,1.11645,4.54346,-0.380373,-0.275739,-0.172188,-0.0610437,
58.6676,0.913538,4.67506,-0.380164,-0.278228,-0.176733,-0.0631468,
58.6737,1.02317,4.62257,-0.420572,-0.27586,-0.17546,-0.0606537,
58.6768,1.12967,4.57055,-0.473423,-0.275787,-0.172777,-0.05759,
58.6841,1.15508,4.48723,-0.292836,-0.276112,-0.17367,-0.0625815,
58.6902,0.796846,4.62507,-0.463848,-0.277449,-0.176534,-0.061607,
58.6934,0.925433,4.45704,-0.445305,-0.273221,-0.173276,-0.064519,
58.6987,1.17238,4.60054,-0.504003,-0.280495,-0.167823,-0.0619473,
58.7047,1.10635,4.53439,-0.409092,-0.276555,-0.169568,-0.0663521,
58.7077,0.91116,4.59789,-0.503446,-0.276593,-0.175152,-0.0625191,
58.714,1.06253,4.68867,-0.422589,-0.278615,-0.17264,-0.0665059,
58.7202,1.14217,4.4312,-0.241132,-0.272748,-0.170396,-0.0633827,
58.7236,1.09082,4.67417,-0.457162,-0.278477,-0.171705,-0.065335,
58.728,0.915906,4.83424,-0.363393,-0.281531,-0.175627,-0.0650869,
58.7357,1.03385,4.45392,-0.332533,-0.271553,-0.175249,-0.0611047,
58.7388,1.1264,4.35619,-0.392534,-0.270569,-0.168063,-0.0638629,
58.745,1.04182,4.53443,-0.309485,-0.273597,-0.168169,-0.0677755,
58.7511,1.00353,4.67586,-0.343993,-0.276917,-0.17321,-0.0634442,
58.7542,0.976187,4.49417,-0.332413,-0.274364,-0.170963,-0.0623621,
58.7605,1.14126,4.55421,-0.33924,-0.27493,-0.168529,-0.0635833,
58.7636,1.03729,4.5642,-0.376064,-0.272101,-0.171176,-0.0637204,
58.7689,0.867465,4.39332,-0.222747,-0.271996,-0.173635,-0.0621247,
58.7742,0.976927,4.46908,-0.451293,-0.271659,-0.171804,-0.0624391,
58.7774,1.02648,4.55707,-0.36899,-0.272971,-0.17294,-0.0633231,
58.7836,1.09232,4.53132,-0.317669,-0.273335,-0.170913,-0.0662146,
58.7897,1.04423,4.61319,-0.27551,-0.278223,-0.170862,-0.0615499,
58.7928,1.09648,4.63951,-0.20267,-0.277112,-0.169682,-0.0609201,
58.799,0.864158,4.5607,-0.22828,-0.277496,-0.175038,-0.0619929,
58.8052,1.05587,4.43791,-0.502388,-0.273503,-0.170762,-0.0599843,
58.8083,0.994256,4.75619,-0.0245462,-0.279981,-0.172013,-0.0608338,
58.8166,0.826819,4.59556,-0.353058,-0.273798,-0.175773,-0.0680379,
58.8197,0.870758,4.53367,-0.336351,-0.275996,-0.17317,-0.0686868,
58.825,0.886768,4.54337,-0.27296,-0.275813,-0.17157,-0.062035,
58.8312,0.964608,4.54363,-0.21791,-0.274083,-0.170254,-0.0659299,
58.8343,0.980581,4.5253,-0.252721,-0.275696,-0.175498,-0.0624905,
58.8405,0.876429,4.70555,-0.246421,-0.282658,-0.172086,-0.0628335,
58.8466,1.29794,4.70219,-0.282948,-0.281028,-0.163452,-0.0615761,
58.8498,0.999277,4.45615,-0.278246,-0.272258,-0.172844,-0.0623429,
58.8552,0.911131,4.62312,-0.288999,-0.277993,-0.175283,-0.0656081,
58.8618,0.916576,4.61337,-0.395863,-0.279154,-0.173553,-0.0632471,
58.865,0.836895,4.36676,-0.400749,-0.270245,-0.173548,-0.0640286,
58.8712,1.1681,4.62403,-0.368615,-0.27543,-0.165544,-0.0611254,
58.8772,0.76495,4.61369,-0.288754,-0.274788,-0.177332,-0.0654824,
58.8802,0.973335,4.61783,-0.32938,-0.276307,-0.17011,-0.0600571,
58.8865,0.928821,4.65221,-0.349491,-0.27947,-0.171593,-0.0677051,
58.9322,1.07473,4.49873,-0.34791,-0.275518,-0.170037,-0.0649223,
58.9354,0.814588,4.50499,-0.406051,-0.275515,-0.172043,-0.0659937,
58.9396,1.16358,4.71481,-0.30901,-0.277597,-0.166253,-0.0609918,
58.9426,1.04715,4.60579,-0.363332,-0.274433,-0.173701,-0.0629011,
58.9489,0.796325,4.56053,-0.273899,-0.272963,-0.176233,-0.0629725,
58.9545,0.988059,4.55275,-0.280735,-0.275782,-0.17059,-0.0622447,
58.9578,0.903674,4.57933,-0.3788,-0.278912,-0.170852,-0.0600669,
58.9623,0.912897,4.41958,-0.316789,-0.271948,-0.173741,-0.0657375,
58.9706,0.869273,4.61026,-0.430706,-0.276766,-0.171524,-0.0600632,
58.9737,0.989668,4.62618,-0.320705,-0.276801,-0.168018,-0.0659089,
58.9791,0.978921,4.41351,-0.262735,-0.272287,-0.16943,-0.0669287,
58.9852,0.770797,4.5593,-0.317626,-0.278244,-0.176215,-0.0657716,
58.9882,1.04982,4.5826,-0.560793,-0.275677,-0.166012,-0.0622969,
58.9946,0.865633,4.4665,-0.485237,-0.273059,-0.169079,-0.061302,
59.0007,1.07441,4.58904,-0.324405,-0.275899,-0.169448,-0.0606508,
59.0037,0.599813,4.46376,-0.196992,-0.275093,-0.176396,-0.0634283,
59.01,1.00411,4.54667,-0.491077,-0.275287,-0.16752,-0.0644527,
59.0152,0.903371,4.4167,-0.45171,-0.272076,-0.173834,-0.0662574,
59.0184,1.12511,4.63342,-0.49734,-0.277645,-0.165031,-0.0620141,
59.0246,0.976586,4.57708,-0.43985,-0.274787,-0.164989,-0.0621372,
59.0277,0.862772,4.49964,-0.397733,-0.276025,-0.168672,-0.0613813,
59.0337,1.10087,4.68257,-0.503664,-0.278728,-0.166982,-0.0619132,
59.0401,1.13621,4.62937,-0.58191,-0.278356,-0.164717,-0.0633204,
59.0432,0.992296,4.81732,-0.470718,-0.280772,-0.168424,-0.0636963,
59.0495,0.934985,4.48985,-0.472711,-0.274137,-0.169317,-0.0627427,
59.0547,0.781241,4.40664,-0.462171,-0.272599,-0.171824,-0.0634101,
59.0579,1.13751,4.61846,-0.325442,-0.275343,-0.168681,-0.0608252,
59.0641,0.953133,4.63207,-0.32843,-0.277797,-0.166937,-0.0595624,
59.0701,1.1298,4.41469,-0.42165,-0.271239,-0.16684,-0.0617865,
59.0732,0.974549,4.61871,-0.368692,-0.276491,-0.168531,-0.0597544,
59.0795,0.921867,4.53314,-0.340018,-0.274591,-0.170996,-0.0617161,
59.0829,0.892088,4.39643,-0.376085,-0.271145,-0.170785,-0.0657612,
59.0907,0.894512,4.43865,-0.385497,-0.272772,-0.170109,-0.06093,
59.0961,0.862377,4.61623,-0.392036,-0.27889,-0.169235,-0.0624684,
59.1022,0.922362,4.61779,-0.252453,-0.276627,-0.171148,-0.0632407,
59.1052,1.04335,4.65771,-0.41433,-0.278222,-0.169171,-0.0629057,
59.1115,0.80853,4.62849,-0.290026,-0.280616,-0.173106,-0.0615108,
59.1146,1.04425,4.59612,-0.381333,-0.275253,-0.165183,-0.0618719,
59.1207,0.922861,4.58616,-0.199437,-0.276599,-0.167043,-0.0623257,
59.1279,0.823249,4.47574,-0.0944889,-0.273525,-0.170666,-0.0648069,
59.1311,0.953206,4.57106,-0.448303,-0.274921,-0.16694,-0.0646589,
59.1363,0.849347,4.70114,-0.21354,-0.277224,-0.170309,-0.0607446,
59.1425,0.855998,4.41024,-0.383703,-0.272559,-0.166945,-0.0637352,
59.1456,0.949839,4.54177,-0.310588,-0.274906,-0.166089,-0.0614129,
59.1517,0.880516,4.71326,-0.381606,-0.27882,-0.168926,-0.0630979,
59.1548,1.03715,4.65292,-0.367108,-0.277255,-0.164442,-0.0650944,
59.161,1.03606,4.49681,-0.218251,-0.272749,-0.166141,-0.0647799,
59.1672,1.0008,4.56337,-0.22671,-0.274442,-0.165751,-0.0637914,
59.2096,0.599723,4.4825,-0.400887,-0.273976,-0.173667,-0.0643303,
59.2137,1.23689,4.48718,-0.256623,-0.274164,-0.163344,-0.0630744,
59.2212,1.15313,4.57926,-0.322608,-0.274603,-0.162439,-0.0616952,
59.2245,0.783632,4.54082,-0.269237,-0.275441,-0.171831,-0.0620687,
59.2328,0.813596,4.51333,-0.330101,-0.275588,-0.173125,-0.062105,
59.2381,0.99638,4.65889,-0.346076,-0.27905,-0.166281,-0.0639394,
59.2412,1.07275,4.42429,-0.348788,-0.269326,-0.165479,-0.0640972,
59.2475,0.970568,4.58477,-0.305247,-0.274352,-0.166309,-0.0626997,
59.2537,0.817462,4.48249,-0.374839,-0.274154,-0.168512,-0.0632213,
59.2568,0.80981,4.40208,-0.341087,-0.269824,-0.167533,-0.0628602,
59.2646,0.873801,4.6478,-0.315765,-0.276631,-0.168226,-0.0667208,
59.2707,0.856194,4.43975,-0.256769,-0.273583,-0.17213,-0.0646508,
59.2737,0.760952,4.52434,-0.422935,-0.272582,-0.171343,-0.0676829,
59.28,0.993602,4.48683,-0.437179,-0.272618,-0.167834,-0.0663572,
59.2861,1.2161,4.46588,-0.415287,-0.273994,-0.160884,-0.0646839,
59.2892,0.722201,4.56544,-0.398225,-0.272904,-0.170298,-0.0619057,
59.2955,0.766195,4.4245,-0.401679,-0.272918,-0.168884,-0.0656931,
59.2986,1.0058,4.42767,-0.50907,-0.27461,-0.164514,-0.0664635,
59.3038,0.939282,4.59015,-0.407331,-0.273548,-0.166376,-0.0649808,
59.3085,0.80705,4.55373,-0.361937,-0.274952,-0.17157,-0.0631333,
59.3116,0.796575,4.38117,-0.406451,-0.270093,-0.169991,-0.0623498,
59.3177,0.894947,4.42533,-0.486716,-0.26878,-0.167163,-0.0635336,
59.324,0.845759,4.56262,-0.42789,-0.272554,-0.167794,-0.0618527,
59.3271,0.786915,4.51163,-0.426869,-0.274411,-0.171282,-0.0648798,
59.3332,-4.40095,4.49852,-0.709055,-0.273777,0.1104,-0.302423,
59.3385,-4.53418,4.22702,-0.58084,-0.268498,0.107808,-0.296838,
59.3416,-4.6093,4.36983,-0.51705,-0.269208,0.108249,-0.298209,
59.3477,-4.95144,4.18717,-0.449069,-0.267383,0.10142,-0.290028,
59.3508,-4.78796,4.44236,-0.533164,-0.274917,0.10637,-0.299856,
59.3583,-4.8593,4.52386,-0.521377,-0.272301,0.105356,-0.29792,
59.3646,-4.70307,4.59926,-0.498502,-0.275058,0.108528,-0.295358,
59.3677,-4.67732,4.3233,-0.418282,-0.272929,0.107473,-0.29101,
59.3737,-3.8676,5.4705,-0.606857,-0.296982,0.128414,-0.310698,
59.3791,-4.45874,4.51929,-0.565852,-0.277357,0.111656,-0.290795,
59.3821,-4.69193,4.5406,-0.582191,-0.273042,0.109808,-0.293887,
59.3882,-4.71609,4.65091,-0.576379,-0.276335,0.11048,-0.292772,
59.3945,-4.75976,4.34764,-0.477768,-0.269629,0.113766,-0.284805,
59.3977,-4.66013,4.55001,-0.493384,-0.276995,0.114668,-0.292107,
59.4021,-4.49373,4.8691,-0.40147,-0.280922,0.113148,-0.294531,
59.4082,-4.88713,4.65939,-0.571029,-0.276386,0.102937,-0.294238,
59.4113,-4.2354,4.87137,-0.502345,-0.282546,0.117435,-0.301808,
59.4166,-3.88478,5.34888,-0.692599,-0.292488,0.126827,-0.313579,
59.4197,-4.63895,4.67416,-0.6633,-0.278086,0.113301,-0.300752,
59.4257,-4.70486,4.30301,-0.676223,-0.268406,0.111515,-0.287614,
59.432,-4.67017,4.59481,-0.779405,-0.275785,0.111474,-0.290602,
59.4351,-4.34248,4.97495,-0.545923,-0.283546,0.120153,-0.300883,
59.4431,-4.63929,4.95776,-0.662293,-0.284059,0.113706,-0.301864,
59.4482,-4.41187,4.32105,-0.636417,-0.268561,0.115996,-0.288369,
59.4513,-4.91905,4.67444,-0.442847,-0.276944,0.108458,-0.295941,
59.4566,-4.23768,4.88397,-0.550241,-0.284393,0.123842,-0.302162,
59.4597,-4.20537,5.25573,-0.555603,-0.288846,0.124034,-0.310749,
59.466,-4.8374,4.39564,-0.554184,-0.267428,0.111344,-0.287264,
59.4721,-4.57166,4.8607,-0.631861,-0.280887,0.118809,-0.297297,
59.4752,-4.53755,4.33715,-0.584936,-0.269304,0.116902,-0.285253,
59.4815,-4.6499,4.66971,-0.599744,-0.274182,0.115373,-0.29452,
59.4896,-4.38684,4.7199,-0.594442,-0.280375,0.119434,-0.290363,
59.5311,-4.90141,4.41931,-0.737597,-0.271241,0.110027,-0.287091,
59.5352,-4.56265,4.32648,-0.610908,-0.268518,0.117559,-0.286823,
59.5414,-4.56317,4.81386,-0.43346,-0.28192,0.115906,-0.290305,
59.5446,-4.67065,4.22473,-0.614888,-0.266993,0.113271,-0.280401,
59.5507,-4.41731,4.40808,-0.728796,-0.265199,0.119142,-0.289743,
59.5537,-4.29868,4.87863,-0.423925,-0.278194,0.118412,-0.298352,
59.56,-4.78158,4.42515,-0.524514,-0.270187,0.111361,-0.280144,
59.5662,-4.73405,4.52249,-0.516793,-0.272426,0.114331,-0.290797,
59.6677,-4.74317,4.48996,-0.529355,-0.273358,0.114093,-0.293863,
59.6709,-4.85367,4.42569,-0.627104,-0.269952,0.110664,-0.294315,
59.6751,-4.40954,4.82033,-0.608526,-0.281254,0.118897,-0.296999,
59.6812,-4.90336,4.41463,-0.384201,-0.270978,0.112437,-0.288187,
59.6843,-4.59444,4.43601,-0.653073,-0.271956,0.121066,-0.292075,
59.6905,-4.57382,4.94641,-0.661586,-0.283115,0.119903,-0.295638,
59.6936,-4.58664,4.49555,-0.605793,-0.273656,0.117119,-0.283677,
59.6997,-4.70711,4.44334,-0.552155,-0.270729,0.111994,-0.288095,
59.7142,-4.24158,5.11424,-0.506815,-0.289118,0.124514,-0.297356,
59.7176,-4.26806,5.10405,-0.685171,-0.285119,0.122232,-0.300025,
59.7252,-4.80611,4.58487,-0.628575,-0.275113,0.110353,-0.290412,
59.7312,-4.6746,4.73424,-0.512914,-0.275337,0.116598,-0.289993,
59.7343,-4.3224,5.30387,-0.50801,-0.290395,0.120243,-0.302951,
59.7405,-4.80681,4.6917,-0.505315,-0.277554,0.112505,-0.290414,
59.7436,-4.68115,4.3973,-0.393672,-0.26865,0.11349,-0.289968,
59.7497,-4.21613,5.51039,-0.556548,-0.294137,0.123389,-0.308612,
59.8336,-4.80202,4.42146,-0.560289,-0.272047,0.111344,-0.28378,
59.8367,-4.66863,4.94979,-0.548806,-0.28157,0.118626,-0.292946,
59.8407,-4.51077,4.43365,-0.650045,-0.268278,0.118039,-0.288321,
59.8469,-4.60947,4.27679,-0.631221,-0.267469,0.115948,-0.284436,
59.8502,-4.82818,4.65882,-0.566971,-0.274436,0.108849,-0.291079,
59.8559,-4.51356,4.65652,-0.621002,-0.274802,0.118763,-0.288979,
59.8615,-4.80589,4.67668,-0.520877,-0.277642,0.112348,-0.290703,
59.8647,-4.84259,4.68048,-0.534441,-0.272683,0.112921,-0.287373,
59.8702,-4.66767,4.3967,-0.572278,-0.269263,0.115066,-0.284647,
59.8756,-4.75918,4.41162,-0.533487,-0.272179,0.111863,-0.289425,
59.8787,-4.37957,4.79477,-0.531777,-0.281363,0.121803,-0.295252,
59.8847,-3.95589,5.60148,-0.635918,-0.298222,0.131014,-0.308817,
59.8928,-4.66769,4.38168,-0.637996,-0.271149,0.116289,-0.280713,
59.896,-4.90283,4.68377,-0.653283,-0.273726,0.109912,-0.294077,
59.9012,-4.57258,5.1969,-0.531889,-0.287971,0.120995,-0.296605,
59.9074,-4.97643,4.42298,-0.489648,-0.270819,0.111934,-0.28087,
59.9106,-4.77822,4.51501,-0.491175,-0.272838,0.116526,-0.287074,
59.9157,-4.58892,4.96876,-0.505449,-0.282392,0.12347,-0.288733,
59.922,-4.78668,4.46578,-0.535409,-0.269187,0.118298,-0.287717,
59.9251,-4.64192,4.59458,-0.514618,-0.272023,0.122549,-0.290532,
59.9312,-5.03993,4.16261,-0.522995,-0.263044,0.112083,-0.277002,
59.9343,-4.92897,4.74544,-0.680997,-0.277813,0.111981,-0.286733,
59.9407,-4.68706,4.94226,-0.473292,-0.281832,0.120764,-0.289783,
59.9472,-4.79175,4.53115,-0.633054,-0.271262,0.118881,-0.285686,
59.9504,-4.87002,4.35963,-0.436737,-0.268652,0.122087,-0.280976,
59.9557,-4.78621,4.51247,-0.603631,-0.269415,0.123037,-0.284187,
59.962,-4.2613,5.53197,-0.487562,-0.294743,0.134371,-0.302771,
59.9651,-4.66875,4.25933,-0.589196,-0.262831,0.122483,-0.279651,
59.9712,-4.72565,4.68843,-0.569172,-0.275668,0.12386,-0.289658,
59.9774,-4.30274,5.26074,-0.683881,-0.29112,0.129861,-0.300814,
59.9806,-4.58773,4.1635,-0.617579,-0.26417,0.123085,-0.281693,
59.989,-4.5995,4.69748,-0.485905,-0.274229,0.122719,-0.286353,
59.9952,-4.53938,4.62836,-0.563893,-0.272666,0.126991,-0.286676,
59.9984,-4.8725,4.54921,-0.579532,-0.271358,0.123766,-0.2852,
60.0037,-4.74449,4.77607,-0.442034,-0.276342,0.122994,-0.288331,
60.0067,-4.81312,4.51993,-0.529644,-0.269328,0.121117,-0.281638,
60.013,-4.64603,4.51907,-0.551501,-0.268643,0.123582,-0.285226,
60.0192,-4.76147,4.57668,-0.522356,-0.270629,0.125066,-0.281137,
60.0223,-4.88874,4.84952,-0.589094,-0.27898,0.117715,-0.292405,
60.0305,-4.4167,5.16905,-0.615809,-0.285155,0.129295,-0.295827,
60.0357,-4.11865,5.60149,-0.605893,-0.293387,0.136658,-0.308579,
60.0388,-4.76151,4.34492,-0.61561,-0.263973,0.119841,-0.278078,
60.0441,-4.89431,4.87602,-0.553093,-0.279334,0.114944,-0.290059,
60.0501,-4.17954,4.98423,-0.464524,-0.277451,0.133713,-0.295455,
60.0532,-4.76553,4.22397,-0.522862,-0.264807,0.121098,-0.278781,
60.0595,-4.3881,4.74091,-0.546551,-0.273661,0.133151,-0.287258,
60.0626,-4.33813,4.51629,-0.602542,-0.26767,0.129921,-0.290298,
60.0687,-4.72453,4.59975,-0.482183,-0.273699,0.122381,-0.286623,
60.1142,-4.54572,5.0637,-0.605996,-0.282109,0.126664,-0.293739,
60.1174,-4.60948,4.26298,-0.542266,-0.263058,0.127247,-0.28212,
60.1216,-5.12498,4.55159,-0.523633,-0.270379,0.116655,-0.285826,
60.1276,-4.41568,5.07213,-0.530496,-0.282345,0.131926,-0.299239,
60.1307,-4.86409,4.35232,-0.600897,-0.261945,0.123192,-0.281044,
60.137,-4.97836,4.90844,-0.551651,-0.279235,0.118098,-0.291989,
60.1432,-4.76248,4.82207,-0.516477,-0.276275,0.122224,-0.290814,
60.1462,-4.60937,4.39886,-0.565068,-0.266741,0.128175,-0.280181,
60.1672,-4.7593,4.62157,-0.564477,-0.270022,0.12078,-0.28606,
60.1704,-4.61388,4.51083,-0.628916,-0.2681,0.125988,-0.284246,
60.1757,-4.65126,4.53188,-0.606392,-0.270688,0.123753,-0.282315,
60.1788,-4.65548,4.53488,-0.69185,-0.267151,0.122688,-0.284101,
60.185,-4.68949,4.2228,-0.607917,-0.260883,0.125084,-0.277213,
60.1912,-4.91823,4.64494,-0.524423,-0.27106,0.118516,-0.284647,
60.1943,-4.58219,4.81289,-0.726174,-0.279143,0.12712,-0.288822,
60.2006,-4.76132,4.84124,-0.573011,-0.276789,0.12673,-0.287,
60.2067,-4.89564,5.0569,-0.407762,-0.280074,0.124018,-0.295147,
60.2101,-4.7828,4.64094,-0.422075,-0.272053,0.124426,-0.287635,
60.2156,-4.9797,4.58198,-0.6015,-0.267694,0.120949,-0.287975,
60.2202,-4.84279,4.63064,-0.532178,-0.271791,0.122603,-0.29259,
60.2235,-5.09577,4.62156,-0.629143,-0.271042,0.121788,-0.292667,
60.2318,-4.80931,4.50931,-0.542256,-0.268233,0.126519,-0.288097,
60.2371,-4.37839,5.48654,-0.472949,-0.290589,0.136296,-0.309231,
60.2401,-4.85791,4.39623,-0.580117,-0.265522,0.124164,-0.287184,
60.2462,-4.79033,4.3518,-0.627285,-0.262263,0.125532,-0.279846,
60.2529,-4.87156,4.63373,-0.466742,-0.272372,0.124484,-0.289829,
60.256,-4.59278,4.95506,-0.490648,-0.276593,0.130672,-0.298919,
60.2622,-5.01132,4.24122,-0.45187,-0.264224,0.123839,-0.28157,
60.2682,-5.0987,4.92518,-0.334987,-0.276955,0.120719,-0.294132,
60.2713,-4.83039,4.58337,-0.406941,-0.270518,0.132371,-0.290943,
60.2776,-4.5855,5.27201,-0.535298,-0.282718,0.13374,-0.303472,
60.2806,-4.85161,4.78478,-0.489309,-0.276733,0.127821,-0.290291,
60.2867,-4.77386,4.45492,-0.511823,-0.266363,0.128393,-0.290433,
60.2921,-4.38451,5.32731,-0.496866,-0.287098,0.136879,-0.303347,
60.2952,-4.74213,4.14705,-0.597551,-0.259553,0.127793,-0.281752,
60.3005,-4.88055,4.70975,-0.599928,-0.271164,0.127798,-0.286302,
60.3067,-4.52666,4.95314,-0.407962,-0.27493,0.137115,-0.290755,
60.3098,-5.00286,4.26438,-0.555089,-0.261153,0.127687,-0.282027,
60.316,-4.94514,4.53146,-0.593545,-0.268331,0.12554,-0.291345,
60.3221,-4.9802,4.6907,-0.543728,-0.272706,0.123774,-0.288745,
60.3253,-4.91929,4.78647,-0.658121,-0.272508,0.125042,-0.292298,
60.3306,-4.84721,4.78111,-0.721418,-0.27416,0.128789,-0.283145,
60.3337,-4.72354,4.34856,-0.521353,-0.262103,0.12939,-0.284239,
60.3397,-5.12828,4.5707,-0.621888,-0.266191,0.125304,-0.287749,
60.346,-4.81508,4.6687,-0.530997,-0.269949,0.12444,-0.287201,
60.3491,-4.24747,5.64853,-0.560224,-0.294983,0.138463,-0.301193,
60.3552,-4.35209,5.5318,-0.518479,-0.2915,0.139135,-0.308029,
60.3614,-4.69382,4.97976,-0.487824,-0.27823,0.128919,-0.29576,
60.4048,-4.87669,4.60074,-0.546134,-0.269181,0.128508,-0.294965,
60.4091,-4.76921,4.75949,-0.397566,-0.273254,0.131249,-0.29628,
60.4151,-4.38171,5.56542,-0.489287,-0.292576,0.137469,-0.308038,
60.4182,-4.82633,4.2603,-0.464778,-0.261703,0.12638,-0.278956,
60.4245,-5.23802,5.06696,-0.618508,-0.27879,0.118855,-0.298225,
60.4276,-4.59159,4.62757,-0.472753,-0.269494,0.133369,-0.296598,
60.4338,-4.89932,4.83436,-0.436325,-0.276069,0.125182,-0.287473,
60.4401,-5.26474,5.06123,-0.70619,-0.279701,0.116638,-0.302766,
60.4782,-5.06456,4.74515,-0.641111,-0.267645,0.135809,-0.287163,
60.4816,-4.58749,4.56999,-0.678167,-0.263054,0.144845,-0.282249,
60.4868,-4.74052,4.58634,-0.682179,-0.265763,0.144383,-0.276533,
60.4931,-4.73607,4.57707,-0.590717,-0.264599,0.145296,-0.281232,
60.4961,-4.70968,5.32917,-0.591086,-0.282419,0.145635,-0.298255,
60.5022,-4.86018,4.49994,-0.653945,-0.263347,0.138815,-0.278089,
60.5052,-4.71731,4.64541,-0.601285,-0.267683,0.140929,-0.287122,
60.5115,-5.0636,4.49251,-0.65507,-0.263774,0.136742,-0.281653,
60.5177,-4.87941,4.70448,-0.795748,-0.265076,0.140558,-0.283832,
60.5209,-4.82296,4.41637,-0.607532,-0.262938,0.140749,-0.282941,
60.5256,-4.76674,4.64819,-0.712337,-0.264746,0.145037,-0.282707,
60.534,-4.71712,4.88631,-0.673572,-0.269321,0.144833,-0.291733,
60.5371,-4.5911,4.68924,-0.671843,-0.269424,0.146116,-0.285654,
60.5422,-4.58633,4.6748,-0.764742,-0.26684,0.146731,-0.286373,
60.5482,-4.52548,4.37613,-0.636481,-0.258528,0.146765,-0.2813,
60.5513,-4.7193,4.56995,-0.673133,-0.263141,0.143541,-0.282778,
60.5576,-4.48941,4.42749,-0.501879,-0.263067,0.150269,-0.284547,
60.5606,-5.03211,4.12947,-0.690185,-0.25217,0.139624,-0.278041,
60.5659,-4.79618,4.745,-0.699605,-0.267559,0.144447,-0.287138,
60.5704,-4.58617,5.194,-0.630733,-0.276922,0.146226,-0.29813,
60.5737,-4.69471,4.53548,-0.681454,-0.262836,0.144398,-0.282528,
60.5801,-4.91753,4.46995,-0.651263,-0.259755,0.139945,-0.288209,
60.5862,-4.58076,4.29225,-0.528202,-0.2556,0.148475,-0.277227,
60.5893,-4.80237,4.74467,-0.663494,-0.269598,0.143368,-0.285274,
60.5956,-4.97077,4.73147,-0.674644,-0.266677,0.138102,-0.281888,
60.6007,-4.80221,4.51517,-0.65474,-0.261485,0.144132,-0.284465,
60.6039,-4.61487,4.87019,-0.628713,-0.270915,0.151524,-0.292289,
60.6102,-4.95259,4.4409,-0.757876,-0.260098,0.141291,-0.27944,
60.6162,-4.73748,4.51367,-0.631689,-0.26077,0.143854,-0.285068,
60.6193,-4.61418,4.41151,-0.668111,-0.260233,0.147125,-0.275208,
60.6255,-4.75492,4.6963,-0.798213,-0.265694,0.143067,-0.285814,
60.6286,-4.58736,4.8119,-0.69737,-0.267116,0.151393,-0.288614,
60.7143,-4.8242,4.39818,-0.555912,-0.259735,0.140248,-0.272625,
60.7186,-4.51888,4.64083,-0.733851,-0.264394,0.151226,-0.28383,
60.7216,-4.7853,4.78197,-0.680183,-0.268648,0.145898,-0.286176,
60.7277,-4.8258,4.57341,-0.750782,-0.263037,0.142831,-0.283197,
60.734,-4.92766,4.33168,-0.794972,-0.256341,0.139566,-0.276243,
60.7371,-4.83419,4.59462,-0.723175,-0.25958,0.145633,-0.280755,
60.7432,-4.73059,4.54985,-0.548474,-0.262908,0.147111,-0.282941,
60.7485,-4.69374,4.25588,-0.696749,-0.256729,0.148483,-0.277178,
60.8862,-4.68144,4.84975,-0.643512,-0.269273,0.149839,-0.288258,
60.8895,-4.80866,4.10265,-0.708111,-0.249457,0.144084,-0.276777,
60.8948,-4.56345,4.57991,-0.742567,-0.264245,0.153654,-0.282304,
60.9011,-4.45777,5.2963,-0.833085,-0.281561,0.15305,-0.304019,
60.9042,-4.86556,4.44605,-0.671644,-0.25975,0.145595,-0.27614,
60.9102,-4.59947,4.58561,-0.766159,-0.265466,0.151374,-0.282535,
60.9133,-4.70686,4.18359,-0.690976,-0.252751,0.149033,-0.279289,
60.9196,-4.84267,4.80175,-0.644917,-0.269468,0.143569,-0.284368,
60.9277,-4.77599,5.19698,-0.780357,-0.278167,0.145952,-0.297975,
60.9311,-5.11958,4.52832,-0.662548,-0.262644,0.142993,-0.28519,
60.9386,-4.87871,4.48653,-0.697192,-0.260487,0.146888,-0.287302,
60.9443,-4.73401,4.0729,-0.732168,-0.251905,0.148661,-0.277653,
60.9476,-5.15201,4.53059,-0.649293,-0.260637,0.138061,-0.285382,
60.9519,-4.99036,4.34692,-0.589213,-0.258061,0.14603,-0.274388,
60.9582,-4.85457,4.51069,-0.719169,-0.261521,0.144256,-0.283063,
60.9613,-4.52621,4.4834,-0.77034,-0.260263,0.153243,-0.28186,
60.9676,-4.51851,4.27623,-0.618994,-0.254263,0.150159,-0.279538,
60.9729,-4.61933,4.57119,-0.794581,-0.260232,0.147625,-0.285975,
60.9761,-5.00593,4.1174,-0.858536,-0.25324,0.139741,-0.278044,
60.9822,-4.90713,4.54782,-0.759183,-0.262001,0.144123,-0.287076,
60.9882,-4.66862,4.53679,-0.688447,-0.26217,0.151022,-0.288762,
60.9913,-4.82369,4.4532,-0.777379,-0.259409,0.146619,-0.283573,
60.9976,-4.84605,4.55545,-0.643264,-0.262954,0.147604,-0.284721,
61.0006,-5.04543,4.23938,-0.58024,-0.25336,0.14467,-0.279138,
61.0067,-4.66575,4.45181,-0.604914,-0.258643,0.154756,-0.285249,
61.012,-4.93246,4.15223,-0.732017,-0.253674,0.146916,-0.280966,
61.0152,-4.66427,4.54744,-0.774231,-0.261977,0.151312,-0.285361,
61.0216,-4.80777,4.58001,-0.534188,-0.263328,0.150046,-0.290117,
61.0262,-4.98762,4.57256,-0.613279,-0.262999,0.144082,-0.284591,
61.0294,-4.81516,4.62385,-0.727455,-0.264221,0.150066,-0.288125,
61.0356,-5.03799,4.63991,-0.613294,-0.26305,0.143801,-0.288385,
61.0416,-4.93904,4.47816,-0.721952,-0.257267,0.145571,-0.286689,
61.0448,-5.08945,4.42946,-0.691399,-0.26007,0.143575,-0.287653,
61.0501,-4.89005,4.40772,-0.846504,-0.257401,0.146586,-0.283711,
61.0561,-4.56801,4.57108,-0.619755,-0.262488,0.156319,-0.286842,
61.0593,-5.01539,4.35924,-0.803546,-0.257711,0.14676,-0.287758,
61.0675,-4.83166,4.50855,-0.677885,-0.259151,0.152456,-0.285689,
61.0706,-4.98215,4.45005,-0.695569,-0.260123,0.147365,-0.286835,
61.0757,-5.0625,4.56885,-0.750715,-0.260628,0.144937,-0.28339,
61.0819,-5.04546,4.35562,-0.701607,-0.254098,0.14578,-0.281782,
61.0851,-5.05569,4.36551,-0.656262,-0.25611,0.143451,-0.281553,
61.0903,-4.99146,4.63827,-0.574322,-0.263922,0.147397,-0.294075,
61.0965,-4.93532,4.20016,-0.790992,-0.251025,0.149516,-0.279138,
61.0996,-5.02968,4.48339,-0.644181,-0.259153,0.149698,-0.28447,
61.1058,-4.93213,4.48582,-0.625633,-0.260588,0.14676,-0.285079,
61.112,-4.67204,4.54534,-0.50738,-0.261657,0.155905,-0.286099,
61.1151,-4.92812,4.40046,-0.535414,-0.257309,0.147343,-0.283397,
61.1212,-5.03752,4.59913,-0.569235,-0.259365,0.147541,-0.287633,
61.1243,-4.70851,4.65942,-0.53263,-0.25911,0.15352,-0.285183,
61.1296,-4.84235,4.33069,-0.567047,-0.255016,0.150497,-0.278758,
61.1356,-4.67597,4.69943,-0.573267,-0.266286,0.156497,-0.288652,
61.1387,-5.12723,4.22013,-0.752017,-0.254141,0.145535,-0.280791,
61.145,-4.91725,4.25578,-0.527465,-0.256412,0.14903,-0.287745,
61.1512,-4.8399,4.67256,-0.496828,-0.263645,0.153678,-0.289755,
61.1545,-4.89124,4.37971,-0.832888,-0.253016,0.14913,-0.28319,
61.1601,-4.82309,4.47186,-0.66805,-0.260264,0.15108,-0.283363,
61.1648,-4.94986,4.23418,-0.666705,-0.249229,0.146949,-0.278987,
61.1681,-4.87323,4.46141,-0.628189,-0.258026,0.149127,-0.290116,
61.1723,-4.94794,4.27127,-0.553868,-0.251049,0.152178,-0.281261,
61.1786,-5.10749,4.33226,-0.697373,-0.253928,0.147029,-0.290126,
61.1816,-4.90635,4.29954,-0.61163,-0.256324,0.153733,-0.281365,
61.1877,-5.0041,4.44009,-0.591087,-0.257909,0.151396,-0.28713,
61.1908,-5.07459,4.34116,-0.49678,-0.255484,0.151867,-0.285597,
61.1972,-5.05353,4.38511,-0.617504,-0.25807,0.146647,-0.286105,
61.2039,-4.76621,4.58563,-0.451961,-0.25823,0.156478,-0.292891,
61.2092,-5.19096,4.68801,-0.47731,-0.262625,0.150727,-0.294201,
61.2124,-5.00691,4.37656,-0.370502,-0.251568,0.15317,-0.290982,
61.2186,-5.11298,4.26769,-0.479544,-0.250003,0.151287,-0.289976,
61.2216,-5.3909,4.36822,-0.423797,-0.2513,0.150054,-0.290296,
61.2277,-4.89119,4.74021,-0.572968,-0.262664,0.156081,-0.292465,
61.234,-4.45652,5.30497,-0.448797,-0.275798,0.16693,-0.310821,
61.2371,-4.9286,4.89759,-0.442334,-0.264334,0.157348,-0.302796,
61.2453,-5.034,4.52714,-0.474178,-0.25629,0.158066,-0.292863,
61.2497,-5.46979,4.9773,-0.600438,-0.264512,0.144581,-0.302282,
61.2527,-4.84313,4.3881,-0.558929,-0.25389,0.15858,-0.292201,
61.259,-4.6073,4.94143,-0.450837,-0.266984,0.166739,-0.3095,
61.2651,-5.06464,4.51302,-0.596558,-0.254699,0.154928,-0.295499,
61.2682,-5.37271,4.80422,-0.761212,-0.260916,0.14686,-0.307671,
61.2745,-5.05861,4.47111,-0.465429,-0.251221,0.156368,-0.298454,
61.2776,-5.32258,4.78009,-0.530068,-0.260195,0.15203,-0.300719,
61.2837,-4.44723,5.18949,-0.541508,-0.269894,0.174024,-0.311844,
61.2893,-4.31114,5.17575,-0.545859,-0.268404,0.175515,-0.312831,
61.2925,-4.8766,4.88126,-0.712567,-0.260565,0.163323,-0.294345,
61.2987,-5.02413,4.35049,-0.687147,-0.250617,0.162809,-0.285087,
61.3049,-5.46171,5.30948,-0.601471,-0.271754,0.149926,-0.308804,
61.3081,-5.87633,5.19665,-0.737885,-0.263362,0.14467,-0.309167,
61.3142,-4.7437,4.45633,-0.646907,-0.250844,0.169521,-0.293357,
61.3204,-5.00861,4.38235,-0.741533,-0.252755,0.164631,-0.284828,
61.3235,-4.95013,4.35367,-0.61737,-0.248705,0.163769,-0.29091,
61.3288,-4.74271,4.64033,-0.666735,-0.257905,0.168613,-0.296081,
61.3351,-4.55676,4.99429,-0.698376,-0.264629,0.173958,-0.301214,
61.3382,-4.51984,5.24764,-0.729066,-0.269432,0.171875,-0.310287,
61.3445,-4.31299,5.32898,-0.643962,-0.273422,0.182976,-0.310145,
61.3476,-4.28514,5.25518,-0.665147,-0.268256,0.18148,-0.310854,
61.3537,-4.71502,4.74113,-0.694159,-0.25798,0.168565,-0.291929,
61.3599,-5.52906,4.96824,-0.793044,-0.262151,0.155081,-0.302228,
61.4452,-5.06395,4.59816,-0.643411,-0.255076,0.161537,-0.295894,
61.4483,-4.8263,4.6247,-0.647587,-0.25547,0.166146,-0.297188,
61.4525,-5.24742,4.69186,-0.667271,-0.254998,0.159266,-0.291314,
61.4556,-5.03579,4.527,-0.560232,-0.249724,0.161101,-0.291637,
61.4617,-4.47319,5.13362,-0.527321,-0.266344,0.174765,-0.30353,
61.4691,-4.87443,4.41484,-0.701454,-0.247138,0.167319,-0.287505,
61.4722,-4.89037,4.60908,-0.558563,-0.253796,0.166513,-0.293247,
61.4785,-4.82981,4.41303,-0.646529,-0.247319,0.167757,-0.288113,
61.5227,-5.0084,4.25589,-0.673334,-0.244275,0.167156,-0.287461,
61.5259,-4.98155,4.46525,-0.682721,-0.251735,0.165018,-0.283999,
61.5301,-4.84012,4.62328,-0.682827,-0.253269,0.168996,-0.288866,
61.5361,-4.56698,4.80207,-0.762348,-0.259739,0.174205,-0.30046,
61.5392,-5.04871,4.30009,-0.793784,-0.245592,0.163755,-0.287189,
61.5455,-5.19348,4.78168,-0.821946,-0.256977,0.16411,-0.294419,
61.5486,-4.62716,4.86579,-0.790304,-0.260566,0.171213,-0.298696,
61.5547,-4.40106,5.35859,-0.741035,-0.270372,0.180103,-0.308079,
61.6037,-4.00959,5.47622,-0.736989,-0.274644,0.190474,-0.307143,
61.6069,-4.71158,4.87654,-0.772715,-0.260994,0.173345,-0.291234,
61.6111,-4.94884,4.11413,-0.712708,-0.241113,0.166562,-0.283816,
61.6171,-5.1123,5.05801,-0.707123,-0.263575,0.164135,-0.298203,
61.6203,-5.01726,4.37499,-0.773275,-0.248617,0.166733,-0.294936,
61.6265,-4.57886,4.83585,-0.624869,-0.257863,0.175687,-0.299449,
61.6296,-4.88915,4.16426,-0.594999,-0.244973,0.171745,-0.285757,
61.6357,-4.86905,4.51788,-0.704159,-0.250287,0.171355,-0.289814,
61.6962,-4.53228,5.01899,-0.735119,-0.261578,0.181572,-0.296177,
61.6995,-4.38291,5.36761,-0.616417,-0.272569,0.185559,-0.308418,
61.706,-4.5966,5.13203,-0.634634,-0.267237,0.178814,-0.300211,
61.7116,-4.74363,4.40678,-0.549381,-0.246634,0.177397,-0.286466,
61.715,-5.22878,4.91282,-0.763944,-0.259816,0.168475,-0.298371,
61.7225,-4.8063,4.56928,-0.593234,-0.250228,0.175397,-0.293742,
61.7286,-4.25142,5.37914,-0.67144,-0.269121,0.186586,-0.307846,
61.7318,-4.79418,4.32521,-0.717195,-0.244142,0.173768,-0.286803,
61.74,-4.51121,4.87752,-0.8274,-0.254446,0.18774,-0.297755,
61.7452,-5.27106,4.8641,-0.661534,-0.25389,0.173701,-0.29219,
61.7484,-5.26479,5.33189,-0.687054,-0.265686,0.168983,-0.305631,
61.7546,-4.77051,4.40954,-0.742382,-0.247968,0.183014,-0.293497,
61.7577,-4.60035,4.4221,-0.557043,-0.247617,0.187503,-0.290745,
61.764,-4.84316,4.386,-0.730868,-0.243887,0.181616,-0.28415,
61.7701,-4.99944,4.54348,-0.563513,-0.247342,0.178092,-0.290947,
61.7732,-4.3799,4.97209,-0.574573,-0.257245,0.193282,-0.296915,
61.7796,-4.9152,4.64782,-0.715315,-0.249093,0.180901,-0.286636,
61.7848,-5.30544,4.99531,-0.808144,-0.258475,0.170609,-0.301793,
61.7879,-5.00699,4.57893,-0.744454,-0.246134,0.179671,-0.291449,
61.7941,-4.33184,5.11219,-0.703358,-0.264058,0.192948,-0.306765,
61.8002,-4.51507,4.90123,-0.732195,-0.25688,0.188925,-0.298734,
61.8033,-5.58738,4.61193,-0.784263,-0.247101,0.167973,-0.295759,
61.8095,-4.85453,4.58226,-0.701723,-0.247734,0.183406,-0.29275,
61.8126,-4.76022,5.0363,-0.751301,-0.259051,0.1865,-0.299924,
61.8187,-4.78128,4.71645,-0.545401,-0.248835,0.193135,-0.294149,
61.8241,-5.02801,4.33155,-0.603352,-0.242136,0.185655,-0.289274,
61.8274,-4.66805,4.39112,-0.665027,-0.240856,0.194546,-0.289777,
61.8316,-4.9424,4.59709,-0.42302,-0.244354,0.188995,-0.292773,
61.8377,-4.98638,4.30984,-0.511661,-0.240521,0.187312,-0.286514,
61.8408,-5.31688,5.02012,-0.748593,-0.252716,0.180433,-0.30287,
61.8471,-5.06042,4.36921,-0.590163,-0.240838,0.187374,-0.292951,
61.8531,-4.77174,5.34191,-0.345266,-0.266719,0.19503,-0.308349,
61.8563,-5.07433,4.3214,-0.660082,-0.238319,0.186956,-0.284551,
61.8616,-4.89859,4.68333,-0.558863,-0.247573,0.191472,-0.290362,
61.8647,-4.94419,4.41783,-0.490206,-0.241773,0.189521,-0.294019,
61.8708,-4.52261,4.37598,-0.550206,-0.240451,0.200971,-0.290282,
61.8791,-4.88958,4.18492,-0.681718,-0.235991,0.192845,-0.2848,
61.8822,-4.9748,4.5147,-0.499284,-0.244775,0.192165,-0.290073,
61.8872,-4.55877,4.77884,-0.487449,-0.247354,0.198253,-0.301111,
61.8934,-4.43495,5.14685,-0.550143,-0.259112,0.204256,-0.313016,
61.9757,-5.21373,4.05772,-0.438721,-0.2329,0.185048,-0.284198,
61.98,-5.49485,4.61375,-0.536285,-0.244687,0.180313,-0.289253,
61.9861,-4.78575,4.66131,-0.490039,-0.248985,0.194323,-0.297299,
61.9892,-4.77545,4.73028,-0.561324,-0.24908,0.194403,-0.301453,
61.9955,-5.41576,4.619,-0.614028,-0.245339,0.181671,-0.297968,
61.9986,-5.35613,4.60413,-0.602373,-0.245308,0.184372,-0.29904,
62.0047,-4.93145,4.82677,-0.577863,-0.249388,0.191479,-0.297988,
62.0124,-4.63333,5.24418,-0.481929,-0.261722,0.197191,-0.310281,
62.0157,-4.55426,5.28421,-0.473556,-0.262883,0.202395,-0.308547,
62.0212,-4.81297,4.42273,-0.576027,-0.240762,0.194644,-0.287774,
62.0272,-5.20692,4.0753,-0.692529,-0.232578,0.184166,-0.28492,
62.0303,-5.13497,4.39659,-0.61029,-0.239461,0.189122,-0.298977,
62.0366,-4.7651,4.57696,-0.617635,-0.242433,0.195947,-0.298721,
62.0426,-5.20145,4.27618,-0.659087,-0.236651,0.190879,-0.287174,
62.0457,-5.03644,4.34076,-0.649146,-0.238349,0.193945,-0.283997,
62.052,-4.98307,4.46565,-0.697515,-0.240536,0.191657,-0.290337,
62.1359,-4.88166,4.81757,-0.650131,-0.252263,0.194406,-0.301857,
62.1391,-4.51732,5.36221,-0.390872,-0.26231,0.204027,-0.307689,
62.1463,-5.17238,4.18082,-0.649225,-0.234298,0.184472,-0.288379,
62.1525,-5.06206,4.67356,-0.510389,-0.245662,0.193582,-0.294149,
62.1556,-4.85832,4.70925,-0.625021,-0.246941,0.195167,-0.29783,
62.1617,-4.14057,5.23913,-0.422683,-0.25938,0.210137,-0.309533,
62.1648,-4.90499,4.38331,-0.485838,-0.239413,0.192007,-0.285958,
62.1711,-5.07731,4.70817,-0.617515,-0.246495,0.189021,-0.297423,
62.2732,-5.14957,4.53611,-0.536185,-0.242671,0.195622,-0.295932,
62.2764,-4.98178,4.60904,-0.609325,-0.244863,0.192667,-0.299288,
62.2809,-4.50235,5.24252,-0.582068,-0.259348,0.20607,-0.310095,
62.2853,-4.39594,5.23051,-0.513403,-0.256709,0.207646,-0.308403,
62.2886,-4.48143,5.24437,-0.568281,-0.258745,0.20697,-0.310089,
62.2932,-4.48261,5.30223,-0.692013,-0.261039,0.204782,-0.307917,
62.2978,-4.46117,5.23302,-0.683841,-0.259868,0.205474,-0.310198,
62.301,-4.28817,5.14493,-0.683392,-0.256864,0.209426,-0.311587,
62.3072,-5.00697,4.41964,-0.735868,-0.239548,0.196781,-0.284039,
62.3125,-5.29878,4.84329,-0.705817,-0.246209,0.193972,-0.297402,
62.3156,-4.80647,4.61185,-0.74427,-0.243835,0.202753,-0.290127,
62.323,-4.97781,4.54843,-0.607516,-0.239929,0.200807,-0.293292,
62.3293,-5.4447,4.58163,-0.738407,-0.23931,0.191509,-0.29588,
62.3325,-4.86641,4.52561,-0.592816,-0.241121,0.204607,-0.289509,
62.3387,-4.56625,5.23372,-0.582171,-0.25753,0.212756,-0.306194,
62.3417,-4.46806,5.32194,-0.646581,-0.256543,0.212638,-0.3071,
62.348,-4.37784,5.2092,-0.668726,-0.257439,0.214246,-0.310127,
62.3533,-4.32034,5.39984,-0.597282,-0.261742,0.218793,-0.306,
62.3564,-4.75158,4.64236,-0.676368,-0.242879,0.213305,-0.302035,
62.3626,-5.03832,4.6047,-0.786438,-0.241777,0.201517,-0.288523,
62.3676,-4.62502,4.47265,-0.786353,-0.24227,0.210457,-0.292088,
62.3707,-4.31828,5.24008,-0.637209,-0.255374,0.216077,-0.304818,
62.377,-4.34307,5.34067,-0.634459,-0.257073,0.216314,-0.306879,
62.3831,-4.77664,4.21795,-0.615414,-0.23099,0.209081,-0.278952,
62.3863,-4.93126,4.54717,-0.655674,-0.239915,0.207461,-0.285551,
62.3916,-4.88764,4.7422,-0.687302,-0.244715,0.211236,-0.291601,
62.3947,-4.99511,4.35549,-0.794033,-0.235131,0.207094,-0.282107,
62.4009,-4.9097,4.55274,-0.500561,-0.240103,0.202839,-0.28842,
62.4072,-4.74321,4.6102,-0.691129,-0.23949,0.213891,-0.285649,
62.4103,-4.61738,5.08419,-0.651193,-0.249915,0.213315,-0.296834,
62.4167,-5.08757,4.79292,-0.665115,-0.244574,0.204475,-0.293236,
62.423,-4.91577,4.65878,-0.720638,-0.243756,0.206523,-0.292916,
62.4261,-4.25605,4.96628,-0.776933,-0.250248,0.220834,-0.29892,
62.4313,-4.85043,4.30737,-0.650469,-0.233303,0.209098,-0.282237,
62.4375,-4.81776,4.52235,-0.679835,-0.24188,0.208545,-0.287543,
62.4406,-4.64907,4.841,-0.682646,-0.246312,0.213225,-0.291491,
62.4466,-4.38324,5.17166,-0.680389,-0.250844,0.219092,-0.305787,
62.4497,-4.81397,4.44935,-0.637433,-0.240124,0.212773,-0.283232,
62.4561,-4.78858,4.4854,-0.737956,-0.23666,0.20855,-0.287211,
62.4621,-4.37362,5.21104,-0.68069,-0.254095,0.222376,-0.304333,
62.4653,-5.25817,4.95819,-0.749938,-0.250224,0.201317,-0.29634,
62.4706,-4.73305,4.5077,-0.642927,-0.237589,0.215876,-0.28654,
62.4766,-4.28243,5.2883,-0.626364,-0.257797,0.225029,-0.307104,
62.4797,-4.70935,4.25699,-0.619352,-0.230312,0.214858,-0.27553,
62.486,-4.89332,4.582,-0.733104,-0.237882,0.209637,-0.288609,
62.4921,-4.48042,4.87769,-0.643926,-0.246457,0.216619,-0.294137,
62.4953,-4.86729,4.36087,-0.57144,-0.23281,0.211155,-0.288429,
62.5016,-4.8147,4.41639,-0.635336,-0.234728,0.213176,-0.287686,
62.51,-4.78452,4.60273,-0.689347,-0.234814,0.225768,-0.287613,
62.5131,-4.83867,4.34493,-0.669999,-0.228946,0.22336,-0.2854,
62.5183,-4.97151,4.61634,-0.644317,-0.236976,0.22009,-0.291418,
62.5214,-5.06059,4.48453,-0.690154,-0.232519,0.219055,-0.28625,
62.5276,-4.91129,4.12371,-0.649355,-0.225288,0.220967,-0.283858,
62.5336,-5.26876,5.25451,-0.706769,-0.253405,0.212993,-0.299209,
62.5367,-4.66676,4.45326,-0.662425,-0.232712,0.22977,-0.290514,
62.543,-4.35968,5.13289,-0.763083,-0.243218,0.230973,-0.304655,
62.5472,-4.80066,4.50718,-0.722077,-0.232573,0.225773,-0.296108,
62.5505,-4.87451,4.28386,-0.530494,-0.228001,0.223449,-0.283849,
62.556,-5.36828,4.57999,-0.616806,-0.234265,0.215424,-0.294479,
62.5643,-5.02753,4.66601,-0.654909,-0.236411,0.221316,-0.283929,
62.5676,-5.05902,4.49932,-0.548335,-0.23178,0.220971,-0.291601,
62.5726,-4.35661,5.29361,-0.448412,-0.249859,0.237276,-0.305837,
62.5757,-5.13566,4.16712,-0.634327,-0.224361,0.221922,-0.282961,
62.582,-5.07107,4.228,-0.553821,-0.225668,0.220756,-0.287316,
62.5882,-4.82779,4.5147,-0.520181,-0.230469,0.225044,-0.290108,
62.5914,-4.84939,4.21259,-0.673584,-0.223984,0.226113,-0.286299,
62.5967,-5.04112,4.57593,-0.659235,-0.230512,0.220439,-0.292768,
62.603,-4.86686,4.3798,-0.6829,-0.229077,0.225256,-0.289961,
62.6061,-4.27916,5.35059,-0.502316,-0.25506,0.238066,-0.306043,
62.6121,-4.29249,5.18405,-0.493834,-0.247844,0.238856,-0.308594,
62.6183,-4.56391,5.19654,-0.566453,-0.248605,0.236189,-0.30834,
62.6215,-4.80329,4.77011,-0.501714,-0.237845,0.227967,-0.295037,
62.6277,-4.20751,5.15691,-0.490343,-0.246088,0.246796,-0.309571,
62.6308,-4.07256,5.17262,-0.621934,-0.244846,0.248869,-0.308798,
62.6363,-4.18039,5.14611,-0.586274,-0.24432,0.243821,-0.308757,
62.6429,-4.12366,5.10847,-0.668296,-0.242492,0.246256,-0.309609,
62.6491,-5.00459,4.17364,-0.760513,-0.221433,0.225465,-0.287433,
62.6522,-4.93445,4.2978,-0.700745,-0.224943,0.229924,-0.287491,
62.6584,-4.70429,4.34008,-0.712503,-0.22556,0.237048,-0.291774,
62.6616,-4.80131,4.78337,-0.859165,-0.235713,0.234256,-0.295145,
62.7826,-4.49807,4.97472,-0.622358,-0.23805,0.239832,-0.303368,
62.7866,-4.66975,4.088,-0.748171,-0.217305,0.237372,-0.284998,
62.7897,-4.68371,4.80398,-0.610967,-0.233338,0.237739,-0.293144,
62.796,-4.94583,4.45935,-0.678643,-0.224423,0.231096,-0.288068,
62.8021,-4.36599,5.24866,-0.759819,-0.244696,0.248779,-0.306852,
62.8053,-4.26137,5.16877,-0.72121,-0.24172,0.250837,-0.307432,
62.8115,-4.25434,5.29211,-0.772132,-0.244879,0.251003,-0.30581,
62.8186,-4.62516,4.25136,-0.812802,-0.219014,0.240077,-0.282202,
62.8662,-5.37755,5.13555,-0.859484,-0.238863,0.223787,-0.30664,
62.8694,-4.76782,4.28557,-0.667188,-0.220522,0.238296,-0.289824,
62.8747,-4.51609,4.65507,-0.794597,-0.227139,0.245765,-0.291286,
62.881,-5.06499,4.38756,-0.773262,-0.22264,0.231854,-0.289535,
62.884,-4.75386,4.62231,-0.745984,-0.227814,0.23947,-0.289984,
62.8901,-4.27404,4.95274,-0.761288,-0.236008,0.250532,-0.294985,
62.8932,-4.28438,5.24377,-0.708833,-0.241668,0.25193,-0.305029,
62.8995,-5.14752,4.40364,-0.824084,-0.222585,0.232058,-0.283977,
62.9057,-4.84436,4.61702,-0.690952,-0.227409,0.238805,-0.294713,
62.9091,-4.68318,4.48244,-0.748871,-0.223396,0.241677,-0.286991,
62.9156,-4.54289,5.07182,-0.766558,-0.236896,0.249152,-0.299993,
62.9198,-5.00778,4.17932,-0.620284,-0.217601,0.236834,-0.281998,
62.923,-4.9542,4.35352,-0.670173,-0.221043,0.237481,-0.290206,
62.9292,-5.24457,4.37226,-0.688997,-0.223475,0.229995,-0.290637,
62.9354,-4.1445,5.29167,-0.619229,-0.244051,0.256915,-0.30604,
62.9385,-4.57147,4.06946,-0.779409,-0.214729,0.245131,-0.285907,
63.0237,-4.78936,4.584,-0.81689,-0.22616,0.241576,-0.291663,
63.028,-4.63472,4.81873,-0.727905,-0.232662,0.245803,-0.295909,
63.0311,-4.0564,5.13722,-0.647005,-0.237571,0.257589,-0.302994,
63.0372,-4.61364,4.32149,-0.702234,-0.21901,0.243459,-0.28597,
63.0436,-4.92878,4.71267,-0.730149,-0.227586,0.239584,-0.292127,
63.0468,-4.63223,4.86482,-0.752809,-0.233855,0.246905,-0.291828,
63.053,-4.36895,5.30178,-0.6187,-0.242882,0.254305,-0.303899,
63.0591,-4.2921,5.29598,-0.672919,-0.243975,0.25059,-0.304628,
63.0997,-4.13617,5.25186,-0.612576,-0.243708,0.254636,-0.30656,
63.104,-4.26141,5.08176,-0.740256,-0.23789,0.253133,-0.308666,
63.1101,-3.94924,5.18043,-0.604562,-0.239836,0.263287,-0.307622,
63.1132,-4.10988,5.23912,-0.731577,-0.241043,0.256353,-0.305291,
63.1195,-4.66852,4.94669,-0.759987,-0.234325,0.247701,-0.302901,
63.1226,-4.74623,4.2496,-0.77539,-0.216927,0.249124,-0.280589,
63.1286,-5.10039,4.62009,-0.73858,-0.225563,0.236272,-0.290043,
63.1331,-4.72997,4.39091,-0.688359,-0.220335,0.247899,-0.289941,
63.1365,-5.40148,5.1468,-0.904399,-0.234746,0.229576,-0.300707,
63.1432,-4.69944,4.46054,-0.856024,-0.220313,0.246772,-0.291947,
63.1507,-4.32208,4.86596,-0.625132,-0.231063,0.253308,-0.288741,
63.157,-4.68217,4.41099,-1.0185,-0.220082,0.246923,-0.290409,
63.1601,-4.61466,4.4559,-0.943989,-0.223165,0.251002,-0.288299,
63.1661,-4.12465,5.02058,-0.753709,-0.232809,0.260354,-0.301086,
63.1692,-4.17957,5.27041,-0.756723,-0.239063,0.261261,-0.304376,
63.1756,-4.22766,5.09543,-0.821699,-0.234687,0.258214,-0.299833,
63.1839,-4.28122,5.20333,-0.772197,-0.235264,0.259426,-0.30602,
63.1871,-4.89378,4.09627,-0.777254,-0.211478,0.248342,-0.286159,
63.1923,-4.65586,4.24033,-0.829985,-0.211566,0.253898,-0.282102,
63.1985,-4.4981,4.62708,-0.779693,-0.224846,0.254335,-0.295468,
63.2016,-4.01264,5.18545,-0.718088,-0.236558,0.266538,-0.306092,
63.2076,-4.1341,5.17455,-0.724863,-0.23517,0.264351,-0.306678,
63.2108,-4.62567,4.25734,-0.887452,-0.213725,0.252234,-0.279845,
63.217,-4.89574,4.62401,-0.915471,-0.220837,0.246541,-0.296155,
63.2251,-4.66593,4.62479,-0.783313,-0.220791,0.255135,-0.294971,
63.2282,-4.40223,4.3486,-0.851211,-0.216116,0.259262,-0.289377,
63.2335,-5.11901,4.88827,-0.864138,-0.2252,0.242001,-0.30568,
63.2396,-4.73444,4.58052,-0.859694,-0.221674,0.25069,-0.292886,
63.2427,-4.44841,4.81979,-0.819716,-0.227479,0.258816,-0.294137,
63.249,-4.52264,4.58263,-0.902223,-0.218873,0.255496,-0.290574,
63.2551,-5.02951,4.3873,-0.767337,-0.21473,0.244974,-0.289887,
63.2582,-4.45859,4.60586,-0.829667,-0.22092,0.259154,-0.287611,
63.2646,-4.56985,5.08553,-0.70191,-0.231791,0.258436,-0.302272,
63.2692,-5.02447,4.42093,-0.726117,-0.216561,0.248468,-0.284478,
63.2726,-4.92987,4.40392,-0.789406,-0.214897,0.248707,-0.297092,
63.2786,-4.29374,4.75446,-0.588545,-0.226147,0.260921,-0.293354,
63.2817,-4.52474,4.52269,-0.686921,-0.219463,0.258304,-0.29629,
63.288,-4.96773,4.61574,-0.841145,-0.221788,0.245155,-0.293383,
63.2941,-4.75266,4.28009,-0.803741,-0.213925,0.254051,-0.291602,
63.2973,-4.43082,4.93995,-0.5635,-0.227726,0.262485,-0.302663,
63.3035,-5.03307,4.21732,-0.853404,-0.212339,0.247261,-0.279314,
63.3087,-5.01177,4.65668,-0.62459,-0.221458,0.251742,-0.291676,
63.312,-4.85653,4.5624,-0.679908,-0.218139,0.253367,-0.289464,
63.3181,-4.71541,4.5205,-0.701689,-0.221057,0.253735,-0.290512,
63.3242,-4.741,4.56426,-0.710557,-0.220798,0.252341,-0.294144,
63.3273,-4.83476,4.13523,-0.675157,-0.208145,0.248851,-0.281806,
63.3335,-4.86852,4.47093,-0.548808,-0.217927,0.252225,-0.284989,
63.3366,-4.23064,5.27514,-0.641163,-0.235577,0.267496,-0.305218,
63.3427,-4.67897,5.1487,-0.574248,-0.233027,0.255979,-0.305157,
63.348,-4.16343,5.25076,-0.529055,-0.237157,0.269011,-0.304341,
63.3511,-4.82156,4.45381,-0.49157,-0.218308,0.253556,-0.286825,
63.3574,-5.18065,5.09137,-0.845266,-0.228021,0.244791,-0.298785,
63.3619,-4.75172,4.36332,-0.62936,-0.214233,0.253125,-0.294888,
63.3652,-4.37458,4.6543,-0.56076,-0.218721,0.262031,-0.289899,
63.3698,-5.15791,4.18573,-0.638422,-0.211384,0.245254,-0.286194,
63.3754,-4.97983,4.36994,-0.688072,-0.215236,0.253411,-0.2918,
63.3786,-4.58375,5.06285,-0.593823,-0.226943,0.258297,-0.298949,
63.3828,-4.43546,5.11489,-0.576649,-0.231634,0.263644,-0.306272,
63.389,-4.17547,5.11723,-0.491154,-0.229327,0.268728,-0.305861,
63.3921,-3.9999,5.11802,-0.630319,-0.237932,0.269908,-0.308167,
63.3982,-4.22182,5.09651,-0.613203,-0.229748,0.26894,-0.306795,
63.4027,-4.46693,5.17324,-0.606223,-0.233681,0.262533,-0.305589,
63.406,-4.09906,5.24,-0.429964,-0.237531,0.271386,-0.306935,
63.4122,-4.58965,5.1393,-0.457218,-0.229632,0.259815,-0.305124,
63.4184,-4.14735,5.12014,-0.695755,-0.231186,0.271295,-0.30694,
63.4216,-5.08827,4.38912,-0.62327,-0.213987,0.251744,-0.286552,
63.4268,-5.31958,4.8694,-0.810628,-0.222668,0.244386,-0.296215,
63.433,-4.74679,4.36944,-0.656868,-0.212619,0.257066,-0.291105,
63.4361,-4.54758,4.80475,-0.730508,-0.222966,0.262901,-0.301679,
63.4421,-4.32227,5.15689,-0.740575,-0.231465,0.268725,-0.305139,
63.4453,-4.28437,5.15345,-0.60816,-0.231223,0.268886,-0.306244,
63.4497,-4.29808,5.16057,-0.744012,-0.230599,0.271427,-0.305018,
63.4561,-4.28922,5.1251,-0.709235,-0.228355,0.267886,-0.30613,
63.4591,-4.25835,5.09913,-0.757245,-0.231034,0.271196,-0.307777,
63.4643,-4.31974,5.08664,-0.777827,-0.228824,0.266788,-0.308238,
63.4705,-4.39888,5.10211,-0.620017,-0.23065,0.265886,-0.306747,
63.4736,-4.57493,5.02035,-0.861323,-0.22721,0.2643,-0.307908,
63.4796,-4.36174,5.05523,-0.688428,-0.228921,0.265884,-0.308283,
63.4828,-4.33099,5.12974,-0.618643,-0.228572,0.26933,-0.305568,
63.4891,-4.35715,5.05597,-0.744317,-0.228862,0.274552,-0.304155,
63.4935,-4.84363,4.58245,-0.551079,-0.213336,0.26068,-0.298476,
63.4968,-5.05128,4.3688,-0.739688,-0.209086,0.2573,-0.293883,
63.5047,-5.7322,5.05283,-0.690864,-0.222685,0.243139,-0.30448,
63.51,-5.50947,4.906,-0.773561,-0.219557,0.245517,-0.30899,
63.5161,-5.76704,4.95635,-0.754417,-0.221051,0.24036,-0.307257,
63.5192,-5.53382,5.0267,-0.780415,-0.224491,0.247028,-0.30734,
63.5255,-5.59987,5.02298,-0.750678,-0.225276,0.245266,-0.305545,
63.5286,-5.08473,4.49847,-0.696679,-0.211327,0.259811,-0.294462,
63.5347,-4.60671,5.061,-0.662939,-0.227068,0.267808,-0.30619,
63.5402,-4.35893,5.04566,-0.727089,-0.225569,0.267499,-0.307787,
63.5434,-4.33503,5.0741,-0.618248,-0.227519,0.274999,-0.307172,
63.5496,-4.41938,5.12212,-0.577841,-0.226665,0.273389,-0.305468,
63.5556,-4.44402,5.0111,-0.550115,-0.227354,0.271255,-0.308192,
63.5587,-4.47154,5.06191,-0.605807,-0.224498,0.27135,-0.307554,
63.565,-4.17124,5.00563,-0.629685,-0.220798,0.279846,-0.306927,
63.5711,-4.56223,5.00845,-0.529425,-0.223739,0.269527,-0.309293,
63.5742,-4.17588,5.1047,-0.547538,-0.227035,0.278009,-0.307031,
63.5796,-4.60071,5.15268,-0.540422,-0.227961,0.271673,-0.305866,
63.5827,-4.25002,5.02269,-0.607575,-0.222636,0.277186,-0.306735,
63.5897,-4.30489,4.99546,-0.585092,-0.222988,0.275229,-0.308884,
63.596,-4.40614,5.20888,-0.605395,-0.229418,0.274338,-0.30499,
63.5991,-4.389,5.10069,-0.373865,-0.225092,0.27723,-0.307197,
63.6052,-4.38937,5.13533,-0.451665,-0.226474,0.277715,-0.304779,
63.6114,-4.38493,5.03194,-0.65443,-0.225597,0.274757,-0.309333,
63.6146,-4.65857,4.99932,-0.622505,-0.224098,0.268055,-0.307708,
63.6197,-5.00545,4.32679,-0.700283,-0.205324,0.26226,-0.287334,
63.625,-4.95737,4.33347,-0.743877,-0.207029,0.26071,-0.291881,
63.6283,-5.00691,4.48862,-0.549826,-0.210652,0.258886,-0.288549,
63.6339,-4.39374,4.98772,-0.733309,-0.220978,0.277706,-0.303786,
63.6401,-4.28769,5.11339,-0.668331,-0.225225,0.276725,-0.306731,
63.6432,-4.41173,5.16079,-0.526469,-0.224258,0.275744,-0.305511,
63.6495,-4.49882,5.07578,-0.581524,-0.225694,0.273597,-0.30688,
63.6526,-4.42193,5.15752,-0.815558,-0.226596,0.275386,-0.303927,
63.6578,-4.50315,5.02692,-0.59169,-0.224365,0.27504,-0.308011,
63.664,-4.44168,5.17472,-0.65378,-0.22587,0.275508,-0.304866,
63.6671,-4.5444,5.10397,-0.637469,-0.2268,0.278818,-0.305327,
63.6733,-4.28409,5.22266,-0.668602,-0.227327,0.284408,-0.30336,
63.6789,-3.95444,5.0931,-0.837497,-0.221437,0.290905,-0.306861,
63.6822,-4.45688,5.03963,-0.623145,-0.222266,0.280732,-0.307265,
63.6904,-4.84843,4.43976,-0.811401,-0.209852,0.26887,-0.297922,
63.6956,-4.95011,4.2606,-0.58106,-0.201712,0.268634,-0.284829,
63.6988,-4.7382,4.26287,-0.797263,-0.20061,0.269142,-0.290171,
63.7041,-4.86974,4.17219,-0.655219,-0.201846,0.2679,-0.284532,
63.7101,-5.08722,3.96761,-0.779209,-0.193215,0.266984,-0.284274,
63.7132,-5.20845,4.33237,-0.628344,-0.199073,0.26363,-0.290161,
63.7215,-4.78626,4.50508,-0.619287,-0.205477,0.273564,-0.291083,
63.7245,-5.10367,4.27736,-0.688729,-0.201619,0.266153,-0.284781,
63.7296,-4.9878,4.42626,-0.749244,-0.204536,0.268888,-0.293515,
63.7359,-5.06098,4.34126,-0.636655,-0.200163,0.267504,-0.288689,
63.7391,-4.70039,4.43695,-0.736908,-0.204735,0.276688,-0.295154,
63.7442,-4.18134,5.11526,-0.692314,-0.223002,0.286363,-0.306332,
63.7505,-4.90328,4.09931,-0.784022,-0.200126,0.268897,-0.282885,
63.7536,-5.14941,4.43316,-0.829082,-0.206364,0.26426,-0.291623,
63.7597,-4.9336,4.31934,-0.742114,-0.199832,0.271438,-0.286789,
63.7653,-4.72704,4.67315,-0.626598,-0.209467,0.274653,-0.297096,
63.7685,-4.30519,5.12349,-0.609481,-0.219534,0.286437,-0.302481,
63.7747,-4.36686,5.13734,-0.648204,-0.219512,0.284448,-0.305139,
63.7778,-4.25714,5.11657,-0.540544,-0.220926,0.285761,-0.306629,
63.7831,-4.22978,5.19395,-0.78927,-0.221934,0.28489,-0.302264,
63.7891,-4.37511,5.1252,-0.775812,-0.220603,0.28165,-0.303845,
63.7922,-4.16529,5.20519,-0.749301,-0.223046,0.289666,-0.303026,
63.7985,-4.53111,5.04088,-0.636332,-0.216735,0.279394,-0.305731,
63.8047,-4.61645,4.15606,-0.539116,-0.202048,0.282308,-0.281246,
63.8078,-5.14502,4.25402,-0.613993,-0.200315,0.267493,-0.289245,
63.8131,-4.16091,5.09633,-0.586,-0.221584,0.290104,-0.305262,
63.8182,-4.29031,5.10733,-0.64457,-0.219213,0.284998,-0.305426,
63.8214,-5.06902,3.91958,-0.677041,-0.191062,0.267426,-0.283083,
63.8276,-4.99877,4.27329,-0.745018,-0.198963,0.267909,-0.286487,
63.8307,-4.528,4.60048,-0.677198,-0.208191,0.280491,-0.289437,
63.8369,-4.56688,5.22537,-0.569463,-0.222987,0.279144,-0.303764,
63.8431,-4.31213,5.12138,-0.574945,-0.219218,0.284829,-0.304745,
63.8462,-4.4054,5.14019,-0.623112,-0.221682,0.281602,-0.304086,
63.8526,-4.93035,4.03712,-0.591185,-0.192142,0.268247,-0.281886,
63.8594,-4.69673,4.36289,-0.641301,-0.20382,0.276156,-0.28415,
63.8626,-5.09156,4.4403,-0.538375,-0.205223,0.2666,-0.289895,
63.8669,-4.76234,4.60135,-0.693006,-0.207793,0.275378,-0.289894,
63.8731,-5.07321,4.12998,-0.744023,-0.199859,0.262444,-0.283149,
63.8762,-5.30943,5.01664,-0.712932,-0.216931,0.261969,-0.298943,
63.8824,-4.73439,4.29677,-0.69097,-0.199861,0.271268,-0.284003,
63.8886,-4.38397,5.13578,-0.641888,-0.21987,0.28053,-0.299114,
63.8918,-4.40703,5.07732,-0.58748,-0.221795,0.280416,-0.298856,
63.8972,-4.79315,4.41896,-0.667247,-0.202954,0.272941,-0.285878,
63.9049,-5.35971,5.03761,-0.758915,-0.217136,0.258985,-0.305367,
63.908,-4.78045,4.29408,-0.670123,-0.19817,0.271041,-0.287346,
63.9141,-4.76973,4.5421,-0.619767,-0.2084,0.275379,-0.286529,
63.9203,-4.66783,4.24539,-0.765182,-0.202455,0.273754,-0.287858,
63.9235,-4.72325,4.70394,-0.737692,-0.214954,0.269547,-0.287924,
63.9296,-4.52958,4.27849,-0.596752,-0.203358,0.275524,-0.286466,
63.9327,-4.31768,5.40439,-0.620951,-0.229665,0.283715,-0.299817,
63.9381,-4.81121,5.20426,-0.578464,-0.222278,0.275326,-0.301924,
63.9422,-5.15764,4.23822,-0.500167,-0.20277,0.266502,-0.279815,
63.9455,-5.2082,4.33988,-0.724431,-0.20415,0.266988,-0.282479,
63.9522,-4.70245,4.44477,-0.622441,-0.206058,0.27394,-0.286051,
63.9605,-4.55844,4.93798,-0.569857,-0.219054,0.274295,-0.291968,
63.9636,-4.16198,5.22057,-0.585343,-0.223391,0.279354,-0.302809,
63.9686,-4.17402,5.07997,-0.650438,-0.221228,0.282534,-0.304945,
63.9747,-4.15543,5.15522,-0.407612,-0.22725,0.280228,-0.301465,
63.9779,-4.63919,5.0094,-0.482437,-0.224963,0.270498,-0.304342,
63.9831,-5.17669,3.98069,-0.547996,-0.198043,0.257011,-0.277838,
63.9876,-5.1777,4.54015,-0.520009,-0.212595,0.260701,-0.28999,
63.991,-4.87735,4.47958,-0.641311,-0.208524,0.265408,-0.287329,
63.9972,-4.49263,5.16578,-0.54623,-0.223674,0.272213,-0.304834,
64.0034,-4.48599,4.79724,-0.502884,-0.219134,0.272573,-0.293495,
64.0065,-4.94008,4.36357,-0.561187,-0.206702,0.260979,-0.292511,
64.0127,-4.67709,4.37423,-0.55077,-0.206222,0.264924,-0.289519,
64.0158,-4.85491,4.11013,-0.767862,-0.201281,0.264027,-0.277086,
64.0201,-4.76584,4.35419,-0.712528,-0.208258,0.262329,-0.286554,
64.0261,-4.67205,4.38379,-0.629779,-0.207478,0.267859,-0.285742,
64.0292,-4.56275,4.76439,-0.466338,-0.219102,0.270075,-0.296894,
64.0338,-4.26514,5.05331,-0.535816,-0.223224,0.277051,-0.307064,
64.04,-4.22242,5.27087,-0.67586,-0.231883,0.279675,-0.30379,
64.0431,-5.07384,3.99254,-0.628562,-0.196274,0.258947,-0.280678,
64.0492,-5.28865,4.68067,-0.641678,-0.213401,0.253059,-0.301117,
64.0545,-5.00617,4.48364,-0.685307,-0.211921,0.257763,-0.291966,
64.0576,-4.35347,5.14551,-0.605004,-0.224394,0.274007,-0.305139,
64.0636,-4.30998,5.04222,-0.670566,-0.221752,0.274675,-0.306431,
64.0667,-4.94077,4.3727,-0.618504,-0.209929,0.260438,-0.281312,
64.073,-4.68288,4.22551,-0.512646,-0.207468,0.263798,-0.279519,
64.0781,-4.61514,4.33343,-0.623996,-0.210416,0.267572,-0.284846,
64.0813,-4.29712,4.95323,-0.605211,-0.220818,0.274189,-0.301054,
64.0875,-5.08328,4.17194,-0.528893,-0.202989,0.258316,-0.2833,
64.0927,-4.96145,4.43083,-0.668005,-0.208454,0.261342,-0.288989,
64.0959,-4.85138,4.42819,-0.61414,-0.210019,0.264019,-0.29137,
64.1021,-4.69395,4.93479,-0.556141,-0.221438,0.264924,-0.296817,
64.1081,-5.16755,4.42103,-0.635856,-0.207552,0.253733,-0.287619,
64.1112,-4.82619,4.48821,-0.702232,-0.210414,0.262955,-0.285396,
64.1175,-4.52531,5.03065,-0.573773,-0.224521,0.267911,-0.303366,
64.1206,-4.57695,4.98665,-0.524989,-0.223409,0.268416,-0.297684,
64.1661,-4.7496,4.20027,-0.528015,-0.203225,0.263062,-0.282969,
64.1701,-4.84398,3.94559,-0.597843,-0.199793,0.263002,-0.280695,
64.1732,-4.71711,4.19555,-0.619387,-0.202962,0.263982,-0.286406,
64.1795,-4.37176,4.94943,-0.677059,-0.22203,0.269753,-0.30146,
64.1856,-4.86687,4.22989,-0.586829,-0.203925,0.260923,-0.286394,
64.1887,-4.72642,3.92448,-0.775583,-0.198463,0.264397,-0.28257,
64.195,-4.75659,4.43633,-0.65916,-0.21094,0.265181,-0.283203,
64.2011,-4.31105,5.03696,-0.594359,-0.223063,0.273286,-0.29648,
64.3027,-4.9307,4.42647,-0.575596,-0.209033,0.256249,-0.28756,
64.3059,-5.01393,4.35233,-0.671086,-0.209564,0.258835,-0.285716,
64.31,-5.25957,4.12467,-0.58261,-0.203026,0.254275,-0.281744,
64.3161,-4.97885,4.08043,-0.626206,-0.201681,0.257879,-0.281859,
64.3192,-4.80945,4.2772,-0.652211,-0.207751,0.263354,-0.285242,
64.3254,-4.42114,4.61877,-0.661317,-0.21522,0.270102,-0.292366,
64.3285,-5.02312,4.05922,-0.673855,-0.200701,0.255694,-0.277151,
64.3347,-4.96373,4.18432,-0.628744,-0.203942,0.257775,-0.282926,
64.3559,-4.52865,4.82506,-0.781199,-0.220743,0.268916,-0.299011,
64.359,-4.54291,5.17991,-0.687054,-0.229016,0.267982,-0.305664,
64.3633,-4.31166,5.16863,-0.577241,-0.225554,0.273858,-0.300905,
64.3664,-4.99756,4.19526,-0.609885,-0.205649,0.259756,-0.281128,
64.3726,-4.7433,4.41551,-0.697558,-0.209626,0.263487,-0.28243,
64.3786,-4.14096,5.03261,-0.650466,-0.223978,0.276042,-0.308503,
64.3817,-4.52735,4.38811,-0.699663,-0.208794,0.269305,-0.284735,
64.388,-5.04014,4.41753,-0.581655,-0.210193,0.257837,-0.284747,
64.3924,-4.87637,4.20256,-0.630464,-0.205061,0.261418,-0.280452,
64.3955,-5.1294,4.49252,-0.547371,-0.212401,0.252974,-0.288327,
64.4019,-4.54724,4.77563,-0.593184,-0.219403,0.267947,-0.298209,
64.4081,-4.95919,4.21749,-0.632228,-0.206918,0.258288,-0.278446,
64.4112,-4.8506,4.50635,-0.576685,-0.211773,0.263328,-0.287291,
64.4174,-4.92658,4.27379,-0.6071,-0.206663,0.263372,-0.284286,
64.4205,-4.97172,3.92908,-0.708372,-0.199158,0.259199,-0.277437,
64.4266,-5.23788,4.53664,-0.531952,-0.214796,0.251662,-0.283913,
64.4721,-4.84575,4.29142,-0.518757,-0.205663,0.261152,-0.2864,
64.4753,-4.73894,4.31839,-0.651212,-0.206115,0.262287,-0.285796,
64.4796,-5.00728,4.19144,-0.560452,-0.209697,0.258347,-0.277386,
64.484,-5.05461,4.43766,-0.659917,-0.211325,0.256057,-0.2856,
64.4874,-4.54422,4.50825,-0.554913,-0.21405,0.26901,-0.286801,
64.4952,-4.46887,5.38977,-0.488653,-0.232408,0.267872,-0.301142,
64.4997,-4.85354,4.15507,-0.490981,-0.205836,0.261157,-0.276554,
64.5061,-4.92577,4.5626,-0.727159,-0.2152,0.258749,-0.284272,
64.5092,-4.59027,4.62965,-0.619633,-0.215058,0.263261,-0.286292,
64.5145,-4.85937,4.3601,-0.615211,-0.208226,0.256615,-0.286459,
64.5176,-5.16417,4.79566,-0.783072,-0.221572,0.252201,-0.294369,
64.5236,-4.55708,4.74836,-0.583871,-0.222353,0.264406,-0.291563,
64.53,-4.32637,5.24405,-0.50541,-0.229271,0.270452,-0.303734,
64.5331,-5.01021,4.07645,-0.659267,-0.204969,0.257073,-0.277627,
64.5391,-5.13994,4.44899,-0.540455,-0.212286,0.252291,-0.287322,
64.5453,-4.6694,4.7338,-0.526211,-0.218406,0.26134,-0.291462,
64.5485,-4.98706,4.14555,-0.473017,-0.206325,0.257866,-0.276713,
64.5537,-4.90293,4.33168,-0.525123,-0.210493,0.258338,-0.285314,
64.56,-4.82504,4.46639,-0.594921,-0.214448,0.256852,-0.291812,
64.5631,-5.10608,4.28409,-0.554937,-0.208024,0.251752,-0.282288,
64.5692,-4.83845,4.31589,-0.567906,-0.207115,0.259244,-0.282346,
64.5725,-4.62094,4.04057,-0.673181,-0.201429,0.26532,-0.274731,
64.58,-5.34317,4.51448,-0.615106,-0.216087,0.248158,-0.287098,
64.5861,-4.99673,4.70556,-0.439304,-0.217672,0.255095,-0.2916,
64.5893,-4.99589,4.40863,-0.53368,-0.209897,0.25433,-0.289089,
64.5945,-5.15525,4.31543,-0.551317,-0.209963,0.252502,-0.279148,
64.6006,-4.65189,5.18232,-0.541611,-0.228039,0.263943,-0.297334,
64.6037,-5.04493,4.14196,-0.652122,-0.206807,0.253046,-0.279987,
64.61,-4.61767,4.39158,-0.573033,-0.210981,0.262251,-0.282048,
64.6151,-4.61896,4.42495,-0.58944,-0.209632,0.264054,-0.289396,
64.6182,-4.82735,4.24097,-0.556623,-0.20741,0.257196,-0.27795,
64.6244,-4.69915,4.48947,-0.562401,-0.214888,0.261659,-0.283555,
64.6276,-4.88822,4.33892,-0.580981,-0.210672,0.257963,-0.285498,
64.6327,-4.877,4.04275,-0.540963,-0.202256,0.259453,-0.276447,
64.639,-4.79914,4.44731,-0.472525,-0.212797,0.258615,-0.28603,
64.6421,-4.82329,4.13401,-0.574058,-0.205434,0.261424,-0.281134,
64.6481,-4.97847,4.62362,-0.570276,-0.216523,0.254049,-0.292535,
64.6544,-4.59435,4.55088,-0.508875,-0.214661,0.264001,-0.287655,
64.6575,-4.83105,4.01253,-0.640961,-0.201889,0.258882,-0.274217,
64.6656,-4.8077,4.41167,-0.56362,-0.210224,0.260492,-0.278555,
64.6703,-4.65556,4.61059,-0.583665,-0.217233,0.260002,-0.285654,
64.6736,-4.97115,4.25515,-0.601094,-0.206552,0.254301,-0.280014,
64.6782,-4.71394,4.40199,-0.604502,-0.209935,0.263842,-0.281361,
64.6827,-4.66554,4.09649,-0.558177,-0.203909,0.25916,-0.276583,
64.6859,-4.77725,4.28356,-0.638852,-0.208459,0.26269,-0.28682,
64.6921,-4.81415,4.35741,-0.484582,-0.20968,0.258412,-0.283881,
64.6981,-4.87988,4.03424,-0.628334,-0.203557,0.258986,-0.27711,
64.7012,-4.59935,4.28306,-0.554054,-0.206518,0.263203,-0.2851,
64.7094,-4.69506,4.34308,-0.440556,-0.20931,0.263531,-0.280571,
64.7125,-4.79175,4.17863,-0.539115,-0.204345,0.260188,-0.27911,
64.7178,-4.6735,4.38999,-0.594298,-0.212478,0.26187,-0.283443,
64.724,-4.47449,5.14369,-0.52727,-0.224808,0.266733,-0.302873,
64.7271,-4.99224,4.35035,-0.686076,-0.211827,0.253888,-0.281104,
64.7331,-4.64904,4.32724,-0.439589,-0.207963,0.259451,-0.28066,
64.7393,-4.11898,4.72404,-0.529264,-0.217273,0.270719,-0.295096,
64.7425,-4.87328,3.99196,-0.601381,-0.198847,0.253489,-0.279521,
64.7486,-4.79977,4.36388,-0.568236,-0.210427,0.26008,-0.282317,
64.757,-4.74236,4.5134,-0.534651,-0.211701,0.261641,-0.28384,
64.7602,-4.91323,4.32658,-0.496521,-0.209668,0.257815,-0.282932,
64.7648,-4.83833,4.33753,-0.538378,-0.207022,0.260024,-0.28566,
64.7711,-4.65092,4.20118,-0.669347,-0.204804,0.26122,-0.275308,
64.7742,-4.75211,4.43312,-0.552412,-0.211968,0.258866,-0.281874,
64.7805,-4.58078,4.686,-0.705001,-0.220009,0.262394,-0.286604,
64.7836,-4.78826,4.11488,-0.671366,-0.202913,0.258361,-0.275476,
64.7897,-5.07072,4.12704,-0.530271,-0.205856,0.251721,-0.277267,
64.7974,-4.58294,4.4302,-0.62212,-0.214653,0.260001,-0.284266,
64.8006,-4.77965,4.27921,-0.530934,-0.208177,0.258244,-0.28065,
64.8056,-4.60006,4.47979,-0.655505,-0.213672,0.261423,-0.273896,
64.8116,-4.73781,4.451,-0.53972,-0.212294,0.258505,-0.280222,
64.8148,-4.90276,4.05436,-0.545171,-0.202988,0.255523,-0.272718,
64.821,-4.68876,4.33462,-0.512882,-0.211374,0.261244,-0.279081,
64.8271,-4.63107,4.59081,-0.623061,-0.216733,0.261653,-0.283821,
64.8302,-4.81469,4.5104,-0.655307,-0.213945,0.252818,-0.282441,
64.8355,-4.66941,4.54757,-0.598107,-0.214775,0.25951,-0.280687,
64.8386,-4.63536,4.34479,-0.606186,-0.209809,0.258115,-0.281881,
64.8439,-4.73288,4.16484,-0.601527,-0.206827,0.257379,-0.275281,
64.8501,-4.92622,4.52074,-0.62809,-0.214252,0.254885,-0.284848,
64.8533,-4.80741,4.36235,-0.733294,-0.210782,0.257473,-0.277994,
64.8595,-4.84446,4.38109,-0.538247,-0.212232,0.255131,-0.282166,
64.8656,-4.68328,4.48162,-0.568347,-0.2127,0.260795,-0.284639,
64.8687,-5.03926,4.03649,-0.617436,-0.204081,0.25302,-0.270857,
64.874,-4.98848,4.36565,-0.725872,-0.210586,0.251844,-0.281337,
64.8801,-4.80244,4.25391,-0.575536,-0.207468,0.253978,-0.277055,
64.8833,-4.65363,4.30941,-0.690902,-0.209195,0.261372,-0.286142,
64.8885,-4.66672,4.37789,-0.649562,-0.211135,0.258759,-0.283095,
64.8916,-4.69053,4.05111,-0.644172,-0.203599,0.261637,-0.274398,
64.8976,-4.87294,4.35809,-0.685994,-0.211096,0.255347,-0.28611,
64.9039,-4.42576,5.00197,-0.452947,-0.22467,0.263704,-0.297232,
64.9071,-4.88402,4.18155,-0.716909,-0.207708,0.255898,-0.278225,
64.9122,-4.67859,4.39943,-0.627207,-0.210521,0.256532,-0.282975,
64.9185,-4.87904,4.1514,-0.6761,-0.208667,0.254858,-0.277205,
64.9216,-4.8484,4.42307,-0.688633,-0.213144,0.254185,-0.277868,
64.9276,-4.84804,4.77294,-0.639369,-0.220747,0.254798,-0.288019,
64.9308,-4.46057,4.69621,-0.573721,-0.220147,0.265565,-0.284188,
64.937,-4.67148,4.19811,-0.673157,-0.208315,0.260449,-0.274645,
64.9431,-4.61071,4.35902,-0.715981,-0.212278,0.262832,-0.280709,
64.99,-5.05936,4.55478,-0.714141,-0.216802,0.250232,-0.280526,
64.9931,-4.94927,4.1644,-0.711064,-0.205324,0.251693,-0.27817,
64.9971,-4.73716,4.36484,-0.63663,-0.212412,0.257402,-0.279838,
65.0002,-4.62209,4.32042,-0.625097,-0.212466,0.260041,-0.285071,
65.0064,-4.99354,4.23631,-0.654445,-0.208433,0.250677,-0.279742,
65.0126,-4.72765,4.46574,-0.652706,-0.21409,0.256115,-0.279775,
65.0157,-4.7072,4.56105,-0.610706,-0.214853,0.258817,-0.289494,
65.022,-4.73709,4.44583,-0.551168,-0.21341,0.256734,-0.278025,
65.1142,-4.64949,4.59752,-0.678722,-0.216635,0.259391,-0.28464,
65.1175,-4.91543,4.19078,-0.596718,-0.206902,0.25499,-0.269409,
65.1256,-4.97902,4.26748,-0.609855,-0.208106,0.251742,-0.278296,
65.1287,-4.48544,5.29137,-0.694171,-0.232271,0.262206,-0.293495,
65.1339,-4.8891,4.02872,-0.73458,-0.201857,0.254743,-0.271985,
65.1401,-4.94033,4.2436,-0.667355,-0.207078,0.255849,-0.281685,
65.1432,-4.68767,4.40294,-0.582959,-0.212201,0.25897,-0.284713,
65.1494,-5.07076,4.36459,-0.633018,-0.21259,0.249172,-0.281689,
65.1557,-4.73316,4.48218,-0.689387,-0.215301,0.254314,-0.279071,
65.1591,-4.72069,4.00484,-0.778272,-0.20339,0.258215,-0.26984,
65.1674,-4.76834,4.29268,-0.720991,-0.210622,0.257461,-0.280229,
65.1736,-4.78287,4.37492,-0.631137,-0.212588,0.255558,-0.274507,
65.1767,-4.82537,4.40585,-0.727922,-0.214242,0.253157,-0.279677,
65.183,-4.77073,4.43195,-0.697441,-0.213069,0.255744,-0.279382,
65.1891,-4.75582,4.43124,-0.73331,-0.213504,0.255284,-0.277564,
65.1922,-4.64303,4.13281,-0.715041,-0.207114,0.25956,-0.27561,
65.238,-4.72112,4.12117,-0.812705,-0.207332,0.255621,-0.268291,
65.2421,-4.66961,4.69431,-0.761941,-0.221337,0.257747,-0.280636,
65.2453,-4.615,4.42776,-0.818425,-0.21258,0.257203,-0.278999,
65.2497,-4.92629,4.27046,-0.775947,-0.208834,0.24816,-0.280435,
65.256,-4.70506,4.28808,-0.79478,-0.209352,0.257673,-0.276116,
65.2591,-4.7375,4.51778,-0.723448,-0.211433,0.254524,-0.282978,
65.2651,-4.90508,4.02953,-0.770241,-0.203019,0.251574,-0.273428,
65.2682,-5.02817,4.35229,-0.710423,-0.208854,0.249132,-0.28024,
65.3502,-4.99785,4.18481,-0.779568,-0.207973,0.248228,-0.274178,
65.3545,-4.79002,4.3291,-0.730192,-0.211562,0.256691,-0.279849,
65.3576,-4.72323,4.09028,-0.686478,-0.205548,0.256359,-0.269791,
65.3636,-4.71268,4.50809,-0.742795,-0.213074,0.256255,-0.282583,
65.3699,-4.44166,4.86098,-0.634962,-0.221956,0.261611,-0.297373,
65.373,-4.81886,4.17655,-0.510298,-0.208472,0.255945,-0.273531,
65.3792,-4.81129,4.32834,-0.579677,-0.212006,0.254449,-0.276666,
65.3859,-4.56559,4.91619,-0.69792,-0.226441,0.259228,-0.289521,
65.3892,-4.91792,4.24193,-0.685979,-0.208441,0.253062,-0.277462,
65.3949,-5.01254,4.34186,-0.652928,-0.209287,0.250182,-0.280704,
65.3993,-5.00503,4.12824,-0.641899,-0.204184,0.248121,-0.271592,
65.4025,-4.96702,4.31189,-0.658697,-0.209617,0.250164,-0.277744,
65.4086,-4.58005,4.85369,-0.674764,-0.223686,0.258951,-0.288973,
65.4146,-5.15073,4.43732,-0.603855,-0.213153,0.247062,-0.282876,
65.4178,-4.49408,4.41252,-0.61967,-0.213103,0.258966,-0.279191,
65.424,-4.97723,3.82332,-0.611939,-0.200706,0.24884,-0.272227,
65.4302,-5.00284,4.61073,-0.768996,-0.218931,0.248711,-0.288222,
65.4333,-4.84614,4.39897,-0.580626,-0.212406,0.253712,-0.283801,
65.4386,-5.10054,4.41021,-0.696206,-0.213769,0.24583,-0.281389,
65.4417,-4.9238,4.21123,-0.720605,-0.208369,0.251313,-0.279899,
65.448,-4.91489,4.11464,-0.667778,-0.206107,0.252264,-0.269818,
65.4541,-4.88151,4.30683,-0.713629,-0.209545,0.251804,-0.281187,
65.4573,-4.65947,4.92273,-0.554999,-0.225522,0.256849,-0.291133,
65.4635,-5.03542,4.01305,-0.764846,-0.203887,0.248706,-0.273294,
65.5092,-4.8196,4.3847,-0.686665,-0.211155,0.253981,-0.278042,
65.5123,-4.95693,4.51164,-0.663658,-0.216507,0.247589,-0.281948,
65.5167,-4.78747,4.08471,-0.676201,-0.206289,0.254009,-0.274616,
65.525,-4.46774,4.62599,-0.660198,-0.218439,0.257559,-0.287035,
65.5281,-5.10001,4.28058,-0.709861,-0.211816,0.248487,-0.275413,
65.5331,-4.62936,4.35562,-0.66825,-0.21094,0.258052,-0.275433,
65.5394,-4.57671,4.12124,-0.628448,-0.207889,0.258099,-0.27799,
65.5425,-4.85485,4.38377,-0.545487,-0.21293,0.25114,-0.276997,
65.5487,-4.81789,4.55372,-0.59336,-0.218716,0.254311,-0.282244,
65.554,-4.66561,4.65529,-0.777874,-0.219451,0.255844,-0.28933,
65.5571,-4.63091,4.46513,-0.669818,-0.214911,0.25561,-0.279096,
65.5612,-4.427,4.52758,-0.804361,-0.216097,0.262559,-0.278175,
65.5646,-4.67994,4.25977,-0.563454,-0.211162,0.256706,-0.270383,
65.5722,-4.90715,4.52703,-0.609313,-0.216596,0.251366,-0.280184,
65.5785,-4.77335,4.34684,-0.527284,-0.212795,0.254727,-0.277938,
65.5816,-4.89096,4.4222,-0.705092,-0.213166,0.252462,-0.281022,
65.5877,-5.06486,4.06105,-0.665018,-0.207197,0.245048,-0.276738,
65.593,-4.60125,4.46116,-0.590192,-0.213676,0.258132,-0.278442,
65.5961,-4.72961,4.61594,-0.563263,-0.21769,0.254574,-0.284227,
65.6021,-4.84193,4.43223,-0.702034,-0.21558,0.252261,-0.279409,
65.6054,-4.86085,4.43341,-0.664589,-0.214861,0.250914,-0.281085,
65.6087,-5.25054,4.04895,-0.701011,-0.204319,0.241037,-0.274495,
65.617,-4.9008,4.50003,-0.715112,-0.216885,0.250176,-0.283172,
65.6221,-4.69093,4.36172,-0.759724,-0.212881,0.255632,-0.277651,
65.6252,-4.6984,4.56947,-0.614368,-0.218766,0.25408,-0.27984,
65.6305,-4.83965,4.44979,-0.549303,-0.216205,0.252321,-0.280876,
65.6336,-4.68622,4.27989,-0.57447,-0.211423,0.25823,-0.268776,
65.6396,-5.02671,4.27028,-0.507713,-0.214124,0.247828,-0.275307,
65.6459,-4.82047,4.53417,-0.656805,-0.216526,0.251852,-0.282442,
65.649,-4.8382,4.13033,-0.451228,-0.211255,0.251608,-0.269271,
65.6522,-4.70605,4.41147,-0.481863,-0.216706,0.25306,-0.27947,
65.6584,-4.96248,4.14633,-0.561409,-0.210245,0.247346,-0.273484,
65.6616,-4.80807,4.31104,-0.588975,-0.213065,0.250904,-0.281899,
65.6667,-4.89153,4.18189,-0.601508,-0.210956,0.247804,-0.275479,
65.673,-4.6422,4.36843,-0.610655,-0.213851,0.256007,-0.277646,
65.676,-4.69612,4.42767,-0.55816,-0.213356,0.2536,-0.279735,
65.6821,-4.75059,3.9904,-0.668267,-0.205729,0.254474,-0.270727,
65.6853,-4.95823,4.42947,-0.654808,-0.213133,0.248786,-0.280393,
65.6915,-4.8264,4.22482,-0.688957,-0.209211,0.250363,-0.273579,
65.6956,-4.64658,4.52744,-0.700357,-0.222058,0.255524,-0.273565,
65.7382,-4.90384,4.42985,-0.574083,-0.218038,0.250212,-0.274599,
65.7426,-4.79016,4.30141,-0.612209,-0.213731,0.251647,-0.276623,
65.7489,-4.77303,4.27014,-0.576201,-0.210579,0.253137,-0.271108,
65.752,-5.00681,4.4342,-0.652227,-0.215002,0.24682,-0.277066,
65.7581,-4.75689,4.30094,-0.712711,-0.213829,0.251386,-0.280842,
65.7643,-4.60331,4.10577,-0.661856,-0.209184,0.257369,-0.270911,
65.7675,-4.55253,4.62128,-0.567652,-0.224535,0.257646,-0.283005,
65.7736,-4.70893,4.10338,-0.577062,-0.206173,0.25302,-0.273744,
65.8742,-4.61224,4.47901,-0.608964,-0.217109,0.254646,-0.274437,
65.8773,-4.82701,4.4522,-0.754406,-0.216775,0.254512,-0.282469,
65.8816,-4.91644,4.31558,-0.739744,-0.212248,0.245254,-0.281676,
65.8846,-4.76172,4.36402,-0.696736,-0.214049,0.251517,-0.279038,
65.8907,-4.97034,4.29819,-0.593548,-0.213464,0.246263,-0.275755,
65.8969,-4.5224,4.88233,-0.597733,-0.227643,0.257625,-0.291121,
65.9,-4.72259,4.67282,-0.663731,-0.223857,0.252528,-0.277173,
65.9061,-4.7906,4.46959,-0.494967,-0.216506,0.250309,-0.278886,
66.1006,-4.80158,4.59246,-0.590633,-0.222671,0.251822,-0.282589,
66.1038,-5.24689,4.43744,-0.656679,-0.21654,0.239411,-0.275257,
66.108,-4.84405,4.55347,-0.710757,-0.219806,0.249609,-0.278575,
66.1141,-4.66579,4.10922,-0.565265,-0.208382,0.25513,-0.272833,
66.1172,-4.7268,4.29242,-0.69132,-0.214003,0.252388,-0.278979,
66.1234,-4.5034,4.86135,-0.769901,-0.226314,0.257635,-0.288314,
66.1265,-4.72446,4.17987,-0.838552,-0.210269,0.25244,-0.272705,
66.1326,-4.89877,4.33877,-0.719345,-0.209032,0.248719,-0.275639,
66.2014,-4.95408,4.34058,-0.829164,-0.213139,0.249045,-0.277993,
66.2047,-4.67673,4.3903,-0.720275,-0.215406,0.255349,-0.279942,
66.2132,-4.21575,4.84526,-0.682625,-0.225321,0.262572,-0.290063,
66.2215,-4.64697,4.10794,-0.681358,-0.208566,0.252859,-0.273118,
66.2246,-4.69997,4.39631,-0.540466,-0.214428,0.253292,-0.278459,
66.2306,-4.82163,4.07413,-0.696396,-0.206251,0.250674,-0.271202,
66.2338,-4.98534,4.49484,-0.704558,-0.218034,0.248446,-0.278849,
66.2381,-4.65331,3.95711,-0.665559,-0.204377,0.253064,-0.268443,
66.2431,-5.02226,4.34712,-0.618003,-0.214828,0.247025,-0.276342,
66.2463,-4.62252,4.56426,-0.63523,-0.22058,0.256351,-0.276483,
66.2516,-5.03952,4.24439,-0.680204,-0.214794,0.245114,-0.272215,
66.2576,-4.63012,4.81479,-0.672374,-0.222766,0.256288,-0.290428,
66.2607,-4.7199,4.75097,-0.648453,-0.22541,0.252763,-0.285378,
66.267,-4.90179,4.51748,-0.654698,-0.220707,0.249915,-0.278514,
66.2731,-4.87495,4.57617,-0.827985,-0.21798,0.250738,-0.280411,
66.2762,-4.91169,4.37624,-0.691071,-0.212179,0.247942,-0.275322,
66.2827,-4.7452,4.41853,-0.68405,-0.213836,0.249246,-0.278213,
66.2881,-5.01594,4.15262,-0.658957,-0.208957,0.246317,-0.267255,
66.2912,-4.67791,4.4234,-0.663412,-0.213397,0.250119,-0.278788,
66.2974,-4.97719,4.05994,-0.657836,-0.206854,0.244047,-0.271614,
66.3005,-5.02607,4.28237,-0.640914,-0.212107,0.244993,-0.275112,
66.3066,-4.42956,4.95577,-0.675776,-0.228006,0.259303,-0.287698,
66.3128,-4.82867,4.46766,-0.576713,-0.217315,0.248522,-0.273388,
66.316,-4.79117,4.57692,-0.616962,-0.218418,0.254296,-0.277781,
66.3221,-4.99025,4.41967,-0.71361,-0.215333,0.244222,-0.275704,
66.3303,-4.78219,4.42878,-0.628232,-0.21349,0.251102,-0.276678,
66.3334,-4.71574,4.03807,-0.670263,-0.204969,0.250644,-0.270835,
66.3386,-4.70613,4.51471,-0.761928,-0.215982,0.253145,-0.272717,
66.3417,-5.03415,4.12949,-0.702596,-0.210049,0.243992,-0.272913,
66.3479,-4.83788,4.44076,-0.63557,-0.215585,0.252364,-0.278229,
66.3541,-4.9293,4.68896,-0.639211,-0.220878,0.243983,-0.276468,
66.3573,-4.93806,4.45895,-0.569788,-0.216008,0.247941,-0.275621,
66.4027,-4.88661,4.58973,-0.702942,-0.217861,0.248394,-0.281193,
66.4069,-4.88371,4.28985,-0.660856,-0.21022,0.249422,-0.272877,
66.41,-4.93633,4.49251,-0.602885,-0.216071,0.245735,-0.274595,
66.4163,-4.82155,4.22723,-0.662669,-0.208941,0.250118,-0.270229,
66.4246,-4.91461,4.52595,-0.750013,-0.216953,0.246149,-0.279752,
66.4276,-4.92596,4.63153,-0.645791,-0.219146,0.246287,-0.282087,
66.4329,-4.70802,4.32818,-0.7208,-0.214189,0.248835,-0.269551,
66.4391,-4.66516,4.23815,-0.751383,-0.213209,0.25061,-0.274917,
66.4813,-4.88489,4.5202,-0.652215,-0.216367,0.246766,-0.275838,
66.4855,-4.77124,4.52869,-0.814276,-0.218048,0.251197,-0.278721,
66.4886,-5.23726,4.5775,-0.811153,-0.218305,0.237832,-0.283725,
66.4946,-4.97594,4.4001,-0.659699,-0.215068,0.245896,-0.272201,
66.5009,-5.09698,4.14692,-0.689677,-0.210224,0.241619,-0.26882,
66.5041,-5.0666,4.43708,-0.751324,-0.215594,0.24421,-0.273279,
66.5074,-5.01273,4.34872,-0.561444,-0.214884,0.24193,-0.271591,
66.5118,-4.9318,4.17943,-0.676989,-0.210585,0.24521,-0.271988,
66.5926,-4.89061,4.33927,-0.689753,-0.214621,0.248917,-0.274511,
66.5967,-4.71137,4.26066,-0.686984,-0.211179,0.252396,-0.267393,
66.603,-5.06287,4.28888,-0.754688,-0.21152,0.246512,-0.277207,
66.606,-4.72693,5.04185,-0.793016,-0.230764,0.252518,-0.288324,
66.6121,-5.00406,4.07561,-0.877994,-0.208502,0.245162,-0.269837,
66.6183,-4.78867,4.42533,-0.771975,-0.216122,0.252896,-0.273616,
66.6215,-4.67075,4.22263,-0.762127,-0.209361,0.253457,-0.275512,
66.6276,-4.91402,4.39916,-0.836017,-0.214252,0.247859,-0.273363,
66.8242,-4.48494,5.25442,-0.710095,-0.23373,0.255673,-0.292566,
66.8275,-4.77243,4.52531,-0.677586,-0.219329,0.250562,-0.271275,
66.832,-4.53808,4.34405,-0.836897,-0.214867,0.252922,-0.277113,
66.8404,-4.87274,3.94674,-0.833797,-0.203019,0.246121,-0.272283,
66.8435,-4.91182,4.2689,-0.822655,-0.211649,0.245817,-0.275265,
66.8486,-4.45075,4.66052,-0.65718,-0.22127,0.257964,-0.284845,
66.8517,-4.66916,4.05972,-0.742548,-0.206984,0.253685,-0.269996,
66.858,-4.8728,4.55917,-0.764664,-0.216653,0.248847,-0.277095,
66.8642,-4.60002,4.48263,-0.860205,-0.215582,0.2582,-0.27932,
66.8674,-5.10214,3.94325,-0.899757,-0.207098,0.240146,-0.272551,
66.8727,-4.76911,4.37609,-0.770162,-0.213405,0.251151,-0.274865,
66.8789,-4.71871,4.33122,-0.672323,-0.211407,0.251663,-0.277042,
66.882,-4.82753,4.47548,-0.762889,-0.214316,0.249562,-0.272381,
66.8881,-4.34145,4.82146,-0.749609,-0.22405,0.258339,-0.285662,
66.8943,-4.84363,4.22554,-0.683281,-0.210523,0.250311,-0.272715,
66.8975,-4.74862,4.36202,-0.796305,-0.212331,0.250272,-0.278411,
66.9036,-4.77568,4.36365,-0.715189,-0.21513,0.252176,-0.281559,
66.9068,-4.74083,4.58791,-0.676925,-0.220787,0.251112,-0.270276,
66.9122,-4.84803,4.32777,-0.698492,-0.214048,0.246407,-0.275893,
66.9175,-4.90535,4.49368,-0.696857,-0.216025,0.246241,-0.279429,
66.9206,-4.57682,4.736,-0.704391,-0.224561,0.251734,-0.274595,
66.9266,-4.85876,4.12343,-0.687258,-0.2085,0.248397,-0.274434,
66.9326,-4.82451,4.21602,-0.620479,-0.210547,0.249754,-0.275983,
66.9358,-4.74756,3.89874,-0.681377,-0.204034,0.252881,-0.27082,
66.942,-4.66465,4.24694,-0.687539,-0.212027,0.250119,-0.277968,
66.9472,-4.6833,4.3341,-0.626766,-0.212172,0.250197,-0.272018,
66.9503,-4.71202,4.45394,-0.599775,-0.216823,0.252951,-0.273343,
66.9567,-4.5808,4.53916,-0.584208,-0.218242,0.252353,-0.279704,
66.9613,-4.68641,4.603,-0.717553,-0.220066,0.252651,-0.279504,
66.9644,-4.89114,4.46272,-0.643904,-0.21566,0.244666,-0.279083,
66.9706,-4.60811,4.0159,-0.734747,-0.205382,0.252864,-0.271346,
66.9737,-4.85009,4.36568,-0.626983,-0.213837,0.246645,-0.273164,
67.0202,-4.98123,4.14394,-0.614194,-0.209952,0.245472,-0.267252,
67.0245,-5.09362,4.58432,-0.686802,-0.220441,0.242478,-0.276815,
67.0276,-4.80201,4.25068,-0.663902,-0.211619,0.250069,-0.276972,
67.0336,-4.93687,3.97741,-0.616999,-0.204847,0.245871,-0.274541,
67.0399,-4.96268,4.42728,-0.678502,-0.218107,0.242457,-0.273407,
67.043,-4.62574,4.25082,-0.727772,-0.213348,0.252908,-0.275719,
67.0473,-4.47844,4.44417,-0.683729,-0.216611,0.25615,-0.283989,
67.0519,-4.84563,4.25275,-0.577322,-0.214161,0.246034,-0.270882,
67.0552,-4.66742,4.5395,-0.44491,-0.218795,0.253378,-0.274542,
67.0605,-4.93515,4.06542,-0.568791,-0.207613,0.246251,-0.268093,
67.0666,-4.91326,4.42741,-0.638271,-0.214002,0.247016,-0.275884,
67.0697,-4.84776,4.08909,-0.702918,-0.207595,0.248128,-0.264233,
67.0759,-4.81216,4.38235,-0.629045,-0.215635,0.249243,-0.276214,
67.0821,-4.54223,4.81254,-0.710363,-0.223891,0.253401,-0.288595,
67.0852,-4.71797,4.33936,-0.757908,-0.213802,0.249595,-0.275046,
67.0915,-4.91695,4.39724,-0.663927,-0.214496,0.242644,-0.271673,
67.2119,-4.69398,4.34015,-0.7995,-0.216001,0.251654,-0.272903,
67.215,-4.61544,4.60452,-0.70497,-0.220903,0.251024,-0.276279,
67.2191,-4.93535,4.4245,-0.723094,-0.215084,0.248095,-0.274566,
67.2252,-4.55934,4.59221,-0.653011,-0.220337,0.25386,-0.278186,
67.2283,-4.91595,4.36807,-0.752397,-0.214214,0.246453,-0.272452,
67.2346,-4.62521,4.30565,-0.662548,-0.214451,0.251043,-0.27789,
67.2377,-4.86523,4.14557,-0.736594,-0.208655,0.247003,-0.271073,
67.244,-5.04048,4.37166,-0.71786,-0.212921,0.240563,-0.276334,
67.3201,-4.8704,4.11099,-0.723728,-0.205877,0.245294,-0.267942,
67.3233,-4.82944,4.41384,-0.726084,-0.216241,0.243834,-0.271912,
67.3286,-4.85372,4.14024,-0.635579,-0.211124,0.247484,-0.267875,
67.3317,-4.90763,4.50061,-0.74395,-0.215489,0.247441,-0.275411,
67.338,-4.95657,3.95276,-0.731819,-0.204651,0.247019,-0.265957,
67.3441,-4.95281,4.48494,-0.76663,-0.219264,0.24401,-0.275535,
67.3472,-4.84308,4.18622,-0.544589,-0.208588,0.248731,-0.271402,
67.3534,-4.92626,4.13462,-0.79555,-0.211061,0.245909,-0.277664,
67.3597,-4.82409,4.3718,-0.527771,-0.213986,0.246671,-0.269834,
67.3631,-4.85094,4.06004,-0.690182,-0.207094,0.247768,-0.270754,
67.3686,-4.8346,4.34786,-0.557797,-0.215376,0.247192,-0.274632,
67.3731,-4.70614,4.1504,-0.560782,-0.206858,0.250748,-0.268898,
67.3763,-4.64248,4.60732,-0.597173,-0.220586,0.25134,-0.286854,
67.3825,-4.70824,4.14806,-0.672978,-0.209355,0.251351,-0.275148,
67.3886,-4.5465,4.3815,-0.680063,-0.213602,0.253914,-0.277185,
67.3917,-4.78823,4.37612,-0.716722,-0.215591,0.247246,-0.271564,
