time,x,y,z,r,p,y,
21.5134,-0.329192,0.04308,0.00550282,-6.21076e-05,3.14159,3.17655e-05,
21.5195,-0.329192,0.04308,0.00550282,-6.21076e-05,3.14159,3.17655e-05,
21.5225,-0.329192,0.04308,0.00550282,-6.21076e-05,3.14159,3.17655e-05,
21.5288,-0.329192,0.04308,0.00550282,-6.21076e-05,3.14159,3.17655e-05,
21.5349,-0.329192,0.04308,0.00550282,-6.21076e-05,3.14159,3.17655e-05,
21.538,-0.329192,0.04308,0.00550282,-6.21076e-05,3.14159,3.17655e-05,
21.5443,-0.329192,0.04308,0.00550282,-6.21076e-05,3.14159,3.17655e-05,
21.5516,-0.329192,0.04308,0.00550282,-6.21076e-05,3.14159,3.17655e-05,
21.5547,-0.329192,0.04308,0.00550282,-6.21076e-05,3.14159,3.17655e-05,
21.561,-0.329192,0.04308,0.00550282,-6.21076e-05,3.14159,3.17655e-05,
21.5641,-0.329197,0.0431006,0.0055176,4.93085e-05,-3.14153,-2.74137e-05,
21.5704,-0.329201,0.0431062,0.0055135,1.19917e-05,-3.14153,-4.98419e-05,
21.5764,-0.329194,0.0430811,0.00550341,7.4773e-05,-3.14158,1.78685e-05,
21.5795,-0.329202,0.0431093,0.00550688,2.40163e-05,-3.14155,-4.22226e-05,
21.5858,-0.329183,0.0430968,0.00551151,-0.000101788,-3.14157,-6.75966e-05,
21.591,-0.329183,0.0430886,0.00549257,4.10014e-05,3.14159,1.24093e-05,
21.5943,-0.329192,0.0430865,0.0055024,-2.93016e-05,-3.14158,2.66516e-06,
21.6024,-0.329209,0.0431027,0.00551137,-3.35196e-05,-3.14152,-8.54732e-05,
21.6074,-0.329209,0.0431049,0.00551091,5.62721e-05,-3.14153,-8.25873e-05,
21.6105,-0.329186,0.0431011,0.00551601,-4.76713e-05,-3.14154,-0.00010605,
21.6168,-0.32918,0.0430885,0.00550443,-0.000114567,3.14157,5.04634e-05,
21.6199,-0.329173,0.043091,0.00550843,4.76028e-05,3.14158,-7.27035e-05,
21.626,-0.329177,0.0430845,0.0054978,2.68752e-05,3.14159,-1.89571e-05,
21.6313,-0.329165,0.0430948,0.00551076,-7.74732e-05,3.14153,9.01522e-06,
21.6344,-0.329191,0.0431111,0.00551068,-6.57562e-05,-3.14156,-9.6677e-05,
21.6405,-0.329214,0.0431249,0.00551983,-4.41017e-05,-3.14149,-9.17528e-05,
21.6489,-0.32918,0.0430967,0.00550403,5.66027e-05,-3.14154,-5.07144e-05,
21.6519,-0.329182,0.0431009,0.00549212,0.000125057,3.14156,1.47492e-05,
21.657,-0.329178,0.0430924,0.00550201,7.04806e-05,-3.14157,2.51163e-05,
21.6601,-0.329209,0.0430996,0.00550529,-3.21426e-05,-3.14149,4.80718e-05,
21.6664,-0.3292,0.0430852,0.00549806,-1.60018e-05,-3.14157,8.26423e-05,
21.6716,-0.3292,0.0431115,0.00551858,-6.59114e-05,-3.14153,-8.32307e-05,
21.6747,-0.329223,0.043092,0.00551701,7.71743e-05,-3.14147,-2.82803e-05,
21.6809,-0.32918,0.0430938,0.00550182,2.20096e-06,3.14157,6.36803e-05,
21.686,-0.329201,0.0431231,0.00550707,-7.26853e-05,-3.14157,-7.25922e-05,
21.6894,-0.329183,0.0430968,0.00549681,-4.49001e-06,3.14156,3.16455e-05,
21.6939,-0.329181,0.0430785,0.00549924,1.89089e-05,-3.14155,4.3549e-05,
21.7,-0.329196,0.0430825,0.00550466,3.14077e-05,-3.14159,-4.42504e-05,
21.7031,-0.329211,0.0431012,0.00551653,1.88432e-05,-3.14148,-4.16247e-05,
21.7095,-0.329191,0.0430725,0.00550636,4.80613e-05,-3.14156,-2.61879e-05,
21.7155,-0.32919,0.0430988,0.00550446,-3.30387e-05,-3.14158,-6.80358e-06,
21.7186,-0.329209,0.043111,0.00550417,1.20577e-05,-3.14153,-1.93918e-05,
21.7248,-0.329192,0.0430977,0.00551858,-9.29178e-05,-3.14151,-1.20841e-06,
21.7279,-0.329175,0.0430938,0.00549874,-1.21517e-05,3.14157,4.80348e-05,
21.7359,-0.329187,0.043092,0.00550177,-0.000106334,-3.14158,-6.77607e-06,
21.742,-0.329176,0.043098,0.00550997,-5.39631e-05,-3.14158,-1.39501e-05,
21.8639,-0.329206,0.0431123,0.00550256,-5.86156e-05,-3.14156,9.41617e-06,
21.8721,-0.329181,0.0431047,0.00550612,-1.88078e-05,3.14158,8.99044e-05,
21.8777,-0.329191,0.0430817,0.00551214,3.21519e-05,-3.14154,1.58283e-06,
21.8808,-0.329201,0.043089,0.00551666,-3.76212e-06,-3.14153,-5.94675e-05,
21.887,-0.329181,0.0431037,0.00549795,4.65084e-05,3.14158,-1.51167e-05,
21.8933,-0.329189,0.0430843,0.00550483,2.65384e-05,3.14157,-1.1512e-05,
21.8964,-0.329192,0.0430986,0.00551538,-2.74293e-05,-3.14148,-1.03469e-05,
21.9025,-0.329184,0.0430899,0.00549876,-0.000106354,-3.14159,1.00052e-05,
21.9087,-0.329194,0.0430983,0.0055132,-8.8732e-05,-3.14158,2.25779e-06,
21.912,-0.329182,0.0431042,0.00550901,-1.39833e-05,-3.14156,-8.00657e-05,
21.9178,-0.329184,0.0431008,0.00549588,-1.79748e-05,3.14156,3.13864e-05,
21.9232,-0.329196,0.0431239,0.00551088,-0.000102412,-3.14154,-9.07386e-05,
21.9265,-0.329184,0.0431092,0.0054982,1.35965e-05,3.14155,3.6867e-05,
21.9317,-0.329174,0.0430939,0.00550608,-5.20286e-05,3.14155,-2.87308e-05,
21.9379,-0.329199,0.0430902,0.00549835,-4.79264e-05,-3.14154,6.95802e-05,
21.941,-0.329214,0.0430922,0.0055131,-1.49878e-06,-3.14151,-4.4323e-05,
21.9473,-0.329189,0.043103,0.00550081,-9.96751e-05,-3.14158,1.10742e-05,
21.9525,-0.329205,0.0431143,0.00551875,-8.99645e-05,-3.14152,-5.45303e-05,
21.9559,-0.329212,0.0431137,0.00550537,4.49531e-05,-3.14154,-5.15332e-05,
21.9602,-0.329199,0.0431148,0.00551243,-1.34166e-05,-3.14153,-5.3061e-05,
21.9664,-0.329185,0.0430946,0.00550271,-1.30013e-07,3.14159,6.30034e-05,
21.9695,-0.329186,0.0430902,0.00551079,-2.156e-05,-3.14154,-3.15251e-05,
21.9757,-0.329179,0.0430793,0.00549834,-1.10333e-05,-3.14158,6.76158e-06,
21.9789,-0.32917,0.0430897,0.0054976,1.40465e-05,3.14157,3.61847e-05,
21.985,-0.329211,0.0431121,0.00550652,-7.34676e-05,-3.14154,-2.35442e-05,
21.9903,-0.329205,0.0430872,0.00551354,0.000122167,-3.14152,-4.35744e-05,
21.9934,-0.32917,0.043078,0.00548537,-0.000181118,3.14153,-9.47564e-05,
21.9994,-0.329214,0.0431096,0.00551812,-4.02542e-05,-3.14148,-7.40473e-05,
22.0048,-0.329166,0.0430819,0.00550712,-8.94377e-06,3.14156,4.71212e-05,
22.0079,-0.329228,0.0431222,0.00551631,4.58193e-06,-3.14148,-9.77233e-05,
22.014,-0.329171,0.0430994,0.00551089,1.43014e-05,3.14158,5.07548e-05,
22.017,-0.329188,0.043101,0.00550777,1.64118e-05,3.14159,0.000108671,
22.0233,-0.329206,0.0430885,0.0055042,0.000155205,-3.14154,-4.18246e-05,
22.0285,-0.329232,0.0431206,0.00553007,-3.37885e-05,-3.14148,-0.000149015,
22.0317,-0.329186,0.0430993,0.00550409,8.78349e-05,3.14159,-1.7511e-05,
22.0379,-0.329197,0.0431046,0.00552187,-5.19515e-05,-3.14158,-0.000110604,
22.044,-0.329183,0.0430784,0.00551251,0.000128707,-3.14157,6.15147e-06,
22.0472,-0.329195,0.0430867,0.00549853,-2.92738e-05,-3.14157,4.28146e-05,
22.0534,-0.329177,0.0430891,0.00550468,-7.42406e-05,-3.14159,2.21712e-05,
22.0594,-0.329188,0.0430895,0.00550789,4.48571e-05,-3.14159,-3.1572e-05,
22.0625,-0.329187,0.0431108,0.00550022,-0.00012111,-3.14159,-8.61732e-05,
22.0679,-0.329199,0.0430955,0.00550694,-8.67741e-05,-3.14153,-1.0969e-05,
22.0709,-0.329203,0.0430929,0.00551833,3.72212e-05,-3.14152,5.46583e-06,
22.077,-0.329211,0.0431053,0.0055187,-7.99897e-05,-3.14149,-8.02643e-05,
22.0832,-0.329193,0.0430995,0.00550363,6.70202e-05,3.14158,-1.52971e-05,
22.0863,-0.329195,0.0431137,0.00550451,-6.74623e-05,-3.14156,4.89727e-07,
22.0945,-0.329174,0.0430925,0.00549346,0.000117676,3.14156,-5.02209e-05,
22.0992,-0.329229,0.0431089,0.00550721,6.80689e-05,-3.14151,-2.5075e-05,
22.1025,-0.32918,0.0430901,0.00549123,-1.18906e-05,3.14155,-3.44252e-05,
22.1092,-0.329167,0.0430859,0.00551525,6.82623e-05,-3.14158,-6.37333e-05,
22.1138,-0.329196,0.0431032,0.00551503,-6.15094e-05,-3.14154,-2.39977e-05,
22.1169,-0.329177,0.0430907,0.00549151,2.78854e-05,3.14157,-0.000101006,
22.123,-0.329183,0.0430795,0.00551247,2.99602e-05,-3.14156,-2.2273e-05,
22.1292,-0.329166,0.0430874,0.00549993,-6.34471e-05,3.14154,-1.92445e-05,
22.1324,-0.32918,0.0430868,0.00550296,-8.96807e-06,3.14158,3.32737e-05,
22.1385,-0.329181,0.0431017,0.00551095,8.98935e-05,3.14159,7.55403e-05,
22.1448,-0.329174,0.0430851,0.00549986,4.34035e-05,3.14157,2.54768e-05,
22.1479,-0.329172,0.0430645,0.00549455,-4.10937e-05,3.14156,-6.46628e-05,
22.153,-0.329191,0.0431027,0.00551006,-2.16923e-05,-3.14155,-2.4646e-05,
22.1593,-0.329189,0.0430895,0.00551265,0.000115622,-3.14154,-8.93464e-05,
22.1624,-0.329211,0.0430965,0.00550744,-1.46779e-05,-3.14148,-8.43057e-06,
22.1684,-0.329178,0.0430855,0.0055094,7.81451e-06,3.14158,-2.86806e-05,
22.1716,-0.329186,0.0431048,0.00551887,-9.48148e-05,-3.14153,-0.000121474,
22.1778,-0.329188,0.0431096,0.00551157,-0.000111495,-3.14155,-4.80011e-05,
22.186,-0.329164,0.0431038,0.00550601,-1.95283e-05,3.14155,7.92793e-05,
22.1892,-0.329213,0.043104,0.00550334,-8.08371e-05,-3.14151,1.6601e-05,
22.1935,-0.329184,0.0430856,0.00551314,-6.21733e-05,-3.14153,2.73516e-05,
22.1998,-0.32919,0.0430819,0.00551948,-1.77951e-05,-3.14151,-4.85671e-05,
22.2029,-0.329187,0.0430916,0.00551131,-2.99264e-06,-3.14156,-2.49556e-05,
22.209,-0.329165,0.0430615,0.00549144,-3.59488e-05,3.14155,-4.93649e-05,
22.2121,-0.329189,0.0430929,0.00551388,3.74445e-05,-3.14156,-4.75852e-05,
22.2183,-0.329189,0.0430948,0.00551237,-6.64433e-06,-3.14152,9.66105e-06,
22.2245,-0.329215,0.0431137,0.00551895,-1.43558e-05,-3.1415,-4.41868e-05,
22.2277,-0.329173,0.0430838,0.0054883,3.99058e-05,3.14151,-3.09938e-05,
22.2332,-0.329222,0.0431166,0.00552007,6.45093e-05,-3.14146,-4.82419e-05,
22.2395,-0.329227,0.0431045,0.0055226,-1.36918e-06,-3.14145,-7.72086e-05,
22.2426,-0.329195,0.043098,0.00550861,-1.47433e-05,-3.14154,-6.91636e-05,
22.2488,-0.329172,0.0430859,0.00549973,4.06322e-05,3.14156,-3.69196e-05,
22.2549,-0.329216,0.0431159,0.00552979,-8.94121e-06,-3.14146,-0.000106516,
22.258,-0.32918,0.0430987,0.00551587,3.52684e-05,-3.14158,-9.6625e-05,
22.2643,-0.329176,0.0430755,0.00548709,2.51689e-05,-3.14158,1.31661e-05,
22.2695,-0.32918,0.0430913,0.00549935,7.86566e-05,3.14157,2.17791e-05,
22.2728,-0.329219,0.043128,0.00552594,-0.000106143,-3.14148,-0.000180161,
22.2802,-0.329202,0.0431137,0.00550915,2.343e-05,-3.14156,-0.000138846,
22.2864,-0.329172,0.0430906,0.0055012,-5.69579e-05,3.14158,1.63565e-06,
22.2895,-0.329207,0.0430987,0.00551348,-4.96377e-05,-3.14153,8.99298e-06,
22.2958,-0.329184,0.0430692,0.00551742,0.000103324,-3.14155,-1.70529e-05,
22.2989,-0.329203,0.043118,0.00552049,2.4197e-05,-3.14149,-0.000104842,
22.305,-0.329184,0.0431046,0.00550215,-1.21867e-05,3.14159,8.30571e-05,
22.3104,-0.329196,0.0430787,0.00551102,-3.43597e-05,-3.14148,8.4156e-05,
22.3134,-0.329177,0.0431056,0.00550085,9.10476e-05,3.14156,-6.81747e-05,
22.3187,-0.329176,0.0430839,0.00551074,-1.49801e-05,-3.14157,3.38209e-06,
22.325,-0.32921,0.0431096,0.00549853,-2.0959e-05,-3.14155,-1.15894e-05,
22.3281,-0.329196,0.0431109,0.00551702,-3.20811e-05,-3.14152,-8.04856e-05,
22.3344,-0.3292,0.0431084,0.00551071,-4.02549e-05,-3.14152,-6.50561e-05,
22.3404,-0.329186,0.0431029,0.0055153,3.05689e-05,-3.14157,-4.23456e-05,
22.4219,-0.329169,0.0430831,0.00550326,-5.16093e-05,3.14157,-1.23288e-05,
22.4259,-0.32921,0.0430979,0.00552851,0.000199931,-3.14151,-0.000129257,
22.429,-0.329166,0.0430842,0.00550142,1.43191e-05,3.14156,-1.06743e-05,
22.4353,-0.329194,0.0431021,0.00551269,-6.67441e-05,-3.14156,-3.42212e-05,
22.4415,-0.329195,0.043084,0.00550342,-3.362e-05,-3.14156,-1.64695e-05,
22.4446,-0.329163,0.043086,0.00550083,-6.75267e-05,3.14155,6.08046e-05,
22.4509,-0.329175,0.0430816,0.00550621,6.5312e-05,-3.14159,-4.42986e-05,
22.4569,-0.329195,0.0431214,0.0055056,-0.000111655,-3.14156,-2.28301e-06,
22.763,-0.329192,0.0430859,0.00551054,-5.46145e-05,-3.14153,-1.2954e-06,
22.7662,-0.329208,0.0430979,0.00551548,-2.8091e-06,-3.1415,-7.20774e-05,
22.7735,-0.329172,0.0430918,0.00549467,-1.2124e-05,3.14158,-8.57978e-06,
22.7797,-0.329186,0.0430943,0.00551569,3.85337e-05,-3.14152,-8.88514e-05,
22.7829,-0.329179,0.0430897,0.0055038,4.14131e-05,3.14156,8.42398e-06,
22.7889,-0.329216,0.04309,0.00550861,5.84633e-05,-3.14151,-2.11129e-05,
22.792,-0.329214,0.0431052,0.00552696,1.36682e-05,-3.14144,-7.13873e-05,
22.7983,-0.329177,0.0430857,0.0055132,1.6401e-05,-3.14154,5.55038e-05,
23.1295,-0.329227,0.043108,0.00552411,2.33608e-05,-3.14145,-9.13599e-05,
23.1329,-0.329198,0.0430953,0.0054957,-4.79044e-05,-3.14157,1.50246e-05,
23.1382,-0.329184,0.0430826,0.0055037,-3.58319e-05,-3.14154,5.28419e-05,
23.1444,-0.32919,0.0431008,0.00551614,-4.72881e-05,-3.14155,-3.62473e-05,
23.1475,-0.329207,0.0431259,0.00550784,-8.57555e-05,-3.14147,-2.10825e-05,
23.1537,-0.329178,0.0430896,0.0055013,4.44722e-05,-3.14157,-2.78103e-05,
23.1569,-0.329183,0.0431006,0.0055062,1.89053e-05,-3.14157,-5.83244e-05,
23.163,-0.329196,0.0431051,0.00549631,-0.00013902,-3.14156,-3.92483e-05,
23.1693,-0.329201,0.0430983,0.00550915,4.21036e-05,-3.14153,-5.90387e-05,
23.1727,-0.329189,0.0431045,0.00549903,-4.26363e-05,3.14158,2.32091e-05,
23.1809,-0.329198,0.0430858,0.00550098,8.07791e-05,-3.14159,-8.0678e-06,
23.1859,-0.329208,0.0431039,0.00552276,-6.87364e-05,-3.14148,-8.71379e-05,
23.1891,-0.329154,0.0430872,0.0055012,8.02252e-05,3.14154,-2.21491e-05,
23.1953,-0.329205,0.0431166,0.0055037,-9.18548e-05,-3.14154,-8.5172e-05,
23.2014,-0.32921,0.0430917,0.00551847,9.49809e-05,-3.14153,-5.08613e-05,
23.2045,-0.329179,0.0431151,0.00550035,0.000118432,3.14154,8.18404e-05,
23.251,-0.329186,0.0431034,0.00550157,3.73713e-05,3.14159,5.24579e-05,
23.2552,-0.329188,0.0431126,0.00551688,-9.43567e-05,-3.14157,-0.000105514,
23.2583,-0.329186,0.043092,0.00551552,-2.6957e-05,-3.14155,-3.33417e-05,
23.2636,-0.329205,0.043102,0.0055195,2.53975e-05,-3.14152,-5.62951e-05,
23.2669,-0.329196,0.0430867,0.00550404,-1.18888e-05,-3.14156,-3.07422e-05,
23.2726,-0.329234,0.0430979,0.00553447,5.89648e-06,-3.14141,-3.52498e-05,
23.2788,-0.329209,0.0431133,0.00552086,-4.0412e-05,-3.14152,-0.000114601,
23.2819,-0.329194,0.0431067,0.00552045,-4.68146e-05,-3.1415,-0.000122269,
23.288,-0.329197,0.0430948,0.00551143,1.20473e-05,-3.14154,-4.55291e-05,
23.2933,-0.329178,0.0430914,0.00551164,4.41805e-05,-3.14157,-2.54119e-05,
23.2964,-0.329197,0.0431034,0.00550504,5.09526e-05,-3.14158,-7.7418e-05,
23.3025,-0.329176,0.0430982,0.00551059,7.04742e-05,-3.14157,-3.3801e-05,
23.3107,-0.329184,0.0430785,0.00551061,9.97083e-05,-3.14156,-3.676e-05,
23.3138,-0.329188,0.0430996,0.0055161,-3.22235e-05,-3.14154,-3.5934e-05,
23.3199,-0.329187,0.0430716,0.00551623,0.000186682,-3.14153,-4.85999e-05,
23.323,-0.32919,0.0430921,0.0055148,-5.46727e-05,-3.14153,-1.04207e-05,
23.3293,-0.329213,0.0431111,0.00552128,-8.00743e-05,-3.14149,-8.12823e-05,
23.3345,-0.329202,0.0430997,0.00552242,-4.11033e-05,-3.1415,-8.40543e-05,
23.3377,-0.329206,0.0431124,0.00552331,7.52951e-06,-3.1415,-9.65455e-05,
23.3439,-0.329209,0.0431068,0.00552469,6.30766e-05,-3.14146,-5.3595e-05,
23.35,-0.329194,0.0431031,0.00551728,-7.3496e-06,-3.14155,-0.000121487,
23.3533,-0.329189,0.0430999,0.00550761,-1.36838e-05,-3.14158,1.70217e-05,
23.3588,-0.329196,0.0430948,0.00550972,4.94745e-05,-3.14155,-3.39831e-05,
23.3649,-0.32918,0.0430996,0.00550689,-1.19122e-05,3.14157,6.51249e-05,
23.368,-0.32919,0.0430974,0.00551623,-3.56026e-05,-3.1415,-6.90706e-05,
23.3734,-0.329205,0.043095,0.00551639,3.75532e-05,-3.1415,-4.26885e-05,
23.3794,-0.329214,0.0431061,0.0055298,3.96828e-05,-3.14146,-7.17885e-05,
23.3825,-0.329194,0.0430843,0.00550562,-2.60436e-05,-3.14152,1.32619e-05,
23.3887,-0.329184,0.0430752,0.00551698,0.000107774,-3.14153,3.27628e-05,
23.3919,-0.329191,0.0430865,0.00551584,7.6557e-05,-3.14158,-0.000161073,
23.3999,-0.329185,0.0430898,0.00551218,-1.8737e-05,-3.14154,1.7894e-05,
23.4059,-0.329187,0.0431019,0.00550966,-2.80922e-05,-3.14151,-3.75915e-05,
23.4091,-0.329197,0.0431073,0.00551574,-7.45447e-05,-3.14149,-8.28505e-05,
23.4144,-0.329194,0.043104,0.00552469,-7.34881e-05,-3.14152,-6.10649e-05,
23.4204,-0.329214,0.0431142,0.0055197,-4.39661e-05,-3.14147,-8.13184e-05,
23.4235,-0.329189,0.0430986,0.00550581,-9.14775e-05,-3.14159,-2.33917e-05,
23.4298,-0.329182,0.0430826,0.00550797,-6.65175e-05,-3.14155,-1.37044e-06,
23.4329,-0.329176,0.0430767,0.00550056,-1.04833e-05,3.14157,1.50305e-05,
23.439,-0.329185,0.0430893,0.00550359,3.69627e-05,-3.14155,-2.24367e-05,
23.4464,-0.329214,0.0431043,0.00552506,-0.000108076,-3.14149,-2.29752e-05,
23.5283,-0.329193,0.0430984,0.00551937,-1.43929e-05,-3.14153,-1.45161e-05,
23.5315,-0.329186,0.0430796,0.00549377,-8.16984e-06,-3.14158,5.04735e-05,
23.5362,-0.329189,0.0430854,0.00551436,3.50362e-05,-3.14154,2.82911e-05,
23.5406,-0.329214,0.0430895,0.00552299,0.000100387,-3.14146,-1.50563e-05,
23.544,-0.329176,0.0430933,0.00550835,-4.70825e-05,-3.14158,-3.37231e-05,
23.5482,-0.32917,0.0430952,0.00550423,-7.78919e-05,3.14158,3.31976e-06,
23.5544,-0.329171,0.0430803,0.00549356,5.4507e-05,3.14159,-4.23125e-05,
23.5575,-0.329199,0.0431133,0.00552196,5.70524e-05,-3.14149,-6.36198e-05,
23.5638,-0.329176,0.0430881,0.00550647,2.85801e-05,3.14157,2.40581e-05,
23.5669,-0.329185,0.0430806,0.005505,3.68761e-05,-3.14154,1.78616e-05,
23.572,-0.329189,0.0430922,0.00551589,-7.25571e-05,-3.14153,-4.51018e-05,
23.5794,-0.329199,0.0430952,0.00549797,-3.63939e-05,3.14156,2.67203e-06,
23.5825,-0.329195,0.0431153,0.00551202,-6.51285e-05,-3.14153,-2.55978e-05,
23.5885,-0.329207,0.0431172,0.00551877,-7.26351e-05,-3.14151,-7.14078e-05,
23.5947,-0.329206,0.0431007,0.00551125,-5.47127e-05,-3.14153,-2.12021e-05,
23.5979,-0.329199,0.0430927,0.00550513,-2.75978e-05,-3.14156,-5.48529e-05,
23.604,-0.329198,0.043088,0.00550977,3.03184e-05,-3.14149,-1.60855e-05,
23.6093,-0.32923,0.0431209,0.00552955,4.4453e-05,-3.14142,-0.000127901,
23.6124,-0.329197,0.0430936,0.00549409,2.61054e-05,3.14159,3.82738e-05,
23.6184,-0.329172,0.043101,0.0055097,-9.82228e-05,-3.14158,2.70116e-05,
23.6218,-0.329183,0.0431021,0.0055026,1.89451e-05,-3.14158,-5.24672e-05,
23.628,-0.329202,0.043103,0.00550316,3.71686e-05,-3.14152,-8.45611e-05,
23.6342,-0.329199,0.043095,0.00551354,-2.60919e-05,-3.1415,-1.13187e-05,
23.6373,-0.329191,0.0430909,0.00550072,-6.67224e-06,-3.14156,2.40751e-05,
23.6829,-0.329171,0.0430966,0.00549967,-8.16088e-05,3.14154,5.2363e-05,
23.6869,-0.329171,0.0430843,0.00550985,-2.84903e-05,-3.14159,-2.19891e-06,
23.69,-0.329182,0.0430881,0.0054959,-2.14349e-05,-3.14157,-5.57213e-06,
23.6963,-0.329171,0.0430908,0.00549915,-1.59451e-05,3.14158,4.22014e-05,
23.7024,-0.32922,0.0431112,0.00552634,6.0825e-05,-3.14148,-0.000162657,
23.7055,-0.329192,0.0430932,0.00551435,-4.05719e-05,-3.14154,9.69777e-07,
23.7118,-0.329176,0.0430893,0.00550568,-5.09473e-05,3.14159,2.93927e-05,
23.7197,-0.329184,0.0430904,0.00549875,2.38457e-06,-3.14156,3.47636e-05,
23.7231,-0.329173,0.0430985,0.00549896,-0.000104888,-3.14159,5.21107e-05,
23.7288,-0.32917,0.0430794,0.00548965,9.7282e-06,3.14154,-2.95323e-05,
23.7334,-0.329185,0.043095,0.0055113,-6.61823e-05,-3.14157,3.12951e-05,
23.7365,-0.329201,0.0431016,0.00551492,-8.082e-05,-3.14152,-4.33102e-05,
23.7427,-0.329205,0.0430996,0.00551977,4.93926e-05,-3.14151,-4.38547e-05,
23.7489,-0.329211,0.0431096,0.00553434,-4.12518e-05,-3.14147,-9.58575e-05,
23.752,-0.329197,0.0431158,0.00550015,-0.000122927,-3.14157,9.6925e-06,
23.7584,-0.329178,0.0430867,0.00550949,-4.8056e-05,-3.14158,4.42146e-06,
23.7645,-0.329182,0.0430878,0.00550706,3.40105e-05,3.14159,-3.59002e-05,
23.7676,-0.329186,0.0430933,0.00549918,3.08836e-05,-3.14158,-3.33789e-05,
23.7729,-0.329166,0.0430992,0.00548984,5.98333e-05,3.14155,-1.87609e-05,
23.776,-0.329187,0.0430803,0.00550112,-2.89412e-06,-3.14155,3.11232e-05,
23.7823,-0.329205,0.0431065,0.00551854,-5.25434e-05,-3.14153,-5.59973e-05,
23.7884,-0.329177,0.0430907,0.00550193,2.48852e-06,3.14156,-2.12436e-05,
23.7915,-0.329197,0.0430889,0.00550702,5.57127e-05,-3.14151,-8.78494e-06,
23.7978,-0.329184,0.0430984,0.00551302,5.0355e-06,-3.14157,8.15857e-06,
23.805,-0.329206,0.0430995,0.0055197,-2.93157e-05,-3.14153,-6.96293e-05,
23.8081,-0.329203,0.0431067,0.00550283,-0.000118319,-3.14154,-3.72902e-06,
23.8134,-0.329175,0.0430925,0.0055045,5.30828e-06,3.14159,-1.33179e-05,
23.8196,-0.329227,0.0431163,0.00551776,2.83378e-05,-3.14149,-5.40333e-05,
23.8228,-0.329192,0.0430911,0.00549331,-5.09993e-05,3.14159,-4.01412e-06,
23.8289,-0.329187,0.0430834,0.00550467,-1.53582e-06,-3.14157,9.03136e-06,
23.8321,-0.329165,0.0430783,0.00551426,8.8351e-05,-3.14159,-1.53377e-05,
23.8383,-0.32922,0.0431016,0.00552526,4.33058e-05,-3.1415,-9.90962e-05,
23.8445,-0.32921,0.0431173,0.00551757,8.03673e-08,-3.14148,-3.87811e-05,
23.8478,-0.329193,0.0430883,0.00549251,8.22651e-05,-3.14158,8.38654e-05,
23.8531,-0.329192,0.0431039,0.00550075,-1.32408e-05,-3.14155,-3.06806e-05,
23.8594,-0.329189,0.0430811,0.0055187,6.28179e-05,-3.14153,2.11355e-06,
23.8625,-0.329189,0.0430952,0.00551496,-4.56844e-05,-3.14154,-2.64632e-05,
23.8685,-0.329179,0.0430958,0.0054974,3.84335e-05,-3.14157,1.83239e-05,
23.8747,-0.329202,0.0431102,0.00552576,-6.12313e-05,-3.14151,-0.000163726,
23.8779,-0.329188,0.043091,0.0055141,-7.28093e-05,-3.14156,-1.28462e-05,
23.884,-0.329179,0.0430939,0.00550446,-4.64616e-05,-3.14159,4.9825e-06,
23.8893,-0.32919,0.0431197,0.00551672,-6.34632e-05,-3.14153,-9.15644e-05,
23.8927,-0.32918,0.0430861,0.00549208,-4.86218e-05,3.14156,-3.54702e-05,
23.8972,-0.329191,0.0430978,0.00551036,-6.6351e-05,-3.14152,-4.93805e-05,
23.9034,-0.329189,0.0430954,0.00550992,-6.57392e-05,-3.14152,-9.32769e-06,
23.9065,-0.329198,0.0430985,0.0055151,-0.000118026,-3.14149,-5.72305e-05,
23.9127,-0.329181,0.0430943,0.00551896,-3.50131e-05,-3.14154,-9.36595e-05,
23.9159,-0.329231,0.0431096,0.00553319,1.52881e-05,-3.14144,-0.000208453,
23.9624,-0.329195,0.0431013,0.00550923,2.35072e-05,-3.14154,-9.24073e-05,
23.9664,-0.329182,0.043109,0.00550216,9.34602e-05,3.14157,0.000105313,
23.9695,-0.329184,0.0430995,0.00549533,3.44006e-05,3.14159,-2.81609e-06,
23.9757,-0.329178,0.0430853,0.00551351,-7.99965e-05,-3.14156,-4.92538e-05,
23.9799,-0.329197,0.0430922,0.00549542,-4.03103e-05,-3.14155,2.90463e-05,
23.9833,-0.329209,0.0430954,0.00551408,8.84351e-05,-3.1415,-2.70599e-05,
23.9915,-0.329193,0.0430896,0.00552042,4.45501e-05,-3.14149,-9.23047e-05,
23.9968,-0.329183,0.0430946,0.00550811,-2.22015e-05,-3.14154,-2.75352e-05,
23.9999,-0.329174,0.0430785,0.00550272,4.10073e-05,3.14159,4.07126e-05,
24.0051,-0.329199,0.0430978,0.0055023,6.84522e-06,-3.14155,-1.14806e-05,
24.0113,-0.329177,0.0430944,0.00549978,8.68861e-05,3.14159,-2.04171e-05,
24.0144,-0.329204,0.0430868,0.00550621,7.60492e-05,-3.14148,-1.67525e-05,
24.0204,-0.329174,0.0430808,0.005502,-8.31489e-05,3.14156,3.8801e-05,
24.0235,-0.329185,0.0430857,0.00551439,-5.47665e-05,-3.14154,1.99588e-05,
24.0318,-0.329181,0.0430878,0.00550181,1.13339e-05,-3.14157,4.49492e-06,
24.0364,-0.329174,0.0430997,0.00550266,-3.82265e-05,3.14158,2.29532e-05,
24.0397,-0.329201,0.0430889,0.00550794,3.08311e-05,-3.14154,-5.73345e-05,
24.045,-0.329192,0.0431048,0.00551009,-7.35152e-05,-3.14157,-4.06047e-05,
24.0512,-0.329175,0.0430919,0.00550228,5.48577e-05,3.14156,-8.44169e-07,
24.0543,-0.329158,0.0430826,0.00549648,-1.28657e-05,3.14158,-6.35155e-05,
24.0604,-0.329197,0.0430912,0.00550333,4.18189e-05,-3.14156,4.04444e-05,
24.0666,-0.329175,0.0430908,0.00550648,-1.87252e-05,3.14158,3.84397e-05,
24.0699,-0.329213,0.0431005,0.0055075,2.47495e-05,-3.14154,-5.6254e-05,
24.0745,-0.329208,0.0431175,0.00552311,-9.59987e-05,-3.14148,-1.08871e-05,
24.0809,-0.329196,0.0430963,0.0055158,-3.36051e-05,-3.14151,-3.21663e-05,
24.0839,-0.329201,0.0431029,0.00548929,-1.39086e-05,-3.14154,2.11682e-05,
24.0893,-0.329174,0.043101,0.00550495,-5.91422e-05,3.14159,6.26558e-06,
24.0954,-0.329184,0.0430943,0.00551331,8.86574e-05,-3.14156,-0.000127731,
24.0986,-0.329182,0.0430812,0.00550736,5.53521e-05,-3.14159,-1.40014e-05,
24.1048,-0.329194,0.0430955,0.00549713,-1.40366e-05,-3.14156,-7.73197e-06,
24.1079,-0.329193,0.043099,0.00550007,-0.000105687,-3.14158,1.95175e-05,
24.114,-0.329191,0.0430899,0.00549604,-1.18573e-05,-3.14159,-2.73566e-05,
24.1203,-0.32923,0.0430951,0.00550437,4.88692e-05,-3.14147,4.27701e-06,
24.1234,-0.329194,0.0431001,0.00549054,3.53216e-05,3.14157,-1.70195e-05,
24.1285,-0.329175,0.0430921,0.00549686,7.14756e-06,3.14159,5.23338e-05,
24.1348,-0.329173,0.0430839,0.0055063,-3.00412e-05,-3.14159,2.45352e-05,
24.1379,-0.329196,0.0431088,0.00550291,-1.34781e-06,-3.14156,-5.16106e-05,
24.1439,-0.329199,0.0430974,0.0055194,3.79738e-06,-3.14156,-0.000148204,
24.1471,-0.329184,0.0431038,0.00550091,3.8479e-05,-3.14157,-4.55843e-05,
24.1533,-0.329204,0.0431145,0.00551952,-6.72198e-05,-3.14151,-0.000115165,
24.1595,-0.329194,0.0430976,0.00551018,5.71785e-05,-3.14151,-2.71748e-05,
24.1627,-0.329194,0.0431064,0.00549574,7.27457e-05,3.14159,-1.89149e-05,
24.1682,-0.329171,0.0430939,0.00550808,9.42874e-05,3.14159,5.12861e-05,
24.1744,-0.329176,0.0430946,0.00549791,1.43504e-05,3.14158,-5.74594e-05,
24.1775,-0.329213,0.043103,0.00550137,-9.81048e-06,-3.14156,-3.49227e-05,
24.1837,-0.329192,0.0430888,0.00552149,2.90024e-05,-3.14157,-7.17658e-05,
24.1899,-0.329185,0.0430861,0.00549946,-1.66248e-05,3.14158,7.12631e-05,
24.193,-0.329173,0.0430992,0.00550085,-2.0836e-05,-3.14159,-6.03846e-06,
24.2388,-0.32919,0.0431207,0.00550116,-8.2376e-05,-3.14159,-3.15209e-05,
24.2429,-0.329165,0.0430825,0.0054958,8.01848e-05,3.14155,-2.9328e-05,
24.246,-0.329193,0.0430835,0.00549547,-0.000139765,3.14155,-1.49189e-05,
24.2543,-0.329188,0.043102,0.00551804,-1.57893e-05,-3.14153,-1.06002e-05,
24.2601,-0.3292,0.0431016,0.00551022,-8.11825e-05,-3.14157,-2.77406e-06,
24.2633,-0.329198,0.0430987,0.0055039,-2.10668e-05,-3.14155,3.96988e-05,
24.2694,-0.329223,0.043095,0.00549928,5.43037e-05,-3.14149,-4.69955e-05,
24.2757,-0.3292,0.0430944,0.00551267,0.000161628,-3.14155,-2.14197e-05,
24.2789,-0.329189,0.0430931,0.00551131,-7.27458e-06,-3.14151,2.03328e-06,
24.284,-0.329178,0.043083,0.00551131,-1.84757e-05,3.14159,-6.94075e-06,
24.2903,-0.329197,0.0431073,0.00551606,-5.98391e-05,-3.1415,-1.87745e-05,
24.2934,-0.32919,0.043094,0.00550911,-0.000111677,-3.14156,-1.17529e-05,
24.2985,-0.329189,0.0431052,0.00551705,1.73034e-05,-3.14153,-4.78194e-05,
24.3016,-0.329193,0.0431048,0.00550782,-5.91309e-05,-3.14157,-5.54919e-05,
24.3078,-0.329214,0.0431038,0.00550285,0.000100564,-3.14152,-5.12805e-05,
24.3139,-0.329174,0.043085,0.00549121,6.8881e-06,3.14157,-9.7497e-05,
24.317,-0.329195,0.0431161,0.00550158,6.15619e-06,-3.14156,-4.44126e-05,
24.3224,-0.32919,0.043098,0.00549947,-0.000117467,-3.14156,4.85101e-07,
24.3284,-0.329162,0.0430868,0.00549869,-3.7574e-05,3.14155,2.34114e-05,
24.3316,-0.329197,0.043107,0.00550875,-1.35688e-05,-3.14156,-2.83202e-05,
24.3378,-0.329188,0.0430987,0.00551535,1.93888e-05,-3.14154,-7.71756e-06,
24.341,-0.329223,0.0431077,0.00552038,-2.6821e-05,-3.14145,-5.6733e-05,
24.3465,-0.329186,0.0430951,0.00550094,-8.05502e-05,-3.14154,-1.6248e-05,
24.352,-0.329178,0.0430961,0.0055102,4.94774e-05,-3.14159,-6.47422e-05,
24.3567,-0.329181,0.0430929,0.00548154,6.45568e-05,3.14157,-0.000140158,
24.36,-0.32921,0.043097,0.00550334,6.28474e-05,-3.14154,5.27168e-06,
24.3647,-0.329238,0.0431077,0.00552262,-2.76646e-05,-3.14143,-4.43504e-05,
24.3692,-0.329176,0.0430995,0.00552161,-0.000105752,-3.14156,-2.54126e-05,
24.3723,-0.329211,0.0431244,0.00551506,-0.000112406,-3.14153,-8.87504e-05,
24.3784,-0.329197,0.0431047,0.00550251,-7.70752e-05,-3.14157,-3.93428e-05,
24.3864,-0.32921,0.0431135,0.00552326,3.66267e-05,-3.14153,-0.000117323,
24.3895,-0.329179,0.0430859,0.00550449,-2.70171e-05,-3.14159,1.23569e-05,
24.3947,-0.329187,0.0430872,0.00549363,9.54669e-05,-3.14156,-5.83279e-06,
24.3978,-0.329188,0.0430929,0.00550687,-9.07244e-05,-3.14157,1.74725e-05,
24.4031,-0.329174,0.0430955,0.005516,-1.41353e-05,-3.14157,-6.67175e-05,
24.4094,-0.32918,0.043094,0.00549248,3.89357e-05,3.14155,1.07202e-05,
24.4124,-0.329172,0.043091,0.00551073,7.28961e-05,3.14157,9.86819e-06,
24.4185,-0.329184,0.0430827,0.00548697,-8.84061e-05,3.14158,-7.62913e-05,
24.4246,-0.329184,0.0430923,0.00550872,-2.11282e-05,-3.14156,4.22327e-05,
24.4278,-0.329172,0.0430826,0.00549694,1.42727e-05,3.14157,-3.63377e-05,
24.4331,-0.329218,0.0431044,0.00550596,-3.37079e-05,-3.14152,-2.5508e-05,
24.4385,-0.329173,0.0430979,0.00550285,7.30874e-05,3.14153,-1.24953e-05,
24.4417,-0.329193,0.0430901,0.00550511,-8.59795e-05,-3.14153,1.57952e-05,
24.4479,-0.329181,0.043096,0.00549561,7.54459e-06,3.14158,-2.4917e-05,
24.451,-0.329196,0.0431119,0.00551107,-6.5096e-05,-3.14155,-7.80602e-05,
24.4573,-0.329201,0.0430999,0.00550426,-5.2405e-05,-3.14154,5.16164e-06,
24.4634,-0.329202,0.0430991,0.00550729,-8.99787e-05,-3.14154,1.13068e-05,
24.4666,-0.329213,0.0430924,0.00552635,6.21363e-05,-3.14149,-8.0905e-05,
24.4729,-0.329183,0.0430952,0.00549252,2.1035e-05,3.14156,-3.31821e-06,
24.4792,-0.329171,0.0430796,0.00551136,-7.80826e-05,-3.14159,2.29754e-05,
24.4823,-0.329197,0.0431133,0.00550874,-3.43191e-05,-3.14153,-3.7592e-05,
24.4884,-0.329171,0.0430905,0.00549099,-4.96851e-05,3.14159,-2.56213e-05,
24.4947,-0.329228,0.0431316,0.00553364,-9.66016e-05,-3.14144,-0.000114374,
24.4978,-0.32919,0.0430917,0.00549451,2.6246e-06,3.14157,-8.26304e-05,
24.5039,-0.329196,0.0430933,0.00551273,6.22588e-05,-3.14151,-3.36553e-06,
24.507,-0.329188,0.0430878,0.00552309,6.21415e-05,-3.14153,-4.86401e-05,
24.5133,-0.329181,0.0430834,0.00549595,5.0425e-05,-3.14159,-1.50564e-05,
24.5186,-0.329179,0.0430761,0.00549086,-2.98759e-05,3.14158,-9.94293e-05,
24.5218,-0.32921,0.0430956,0.00551522,3.89008e-05,-3.14151,-3.11151e-05,
24.5279,-0.329172,0.0431012,0.00550517,2.53538e-05,3.14158,7.09824e-05,
24.5342,-0.329168,0.0430874,0.00549783,5.51227e-05,3.14154,-0.000112876,
24.5373,-0.329189,0.0430959,0.00550294,-7.27509e-06,-3.14157,-5.34336e-05,
24.5434,-0.329189,0.0431096,0.0055157,-0.000102546,-3.14155,-8.69691e-05,
24.5496,-0.329182,0.04311,0.00550744,2.79798e-05,3.14159,-2.04513e-05,
24.5924,-0.329199,0.0431081,0.00551927,-5.32136e-05,-3.14153,-6.87623e-05,
24.5964,-0.32916,0.0430852,0.00550705,-2.53911e-05,3.14158,-3.37451e-05,
24.6024,-0.32917,0.0430918,0.00549831,-2.3292e-05,3.14154,6.05922e-05,
24.6055,-0.329201,0.0430984,0.00550448,4.44217e-06,-3.14155,6.19705e-07,
24.6108,-0.329177,0.0431087,0.00548943,0.000129439,3.14156,8.68428e-06,
24.6141,-0.329198,0.0431092,0.00550436,9.91769e-06,-3.14154,-3.79633e-05,
24.6195,-0.329182,0.0431015,0.00551928,6.96826e-05,-3.14155,-5.59753e-05,
24.6257,-0.329175,0.0431042,0.00548889,0.000103896,3.14157,-9.76193e-06,
24.6289,-0.329163,0.0430812,0.00549218,-4.63739e-06,3.14156,-2.9914e-05,
24.6341,-0.32922,0.0431019,0.00552678,0.000101854,-3.14149,-0.000116982,
24.6403,-0.329226,0.0431255,0.00552573,3.06382e-05,-3.14146,-6.29133e-05,
24.6434,-0.329186,0.0431041,0.0055076,-0.0001115,-3.14153,1.50993e-05,
24.6495,-0.329183,0.0430843,0.00551504,3.65707e-05,-3.14156,-1.70622e-06,
24.6576,-0.329176,0.0430885,0.00550111,9.89942e-06,-3.14158,6.10936e-06,
24.6608,-0.329204,0.0431088,0.00550463,5.548e-05,-3.14154,-2.18398e-05,
24.6652,-0.329177,0.0430702,0.00551484,-9.35473e-05,3.14159,6.40758e-05,
24.747,-0.329195,0.0430852,0.0055001,-0.000113471,3.14158,-6.31424e-05,
24.7502,-0.32919,0.0430769,0.00550975,0.000100976,-3.14155,3.09074e-05,
24.7543,-0.329162,0.0430792,0.00550209,3.36876e-05,3.14158,-2.553e-05,
24.7604,-0.329213,0.0430955,0.00551577,-9.77004e-06,-3.1415,-2.01776e-05,
24.7635,-0.329182,0.0430929,0.0055149,2.48314e-05,-3.14155,-6.25178e-05,
24.7697,-0.329165,0.0430936,0.00550116,-8.2303e-05,3.14156,-2.10133e-05,
24.7728,-0.329201,0.0431178,0.00550838,-4.59836e-05,-3.14154,-0.000158977,
24.7789,-0.329173,0.0430912,0.00550445,-2.30936e-05,3.14156,1.80558e-05,
24.888,-0.329148,0.0430777,0.00550253,-2.30703e-05,3.14152,-2.06613e-05,
24.8911,-0.329181,0.04308,0.00550532,-4.27208e-05,-3.14157,3.52314e-05,
24.8954,-0.329171,0.0430746,0.00550778,-6.17664e-05,3.14154,-1.98984e-05,
24.9014,-0.329169,0.0430903,0.00550425,1.44762e-05,3.14157,-4.45759e-05,
24.9045,-0.329179,0.0430782,0.00550515,-0.000106716,3.14158,-7.36705e-05,
24.9108,-0.32919,0.0431227,0.0055059,-7.81087e-05,-3.14157,2.88071e-05,
24.9139,-0.329215,0.0430994,0.00551125,6.90485e-05,-3.14152,-8.68487e-05,
24.9199,-0.329201,0.0431039,0.00551534,1.82053e-05,-3.14152,-0.000105424,
24.9337,-0.329174,0.0430936,0.00549889,4.5729e-05,3.14157,-6.26811e-06,
24.937,-0.329184,0.0430822,0.00550718,-4.81471e-05,-3.14157,5.93875e-05,
24.9454,-0.32919,0.0431044,0.00552096,-8.0054e-05,-3.14153,-8.59105e-05,
24.953,-0.329187,0.0430957,0.0055048,3.21364e-05,-3.14157,1.01326e-05,
24.9562,-0.329184,0.0430692,0.00550911,3.51624e-05,-3.14156,1.06605e-05,
24.9624,-0.32919,0.0431117,0.00550221,6.51424e-05,3.14159,6.02095e-05,
24.9684,-0.329202,0.0431006,0.00550118,-4.16272e-05,-3.14153,-5.23491e-05,
24.9715,-0.329181,0.0430883,0.00551072,3.73775e-05,-3.14158,-2.21548e-05,
24.976,-0.329196,0.0431061,0.00549893,-0.000102475,-3.14156,-2.06805e-05,
24.9791,-0.329192,0.0431101,0.00551683,-0.00013257,-3.14154,-5.66041e-05,
24.9844,-0.329187,0.0430969,0.00551566,-8.70739e-05,-3.14155,1.35449e-05,
24.9904,-0.329187,0.0431031,0.0055068,-1.40738e-05,-3.14156,-4.53526e-05,
24.9935,-0.329197,0.0431081,0.00551654,1.22749e-05,-3.1415,-8.23497e-05,
24.9997,-0.329187,0.0431053,0.0055115,-4.63045e-05,-3.14156,-8.03995e-05,
25.0059,-0.32917,0.0430764,0.00549754,8.85748e-05,-3.14159,2.22733e-05,
25.009,-0.329188,0.0430851,0.00550637,6.75304e-05,-3.14157,-4.02493e-05,
25.0154,-0.329204,0.043104,0.0055124,-7.53453e-06,-3.14153,-3.29211e-05,
25.02,-0.32919,0.0431109,0.0055022,-0.00013942,-3.14159,-2.23502e-06,
25.0233,-0.329195,0.0431054,0.00552053,-9.11253e-05,-3.14149,-7.05226e-05,
25.0307,-0.329196,0.0431025,0.00551036,-1.92922e-06,-3.14152,-6.98698e-05,
25.0369,-0.329181,0.0430829,0.00549365,-3.13618e-05,3.14157,-4.35859e-05,
25.04,-0.32919,0.0430906,0.005503,-7.35936e-07,-3.14156,1.06879e-05,
25.0463,-0.329196,0.0431143,0.00552488,-0.00011053,-3.14149,-0.000136624,
25.0524,-0.329183,0.0430985,0.00549866,0.000118298,3.14159,4.49959e-06,
25.0556,-0.329182,0.0430955,0.00550992,-5.9186e-05,-3.14157,-1.58191e-05,
25.061,-0.329202,0.0430967,0.00550332,-1.4379e-05,-3.14156,2.24572e-05,
25.0666,-0.32917,0.0430959,0.00551157,7.86036e-05,3.14158,8.11993e-05,
25.0698,-0.329184,0.0430821,0.00550958,7.64522e-05,-3.14154,2.61237e-05,
25.0759,-0.3292,0.0431154,0.00550441,-2.08966e-05,-3.14156,-5.43491e-05,
25.0791,-0.329181,0.0430927,0.00550533,5.80086e-05,-3.14153,-1.55872e-06,
25.0853,-0.329194,0.0430902,0.00549404,-2.34741e-06,-3.14158,7.09268e-05,
25.0914,-0.329184,0.0430749,0.00551367,4.80744e-05,-3.14155,-5.82916e-05,
25.0946,-0.329185,0.0430966,0.00550112,3.67053e-05,-3.14159,-1.22588e-06,
25.0998,-0.329183,0.0430988,0.00549606,-3.94065e-05,-3.14159,-4.64402e-05,
25.1072,-0.329189,0.0430991,0.00550726,-1.03648e-07,-3.14157,5.39885e-06,
25.1104,-0.329181,0.0430783,0.0054986,-7.55614e-05,3.14159,-5.41923e-05,
25.1164,-0.329161,0.0430865,0.00549219,3.97262e-05,3.14154,-5.16216e-05,
25.1226,-0.329198,0.0430971,0.00550924,-2.03805e-05,-3.14157,-1.89276e-05,
25.1258,-0.329173,0.0430729,0.00548885,-0.000139084,3.14155,-0.000113175,
25.1319,-0.3292,0.0431006,0.00550995,2.35544e-05,-3.1415,-4.94537e-05,
25.1363,-0.329184,0.0430876,0.00550263,7.42792e-05,-3.14157,-1.28076e-05,
25.1394,-0.329216,0.0431146,0.00551391,-4.4993e-05,-3.14152,-5.73029e-05,
25.1454,-0.329195,0.0431051,0.005504,1.34929e-08,-3.14157,-4.15246e-05,
25.1485,-0.32918,0.0430921,0.00549757,-5.22745e-05,-3.14159,-7.66337e-06,
25.1551,-0.329203,0.0431015,0.00550528,-2.32882e-06,-3.14154,1.94753e-05,
25.1613,-0.329189,0.0431045,0.0054974,7.19578e-05,3.14159,1.69395e-07,
25.1644,-0.329195,0.0430951,0.00550868,-6.72512e-05,-3.14155,-7.7829e-05,
25.1704,-0.329173,0.0430962,0.00548863,2.74848e-05,3.14155,2.98737e-05,
25.1767,-0.329173,0.0430747,0.00549976,-0.000127231,3.14156,-1.91149e-05,
25.1798,-0.329193,0.0431226,0.00550452,0.000161354,3.14159,-6.6648e-06,
25.185,-0.329188,0.0430916,0.00550789,-5.40183e-05,-3.14155,3.62702e-05,
25.1913,-0.329169,0.0430963,0.00550142,-2.52672e-05,3.14153,2.17645e-05,
25.1944,-0.329211,0.0430972,0.0055139,-3.94917e-05,-3.14149,-6.42615e-05,
25.1987,-0.329196,0.0431012,0.00550869,4.69237e-06,-3.14157,-0.000124012,
25.2018,-0.329211,0.0430943,0.00550728,-6.50464e-05,-3.14149,2.88975e-05,
25.2079,-0.329184,0.0430811,0.00549382,-2.90595e-05,-3.14157,4.78489e-05,
25.2142,-0.329188,0.0430901,0.00550754,-7.93033e-05,-3.14156,-2.59809e-05,
25.2173,-0.329179,0.0430841,0.00549651,-0.000115403,3.14158,-2.44747e-06,
25.2225,-0.329221,0.0430972,0.00551038,-3.95059e-05,-3.14147,-2.35613e-05,
25.2288,-0.329175,0.0430948,0.00549483,-4.02731e-05,-3.14159,2.8944e-05,
25.2319,-0.329178,0.0430953,0.00549615,8.96e-06,3.14158,-2.58562e-05,
25.2379,-0.32918,0.0430968,0.00551044,-7.46498e-06,-3.14158,-4.99293e-05,
25.2411,-0.329185,0.0430936,0.00550292,2.99526e-05,-3.14157,3.19787e-05,
25.2473,-0.329179,0.0431025,0.00549891,-3.74247e-05,3.14159,-2.02019e-05,
25.2534,-0.329181,0.0430983,0.00550288,2.7736e-05,3.14159,4.39327e-06,
25.2565,-0.329194,0.0430915,0.00550664,-8.13387e-06,-3.14156,-5.23091e-05,
25.2618,-0.32919,0.0430992,0.00551771,-6.0149e-05,-3.14155,-3.02111e-06,
25.2679,-0.329185,0.0430917,0.00550449,6.23394e-05,-3.14155,-1.32742e-05,
25.271,-0.329174,0.0430903,0.00550948,5.24529e-06,-3.14158,-7.61167e-06,
25.2773,-0.329173,0.0430845,0.00549749,-4.88429e-05,3.14158,2.01146e-05,
25.2834,-0.329195,0.0430958,0.00550766,-3.96608e-05,-3.14152,2.83861e-05,
25.2867,-0.32918,0.0430962,0.00550619,3.37531e-05,3.14157,6.08512e-05,
25.2949,-0.32918,0.0430978,0.00549494,4.65011e-05,3.14157,-2.62191e-05,
25.298,-0.329177,0.0430821,0.00550808,-1.63739e-05,-3.14157,-2.02941e-05,
25.3033,-0.329227,0.0430949,0.00551754,3.09031e-05,-3.14151,5.24509e-05,
25.3094,-0.329176,0.043098,0.00549068,0.000116196,3.14155,-3.31151e-05,
25.3125,-0.329203,0.0430951,0.00551597,4.33083e-05,-3.14157,-9.35146e-05,
25.3188,-0.329173,0.043098,0.00549794,6.85586e-06,3.14157,-3.82671e-05,
25.3249,-0.329183,0.0430832,0.00551776,5.54724e-05,-3.14153,-2.26711e-05,
25.328,-0.329219,0.0430981,0.00550889,2.99978e-05,-3.14153,-7.12658e-05,
25.411,-0.329178,0.04309,0.00548707,6.89261e-06,3.14155,-9.17341e-05,
25.4152,-0.329167,0.043103,0.00549542,9.72246e-05,3.14156,1.13944e-05,
25.4183,-0.329181,0.0430943,0.00550874,3.99064e-05,3.14159,-3.84339e-06,
25.4255,-0.329209,0.0431043,0.0055181,1.78114e-05,-3.1415,-1.62784e-06,
25.4318,-0.329206,0.0431045,0.00552308,5.09573e-05,-3.1415,-8.34836e-05,
25.4349,-0.329204,0.0431292,0.00551766,-7.35485e-05,-3.14153,-5.94687e-05,
25.4409,-0.329191,0.0431069,0.00549653,4.19265e-05,3.14158,3.62088e-05,
25.4441,-0.329203,0.0430932,0.0055031,5.5092e-06,-3.14154,-5.72134e-05,
25.5514,-0.329226,0.0430984,0.0055193,2.77989e-05,-3.14148,-0.00010485,
25.5546,-0.329188,0.0430964,0.00549471,-7.62879e-05,3.14159,-4.54691e-05,
25.5589,-0.329179,0.0430953,0.00550536,5.64052e-05,-3.14157,-4.47567e-05,
25.562,-0.329212,0.0430982,0.00550179,3.49182e-05,-3.14155,6.91628e-05,
25.5683,-0.329197,0.0431049,0.00551534,3.60568e-05,-3.14152,-5.41731e-05,
25.5744,-0.329223,0.0431117,0.00551022,-2.12379e-06,-3.1415,-7.1114e-05,
25.5776,-0.329178,0.0430845,0.00549554,1.48802e-05,3.14157,1.07192e-05,
25.5838,-0.329213,0.0431051,0.00552809,0.000113965,-3.1415,-0.000161739,
25.6472,-0.329189,0.0430677,0.00549671,5.46589e-05,-3.14157,7.10274e-05,
25.6504,-0.329195,0.0430955,0.00551153,-6.82542e-05,-3.14154,1.59697e-05,
25.6589,-0.329172,0.043087,0.00549775,6.51383e-05,3.14157,-6.3612e-06,
25.6635,-0.329198,0.0431014,0.00551912,-3.95245e-05,-3.1415,-5.94483e-05,
25.6668,-0.329168,0.0430871,0.00550284,0.000103675,3.14154,-2.79504e-05,
25.6729,-0.329188,0.0430865,0.00550571,2.47717e-05,-3.14157,-1.73429e-05,
25.676,-0.329205,0.0430905,0.0055028,2.96897e-05,-3.14156,5.53846e-05,
25.6823,-0.329214,0.043109,0.00551237,-2.74264e-05,-3.14146,-3.37974e-05,
25.6884,-0.329182,0.0431043,0.00550237,4.29322e-05,-3.14157,-3.83343e-05,
25.6918,-0.329208,0.043104,0.00551076,-4.20087e-05,-3.14151,6.01341e-06,
25.6963,-0.329201,0.0431024,0.00550558,-1.417e-05,-3.14156,-6.52755e-05,
25.7024,-0.329198,0.0431043,0.00551572,3.52113e-05,-3.14153,-4.19334e-05,
25.7055,-0.329189,0.043105,0.00550762,6.3191e-05,-3.14157,-0.000112831,
25.7118,-0.329189,0.0430879,0.00550468,-4.7913e-05,-3.14155,2.75593e-05,
25.7179,-0.329195,0.0431206,0.0055149,-7.0787e-05,-3.14155,-0.000191619,
25.721,-0.329228,0.0431322,0.00554206,-2.52025e-05,-3.1414,-0.000181688,
25.7273,-0.329193,0.0430952,0.00550335,6.95742e-05,-3.14157,8.44982e-06,
25.7325,-0.32919,0.0430842,0.00551518,0.000106333,-3.14155,-3.78861e-05,
25.7357,-0.329184,0.0431053,0.00551644,2.39534e-05,-3.14157,-6.91817e-05,
25.7429,-0.329191,0.0430927,0.00550442,1.0539e-06,3.14159,-2.33322e-05,
25.7461,-0.3292,0.0431068,0.00552505,1.63886e-05,-3.14153,-9.77939e-05,
25.7523,-0.329188,0.0430942,0.00551588,-1.57759e-05,-3.14154,-7.65855e-06,
25.7584,-0.329186,0.043091,0.0054975,-1.57735e-05,-3.14156,8.93522e-05,
25.7615,-0.329207,0.0431069,0.00552008,7.61542e-05,-3.14155,-7.7927e-05,
25.808,-0.329192,0.0431076,0.00550202,2.39801e-05,-3.14158,-3.34858e-05,
25.8122,-0.329208,0.0431083,0.00551721,-5.63208e-05,-3.14155,-9.08591e-05,
25.8153,-0.32918,0.0430889,0.00550311,2.32934e-05,-3.14159,-1.72599e-05,
25.8214,-0.329182,0.0431174,0.0055098,-1.99526e-05,-3.14157,-0.000105709,
25.8297,-0.329179,0.0430924,0.00549323,-6.51557e-05,3.14156,-1.98214e-06,
25.833,-0.32918,0.0430914,0.00550029,4.42396e-05,-3.14159,1.90681e-06,
25.8376,-0.3292,0.0430936,0.00551396,6.76514e-05,-3.1415,-4.73193e-05,
25.8422,-0.329216,0.0431113,0.00552421,-8.67336e-05,-3.14146,-7.64136e-05,
25.8454,-0.329177,0.0430767,0.00549512,-4.33802e-05,3.14156,-2.78252e-05,
25.8506,-0.329182,0.0430964,0.00549757,-8.44295e-05,-3.14156,2.9683e-05,
25.8569,-0.329171,0.0430982,0.00550256,3.07979e-05,-3.14159,1.11539e-05,
25.86,-0.329189,0.0430909,0.00550114,6.59473e-05,3.14159,1.73365e-05,
25.8662,-0.329175,0.0430818,0.00549117,-2.53685e-05,3.14157,-9.32516e-05,
25.8743,-0.32918,0.0431024,0.00550457,1.74777e-05,-3.14156,-4.17668e-05,
25.8774,-0.329177,0.0430941,0.00551025,2.5394e-05,-3.14155,4.62909e-05,
25.8824,-0.32918,0.0430967,0.00550088,1.35555e-05,3.14159,-1.94528e-05,
25.8855,-0.329178,0.0431051,0.00551689,2.83448e-05,-3.14159,-6.36222e-05,
25.8908,-0.329179,0.0430902,0.00551229,2.53923e-05,-3.14157,-1.22382e-05,
25.8969,-0.329192,0.0431069,0.0055081,-2.1578e-05,3.14159,5.1174e-05,
25.9,-0.32918,0.0431024,0.00550611,-1.42022e-06,-3.14157,-2.08123e-05,
25.9063,-0.329197,0.0431103,0.00550567,-7.19762e-05,-3.14155,1.17483e-05,
25.9124,-0.329154,0.0430877,0.00549041,-5.30356e-06,3.14153,-2.71977e-05,
25.9156,-0.329172,0.0431042,0.00552009,-6.4978e-05,-3.14157,-0.00012085,
25.924,-0.329191,0.0431,0.00549752,0.000131188,3.14158,6.37185e-06,
25.9296,-0.329204,0.0431022,0.0055085,4.83582e-06,-3.14151,-6.60222e-05,
25.9328,-0.329175,0.0431062,0.00550045,-3.8761e-05,-3.14158,-1.29857e-05,
25.938,-0.329203,0.0431029,0.00551565,-4.71406e-05,-3.14152,-6.20623e-05,
25.9443,-0.32921,0.043116,0.00551065,3.76088e-05,-3.14152,-7.42885e-05,
25.9474,-0.329195,0.0431062,0.00552967,-6.86441e-05,-3.14158,-9.05297e-05,
25.9534,-0.329193,0.0430825,0.00550176,-6.86895e-05,3.14158,-9.87136e-06,
25.9565,-0.329179,0.0430749,0.0054975,2.11291e-05,3.14155,-7.31785e-06,
25.9641,-0.329199,0.0431131,0.00551272,-0.000124527,-3.14155,-8.45588e-06,
25.9694,-0.329232,0.0431217,0.0055105,-0.000105723,-3.14149,-2.39732e-05,
25.9725,-0.329182,0.0431099,0.00550876,-0.000124197,-3.14157,-5.589e-05,
25.9778,-0.329197,0.0430924,0.00550861,5.63402e-05,-3.14151,-1.72783e-06,
25.9839,-0.329188,0.043088,0.00550128,-5.90658e-05,-3.14157,-7.32126e-06,
25.987,-0.329185,0.0430828,0.00551248,-1.62613e-05,-3.14152,-2.21938e-05,
25.9933,-0.329182,0.0431048,0.00550398,9.365e-05,3.14158,4.56034e-05,
25.9994,-0.3292,0.0430833,0.00550248,6.21623e-05,-3.14156,-8.02353e-06,
26.0025,-0.329176,0.0430983,0.00551951,-8.6875e-05,-3.14157,-8.52922e-05,
26.009,-0.329198,0.043094,0.00550174,-6.50318e-05,-3.14154,1.16736e-05,
26.0143,-0.329183,0.0430967,0.0054881,-2.96458e-07,3.14159,2.01388e-06,
26.0174,-0.329174,0.0430857,0.00549234,-1.80961e-05,3.14157,-1.98203e-05,
26.0234,-0.329181,0.0430845,0.00550405,2.91868e-05,3.14159,3.10848e-05,
26.0266,-0.329195,0.0430822,0.00550903,-1.05115e-05,-3.14155,-7.60375e-06,
26.0328,-0.329185,0.043103,0.00550266,-2.5299e-05,3.14156,4.45637e-05,
26.0389,-0.329199,0.0431171,0.0055152,-9.78997e-05,-3.14152,-0.000101568,
26.042,-0.329216,0.043116,0.00552363,-2.53146e-05,-3.14148,-0.000113173,
26.0483,-0.329177,0.0430872,0.00550262,3.55135e-05,3.14158,-8.43016e-05,
26.0527,-0.329191,0.0430907,0.00550799,4.5074e-06,-3.14153,3.3639e-05,
26.056,-0.329204,0.0430961,0.00550638,-3.52514e-05,-3.14158,-7.63742e-05,
26.0643,-0.329176,0.043102,0.00549529,-7.04375e-05,3.14156,1.47362e-05,
26.0704,-0.329194,0.0430979,0.00550272,-6.14705e-05,-3.14157,-3.47094e-06,
26.0735,-0.329185,0.0431012,0.00549728,5.20861e-07,3.14159,6.09362e-05,
26.0797,-0.329195,0.0430915,0.00552638,4.2038e-05,-3.14151,-0.000104448,
26.0828,-0.329186,0.0430982,0.00550076,2.69089e-05,3.14157,6.9294e-05,
26.089,-0.329175,0.0430963,0.00551587,-1.1986e-05,-3.14156,-2.26999e-05,
26.0944,-0.329163,0.0430953,0.00549986,2.00972e-05,3.14158,-1.25928e-05,
26.0977,-0.329202,0.0431105,0.00551835,-6.7301e-05,-3.14152,-9.38553e-05,
26.106,-0.329192,0.0431067,0.00549455,7.29387e-06,3.14159,6.01457e-05,
26.1113,-0.329219,0.0431204,0.00551397,1.35346e-05,-3.14152,-0.000113122,
26.1144,-0.329204,0.0431129,0.00551177,7.57807e-05,-3.14153,-7.1984e-05,
26.1204,-0.329191,0.0430977,0.00550465,-9.35991e-05,-3.14155,2.3556e-05,
26.1266,-0.329195,0.0430912,0.0055211,1.76146e-05,-3.14157,-4.49505e-05,
26.1298,-0.329177,0.043083,0.00550198,2.1881e-05,3.14158,-3.48933e-05,
26.135,-0.329186,0.0430918,0.00551147,-6.76269e-05,-3.14156,4.1418e-05,
26.1425,-0.329188,0.0430879,0.00550979,3.66022e-05,-3.14155,3.37435e-05,
26.1457,-0.329175,0.04307,0.00550004,-6.89248e-05,3.14158,-1.10701e-06,
26.1519,-0.329191,0.0431096,0.00551031,4.74201e-06,-3.14156,-0.000124479,
26.155,-0.329179,0.04309,0.0055042,-2.93726e-05,3.14158,9.27892e-05,
26.1612,-0.329184,0.0430939,0.00550892,-0.000115724,-3.14154,-8.25341e-05,
26.1674,-0.329186,0.0430809,0.00549341,4.80418e-05,3.14157,-3.1305e-05,
26.1705,-0.329187,0.0430926,0.00550307,-2.79211e-05,-3.14157,7.87777e-05,
26.1758,-0.329205,0.0431056,0.00552087,6.87027e-05,-3.14155,-9.55129e-05,
26.1819,-0.329179,0.043107,0.00549938,3.96474e-05,3.14156,5.94142e-05,
26.1851,-0.3292,0.0431067,0.00551745,-5.53043e-05,-3.14151,-6.35215e-05,
26.1934,-0.329217,0.0431049,0.00551156,8.1427e-05,-3.14153,-1.12711e-05,
26.1987,-0.3292,0.043102,0.00551633,5.98095e-05,-3.14158,-0.000129941,
26.2018,-0.329187,0.043114,0.00550696,-2.07653e-05,-3.14158,-0.000104236,
26.2079,-0.329174,0.0430787,0.00549635,-0.000115429,3.14157,-3.88568e-07,
26.2111,-0.329198,0.0430897,0.00550175,-0.000106164,3.14158,2.80143e-05,
26.2164,-0.32917,0.043098,0.00550249,-2.05643e-05,-3.14158,-7.0475e-05,
26.2224,-0.329196,0.0430982,0.00551289,4.93629e-05,-3.14155,-4.34623e-05,
26.2255,-0.329174,0.0430728,0.00549719,-3.65801e-05,3.14157,-4.87177e-05,
26.2318,-0.32918,0.043109,0.00549934,-1.32993e-05,-3.14158,-9.66219e-06,
26.2379,-0.329171,0.0430912,0.00550202,-2.53034e-05,3.14157,-2.50453e-05,
26.241,-0.329208,0.0430935,0.00550115,3.68245e-05,-3.14155,-4.39076e-05,
26.2473,-0.329178,0.0430784,0.00550758,5.02962e-05,-3.14158,-3.71973e-05,
26.2534,-0.329199,0.0431004,0.0055172,0.000120386,-3.14157,-7.49213e-05,
26.2566,-0.329177,0.0431047,0.00550103,-3.06393e-05,3.14153,8.33199e-05,
26.2619,-0.329176,0.0431029,0.00549849,5.24163e-05,3.14159,-2.28127e-05,
26.2649,-0.32919,0.0431023,0.00550602,-5.09143e-06,3.14159,3.21079e-05,
26.271,-0.329196,0.0431002,0.00550392,2.99436e-05,-3.14158,-3.93099e-05,
26.2792,-0.329202,0.0430887,0.00553101,-2.30025e-06,-3.1415,-9.32348e-05,
26.2823,-0.329176,0.0430798,0.00550656,6.98798e-05,-3.14157,-4.28351e-05,
26.2874,-0.329169,0.0430902,0.00549461,-4.46885e-05,3.14154,-6.81345e-05,
26.2935,-0.329175,0.0430936,0.00549948,2.39447e-05,-3.14159,5.09091e-05,
26.2966,-0.329194,0.0431071,0.00549648,-8.67323e-05,-3.14158,-3.6811e-05,
26.3019,-0.329206,0.0430896,0.00551344,5.5642e-05,-3.1415,-6.07338e-05,
26.305,-0.329217,0.0431172,0.00552399,6.24265e-05,-3.14145,-9.27309e-05,
26.3113,-0.329197,0.0430877,0.0055043,0.000107286,-3.14154,-2.30188e-05,
26.3174,-0.329213,0.0430861,0.00550387,-1.14714e-05,-3.14155,3.3794e-05,
26.3205,-0.329188,0.0430933,0.0054981,2.15807e-06,3.14159,3.81667e-05,
26.3268,-0.329207,0.0431098,0.00552353,4.61588e-05,-3.14153,-4.9014e-05,
26.333,-0.329169,0.0430948,0.00552005,1.81702e-05,-3.14158,-0.000138149,
26.3361,-0.329205,0.0430872,0.00552279,-1.54318e-05,-3.14144,-3.60005e-05,
26.3414,-0.329225,0.0431202,0.00552793,3.08656e-05,-3.14144,-0.000115376,
26.3474,-0.329182,0.0430995,0.00548966,1.57734e-05,3.14156,-2.39598e-05,
26.3505,-0.329199,0.0431092,0.00551393,-0.000130097,-3.1415,-5.35388e-05,
26.3567,-0.329183,0.043108,0.00551429,-4.44718e-05,-3.14158,-5.46221e-06,
26.3598,-0.329186,0.0430947,0.00551051,7.71491e-05,-3.14155,-2.05491e-06,
26.366,-0.3292,0.0430864,0.0055055,-9.33479e-05,-3.14154,-7.81536e-05,
26.3744,-0.329197,0.0431098,0.00551808,5.41846e-05,-3.14155,-0.000177857,
26.3775,-0.329186,0.0430777,0.00550176,-4.34646e-06,-3.14157,-8.63503e-06,
26.3818,-0.329203,0.043113,0.00551838,5.62606e-05,-3.14152,-9.26994e-05,
26.3879,-0.329192,0.0430876,0.00550376,-1.78622e-05,-3.14158,-6.4667e-05,
26.391,-0.329191,0.0430962,0.00550412,-6.5759e-05,-3.14154,4.667e-06,
26.3973,-0.329208,0.0431041,0.00552622,-5.22623e-05,-3.14146,-6.72992e-05,
26.4034,-0.329199,0.0430905,0.00551914,-4.35711e-05,-3.14153,-3.1206e-05,
26.4065,-0.329209,0.0431094,0.00552189,-5.37482e-05,-3.14148,-8.6216e-05,
26.4528,-0.329199,0.0430959,0.00550338,2.30706e-05,-3.14158,-7.75471e-06,
26.4602,-0.329197,0.043107,0.00552352,3.2366e-05,-3.1415,-9.65769e-05,
26.4635,-0.329231,0.043102,0.00552263,2.91255e-05,-3.14148,-8.53302e-05,
26.4702,-0.329188,0.043106,0.00549981,-5.37723e-05,-3.14158,-3.73988e-05,
26.4784,-0.329224,0.0431111,0.00551639,1.13313e-05,-3.14148,-8.33358e-05,
26.4814,-0.32919,0.0430981,0.00552167,-6.59024e-05,-3.14152,-4.04653e-05,
26.4864,-0.329201,0.0430932,0.00551591,7.43113e-05,-3.1415,-5.09071e-05,
26.4927,-0.329178,0.0430937,0.00551628,4.87211e-05,-3.14156,-5.67565e-05,
26.4958,-0.329176,0.0430779,0.00549547,-2.77626e-05,3.14158,-2.92958e-05,
26.5039,-0.329195,0.0431015,0.00551132,-3.99493e-05,-3.14157,-8.78683e-07,
26.507,-0.32918,0.0430947,0.00550048,-6.48394e-05,3.14156,-4.8804e-05,
26.5122,-0.329176,0.0430844,0.0054988,2.84642e-05,3.14158,-2.06379e-05,
26.5184,-0.329186,0.0430964,0.00551785,-1.40315e-05,-3.14153,-8.67031e-05,
26.5216,-0.329212,0.0430923,0.00552179,0.000113991,-3.14147,-6.31785e-05,
26.5278,-0.329194,0.0431018,0.00550954,-6.7562e-05,-3.14156,-4.65512e-06,
26.5339,-0.329196,0.0430934,0.00551005,-1.99715e-06,-3.1415,4.35527e-08,
26.537,-0.329179,0.043108,0.00551248,-9.75124e-05,-3.14157,1.18786e-05,
26.5423,-0.329186,0.0430848,0.00551077,8.84922e-05,-3.14154,-9.74986e-06,
26.5503,-0.329188,0.0430938,0.00551491,-7.36664e-06,-3.14154,-5.65145e-05,
26.5534,-0.329201,0.0431103,0.00551833,-3.31381e-05,-3.14154,-5.00903e-05,
26.5576,-0.329198,0.0431067,0.00551616,5.64707e-05,-3.14152,-0.000121636,
26.5608,-0.329214,0.0430985,0.00552873,7.44664e-05,-3.14145,-0.000145276,
26.5669,-0.329202,0.0431047,0.00550615,1.63681e-05,-3.14154,2.13097e-05,
26.5732,-0.329201,0.0431097,0.00552155,2.12953e-07,-3.1415,-0.000115274,
26.5764,-0.329176,0.0430862,0.00549404,5.38708e-05,3.14156,1.78156e-05,
26.5815,-0.329192,0.0430977,0.00549121,2.86698e-05,-3.14159,-2.06184e-05,
26.5878,-0.329194,0.0431072,0.00550327,5.19375e-06,-3.14158,-2.72456e-05,
26.591,-0.329193,0.0430906,0.00549824,0.0001079,-3.14158,-6.11682e-06,
26.5964,-0.329193,0.0430974,0.0055026,1.85688e-05,-3.14157,3.73755e-05,
26.6041,-0.32919,0.0430959,0.00549335,3.55935e-05,3.14156,-8.19581e-05,
26.6073,-0.329172,0.0430883,0.00550828,-2.52493e-05,3.14156,1.11441e-05,
26.6134,-0.32918,0.0430809,0.00550286,-1.77286e-05,3.14157,-3.47522e-05,
26.6197,-0.329195,0.0430948,0.0055167,4.04309e-06,-3.14153,-0.000124376,
26.6228,-0.329191,0.0430913,0.00552341,4.19142e-05,-3.14151,-3.14222e-05,
26.628,-0.329213,0.0431049,0.00550703,-3.35831e-05,-3.14152,-4.73701e-05,
26.6362,-0.329203,0.0431027,0.00551273,4.90817e-05,-3.14151,-0.000115795,
26.6393,-0.329192,0.0430883,0.00551075,5.54963e-05,-3.14156,-6.15279e-05,
26.6454,-0.329204,0.0431046,0.00551619,4.41777e-05,-3.14153,-6.19513e-05,
26.6485,-0.329176,0.0430961,0.00549929,3.28318e-05,3.14158,3.56112e-05,
26.6547,-0.329185,0.043085,0.00551071,2.34983e-05,-3.14152,-1.49674e-05,
26.6609,-0.329193,0.0431142,0.00552669,-0.000188653,-3.14149,-6.6248e-05,
26.6641,-0.329206,0.0431171,0.00551515,-5.83027e-05,-3.1415,-4.99803e-05,
26.6694,-0.329191,0.0431026,0.00550015,-0.000164187,-3.14159,2.79601e-05,
26.6754,-0.329185,0.0430925,0.00551899,-4.22384e-05,-3.14155,2.7409e-05,
26.6785,-0.329184,0.0430827,0.0055117,-1.94619e-05,-3.14156,-3.24209e-05,
26.6867,-0.329207,0.0431127,0.00551966,-3.51607e-05,-3.14152,-9.66798e-05,
26.6898,-0.329187,0.0430978,0.00550686,6.9898e-05,-3.14158,-0.000105551,
26.6949,-0.329179,0.0430826,0.00550685,-5.74341e-05,3.14158,-2.02566e-05,
26.7012,-0.329204,0.043109,0.0055202,-2.60711e-05,-3.1415,-9.76187e-05,
26.7043,-0.329178,0.0430773,0.00551182,0.000128019,-3.14157,1.1569e-05,
26.7095,-0.3292,0.0430953,0.00549693,-6.6261e-06,-3.14155,1.96074e-05,
26.7157,-0.329164,0.0430871,0.00549753,-3.72976e-05,3.14153,-8.7501e-06,
26.7188,-0.329162,0.0430836,0.00550956,1.46002e-05,3.14155,-3.63457e-05,
26.725,-0.329179,0.0430818,0.00550213,1.80396e-05,-3.14157,2.49321e-05,
26.7312,-0.329195,0.0431028,0.00551262,-3.45509e-05,-3.14155,-1.35105e-05,
26.7343,-0.329184,0.0430758,0.00549703,-8.08263e-05,3.14157,9.01122e-07,
26.7404,-0.329179,0.0430954,0.0055098,1.72907e-05,-3.14155,1.9448e-06,
26.7436,-0.329209,0.0430974,0.0055175,2.3154e-05,-3.14151,-2.84768e-05,
26.7489,-0.329191,0.0430932,0.00550253,-2.00481e-05,-3.14156,-2.5013e-05,
26.7549,-0.329195,0.0431033,0.00551043,-6.67257e-06,-3.14152,3.88497e-06,
26.758,-0.32922,0.0431255,0.00552122,-5.99721e-05,-3.14149,-8.30843e-05,
26.7643,-0.329191,0.043102,0.00549815,2.62935e-05,3.14158,1.55063e-05,
26.7714,-0.329179,0.0430902,0.0054904,3.46618e-05,3.14157,-9.91006e-05,
26.7748,-0.329172,0.0430996,0.00549444,6.51712e-05,3.14155,1.03219e-05,
26.7822,-0.329201,0.0431034,0.00550191,-4.30873e-06,3.14159,2.53225e-05,
26.7875,-0.329182,0.0430918,0.00550533,2.60743e-05,3.14158,9.78347e-05,
26.7906,-0.329194,0.0430826,0.00549611,-0.000108378,3.14155,1.77448e-05,
26.7969,-0.329202,0.0431098,0.00549168,-2.52725e-05,-3.14156,-1.00533e-06,
26.7999,-0.329192,0.0430958,0.00551005,0.000109543,-3.14156,-0.000107223,
26.8062,-0.329217,0.0431112,0.00551839,-7.34837e-05,-3.1415,-5.02662e-05,
26.8124,-0.329171,0.0431018,0.00551172,6.66104e-05,3.14155,0.000141382,
26.8156,-0.329182,0.0430902,0.00550201,5.27051e-05,3.14159,-7.1119e-05,
26.8978,-0.329197,0.0431139,0.00549006,-7.06977e-05,3.14158,8.45274e-05,
26.9019,-0.329183,0.0430837,0.00550953,-7.38368e-05,3.14158,-1.91966e-06,
26.905,-0.329165,0.0430845,0.00550595,-5.75503e-05,3.14155,1.22532e-05,
26.9105,-0.329169,0.0430782,0.00549885,-1.18268e-05,3.14156,-5.01954e-05,
26.9183,-0.329197,0.0430919,0.00550478,5.11502e-05,-3.14154,-3.91414e-05,
26.9249,-0.329178,0.0430992,0.00549624,6.62648e-05,3.14152,-1.33549e-05,
26.928,-0.329218,0.0431102,0.00552376,3.73785e-06,-3.14147,-6.36567e-05,
26.9343,-0.329208,0.0431189,0.00550902,-2.05839e-05,-3.14156,7.92908e-06,
26.9404,-0.329212,0.0431073,0.00551691,-6.16068e-05,-3.14153,-4.2059e-05,
26.9436,-0.329186,0.0430932,0.00550703,0.000126624,-3.14155,1.21291e-05,
26.9489,-0.329165,0.0430849,0.00549491,-8.40991e-05,3.14156,1.15571e-05,
26.9521,-0.329188,0.0431015,0.00550598,-6.74993e-05,-3.14157,9.42111e-06,
26.9583,-0.329191,0.0430914,0.00550267,7.49688e-05,-3.14157,-1.56652e-05,
26.9644,-0.329177,0.0430981,0.00549854,-3.77213e-05,3.14158,6.78101e-05,
26.9675,-0.329184,0.0430887,0.00548885,8.74532e-05,3.14159,-1.71852e-05,
26.9737,-0.329174,0.0430925,0.00550844,-6.65749e-05,-3.14158,-3.5614e-05,
26.98,-0.329177,0.043092,0.00550633,-3.22357e-05,-3.14158,1.33946e-05,
26.9832,-0.329177,0.0431008,0.00551864,-5.36962e-05,-3.14155,-0.000100202,
26.9884,-0.329183,0.0430906,0.00550508,-5.13778e-05,-3.14155,-3.95342e-05,
26.9946,-0.329208,0.0430931,0.0055161,3.13827e-06,-3.1415,-5.72387e-05,
26.9979,-0.329174,0.0430879,0.0055085,8.23164e-05,-3.14158,2.79337e-05,
27.0022,-0.329207,0.0431112,0.00551655,8.24842e-05,-3.14154,-0.00013024,
27.0084,-0.329189,0.0430878,0.00552618,2.91137e-05,-3.14155,-9.27377e-05,
27.0115,-0.329199,0.043084,0.00550045,3.65421e-05,-3.14155,7.28485e-05,
27.0177,-0.32915,0.0430824,0.00550517,-3.09746e-05,3.14157,3.82731e-05,
27.0208,-0.329199,0.0431063,0.00552019,-2.60006e-05,-3.14156,1.86339e-05,
27.0261,-0.329178,0.0430976,0.00549911,-6.50476e-05,-3.14158,5.50882e-06,
27.0323,-0.329192,0.0430771,0.00550703,5.08705e-05,-3.14155,3.43081e-05,
27.0354,-0.329178,0.0430928,0.00550347,3.76011e-05,-3.14158,-3.36521e-05,
27.0414,-0.329202,0.0431038,0.00550692,7.49001e-05,-3.14157,-7.33995e-05,
27.0477,-0.329185,0.0431026,0.00550283,-5.90721e-05,-3.14159,-5.71453e-05,
27.0508,-0.329194,0.0430867,0.00551407,2.25383e-05,-3.14153,-4.32693e-05,
27.1338,-0.329203,0.0430943,0.0055197,8.79971e-05,-3.14149,-0.000127594,
27.1379,-0.329197,0.0430978,0.00551112,-2.07629e-05,-3.14151,-3.79141e-05,
27.141,-0.32917,0.043079,0.00551099,1.12274e-05,-3.14158,-5.40746e-06,
27.1472,-0.329203,0.0430814,0.0055069,9.52863e-05,-3.1415,2.75893e-05,
27.1534,-0.329202,0.0431107,0.00551148,-0.00013149,-3.14151,-0.000102155,
27.1565,-0.329153,0.0430695,0.00549897,-5.25463e-05,3.14154,1.31401e-05,
27.1627,-0.329197,0.0431009,0.00552458,-1.49473e-05,-3.14153,-0.000127747,
27.1658,-0.329214,0.0431066,0.0055171,-9.94467e-05,-3.14148,-7.48637e-05,
27.267,-0.329165,0.0430721,0.00548607,-4.32948e-05,3.14151,-6.69458e-05,
27.2702,-0.329172,0.0430829,0.00549999,2.53697e-06,3.14156,-6.66119e-05,
27.2744,-0.329189,0.0430909,0.00550675,-5.98066e-05,-3.14156,-3.87635e-05,
27.2804,-0.329195,0.0430999,0.00551107,4.96316e-05,-3.14153,-5.62652e-05,
27.2835,-0.329175,0.0430766,0.0054929,-2.56161e-05,3.14159,-4.29075e-05,
27.2898,-0.329207,0.0431143,0.0055127,5.20479e-05,-3.14151,-0.000130487,
27.2929,-0.329154,0.0430911,0.00549856,2.68402e-05,3.14154,1.90886e-05,
27.2989,-0.329184,0.0430929,0.00549572,4.19927e-05,3.14158,-2.52804e-05,
27.4087,-0.329202,0.0430915,0.00550274,6.31422e-05,-3.14154,-5.04475e-05,
27.412,-0.329192,0.0431054,0.00550912,6.38286e-05,-3.14154,-4.69419e-05,
27.4195,-0.329197,0.0430764,0.00551058,0.000120829,-3.14152,-5.17589e-05,
27.4258,-0.329189,0.0431055,0.00550921,-3.94558e-05,-3.14156,-9.26554e-05,
27.4288,-0.329195,0.0431006,0.00550545,-1.4979e-05,-3.14158,-6.3339e-05,
27.4349,-0.329191,0.0430986,0.00549712,-4.72714e-05,-3.14159,2.55306e-05,
27.438,-0.329192,0.0430849,0.0055091,-6.19775e-05,-3.14153,-1.91795e-05,
27.4443,-0.329212,0.0430934,0.00551563,4.72665e-05,-3.14153,-0.000120263,
27.4488,-0.32919,0.0431069,0.00550214,-5.89181e-06,-3.14156,-9.6198e-06,
27.4565,-0.329162,0.043076,0.00550018,-2.3107e-05,3.14155,-2.9413e-05,
27.4597,-0.329193,0.043109,0.00551053,-6.00249e-05,-3.14155,-4.7499e-06,
27.4659,-0.329194,0.0430975,0.00550115,-2.93027e-05,-3.14153,-0.000130837,
27.469,-0.329195,0.0430898,0.00550595,4.98473e-05,-3.14152,-5.67977e-05,
27.4753,-0.329168,0.0430815,0.00549667,2.48385e-05,3.14153,1.10289e-05,
27.4814,-0.329216,0.0431168,0.00551416,-1.33001e-05,-3.14149,-8.45448e-05,
27.4845,-0.329193,0.0430962,0.00549601,2.24245e-05,3.14157,5.59828e-05,
27.4909,-0.329181,0.0430817,0.00549434,-1.56436e-05,3.14157,-4.81289e-05,
27.496,-0.329192,0.0431023,0.00550056,3.85433e-05,-3.14155,-6.45077e-05,
27.4992,-0.329198,0.0430941,0.00550985,3.6576e-05,-3.14154,1.41982e-05,
27.5054,-0.329198,0.0431011,0.00551027,-9.78129e-06,-3.14156,-4.70917e-05,
27.5114,-0.329178,0.043097,0.00549469,8.76013e-05,3.14157,4.80849e-06,
27.5145,-0.329163,0.0430835,0.00548812,8.84601e-06,3.14153,-5.54499e-06,
27.5207,-0.329188,0.0430952,0.00549532,2.29547e-07,3.14155,-6.40199e-06,
27.5238,-0.329181,0.0430924,0.00551216,-8.09226e-05,-3.14156,-1.50582e-05,
27.5299,-0.329187,0.0431055,0.00551708,-1.64252e-05,-3.14155,-7.71544e-05,
27.5363,-0.329211,0.0431126,0.00551395,-5.40698e-05,-3.14154,-6.06564e-05,
27.5397,-0.3292,0.0430989,0.00551223,3.67471e-05,-3.14154,-5.10287e-05,
27.5441,-0.329182,0.0430819,0.00550769,-6.27099e-05,3.14159,-6.87072e-06,
27.5504,-0.329188,0.0430844,0.00551104,7.40764e-05,-3.14157,-2.69249e-05,
27.5535,-0.329191,0.0430941,0.00551093,7.0329e-05,-3.14155,8.54944e-06,
27.5597,-0.329165,0.0430782,0.00549607,6.2996e-05,3.14155,-4.22206e-05,
27.5659,-0.329181,0.0430934,0.00551083,-6.61035e-05,-3.14157,2.47836e-05,
27.6466,-0.329174,0.0430882,0.00550924,-4.80178e-05,-3.14159,-6.67561e-06,
27.6508,-0.329182,0.0430887,0.00550134,7.75031e-05,-3.14156,-4.37472e-05,
27.6569,-0.329214,0.0431069,0.00552212,-4.43046e-06,-3.14148,-7.66781e-05,
27.66,-0.329193,0.0430846,0.00551512,8.81988e-05,-3.14154,1.89131e-05,
27.6663,-0.32918,0.0431021,0.00550928,-6.42266e-05,-3.14156,-5.62486e-05,
27.6744,-0.329188,0.0430984,0.00551412,2.24968e-05,3.14159,0.000125481,
27.6777,-0.32918,0.0430794,0.00551032,2.23492e-05,-3.14157,3.44603e-05,
27.6829,-0.329178,0.0430979,0.00550295,4.71762e-05,3.14158,3.22641e-05,
27.7284,-0.329194,0.0430917,0.00550416,7.50622e-05,-3.14154,-1.89092e-05,
27.7316,-0.329182,0.0430936,0.00549433,2.15718e-06,3.14158,-2.67827e-06,
27.7358,-0.329167,0.0430853,0.00549544,3.46277e-05,3.14156,-8.68526e-05,
27.7389,-0.329204,0.0430937,0.00552388,4.31789e-05,-3.14153,-4.66846e-05,
27.7449,-0.329196,0.0430925,0.00550437,3.30124e-05,-3.14154,1.75884e-05,
27.7512,-0.329202,0.0431116,0.00552123,-2.00446e-05,-3.1415,-0.000102233,
27.7543,-0.329191,0.0430986,0.00551323,1.92608e-05,-3.14156,-6.56942e-06,
27.7606,-0.329202,0.0431114,0.00550909,-2.00574e-05,-3.14153,-7.28496e-05,
27.7652,-0.329204,0.0431064,0.00551979,6.27844e-05,-3.14154,-8.33463e-05,
27.7683,-0.329191,0.0430939,0.00551333,-2.02685e-05,-3.14156,-4.7607e-05,
27.7736,-0.329202,0.0430853,0.00551072,4.20502e-06,-3.14153,7.89639e-05,
27.7798,-0.329174,0.0430893,0.00548771,1.61926e-06,3.14156,-9.56292e-05,
27.7829,-0.3292,0.0431012,0.00550367,-8.08129e-05,-3.14157,-7.18345e-05,
27.7889,-0.329188,0.0430866,0.00551196,2.35538e-05,-3.14155,-0.000123986,
27.7921,-0.329173,0.0431129,0.00550076,5.96168e-06,3.14156,5.05966e-05,
27.7983,-0.329183,0.0431038,0.00550301,-1.27885e-05,-3.14158,1.76074e-05,
27.8045,-0.329189,0.0431019,0.00551111,-2.74755e-05,-3.14154,-6.3515e-05,
27.8078,-0.329205,0.0431046,0.00550094,1.21021e-05,-3.14153,9.44595e-06,
27.8144,-0.32919,0.0430859,0.00549386,-5.66503e-05,3.14157,-6.72318e-05,
27.819,-0.3292,0.0431075,0.00550953,-4.17813e-05,-3.14153,-5.25111e-05,
27.8235,-0.329214,0.0431,0.00552004,2.5344e-05,-3.14151,-6.12299e-05,
27.8267,-0.329196,0.0431043,0.00552187,-9.87135e-05,-3.14151,-9.37209e-05,
27.8329,-0.32918,0.0430968,0.00549902,8.76574e-05,3.14158,1.29514e-06,
27.836,-0.329174,0.0430846,0.00550321,-1.74096e-05,3.14158,6.63147e-05,
27.8423,-0.329167,0.0430829,0.00549727,2.86315e-05,3.14155,-5.24217e-05,
27.8475,-0.3292,0.0430801,0.00550872,4.90561e-05,-3.14154,0.00010201,
27.8507,-0.329161,0.0430962,0.00549147,0.000162777,3.1415,-3.77228e-05,
27.8588,-0.329149,0.043069,0.00548718,3.51018e-05,3.14153,-8.04896e-05,
27.8649,-0.329203,0.0430787,0.00549424,8.3288e-05,-3.14156,6.57139e-06,
27.868,-0.329214,0.0430972,0.00551692,6.06226e-06,-3.14152,-0.000107185,
27.8743,-0.329197,0.0430932,0.0055066,-5.98499e-05,-3.14155,-3.0616e-05,
27.8804,-0.329178,0.0430914,0.00551806,-5.46859e-05,-3.14156,-4.79308e-05,
27.924,-0.329179,0.0430843,0.00550621,7.58601e-05,-3.14154,1.32786e-05,
27.9283,-0.329188,0.0430852,0.00550819,-4.79422e-05,-3.14153,4.43192e-05,
27.9344,-0.329197,0.0430911,0.00551691,-2.15443e-05,-3.14148,-5.41238e-06,
27.9375,-0.32919,0.0431052,0.00550618,-2.0279e-05,-3.14157,-1.93146e-05,
27.9429,-0.329181,0.0430902,0.00551087,4.4557e-05,-3.14153,-4.93187e-05,
27.9475,-0.329192,0.0430752,0.00550125,-2.9765e-05,-3.14154,1.90709e-05,
27.9507,-0.329193,0.0431022,0.00551075,4.92461e-05,-3.14159,-4.75517e-05,
27.9569,-0.329173,0.043098,0.0055056,7.2581e-05,3.14159,2.73687e-05,
27.96,-0.329189,0.0430804,0.00550654,0.000114679,-3.14156,-9.90157e-06,
27.9653,-0.329206,0.0431074,0.0055115,3.13948e-05,-3.14154,-4.01014e-05,
27.9714,-0.329186,0.0431,0.00552104,-8.03175e-05,-3.14155,-2.74928e-05,
27.9745,-0.329188,0.0430946,0.00550962,3.68374e-06,-3.14156,4.02192e-06,
27.9807,-0.329196,0.043103,0.00551743,-4.18203e-05,-3.14151,-4.18749e-05,
27.987,-0.329169,0.0430886,0.00549743,6.11268e-09,3.14155,9.32236e-06,
27.9903,-0.329201,0.0430956,0.00551268,5.53794e-05,-3.14155,-4.94783e-05,
27.9969,-0.329219,0.0431063,0.00551617,-8.31592e-05,-3.14149,-2.96229e-05,
28.0029,-0.329193,0.043106,0.00550761,-2.02908e-05,-3.14156,-1.89272e-05,
28.0061,-0.329194,0.0430884,0.00549686,-1.4118e-05,-3.14156,3.20717e-05,
28.0114,-0.329184,0.0430853,0.00551609,-3.43813e-05,-3.14152,-5.42171e-06,
28.0174,-0.329191,0.0431028,0.00549455,1.9604e-05,-3.14156,3.15604e-05,
28.0205,-0.329182,0.0430996,0.00551756,-6.81576e-06,-3.14157,-6.11436e-05,
28.0268,-0.329178,0.0430984,0.00550774,-0.000110216,-3.14156,5.35632e-05,
28.0299,-0.32919,0.0430899,0.00549833,4.43406e-05,-3.14157,-1.0643e-05,
28.0352,-0.329203,0.0430977,0.00550748,7.50953e-05,-3.14153,-5.01267e-05,
28.0396,-0.329157,0.0430772,0.00549234,-1.84932e-05,3.14151,-6.78118e-05,
28.0428,-0.32921,0.0431047,0.00551807,-2.0777e-06,-3.14148,-6.09449e-05,
28.0481,-0.329194,0.043111,0.00551913,-0.000112393,-3.14157,-0.00012262,
28.0543,-0.329198,0.0430926,0.00551694,3.57586e-06,-3.14153,-7.01899e-06,
28.0574,-0.329193,0.0430983,0.00549727,-3.28574e-05,-3.14157,5.81178e-06,
28.0634,-0.329172,0.0430857,0.00550629,-8.75865e-05,-3.14156,4.4782e-05,
28.0697,-0.329219,0.0431023,0.00552023,-8.19635e-06,-3.14147,-4.85123e-05,
28.0728,-0.329222,0.0431248,0.00552408,-3.89242e-05,-3.14147,-9.3327e-05,
28.197,-0.329213,0.0431172,0.00552961,-0.000140238,-3.14149,-8.85969e-05,
28.2012,-0.329182,0.0430839,0.00550987,3.6508e-05,-3.14159,1.0961e-06,
28.2043,-0.329182,0.0430907,0.00550394,5.16935e-05,-3.14158,-4.27971e-06,
28.2105,-0.329207,0.0431043,0.00550853,-1.49977e-05,-3.14154,-3.54202e-05,
28.2168,-0.329193,0.0431135,0.00552091,-1.50703e-05,-3.14154,-5.57519e-05,
28.2199,-0.329196,0.043095,0.00551852,-7.99382e-06,-3.14158,4.60134e-06,
28.2259,-0.329209,0.0430971,0.00551272,7.4029e-05,-3.14157,-0.000103028,
28.229,-0.329166,0.0430913,0.00550196,-5.14567e-05,-3.14159,-8.79365e-06,
28.2959,-0.32919,0.0430922,0.00550154,3.0636e-05,-3.14157,3.01997e-05,
28.2991,-0.329212,0.0430952,0.00551844,-1.5913e-05,-3.14151,-1.68341e-05,
28.3054,-0.329207,0.0430948,0.00551952,3.73661e-05,-3.14152,-4.99573e-05,
28.3114,-0.329197,0.0431052,0.00550368,-5.38358e-05,-3.14155,-2.80318e-05,
28.3146,-0.329175,0.0430994,0.00549979,-5.28808e-05,-3.14157,-2.06237e-05,
28.3208,-0.329205,0.0430934,0.0055056,1.88388e-05,-3.14152,-1.16109e-05,
28.3239,-0.329184,0.0431011,0.00549779,-9.06283e-05,3.14158,4.16355e-06,
28.3299,-0.329187,0.0430994,0.00552049,-8.92278e-06,-3.14153,-7.31829e-05,
28.4395,-0.32922,0.043114,0.00552651,-9.98236e-05,-3.14148,-3.77722e-05,
28.4428,-0.329192,0.0431053,0.00550991,-3.40673e-05,-3.14151,-6.67433e-05,
28.4483,-0.329189,0.0431048,0.00550687,-6.81736e-05,-3.14159,-6.57963e-05,
28.4526,-0.329175,0.0430987,0.00548885,0.000131785,3.14157,-5.18879e-05,
28.4557,-0.329213,0.0431064,0.0055128,-1.32093e-05,-3.14146,-2.61374e-05,
28.4619,-0.329203,0.0431115,0.00550871,-5.97143e-05,-3.14151,-3.10731e-05,
28.465,-0.329168,0.0430956,0.00551024,2.40561e-05,-3.14158,-3.35228e-05,
28.4713,-0.329163,0.0430863,0.00549971,-1.22268e-05,3.14157,3.29655e-05,
28.4774,-0.329181,0.0430884,0.00550877,-2.19945e-05,-3.14158,4.8132e-05,
28.4807,-0.329182,0.0430825,0.00551385,2.19181e-05,3.14159,3.4594e-05,
28.4863,-0.329203,0.0430987,0.00551453,3.68799e-05,-3.14151,-5.80196e-05,
28.4916,-0.329208,0.0431016,0.00550684,1.11523e-05,-3.14155,-1.87096e-05,
28.4948,-0.32918,0.0430875,0.00551627,-3.04554e-06,-3.14156,-1.84006e-05,
28.5009,-0.329192,0.0430995,0.0055184,-8.55133e-05,-3.14152,8.42153e-06,
28.5071,-0.329188,0.0430972,0.0055107,-2.75482e-05,-3.14152,-6.40458e-06,
28.5103,-0.329181,0.0430927,0.00551879,7.02793e-05,-3.14156,-2.41589e-05,
28.5164,-0.329177,0.0430965,0.0054914,1.71017e-06,3.14154,-4.64009e-05,
28.5217,-0.329196,0.0431004,0.00551024,-5.50074e-05,-3.14158,1.88544e-06,
28.5249,-0.329211,0.0430826,0.00551415,1.49394e-05,-3.14148,3.85875e-05,
28.5314,-0.329184,0.0430874,0.00549616,-6.28792e-05,3.14158,-1.51611e-05,
28.5374,-0.329218,0.0430838,0.00551848,6.037e-05,-3.14154,-6.04935e-05,
28.5405,-0.329186,0.0430903,0.0055107,-3.57502e-05,-3.14153,-2.79202e-05,
28.5467,-0.329182,0.0430901,0.00550526,-4.7715e-05,-3.14156,-3.1428e-05,
28.5498,-0.329206,0.0431142,0.0055127,4.27597e-05,-3.14153,-6.66208e-05,
28.5559,-0.329203,0.0431181,0.0055166,-1.25143e-05,-3.1415,-9.17198e-05,
28.5613,-0.329201,0.0431052,0.0055204,-2.12714e-05,-3.14156,-6.18018e-05,
28.5644,-0.329172,0.043099,0.00550279,7.66639e-05,3.14157,-4.80347e-05,
28.5705,-0.329197,0.0431039,0.00550752,-1.5885e-05,-3.14156,6.26753e-06,
28.5767,-0.329201,0.043097,0.0055116,1.07267e-05,-3.14154,-0.000109061,
28.5798,-0.329142,0.0430811,0.00549405,-3.04642e-05,3.14147,-1.69239e-05,
28.5859,-0.329176,0.0430729,0.00550312,-8.83208e-05,3.14158,-1.17655e-05,
28.589,-0.329175,0.0430892,0.00550881,3.62555e-05,3.14155,2.91375e-05,
28.5953,-0.329196,0.0430999,0.00551309,6.35124e-05,-3.14156,-2.48857e-05,
28.6005,-0.329189,0.0431016,0.00549822,3.18555e-05,-3.14154,-1.63071e-05,
28.6037,-0.329227,0.0431306,0.0055286,-7.09248e-05,-3.14142,-0.000108635,
28.6099,-0.329193,0.0431025,0.00550182,-3.95008e-05,-3.14156,-3.44109e-05,
28.616,-0.329177,0.0430991,0.0055037,-4.6197e-05,-3.14157,-2.63295e-05,
28.6194,-0.32917,0.0430977,0.00549506,5.83024e-05,3.14155,3.7035e-05,
28.627,-0.3292,0.0431028,0.0055184,-0.00011323,-3.14153,-3.86347e-05,
28.6314,-0.32918,0.0430884,0.00552361,7.52481e-05,-3.14157,-2.93607e-06,
28.6346,-0.329194,0.0431026,0.00550859,4.01299e-06,-3.14154,-7.14942e-05,
28.6399,-0.329171,0.0430943,0.00550319,9.22314e-05,3.14158,-2.61895e-05,
28.6459,-0.329194,0.0430967,0.00551669,-3.52469e-05,-3.14153,-1.9004e-05,
28.649,-0.329189,0.043073,0.00549891,-9.50178e-05,3.14158,-2.44244e-07,
28.6553,-0.329183,0.043091,0.00549618,4.85638e-05,3.14158,2.02762e-05,
28.6633,-0.329172,0.0430919,0.00550025,-0.000103048,3.14158,0.000112827,
28.6664,-0.329186,0.0430821,0.00550521,-4.80135e-05,-3.14158,6.45262e-06,
28.6717,-0.329206,0.0430998,0.0055196,-4.66886e-05,-3.1415,4.211e-05,
28.6749,-0.329198,0.0431024,0.00552991,-4.72148e-05,-3.14149,-6.01909e-05,
28.68,-0.329193,0.0430966,0.00550757,-7.06189e-06,-3.14157,5.69232e-05,
28.6862,-0.329174,0.0430904,0.00550481,0.000112484,3.14158,-2.27816e-05,
28.6893,-0.329206,0.0430962,0.00552531,5.32292e-05,-3.14149,-8.51881e-05,
28.6954,-0.32919,0.0430895,0.0055165,2.41219e-05,-3.1415,-1.06007e-05,
28.7016,-0.329193,0.0430885,0.00550301,6.22635e-05,-3.14155,-5.52372e-06,
28.7049,-0.329194,0.0430989,0.00551924,3.53465e-05,-3.14151,-5.56379e-05,
28.7125,-0.329182,0.0430643,0.00549907,8.3008e-05,-3.14158,8.63744e-05,
28.7599,-0.329198,0.0431123,0.00550871,6.67733e-05,-3.14154,-4.18112e-05,
28.7631,-0.329192,0.0431084,0.00551619,-3.27545e-05,-3.14155,-0.000129079,
28.7673,-0.32919,0.0431064,0.00550607,-4.18893e-05,-3.14158,-5.97444e-05,
28.7734,-0.329199,0.0430802,0.00550772,0.000134837,-3.14156,-3.97155e-05,
28.7764,-0.329183,0.0430941,0.00550383,7.50814e-06,3.14158,4.15756e-05,
28.7827,-0.329199,0.0430965,0.00550881,9.51896e-05,-3.14156,-7.00696e-05,
28.7858,-0.329182,0.0430846,0.00551197,6.60461e-06,-3.14157,1.63327e-05,
28.7919,-0.329182,0.0430912,0.00549885,-4.43685e-05,3.14159,5.03032e-05,
28.8768,-0.329201,0.0431205,0.00550957,-7.64178e-05,-3.14156,-7.36596e-05,
28.8799,-0.329181,0.0430998,0.00551196,-4.39557e-06,-3.14156,-3.95429e-05,
28.8839,-0.329204,0.0431025,0.00550786,-4.06062e-05,-3.14155,4.61964e-06,
28.8886,-0.329194,0.0430824,0.0055083,4.12363e-05,-3.14154,1.06119e-05,
28.8919,-0.329173,0.0430922,0.00550886,-7.33199e-05,-3.14158,-2.48265e-05,
28.8986,-0.329199,0.0431043,0.00552079,-4.65006e-05,-3.14152,-4.81366e-05,
28.9032,-0.329199,0.043109,0.00551533,-1.36055e-05,-3.14153,-1.04529e-05,
28.9094,-0.329165,0.0430954,0.00550214,9.83729e-05,3.14157,-7.97543e-05,
28.9125,-0.329196,0.0430856,0.00549897,3.21366e-05,-3.14157,2.98599e-05,
28.9179,-0.329165,0.043098,0.00550378,0.000117533,3.14158,4.74469e-06,
28.9209,-0.329166,0.0430899,0.00550253,7.46239e-06,3.14156,2.3175e-05,
28.9272,-0.329206,0.0431112,0.00552604,-8.00567e-05,-3.14146,-4.97873e-05,
28.9338,-0.329228,0.0431159,0.00553079,3.95907e-05,-3.14148,-0.000132399,
28.9369,-0.32919,0.0430943,0.00550727,5.57586e-05,-3.14154,-7.9063e-05,
28.9429,-0.329193,0.0430923,0.00550582,-4.55629e-05,-3.14154,-9.80352e-06,
28.9492,-0.329223,0.0431169,0.00552767,-2.37564e-06,-3.1415,-0.000130247,
28.9523,-0.329191,0.0431041,0.00550722,1.96294e-05,-3.14155,-4.63775e-05,
28.9576,-0.329172,0.0430776,0.00550268,3.73412e-05,-3.14158,8.23254e-05,
28.9638,-0.329206,0.0430993,0.00550366,-2.22393e-05,-3.14153,-4.84579e-05,
28.9669,-0.329193,0.0430926,0.0055088,8.16397e-05,-3.14156,-2.50525e-05,
28.9729,-0.329203,0.0430839,0.00551327,0.000147477,-3.14153,-1.58577e-05,
28.976,-0.329196,0.0430972,0.00550395,2.34973e-05,-3.14153,-3.05036e-05,
28.9804,-0.32919,0.043093,0.00551139,-5.07286e-05,-3.14155,-7.94522e-05,
28.9867,-0.329197,0.0431144,0.00550831,-0.000126618,-3.14154,-1.42365e-06,
28.9899,-0.329189,0.0431014,0.00550974,-5.89714e-05,-3.14154,-5.95283e-05,
28.995,-0.329176,0.0430882,0.00550564,-2.63091e-05,-3.14159,2.21217e-05,
29.0012,-0.329217,0.0431129,0.00551978,-5.46904e-05,-3.14151,-0.000106021,
29.0043,-0.329195,0.0430947,0.00550859,4.56003e-06,-3.14156,-4.81679e-05,
29.0104,-0.329217,0.043108,0.00552483,2.54132e-05,-3.14149,-8.1541e-05,
29.0167,-0.329196,0.0430919,0.00551561,6.96964e-05,-3.14153,-4.59119e-05,
29.0199,-0.329216,0.0430924,0.00549997,-9.36745e-05,-3.14152,5.28116e-05,
29.0272,-0.329178,0.0430961,0.00550696,-0.000101684,-3.14156,-2.32094e-05,
29.0334,-0.329186,0.0431075,0.00551029,-5.84831e-05,-3.14157,-2.84393e-05,
29.0366,-0.329184,0.0430994,0.00551892,-8.67288e-05,-3.14152,-5.31122e-05,
29.0419,-0.329173,0.0430948,0.00549359,4.05541e-05,3.14152,2.63242e-05,
29.045,-0.329205,0.0431021,0.00552174,-6.21025e-05,-3.1415,-8.2201e-05,
29.0513,-0.329186,0.0431042,0.00550183,-3.49279e-05,-3.14158,-7.6461e-05,
29.0574,-0.329195,0.0431002,0.00551242,-0.000106299,-3.14155,-6.46926e-05,
29.0605,-0.329189,0.0431103,0.00550298,7.49281e-05,3.14159,5.07669e-05,
29.0688,-0.329216,0.0431039,0.0055115,-2.17173e-05,-3.14151,-4.05151e-05,
29.0771,-0.329196,0.0430911,0.00549213,-0.000100435,3.14159,8.50304e-06,
29.0803,-0.329173,0.0430986,0.0055174,-9.12939e-05,-3.14158,-0.000101587,
29.0845,-0.329182,0.0431076,0.00551092,-0.000118267,-3.14156,-3.36385e-05,
29.0907,-0.32919,0.0430777,0.00549479,0.000125936,-3.14158,2.82626e-05,
29.0938,-0.329201,0.043094,0.00551823,0.000114741,-3.14151,-6.61715e-05,
29.0999,-0.329203,0.0431092,0.00552364,-7.7832e-05,-3.14149,-6.58263e-05,
29.103,-0.329187,0.043077,0.00550267,3.00197e-05,-3.14154,6.50664e-05,
29.1093,-0.329189,0.0430926,0.00549623,-1.13334e-05,3.14158,3.60244e-05,
29.1933,-0.329193,0.0430922,0.00551511,-3.44656e-06,-3.1415,-5.85672e-05,
29.1974,-0.329196,0.0430787,0.00550433,0.000121162,-3.14158,1.35567e-05,
29.2006,-0.329176,0.0430842,0.00550255,-0.000121276,3.14158,-5.83121e-06,
29.2068,-0.329194,0.0431071,0.00549828,-4.44837e-06,-3.14158,-2.49812e-05,
29.2099,-0.329199,0.0431179,0.00550858,-6.05852e-05,-3.14156,-8.38011e-05,
29.2159,-0.3292,0.0431004,0.00551835,-1.34006e-05,-3.14149,-1.33e-05,
29.2219,-0.329179,0.0430982,0.00551384,1.66269e-05,-3.14157,-8.94814e-05,
29.225,-0.329212,0.0431228,0.00552326,-8.78712e-06,-3.14147,-0.000112447,
29.3319,-0.329196,0.043119,0.00551043,-0.000112337,-3.14155,-4.77746e-05,
29.3351,-0.329199,0.0430876,0.0055058,-1.61221e-06,-3.14157,-1.41793e-05,
29.3393,-0.329217,0.0431064,0.00550829,-3.58474e-05,-3.14152,-7.10834e-05,
29.3454,-0.3292,0.0431108,0.00550709,-1.58367e-06,-3.14155,-1.42767e-05,
29.3485,-0.329192,0.0431009,0.00549623,-2.07214e-05,-3.14154,1.80625e-05,
29.3547,-0.329159,0.043086,0.00549032,-4.49749e-05,3.14152,-2.21084e-06,
29.3578,-0.329161,0.043101,0.005489,9.29257e-05,3.14154,-6.34595e-05,
29.3639,-0.329188,0.0430899,0.00550085,-3.43918e-05,3.14157,4.57154e-05,
29.4654,-0.32919,0.0431178,0.00550046,-7.19074e-05,-3.14159,-2.28322e-05,
29.4686,-0.329206,0.0431073,0.00551572,-0.000126583,-3.14151,-2.47096e-05,
29.4729,-0.329175,0.043077,0.00549634,5.09417e-05,-3.14159,7.38904e-05,
29.476,-0.329187,0.0430834,0.0054952,1.13214e-05,3.14156,8.24295e-06,
29.4823,-0.329203,0.0430957,0.00551516,4.20691e-05,-3.14154,-0.000108544,
29.4884,-0.329194,0.0430936,0.00551971,-5.53018e-05,-3.14151,-6.08691e-05,
29.4915,-0.32918,0.0430951,0.00549992,-7.82355e-05,3.14158,-0.000110408,
29.4978,-0.329177,0.0430887,0.00549455,-3.21357e-05,3.14155,-6.50511e-06,
29.5212,-0.329196,0.0430915,0.0055218,-1.50531e-05,-3.14152,-3.88369e-05,
29.5245,-0.329183,0.0430891,0.00550451,-9.44274e-05,-3.14157,3.95116e-05,
29.5328,-0.329183,0.0430793,0.00552008,0.000109892,-3.14157,-2.63764e-05,
29.5359,-0.329221,0.0430971,0.00551984,-7.39859e-05,-3.14145,-5.04292e-05,
29.5409,-0.329206,0.0430943,0.00551202,2.20666e-08,-3.1415,1.16985e-05,
29.5472,-0.329214,0.0431198,0.00552938,-1.11927e-05,-3.14148,-0.000125227,
29.5503,-0.329211,0.0431013,0.00551629,1.51264e-05,-3.14151,-0.000100449,
29.5564,-0.329198,0.0430988,0.00550702,5.25974e-06,-3.14156,-5.02108e-05,
29.5627,-0.329206,0.0431098,0.00552493,-7.03376e-06,-3.14153,-6.61931e-05,
29.566,-0.329191,0.0430992,0.00550642,-3.29484e-05,-3.14156,-1.95846e-05,
29.5744,-0.329201,0.0430947,0.0055094,-6.58114e-06,-3.1415,-1.21546e-06,
29.5796,-0.329201,0.0430986,0.00550635,1.423e-05,-3.14156,-5.07492e-05,
29.5827,-0.32917,0.0431099,0.00549679,4.16119e-06,3.14157,7.61447e-05,
29.5889,-0.329209,0.0431176,0.0055174,-9.14865e-05,-3.14153,-7.56574e-05,
29.592,-0.329156,0.0430765,0.00549105,-8.91041e-05,3.14153,-4.84117e-05,
29.5982,-0.329214,0.0431167,0.00552298,-0.000116507,-3.14146,-0.000124689,
29.6045,-0.329177,0.0431083,0.00551644,7.28962e-05,3.14158,6.48312e-05,
29.6077,-0.329177,0.04311,0.00550486,5.94406e-05,-3.14158,-8.28947e-05,
29.6131,-0.329183,0.0430889,0.00550376,3.31591e-05,3.14159,-3.97624e-05,
29.6194,-0.329178,0.0430921,0.0054948,4.95941e-05,-3.14157,5.94009e-05,
29.6224,-0.329178,0.0430952,0.00550517,-2.51281e-05,-3.14154,-1.11713e-05,
29.6287,-0.3292,0.0431114,0.00551707,-5.92209e-05,-3.14154,-7.17972e-05,
29.6349,-0.329194,0.0430753,0.00549469,9.11834e-05,-3.14158,9.08071e-05,
29.638,-0.329187,0.0430971,0.00551974,-6.69353e-05,-3.14157,-2.65094e-05,
29.6443,-0.3292,0.0431006,0.00551019,-2.77126e-05,-3.14153,-1.93743e-05,
29.6495,-0.32919,0.0430775,0.00550453,3.59518e-05,-3.14158,-1.76454e-05,
29.6527,-0.329173,0.0430952,0.00549373,7.42521e-05,3.14154,-1.38347e-05,
29.6589,-0.329197,0.0430901,0.00550366,4.43498e-05,-3.14155,-3.18555e-05,
29.662,-0.329191,0.0430967,0.00549494,-4.35232e-06,3.14157,-1.18877e-05,
29.6683,-0.329198,0.0431064,0.00550141,6.37229e-05,3.14159,6.00274e-05,
29.6744,-0.329182,0.0430923,0.0055036,-5.92185e-05,-3.14158,2.73728e-05,
29.6776,-0.329216,0.0431028,0.00552091,-5.37996e-05,-3.14148,-9.33461e-05,
29.6838,-0.329174,0.0430923,0.00549873,1.55555e-06,3.14156,-3.57924e-06,
29.689,-0.329184,0.0430943,0.00550084,2.27066e-06,3.14159,3.19203e-06,
29.6922,-0.329185,0.0430931,0.00548966,6.36184e-05,3.14158,-2.49731e-05,
29.6975,-0.329204,0.0430993,0.00551298,4.3968e-06,-3.14153,-1.16508e-05,
29.7038,-0.329181,0.0430931,0.00549714,-6.58245e-05,-3.14158,2.03814e-05,
29.7069,-0.329187,0.0431048,0.00550394,-5.89551e-05,-3.14155,-2.91723e-05,
29.7129,-0.329192,0.0430803,0.00550903,5.5311e-05,-3.14157,-1.37513e-05,
29.716,-0.329192,0.0431138,0.00551365,-3.90971e-05,-3.14156,-3.04705e-05,
29.7605,-0.329195,0.0430944,0.00550316,4.4495e-06,-3.14158,-2.28893e-05,
29.7647,-0.329194,0.0431058,0.00550999,-3.76196e-05,3.14159,0.000175766,
29.7678,-0.329198,0.0431036,0.0055052,-5.25095e-05,-3.14157,-2.7193e-05,
29.7739,-0.329222,0.0431056,0.00552716,-4.05489e-05,-3.14149,-0.00010269,
29.7802,-0.329175,0.0431051,0.00549721,0.000105659,3.14158,-4.69285e-05,
29.7833,-0.329222,0.0431096,0.00550753,-3.35797e-05,-3.14152,-8.66621e-05,
29.7897,-0.329199,0.0431047,0.00551822,-5.38726e-05,-3.14152,-5.86726e-05,
29.7978,-0.329179,0.0430949,0.00549833,-0.000110029,3.14157,-1.08113e-06,
29.8009,-0.329207,0.0430981,0.00551505,-0.00011084,-3.14149,3.84498e-06,
29.8063,-0.329167,0.0430768,0.00550051,-4.45058e-05,3.14152,-5.38834e-05,
29.8124,-0.329186,0.043103,0.00550349,-5.92522e-05,-3.14158,8.02159e-06,
29.8154,-0.329175,0.0430884,0.00548869,-3.50993e-05,3.14154,-4.59162e-05,
29.8217,-0.329205,0.0431003,0.00552328,4.40516e-05,-3.14153,-7.9403e-05,
29.8248,-0.32918,0.0430889,0.00551042,5.07414e-05,-3.14159,9.74299e-06,
29.831,-0.329184,0.0431103,0.00551385,-0.00012514,-3.14157,-5.85197e-05,
29.8354,-0.329196,0.0431006,0.00551015,5.19713e-05,-3.14152,-6.35044e-05,
29.9184,-0.329173,0.0430719,0.00549993,-6.97807e-05,3.14159,-1.16142e-05,
29.9216,-0.329192,0.0431078,0.00551605,3.98016e-05,-3.14154,-7.27068e-05,
29.9258,-0.329171,0.0430954,0.00549921,2.15133e-06,3.14159,-8.79615e-06,
29.9289,-0.329199,0.0431067,0.00551614,-1.38191e-05,-3.14157,-2.60654e-05,
29.9349,-0.329197,0.0430978,0.00551206,-7.96097e-05,-3.14157,-1.8667e-05,
29.9412,-0.329235,0.0431152,0.00553121,-1.85556e-05,-3.14139,-7.45854e-05,
29.9443,-0.329198,0.0431009,0.00549502,4.42794e-05,-3.14158,-1.29187e-05,
29.9504,-0.329204,0.0431011,0.00550682,1.66777e-05,-3.14154,-7.71132e-05,
30.0656,-0.329192,0.0430955,0.00550507,-5.94972e-06,3.14158,8.7447e-05,
30.0688,-0.329191,0.0430959,0.00551511,-4.8039e-05,-3.14154,-1.24858e-05,
30.074,-0.329183,0.0430884,0.00550615,1.81928e-05,-3.14156,-4.99187e-05,
30.0803,-0.329173,0.0431103,0.00549771,7.93722e-05,3.14156,2.74696e-05,
30.0834,-0.329171,0.0430932,0.00549221,9.52377e-05,3.14153,-2.14721e-05,
30.0894,-0.329178,0.043086,0.00549773,-7.47656e-05,3.14155,5.51314e-07,
30.0925,-0.329182,0.043098,0.00551331,-6.89866e-06,-3.14158,-1.59836e-05,
30.0987,-0.329219,0.0430945,0.00552555,2.00534e-05,-3.1415,-7.32664e-05,
30.1828,-0.329216,0.043094,0.00551399,7.04047e-05,-3.1415,-3.26914e-05,
30.1859,-0.329185,0.0430939,0.00550166,1.59089e-05,-3.14156,3.39662e-06,
30.19,-0.329191,0.0430911,0.00550349,1.80566e-05,-3.14157,-3.02502e-05,
30.1984,-0.329195,0.0430922,0.00550157,-5.90432e-05,-3.14155,-6.32328e-06,
30.2018,-0.329165,0.0430741,0.00548623,-3.29693e-05,3.14153,-4.68296e-05,
30.2073,-0.329195,0.0431175,0.00551271,2.56667e-05,3.14158,9.92322e-05,
30.2149,-0.329215,0.0431076,0.00551241,-5.40574e-05,-3.14151,-4.32857e-06,
30.218,-0.329213,0.0431122,0.00551794,-0.000137152,-3.14151,-6.07526e-05,
30.2243,-0.329193,0.0431065,0.00550019,1.89321e-07,-3.14158,-6.68211e-05,
30.2295,-0.329189,0.0431103,0.00551463,-0.000125224,-3.14156,-2.4438e-05,
30.2327,-0.329175,0.0431039,0.00550118,6.37981e-05,3.14157,-1.38587e-05,
30.2403,-0.329182,0.0431018,0.00550256,1.44352e-05,-3.14159,-6.6774e-05,
30.2464,-0.329215,0.0431017,0.0055064,3.95062e-06,-3.14152,-7.76061e-05,
30.2495,-0.329189,0.0431083,0.00549722,6.53626e-05,3.14159,-5.06924e-05,
30.2558,-0.329221,0.0431096,0.0055217,-4.79905e-05,-3.14148,-5.1816e-05,
30.2619,-0.329189,0.0431073,0.00551148,-5.47614e-05,-3.14158,-7.00398e-05,
30.265,-0.329179,0.0430991,0.00551592,2.404e-06,3.14158,7.74289e-05,
30.2703,-0.32921,0.0431137,0.00549825,-7.32673e-05,-3.14155,-3.81644e-05,
30.2764,-0.329193,0.0430847,0.00550324,8.38592e-05,-3.14157,1.11065e-05,
30.2795,-0.329154,0.0430885,0.00550618,3.24486e-05,3.14155,-5.57097e-05,
30.286,-0.329194,0.0431016,0.00550358,4.47193e-05,-3.14158,2.97163e-05,
30.2922,-0.329215,0.0431062,0.00551502,-7.62347e-06,-3.14151,-1.51656e-05,
30.2953,-0.329182,0.0431046,0.00551089,-1.42919e-05,-3.14158,-3.66927e-05,
30.3014,-0.329191,0.0430971,0.00551324,2.563e-05,-3.14154,-6.8669e-05,
30.3045,-0.329205,0.0431061,0.00550315,2.00544e-06,-3.14157,1.09956e-05,
30.3098,-0.329192,0.0431003,0.00552686,4.54554e-06,-3.14153,-0.000116791,
30.3159,-0.329196,0.0430991,0.00550601,-3.27578e-05,-3.14151,6.90355e-06,
30.319,-0.329168,0.0430838,0.0055025,3.65295e-07,3.14155,-5.67025e-05,
30.3254,-0.3292,0.0430939,0.00550731,0.000110036,-3.14156,-2.81125e-05,
30.332,-0.329162,0.0430844,0.00549921,2.41202e-05,3.14154,-3.47979e-05,
30.3353,-0.329211,0.0431091,0.00552843,-3.27652e-05,-3.14145,-9.95324e-05,
30.3414,-0.329209,0.043098,0.00550505,1.64066e-05,-3.14152,4.59173e-05,
30.3477,-0.329179,0.0431058,0.00552005,-2.56881e-05,-3.14159,-6.65114e-05,
30.3508,-0.329196,0.0430892,0.00550353,2.01856e-07,3.14157,4.69517e-05,
30.356,-0.329176,0.0430894,0.00548969,3.31449e-05,-3.14159,6.46744e-05,
30.3622,-0.329181,0.0430894,0.0055052,-2.84639e-05,-3.14159,-1.69415e-05,
30.3653,-0.329214,0.0431058,0.00551045,-3.35055e-05,-3.1415,-6.36504e-05,
30.3733,-0.329191,0.0431165,0.00550927,-0.000187836,-3.14154,-4.77495e-05,
30.3764,-0.329202,0.0430756,0.00550955,1.79677e-05,-3.14153,4.91765e-06,
30.3814,-0.329185,0.0430805,0.00551025,5.40424e-05,-3.14154,3.5097e-06,
30.3877,-0.329186,0.0430971,0.0055076,-5.89511e-05,-3.14155,-4.56221e-05,
30.3908,-0.329203,0.0430906,0.00550704,-1.80669e-05,-3.14156,-2.90385e-05,
30.396,-0.329182,0.0430981,0.00550293,-4.48717e-05,-3.14158,-1.40205e-05,
30.4023,-0.329215,0.043105,0.00550927,9.79347e-06,-3.14152,-5.44614e-05,
30.4054,-0.329194,0.0430906,0.00550779,8.3837e-05,-3.14157,-4.11893e-05,
30.4114,-0.329192,0.0431004,0.00552197,5.83774e-05,-3.14156,-0.000123956,
30.4146,-0.329198,0.0431,0.00549298,-9.00809e-06,-3.14159,1.00022e-05,
30.4218,-0.329186,0.0430889,0.00551525,-8.50892e-05,-3.14157,5.91299e-05,
30.4279,-0.329168,0.0430806,0.00549596,-2.31782e-05,3.14155,-1.09412e-05,
30.431,-0.329176,0.0430883,0.0055078,-0.000112845,-3.14155,-2.22266e-05,
30.4363,-0.32916,0.0430683,0.00549135,-0.000100244,3.14154,-8.55171e-05,
30.4424,-0.329189,0.0431048,0.00550431,-3.50884e-05,-3.14157,-3.42062e-05,
30.4455,-0.329179,0.0430891,0.00550396,1.8989e-08,-3.14159,-1.25895e-05,
30.4517,-0.329167,0.0430847,0.00550513,-6.53151e-06,3.14157,-4.25826e-05,
30.4548,-0.329202,0.0431069,0.00548754,-3.95735e-05,3.14157,-9.45602e-06,
30.461,-0.329191,0.0431064,0.00550738,-4.69335e-05,-3.14155,-7.50869e-05,
30.4667,-0.329177,0.0430704,0.00550477,1.80866e-05,-3.14158,-1.73986e-05,
30.47,-0.32918,0.0430929,0.00549787,-8.43619e-05,-3.14157,-1.84539e-05,
30.4777,-0.329188,0.0431021,0.00550955,-2.94459e-06,-3.14155,-2.71906e-05,
30.4821,-0.329194,0.043088,0.00550983,-3.31655e-05,-3.14152,9.42979e-05,
30.4883,-0.329188,0.0430999,0.00548984,5.51458e-05,3.14159,3.55563e-05,
30.4914,-0.329176,0.0430887,0.00550869,1.87301e-05,-3.14158,-8.46125e-06,
30.4977,-0.329189,0.0431034,0.00551266,5.84879e-05,-3.14156,-6.77278e-05,
30.5008,-0.329205,0.0430863,0.00551975,6.33205e-05,-3.14147,-0.000105684,
30.5072,-0.329188,0.0431041,0.00551405,-8.01911e-05,-3.14157,-7.73991e-05,
30.5148,-0.329196,0.0430936,0.00550177,-2.62135e-05,-3.14158,-3.49489e-05,
30.5179,-0.329192,0.0430896,0.00550974,-7.63476e-06,-3.14155,2.4109e-05,
30.5242,-0.329218,0.0431025,0.00551491,6.23755e-06,-3.14149,-0.000111422,
30.5304,-0.329186,0.0430827,0.00550467,0.000116941,-3.14156,5.79846e-07,
30.5335,-0.329163,0.0430837,0.00548337,-2.30162e-05,3.1415,-7.8245e-05,
30.5397,-0.329198,0.0431021,0.0055075,-2.89253e-05,-3.14155,-0.000122743,
30.5459,-0.329206,0.0431025,0.00551901,-1.52136e-05,-3.14154,-5.16977e-05,
30.549,-0.329195,0.0430943,0.00549407,-1.24607e-05,-3.14157,-2.46871e-05,
30.5534,-0.329174,0.0430897,0.00548809,5.52714e-05,3.14156,-1.94202e-05,
30.5596,-0.329205,0.0431015,0.00551493,8.46423e-05,-3.14152,-5.15905e-05,
30.5627,-0.329185,0.0430912,0.00550047,-3.06994e-05,3.14157,4.89884e-05,
30.5689,-0.329178,0.0430857,0.00550588,-2.43971e-06,-3.14158,5.43976e-05,
30.572,-0.329181,0.0430977,0.00549821,-1.10285e-05,3.14156,-1.07534e-05,
30.5782,-0.329195,0.0431056,0.0055004,-8.75668e-05,-3.14156,-5.79592e-06,
30.5844,-0.329179,0.0430909,0.00551773,-3.54724e-05,-3.14157,3.23915e-06,
30.5875,-0.329173,0.0430694,0.00551244,-3.43601e-05,3.14158,3.88697e-05,
30.5928,-0.329169,0.0430766,0.00548214,-9.60172e-05,3.14155,-6.61539e-05,
30.5989,-0.329181,0.0431059,0.00550734,0.00011018,3.14157,6.8028e-05,
30.602,-0.329187,0.0431071,0.00551627,-1.64121e-05,-3.14155,-7.57421e-05,
30.6082,-0.329166,0.0430854,0.00550158,-2.30145e-05,-3.14158,2.09961e-05,
30.6144,-0.329173,0.0430877,0.00550564,-3.34068e-05,-3.14157,-4.4526e-05,
30.6175,-0.329192,0.0431067,0.00550922,-8.44382e-05,-3.14157,-0.000113278,
30.6237,-0.329187,0.0430953,0.00549293,2.10266e-05,3.14158,-3.02923e-05,
30.6268,-0.329172,0.0430754,0.00550651,3.73694e-05,-3.14159,3.60217e-05,
30.632,-0.329199,0.0430822,0.00550791,9.10535e-05,-3.14159,2.6032e-07,
30.6383,-0.329172,0.0430916,0.00550901,7.42608e-05,3.14158,2.2579e-05,
30.6416,-0.329217,0.0431188,0.00552696,-0.000138284,-3.14144,-0.0001107,
30.6498,-0.329151,0.0430924,0.00548969,-4.49683e-06,3.14151,-2.55394e-05,
30.6549,-0.329179,0.0430847,0.00550302,2.98966e-05,3.14159,2.47977e-05,
30.658,-0.329171,0.0430932,0.00550271,6.15993e-05,3.14158,-5.17718e-05,
30.6642,-0.3292,0.043088,0.00551078,6.7844e-06,-3.14155,-6.08328e-05,
30.6704,-0.329212,0.0430995,0.00551761,3.87811e-06,-3.1415,-9.70064e-05,
30.6736,-0.329168,0.0430672,0.005498,-0.000114586,3.14157,-3.23982e-05,
30.6789,-0.329183,0.0430822,0.00550587,-4.70834e-05,-3.14157,-2.22331e-05,
30.682,-0.329188,0.0431055,0.00551979,1.19415e-05,-3.14154,-5.38987e-05,
30.6885,-0.329165,0.0430902,0.00549115,-7.05e-05,3.14153,1.40086e-05,
30.6969,-0.329195,0.0430891,0.00550943,4.73377e-05,-3.14148,6.44871e-05,
30.7001,-0.329186,0.0430998,0.00550153,-8.92522e-05,3.14157,9.77614e-05,
30.7053,-0.329188,0.0431145,0.00551337,-6.11123e-05,-3.14151,-5.36517e-05,
30.7114,-0.329178,0.0431039,0.00549931,-9.74685e-06,3.14157,2.84166e-05,
30.7146,-0.329181,0.0430917,0.00550446,-5.8358e-05,-3.14159,-3.47693e-05,
30.7199,-0.329182,0.043081,0.00550479,-9.13806e-05,3.14158,5.15534e-05,
30.7259,-0.329175,0.0431036,0.00549336,6.31793e-05,3.14153,-3.14231e-05,
30.729,-0.329189,0.0430906,0.00550918,8.738e-06,-3.14159,-5.52909e-06,
30.7366,-0.329232,0.0431143,0.00551505,-1.98446e-05,-3.14145,-0.000113355,
30.7429,-0.329194,0.0431052,0.00551431,-1.62097e-05,-3.14151,-6.68077e-05,
30.7459,-0.32921,0.0431091,0.00552123,-5.45202e-05,-3.14148,-8.53307e-05,
30.7522,-0.329192,0.0430987,0.00550386,4.44933e-06,-3.14158,-1.61467e-05,
30.7575,-0.329172,0.0430839,0.00551163,2.25935e-05,3.14157,4.12224e-05,
30.7606,-0.329198,0.0430891,0.00551153,6.28861e-05,-3.14157,-7.1377e-05,
30.7668,-0.329178,0.0430906,0.00550013,-5.75632e-07,-3.14157,1.98043e-05,
30.7699,-0.329188,0.0431101,0.00549818,-0.000117439,-3.14156,1.41904e-06,
30.7762,-0.329211,0.0431042,0.0055145,4.19744e-05,-3.14151,-6.01203e-05,
30.7824,-0.329166,0.0431014,0.00550227,-0.00012401,-3.14158,-3.52835e-05,
30.7855,-0.329174,0.0430989,0.00550654,7.25937e-05,3.14158,7.05584e-05,
30.7918,-0.329163,0.0430927,0.00549497,2.16571e-05,3.14155,-1.3192e-05,
30.797,-0.32917,0.0430891,0.00548087,4.64998e-05,3.14152,-6.94304e-05,
30.8001,-0.329201,0.0431079,0.00551165,-8.47094e-05,-3.14154,-2.38462e-05,
30.8063,-0.3292,0.0431015,0.00551685,-7.37356e-06,-3.1415,-3.46081e-05,
30.8124,-0.32919,0.0430962,0.00552312,7.65909e-05,-3.14151,-9.12477e-05,
30.8154,-0.329162,0.0430788,0.00549756,-5.82627e-06,3.14154,-5.07571e-05,
30.8237,-0.329203,0.0431115,0.00550797,-8.01138e-05,-3.14155,-6.96596e-05,
30.827,-0.329182,0.0430954,0.00549364,3.30027e-05,3.14156,-1.41358e-06,
30.8724,-0.329181,0.043095,0.00550465,-8.97993e-05,-3.14158,-3.31658e-05,
30.8766,-0.329219,0.0431087,0.00552855,-3.29214e-05,-3.14144,-5.77358e-05,
30.8798,-0.329202,0.0430893,0.00552215,0.000101991,-3.1415,-7.35635e-05,
30.8859,-0.329179,0.0431023,0.00551427,-7.76385e-05,-3.14155,-7.95541e-05,
30.8922,-0.329217,0.0431012,0.0055136,1.12933e-05,-3.14148,-1.30199e-05,
30.8953,-0.329218,0.0431095,0.0055163,-2.32406e-05,-3.14152,-9.93946e-05,
30.9014,-0.3292,0.0430937,0.00551478,3.23889e-05,-3.1415,-2.9336e-05,
30.9076,-0.3292,0.043121,0.00551415,-4.47284e-05,-3.14152,-0.000101716,
30.9928,-0.329171,0.0430811,0.00550853,-4.9349e-05,3.14158,1.51638e-05,
30.9969,-0.32918,0.0430759,0.00549303,-5.07317e-05,3.14154,-3.51863e-05,
31.0052,-0.329194,0.0430984,0.0055023,-2.82471e-06,-3.14152,3.04151e-05,
31.0083,-0.329189,0.0430961,0.00550227,2.70284e-05,3.14158,3.49451e-05,
31.0134,-0.329208,0.0431087,0.00550348,-7.37315e-05,-3.14158,1.21414e-05,
31.0196,-0.329203,0.0431054,0.00552012,-5.74186e-05,-3.14152,-0.000157995,
31.0227,-0.329187,0.0430998,0.00548624,8.0088e-05,3.14157,-3.49639e-05,
31.0289,-0.32919,0.0430923,0.0055183,-1.43152e-05,-3.14153,-1.57239e-05,
31.032,-0.329171,0.0430843,0.00550719,-4.45745e-06,3.14157,3.82024e-05,
31.0373,-0.329182,0.0430838,0.00550051,-5.39634e-05,3.14159,3.8013e-06,
31.0434,-0.329191,0.0431203,0.00551992,-0.000106006,-3.14152,-0.00015949,
31.0467,-0.329186,0.0431056,0.00550458,-3.94712e-05,-3.14156,-5.15823e-05,
31.0533,-0.329189,0.0430959,0.00550912,-0.000117002,-3.14157,2.37131e-06,
31.061,-0.329195,0.0430968,0.00551424,-1.42257e-05,-3.14151,6.67393e-06,
31.0674,-0.329185,0.043095,0.00551336,-9.82636e-05,-3.14156,7.07955e-06,
31.0705,-0.32919,0.0430909,0.00550237,-1.38905e-05,-3.14153,-2.23013e-05,
31.0767,-0.329174,0.0430903,0.00549962,3.97573e-05,3.14157,-1.90117e-05,
31.0798,-0.329216,0.0431176,0.00552233,-0.000137861,-3.14144,2.75275e-05,
31.085,-0.329185,0.0430836,0.0055054,2.54575e-05,-3.14157,3.0513e-06,
31.0932,-0.329202,0.0431111,0.00552669,-7.77064e-05,-3.14148,-0.000101823,
31.0963,-0.329213,0.0431122,0.00550805,-7.24376e-05,-3.14151,-7.48685e-05,
31.1014,-0.329183,0.0430797,0.00549935,0.000121693,-3.14158,-5.91567e-05,
31.1076,-0.329201,0.0430842,0.00550773,7.41177e-05,-3.14152,3.4912e-05,
31.1108,-0.3292,0.043105,0.00552538,4.88777e-05,-3.1415,-0.000128629,
31.1169,-0.329185,0.0430952,0.00549717,-2.60417e-05,-3.14157,2.27839e-06,
31.1223,-0.329184,0.0430807,0.00551558,1.82239e-05,-3.14153,-6.24243e-05,
31.1254,-0.329194,0.0431005,0.00549601,-6.57568e-05,-3.14157,-1.77187e-05,
31.1314,-0.329177,0.0430925,0.00550286,-1.65717e-05,3.14158,4.70103e-05,
31.1346,-0.329175,0.0430851,0.00548485,4.64447e-05,3.14153,-2.97386e-05,
31.1408,-0.329178,0.0431032,0.00550821,-9.85082e-05,-3.14154,-4.63908e-05,
31.1469,-0.329205,0.0430987,0.0055055,0.000102832,-3.14153,-5.98637e-05,
31.15,-0.329178,0.0430881,0.00550505,1.87956e-05,-3.14159,-2.39562e-05,
31.1563,-0.329204,0.0431057,0.00551463,-4.70028e-05,-3.14149,-3.95843e-05,
31.1614,-0.329213,0.0431132,0.00551557,-2.04051e-06,-3.14149,-8.02799e-05,
31.1646,-0.329195,0.043108,0.0055117,5.09649e-05,-3.14156,-7.08528e-05,
31.1708,-0.329207,0.0431086,0.00552646,-5.3744e-05,-3.14146,-8.03882e-05,
31.1739,-0.329174,0.0430876,0.00550259,-0.000130379,-3.14158,5.2513e-05,
31.18,-0.329211,0.0431114,0.00551624,-4.70408e-05,-3.14147,-1.17547e-05,
31.1866,-0.329162,0.0430725,0.00547908,1.96339e-05,3.1415,-9.70798e-05,
31.1899,-0.329175,0.0431074,0.00550791,2.84562e-05,3.14158,7.06351e-05,
31.1974,-0.329161,0.0430704,0.00548759,-8.16863e-05,3.14153,-4.57708e-05,
31.2025,-0.329187,0.0430876,0.0055131,-7.17365e-06,-3.14153,-7.67972e-05,
31.2057,-0.329191,0.0430977,0.00550434,-2.82964e-05,-3.14158,-7.67578e-05,
31.2119,-0.329207,0.0431019,0.00552565,-7.15463e-06,-3.14146,-0.000106245,
31.2179,-0.329199,0.0430887,0.00551004,-5.45411e-07,-3.14153,-5.69897e-05,
31.221,-0.32919,0.043094,0.00550825,0.000102851,-3.14156,-8.94358e-05,
31.2283,-0.329187,0.0430973,0.00550292,1.78843e-05,-3.14157,4.24767e-05,
31.2344,-0.329191,0.0430886,0.00549447,4.45005e-05,-3.14156,-1.8561e-05,
31.2375,-0.329195,0.0430919,0.00551091,-3.59456e-05,-3.14156,-4.82511e-05,
31.2438,-0.329183,0.0430966,0.00550687,-4.01534e-05,-3.14153,-2.16427e-05,
31.2469,-0.32919,0.0430896,0.00550782,6.29554e-05,-3.14154,8.51043e-06,
31.2529,-0.329204,0.0431036,0.00551519,1.6583e-05,-3.14153,-9.30743e-05,
31.2592,-0.329185,0.0430765,0.00550229,-8.31273e-06,-3.14158,3.69002e-05,
31.2623,-0.329183,0.0430863,0.00549496,-4.87975e-05,3.14159,-6.25643e-06,
31.2684,-0.329179,0.0431019,0.00549659,-5.80933e-05,-3.14159,-5.28086e-05,
31.2767,-0.329166,0.0430838,0.00551705,-1.30099e-05,3.14157,-3.05972e-05,
31.2798,-0.329201,0.0430907,0.00549747,5.08304e-05,-3.14157,4.18592e-05,
31.285,-0.329166,0.0430946,0.00550906,7.35844e-05,3.14155,3.10162e-05,
31.2913,-0.329175,0.0430998,0.00550487,5.37505e-05,3.14159,6.25886e-05,
31.2944,-0.329227,0.0431233,0.00553127,1.87414e-05,-3.14144,-9.26336e-05,
31.3004,-0.329192,0.0430874,0.00550434,3.7749e-05,-3.14153,-2.82547e-05,
31.3035,-0.32917,0.0430956,0.00549538,4.62049e-05,3.14157,4.13356e-05,
31.3097,-0.329207,0.043099,0.00551485,-6.63479e-05,-3.14146,-1.82841e-05,
31.316,-0.329203,0.0430969,0.00552093,-6.47673e-05,-3.14145,-5.85044e-05,
31.3194,-0.329182,0.0430932,0.00549477,-4.41704e-06,3.14156,-6.54788e-06,
31.324,-0.329192,0.0431027,0.00550688,-3.31139e-05,-3.14158,-1.80873e-05,
31.3324,-0.329196,0.0430854,0.00551338,4.95279e-05,-3.14153,-5.00107e-05,
31.3356,-0.329219,0.043101,0.00551146,-1.46318e-05,-3.14147,-7.29566e-05,
31.3408,-0.329196,0.0431014,0.00552003,-3.7635e-05,-3.14152,8.83134e-06,
31.3469,-0.329197,0.0430956,0.0055023,-4.70147e-05,-3.14154,-1.89369e-05,
31.3499,-0.329188,0.0431,0.00550237,-2.69765e-06,-3.14154,-1.57947e-05,
31.3562,-0.329219,0.0431045,0.00552543,-7.4866e-05,-3.14147,-7.66825e-05,
31.3636,-0.329181,0.0431051,0.00551507,-8.68921e-05,-3.14158,-8.58849e-05,
31.3668,-0.329194,0.043107,0.00551242,-5.2462e-05,-3.14154,-2.1528e-05,
31.372,-0.329169,0.043085,0.00549724,1.43861e-05,3.14154,-2.78962e-05,
31.3783,-0.329191,0.0431033,0.00549635,2.10574e-05,3.14158,5.99349e-06,
31.3814,-0.329183,0.0431009,0.00551609,1.11528e-05,-3.14156,-3.05523e-05,
31.3874,-0.329191,0.043099,0.00550093,-2.7673e-06,-3.14154,1.14711e-05,
31.3905,-0.329206,0.0431004,0.00552332,-2.37575e-06,-3.14151,-6.0384e-05,
31.3967,-0.329181,0.0430921,0.00551216,-1.43934e-05,-3.14156,3.02783e-05,
31.4029,-0.329193,0.043101,0.00552642,5.10352e-05,-3.1415,-7.31721e-05,
31.4061,-0.32918,0.0430892,0.00550581,2.29293e-05,-3.14158,8.34348e-05,
31.4114,-0.329171,0.0430947,0.00550106,-1.88234e-05,3.14156,5.26298e-05,
31.4177,-0.329166,0.0430753,0.0055021,4.20873e-05,3.14159,-9.40486e-05,
31.4208,-0.329216,0.0431072,0.00551326,-4.19158e-05,-3.1415,-3.38815e-05,
31.4269,-0.329192,0.0430805,0.00549397,2.33916e-05,-3.14159,-1.75106e-05,
31.43,-0.3292,0.0431139,0.00550442,-9.12582e-05,-3.14154,-2.59681e-05,
31.4362,-0.329209,0.043077,0.00550796,2.99645e-05,-3.14153,-1.73067e-05,
31.4424,-0.329194,0.0431058,0.00551139,4.41885e-06,-3.14156,-4.30022e-05,
31.4456,-0.329193,0.043103,0.00550987,-3.28575e-05,-3.14151,2.14923e-05,
31.451,-0.329192,0.0430977,0.00551784,-5.45045e-05,-3.14153,-0.000101814,
31.4577,-0.329172,0.0430749,0.00549753,3.55489e-05,-3.14158,-1.86028e-06,
31.461,-0.32916,0.043073,0.00549977,-5.08736e-05,3.14155,-3.44009e-05,
31.4685,-0.329169,0.0430796,0.00549449,3.03255e-05,-3.14158,5.5385e-06,
31.4747,-0.329187,0.0430984,0.00551339,-3.9583e-05,-3.14158,-0.000129272,
31.4778,-0.329181,0.043102,0.0054969,8.73187e-06,-3.14156,-5.87108e-05,
31.4839,-0.329208,0.0430798,0.0055182,5.07855e-05,-3.14149,3.20363e-05,
31.4893,-0.329184,0.0430861,0.00551433,-2.90882e-05,-3.14152,-6.5322e-06,
31.4924,-0.329176,0.043076,0.00550637,5.84687e-05,-3.14156,3.69722e-05,
31.4988,-0.32919,0.0430901,0.00550236,1.85919e-05,-3.14158,1.99347e-05,
31.5051,-0.329211,0.0431042,0.00550779,5.73315e-05,-3.14158,-2.86921e-05,
31.5083,-0.329183,0.0430967,0.00550068,1.26748e-07,-3.14158,-1.32381e-05,
31.5144,-0.329203,0.0431022,0.00551427,6.95531e-05,-3.14155,-5.60174e-05,
31.5206,-0.329188,0.0430822,0.00550089,4.93412e-05,-3.14158,3.27145e-05,
31.5238,-0.329196,0.0431034,0.00551366,5.55141e-05,-3.14153,-4.77207e-05,
31.529,-0.329201,0.0431061,0.00552123,2.5392e-05,-3.14152,-5.53652e-05,
31.5352,-0.329184,0.0430915,0.00550238,4.04691e-05,3.14159,2.14725e-05,
31.5383,-0.329169,0.0430866,0.00549328,-4.5176e-06,3.14155,-1.49625e-05,
31.5436,-0.32919,0.0430977,0.00550789,-8.86314e-06,-3.14155,-4.30099e-05,
31.5467,-0.329193,0.0431009,0.0055068,-6.70236e-05,-3.14152,-6.74341e-05,
31.5529,-0.329186,0.0430826,0.00551034,1.19182e-05,-3.14156,5.47874e-06,
31.5591,-0.329177,0.0430707,0.00550008,8.41321e-05,-3.14153,7.5187e-05,
31.5623,-0.32922,0.0431067,0.0055176,-6.81009e-05,-3.14149,-6.6398e-05,
31.5675,-0.329172,0.0430851,0.00550849,2.62209e-05,3.14158,4.50176e-05,
31.5737,-0.329203,0.0430928,0.00551772,-4.88333e-05,-3.14154,-4.81185e-05,
31.5768,-0.329199,0.0431005,0.00550812,-4.54415e-05,-3.14152,-4.66618e-05,
31.5829,-0.329186,0.0431033,0.00549959,-5.37063e-05,-3.14153,4.33286e-05,
31.5882,-0.32918,0.043088,0.00550376,1.14617e-05,-3.14156,-1.53264e-05,
31.5913,-0.329178,0.0430933,0.00551388,-6.7653e-05,-3.14159,-8.8766e-07,
31.5974,-0.329173,0.043083,0.00548584,6.7046e-06,3.14157,-9.49457e-05,
31.6005,-0.329192,0.0430817,0.00550188,4.41829e-05,-3.14157,1.48087e-05,
31.6058,-0.329171,0.0430886,0.00550738,-4.86402e-05,3.14157,4.89099e-05,
31.6119,-0.329164,0.0430899,0.00550346,3.48514e-05,3.14152,-2.83617e-05,
31.6149,-0.329182,0.043085,0.00550365,-4.03717e-05,-3.14155,4.20301e-05,
31.6212,-0.329177,0.0430964,0.00549749,9.13189e-05,3.14159,-2.41284e-05,
31.6274,-0.329199,0.0431171,0.00550499,-0.000113072,-3.14158,-7.69593e-05,
31.6306,-0.329194,0.0431113,0.00551118,-0.000123375,-3.14154,-7.9053e-05,
31.6388,-0.329174,0.0430995,0.00550374,-3.94169e-05,-3.14158,-5.65307e-05,
31.6419,-0.329197,0.0430906,0.00551155,1.25542e-05,-3.14157,-3.16854e-05,
31.6473,-0.329191,0.0430807,0.00551769,3.59663e-05,-3.14156,-8.51678e-05,
31.6534,-0.3292,0.0431104,0.00552153,-2.58801e-05,-3.14149,-0.000129022,
31.6564,-0.329177,0.0430767,0.00550394,-1.61912e-05,3.14159,-7.45671e-05,
31.6627,-0.329178,0.0430981,0.00550244,-1.12024e-05,3.14157,3.64967e-05,
31.6689,-0.329175,0.0430954,0.00550391,-3.21263e-05,3.14157,2.26062e-05,
31.672,-0.329212,0.0431058,0.00551833,-6.76987e-07,-3.14149,-6.77925e-05,
31.6774,-0.329175,0.0430866,0.00548714,-4.81166e-06,3.14156,3.12788e-05,
31.685,-0.329165,0.0430848,0.00548806,-6.28464e-05,3.14153,-4.94846e-05,
31.6881,-0.329197,0.0431239,0.00551843,-2.62251e-05,-3.14151,-3.83619e-05,
31.6934,-0.329171,0.0430808,0.00549994,2.9387e-05,3.14155,-1.06926e-05,
31.6997,-0.329194,0.0431074,0.00551645,4.40774e-05,-3.14156,-5.57751e-05,
31.7028,-0.329201,0.0430936,0.00551086,-8.75482e-06,-3.14152,-6.99534e-05,
31.7089,-0.329185,0.0431013,0.00549469,2.11045e-06,3.14158,4.22257e-05,
31.712,-0.329186,0.0430953,0.00551149,-9.80809e-05,-3.14155,-1.86595e-05,
31.7183,-0.329223,0.0431013,0.0055109,8.38471e-05,-3.1415,-1.9418e-05,
31.7637,-0.329191,0.0430968,0.00550454,-5.46317e-05,-3.14157,-4.04646e-05,
31.7682,-0.32918,0.0430875,0.00550923,-0.000109188,3.14158,1.90337e-05,
31.7714,-0.329187,0.0430827,0.00550504,2.28336e-05,-3.14159,7.93467e-05,
31.7756,-0.329205,0.0430921,0.00550722,-3.13525e-06,-3.14156,-2.74046e-05,
31.7788,-0.329198,0.0431001,0.00551119,-2.27531e-06,-3.14156,-5.54836e-05,
31.7849,-0.329179,0.0431023,0.00550252,0.000105757,3.14159,-3.31869e-05,
31.7911,-0.329188,0.0430825,0.00549852,5.86847e-05,3.14158,-6.10999e-05,
31.7943,-0.329208,0.0431103,0.00551157,-6.06347e-05,-3.14153,-6.30856e-05,
31.8779,-0.32922,0.0430808,0.00551876,8.17983e-05,-3.14145,-2.22409e-05,
31.8822,-0.329213,0.0431103,0.00550197,-4.5709e-05,-3.14156,-4.65542e-05,
31.8853,-0.329206,0.0431041,0.00551007,-3.38594e-05,-3.14153,2.33343e-05,
31.8914,-0.329219,0.0431141,0.00552069,2.98031e-05,-3.14153,-0.000108092,
31.8974,-0.329196,0.0431063,0.00550518,1.66383e-05,-3.14156,-7.17091e-05,
31.9006,-0.329182,0.04309,0.00549545,3.35959e-05,3.14159,-5.14598e-06,
31.9083,-0.32919,0.0430924,0.00550598,-7.43958e-06,-3.14155,-3.24513e-07,
31.9149,-0.329205,0.0431027,0.00551741,1.88919e-05,-3.14154,-0.000149703,
31.9183,-0.329179,0.0430876,0.00549193,2.77882e-05,3.14157,-5.30131e-05,
31.9228,-0.329175,0.0431021,0.0055005,9.41941e-05,3.14157,6.87691e-05,
31.9304,-0.329191,0.0431046,0.00551856,-2.62886e-05,-3.14156,-8.19304e-05,
31.9334,-0.329177,0.0431022,0.00550623,-9.20866e-05,-3.14159,-2.42948e-05,
31.9397,-0.329196,0.043095,0.0054925,-5.23132e-05,-3.14156,4.85219e-05,
31.9459,-0.329171,0.043084,0.00549794,1.46971e-05,3.14159,3.5678e-05,
31.949,-0.32919,0.0430936,0.00550123,1.07227e-07,-3.14156,-3.73234e-06,
31.9553,-0.329179,0.0430942,0.00550212,2.84266e-05,3.14157,4.74568e-05,
31.9614,-0.329165,0.0430794,0.00549071,-9.13269e-06,3.14155,-1.91867e-05,
31.9646,-0.329187,0.0430991,0.00552094,8.38124e-05,-3.14153,-1.28496e-05,
31.9699,-0.329201,0.0430849,0.00549032,0.000140273,-3.14155,3.17338e-05,
31.973,-0.329195,0.0431001,0.00551062,-2.11557e-05,-3.14155,1.30407e-05,
31.9792,-0.329202,0.0431047,0.00551709,-7.47959e-05,-3.14152,-9.44292e-05,
31.9854,-0.32916,0.0430873,0.00549135,3.7584e-05,3.14153,-6.32009e-05,
31.9884,-0.329174,0.0430967,0.00550577,4.67475e-05,3.14157,-3.1377e-05,
31.9937,-0.329191,0.0431086,0.00549098,2.0533e-05,3.14159,9.69809e-05,
31.9999,-0.329189,0.0430864,0.00551191,-2.15683e-06,-3.14154,-3.57809e-05,
32.003,-0.329185,0.0430923,0.00549717,-1.92589e-05,-3.14156,1.00083e-05,
32.0083,-0.329167,0.0430732,0.00550613,-6.05377e-05,3.14156,1.24499e-05,
32.0143,-0.329209,0.0431025,0.00551365,-6.75495e-05,-3.14152,9.2412e-08,
32.0174,-0.329193,0.0430999,0.00550301,-4.47499e-05,-3.14154,-1.87407e-05,
32.0237,-0.329198,0.0430871,0.00549783,0.000108113,-3.14155,-1.05736e-05,
32.0268,-0.329173,0.043098,0.00548049,4.65285e-05,3.14152,-6.28908e-05,
32.0329,-0.329205,0.0430965,0.0055274,-2.18469e-06,-3.14146,-3.14851e-05,
32.0784,-0.329179,0.0430904,0.0055043,-2.53403e-05,3.14159,-9.20187e-06,
32.0816,-0.329198,0.0431059,0.00551118,-6.67517e-05,-3.14155,-3.17492e-05,
32.0858,-0.329184,0.0431066,0.00551225,-1.18801e-05,3.14159,6.73971e-05,
32.0919,-0.329183,0.0430868,0.00551336,-6.81645e-05,-3.14154,1.25229e-05,
32.095,-0.329196,0.04309,0.0055078,8.95119e-06,-3.14155,7.37101e-06,
32.1013,-0.329213,0.0431065,0.00551886,-1.57516e-05,-3.14149,-4.035e-05,
32.1074,-0.32917,0.043078,0.00549437,-8.6412e-05,3.14159,-7.05e-06,
32.1104,-0.329212,0.0431176,0.00551827,-5.38246e-05,-3.14151,-0.000113631,
32.1689,-0.329182,0.0430877,0.00551356,-3.58224e-05,-3.14155,-5.65692e-05,
32.1721,-0.329203,0.0431244,0.00551423,-1.94402e-05,-3.14152,-5.84597e-05,
32.1763,-0.329188,0.043095,0.00550285,5.41743e-06,-3.14155,-2.23632e-06,
32.1824,-0.329176,0.0430878,0.00550698,-1.86159e-05,3.14159,-1.10821e-05,
32.1855,-0.329188,0.043096,0.0055047,6.51402e-05,-3.14156,1.64942e-05,
32.1917,-0.32919,0.0431002,0.00552276,-3.75798e-05,-3.14152,-1.59931e-05,
32.1948,-0.329174,0.0430974,0.00550004,9.90659e-05,3.14157,-5.47285e-05,
32.2009,-0.329197,0.0430881,0.00551019,4.20241e-05,-3.14155,-5.00617e-05,
32.2624,-0.329182,0.0430864,0.00550503,6.99477e-05,-3.14156,-5.77179e-05,
32.2658,-0.329186,0.0430889,0.00551343,5.06279e-05,-3.14158,1.689e-05,
32.2741,-0.32918,0.0430769,0.0055135,-2.70623e-05,-3.14158,-1.79592e-05,
32.2803,-0.329191,0.0430988,0.00550303,6.76287e-05,-3.14156,-4.04322e-05,
32.2834,-0.329171,0.0430811,0.00550172,-4.19059e-05,3.14156,1.44426e-05,
32.2897,-0.329174,0.043086,0.00549601,-9.35104e-06,-3.14157,-5.98029e-06,
32.2928,-0.329189,0.0431054,0.00549844,0.000116771,3.14159,3.40863e-05,
32.2989,-0.329174,0.0430994,0.00550638,4.43539e-05,3.14159,-2.88492e-05,
32.3052,-0.32916,0.043082,0.00548262,1.47103e-05,3.14152,1.68634e-05,
32.3084,-0.329179,0.0430752,0.00549954,2.48332e-05,-3.14157,3.23574e-05,
32.3162,-0.329177,0.0430886,0.00549757,6.3237e-06,-3.14157,-1.87371e-06,
32.3207,-0.329169,0.0430874,0.00550433,2.1037e-05,3.14158,-2.61566e-05,
32.324,-0.329185,0.0430865,0.00551169,-6.8268e-05,-3.14155,3.29354e-05,
32.3294,-0.329174,0.0430986,0.00549466,-3.13191e-06,3.14159,-2.70483e-05,
32.3347,-0.329209,0.0430851,0.0055262,6.97329e-05,-3.14145,-2.70517e-05,
32.3378,-0.32918,0.0430885,0.00550372,-6.63614e-05,-3.14154,8.21924e-06,
32.3439,-0.329174,0.0431044,0.00550007,1.40876e-05,3.14157,5.46942e-05,
32.3493,-0.329162,0.0430839,0.00548776,1.63159e-05,3.14154,-2.24473e-05,
32.3527,-0.329173,0.0430836,0.00549563,-5.63521e-05,3.14159,-2.0744e-05,
32.3608,-0.329175,0.0430819,0.00549298,5.78662e-06,3.14158,-1.03555e-05,
32.3659,-0.329164,0.0430974,0.00550872,8.18214e-05,3.14157,-1.86353e-05,
32.3689,-0.329172,0.0430732,0.00549821,-3.58497e-05,-3.14158,5.32018e-05,
32.3752,-0.329196,0.0430932,0.00549742,-6.94505e-05,3.14158,-1.95797e-05,
32.3813,-0.329187,0.0431123,0.00550214,-2.07e-05,-3.14157,-6.73296e-05,
32.3845,-0.329182,0.0430974,0.00551383,3.07836e-05,-3.14154,-2.29122e-05,
32.3898,-0.329177,0.0430952,0.00550338,1.12953e-05,-3.14158,1.20707e-05,
32.3929,-0.329184,0.043096,0.0055146,-7.08945e-06,-3.14153,-9.98583e-05,
32.401,-0.329196,0.0431046,0.00551752,-1.93154e-05,-3.14153,-0.00011004,
32.4062,-0.329195,0.0431015,0.00550662,4.39266e-06,-3.14156,-5.61556e-06,
32.4093,-0.329189,0.0430888,0.00551305,-2.70764e-05,-3.14156,-8.94033e-06,
32.4154,-0.329195,0.0431042,0.00549966,5.10398e-05,-3.14157,-3.39262e-05,
32.4216,-0.329191,0.0431147,0.00550127,2.79716e-05,3.14159,-2.38661e-05,
32.4248,-0.329212,0.0430947,0.00550546,-2.60636e-05,-3.14152,-4.49699e-05,
32.43,-0.329174,0.0430896,0.00549621,3.98437e-05,3.14156,-5.43207e-05,
32.4362,-0.329198,0.0430884,0.00549305,1.12199e-05,-3.14156,6.7787e-05,
32.4394,-0.329186,0.043098,0.00551509,1.12938e-05,-3.14154,-3.75735e-05,
32.4439,-0.329192,0.0430906,0.00550619,0.000107165,-3.14159,-7.39466e-05,
32.4469,-0.329188,0.0430803,0.00551181,8.84998e-05,-3.14154,-2.07831e-05,
32.4532,-0.32918,0.0430855,0.00551501,-4.79518e-05,-3.14154,2.07036e-06,
32.4594,-0.329188,0.0430819,0.00552317,-3.9366e-08,-3.1415,1.04542e-05,
32.4625,-0.329159,0.0430647,0.00549158,-6.26512e-05,3.14152,-9.86915e-05,
32.4678,-0.329177,0.0430723,0.005501,3.98767e-06,3.14157,-5.69201e-05,
32.4739,-0.329174,0.0430885,0.00549418,-2.08177e-05,-3.14159,4.47691e-05,
32.477,-0.329181,0.0431093,0.00549593,-1.87836e-05,3.14156,5.04527e-05,
32.4832,-0.32918,0.0430952,0.0055002,-5.75309e-05,3.14154,3.8406e-05,
32.4884,-0.32918,0.0430983,0.00550874,-8.92452e-06,-3.14157,-2.29424e-05,
32.4917,-0.329196,0.0431068,0.00551752,-8.73837e-05,-3.1415,-8.11164e-05,
32.4961,-0.329181,0.0430903,0.00549708,-3.27988e-05,-3.14157,2.91261e-05,
32.5024,-0.329174,0.0431008,0.00549665,-2.53951e-05,3.14156,-8.67346e-06,
32.5055,-0.329178,0.0430657,0.00550645,9.36805e-05,-3.14155,4.59336e-05,
32.5108,-0.32918,0.0430889,0.00551489,-2.34183e-05,-3.14155,3.86027e-05,
32.5139,-0.329165,0.0430943,0.0055052,2.55184e-05,3.14158,-1.48959e-05,
32.5202,-0.329211,0.0431133,0.00549222,-8.13084e-05,-3.14154,-3.87335e-05,
32.5264,-0.32918,0.0430963,0.00550005,-2.75921e-05,-3.14156,4.24206e-05,
32.5295,-0.329184,0.0430983,0.00549491,-7.49574e-05,3.14157,2.60331e-05,
32.5358,-0.329198,0.0431156,0.00550467,2.79995e-05,3.14159,5.07546e-06,
32.5419,-0.329188,0.0430832,0.00549624,3.67091e-05,-3.14158,3.76015e-05,
32.545,-0.329192,0.0430937,0.00551877,-2.32146e-05,-3.14151,-3.97839e-06,
32.5503,-0.329176,0.0430878,0.00549451,5.25533e-05,3.14157,-6.00299e-05,
32.5564,-0.329172,0.0430846,0.00550139,3.00778e-05,-3.14159,7.5284e-06,
32.5595,-0.32921,0.043114,0.0055111,-7.93426e-05,-3.14152,-5.4468e-05,
32.5657,-0.329196,0.0430926,0.0055212,-6.14061e-05,-3.1415,-2.50148e-05,
32.5688,-0.32918,0.0430856,0.00549607,3.25836e-05,-3.14156,-1.11493e-06,
32.575,-0.329183,0.0430853,0.00551162,1.05693e-05,3.14159,5.7123e-05,
32.5804,-0.32917,0.0430835,0.00550814,-1.64785e-05,-3.14158,2.04907e-05,
32.5836,-0.329167,0.043094,0.00549746,7.30059e-06,3.14156,5.43109e-05,
32.5891,-0.329179,0.0431135,0.00548943,0.000105299,3.14155,8.70446e-05,
32.5954,-0.329193,0.043094,0.00550463,4.43318e-06,-3.14156,9.52773e-06,
32.5984,-0.329163,0.0430867,0.00549642,4.63968e-05,3.14157,-3.9602e-05,
32.6047,-0.329197,0.0431117,0.00549876,-1.33553e-05,-3.14158,-6.33341e-05,
32.6109,-0.329188,0.0431105,0.0054939,-5.18081e-05,3.14158,3.14298e-05,
32.6139,-0.329195,0.0431011,0.00550689,-9.59582e-06,-3.14154,-3.68227e-05,
32.6203,-0.329191,0.0430986,0.00551365,2.54479e-05,-3.14156,-5.46994e-05,
32.6287,-0.329189,0.0431069,0.00551243,2.41434e-05,-3.14154,-7.33939e-05,
32.632,-0.329176,0.0430843,0.00549607,-1.14882e-05,3.14159,2.2611e-05,
32.6367,-0.329189,0.0431021,0.00550275,1.81298e-05,-3.14158,-5.50853e-05,
32.6432,-0.329173,0.0430914,0.00551323,-4.20892e-05,-3.14159,-2.36572e-06,
32.6464,-0.329181,0.0430881,0.00551301,1.10009e-05,-3.14158,1.89603e-05,
32.6524,-0.329193,0.043092,0.00553099,0.00012058,-3.14152,-0.000109218,
32.6586,-0.32918,0.0430833,0.00549066,-4.25543e-06,3.14157,-0.000105694,
32.6618,-0.329201,0.0430888,0.00550686,-2.09051e-06,-3.14151,1.55804e-05,
32.6698,-0.329179,0.0430885,0.00549956,-5.53538e-05,-3.14157,3.81469e-05,
32.6729,-0.329188,0.0431007,0.00550159,1.88155e-05,-3.14157,-8.53908e-06,
32.6779,-0.329176,0.0430914,0.00549913,7.55979e-05,-3.14158,7.50711e-05,
32.6841,-0.329199,0.0431083,0.00549418,4.74281e-06,-3.14157,-3.8883e-05,
32.6873,-0.329211,0.0431189,0.00551997,-6.74964e-06,-3.14152,-0.000112182,
32.6934,-0.329192,0.0430921,0.00551202,0.000102413,-3.14157,-8.27023e-06,
32.6994,-0.329189,0.0431041,0.00549683,-3.42157e-05,-3.14157,-2.29868e-05,
32.7026,-0.329162,0.0430883,0.00549322,-4.42005e-05,3.14154,-1.3814e-05,
32.7079,-0.32917,0.0430883,0.00549355,7.33167e-05,3.14157,-2.90841e-05,
32.7132,-0.329193,0.04308,0.00550119,0.000146908,-3.14156,1.08361e-05,
32.7163,-0.329202,0.0431001,0.00549688,7.71379e-06,3.14158,-4.12799e-06,
32.7224,-0.329189,0.0430842,0.0055039,-2.14656e-05,-3.14152,2.10311e-05,
32.7254,-0.329173,0.043071,0.00549924,-3.48679e-06,-3.14157,1.56592e-05,
32.7317,-0.32917,0.0430829,0.00548141,4.81281e-05,3.14151,-7.88093e-05,
32.7379,-0.329177,0.0430867,0.0055022,8.29825e-06,3.14156,3.11665e-05,
32.741,-0.329196,0.0430966,0.00551327,6.36325e-05,-3.14152,6.25623e-06,
32.7463,-0.329168,0.0430762,0.00550131,-6.23329e-05,3.14157,3.83404e-05,
32.7523,-0.32918,0.0430801,0.00549899,2.63259e-05,3.14157,-2.54772e-05,
32.7555,-0.329191,0.0430869,0.0055072,8.8277e-05,-3.14156,1.64202e-05,
32.7618,-0.329176,0.0430761,0.00549453,-4.11622e-05,3.14158,-6.85135e-05,
32.7649,-0.329163,0.043096,0.00549933,6.6966e-06,3.14154,4.72519e-05,
32.7709,-0.329171,0.0430815,0.00550313,9.42396e-05,3.14158,3.27268e-05,
32.7772,-0.329182,0.0430819,0.00549399,-9.51811e-05,3.14157,6.91671e-06,
32.7803,-0.329185,0.0431019,0.00550885,-4.8234e-05,-3.14157,5.32858e-05,
32.7855,-0.329166,0.0430954,0.00551411,2.10662e-05,3.14158,4.41165e-05,
32.7918,-0.329177,0.0430841,0.00550175,4.43898e-05,-3.14155,3.66537e-05,
32.7949,-0.329192,0.0430919,0.00550452,-7.942e-05,-3.14156,1.37228e-05,
32.8029,-0.329202,0.0431089,0.00551071,8.16224e-05,-3.14154,-2.67989e-05,
32.8085,-0.329213,0.0431111,0.00551819,-2.06161e-05,-3.14146,-9.90241e-05,
32.8116,-0.329195,0.0430961,0.00551734,9.28434e-05,-3.14156,-9.97424e-05,
32.8179,-0.329179,0.0431005,0.00549408,0.000156492,3.14156,3.29973e-05,
32.821,-0.329185,0.0430875,0.00551007,-7.90088e-06,-3.14159,5.67689e-05,
32.8263,-0.329195,0.043084,0.00549924,-1.91441e-05,-3.14152,1.85778e-05,
32.8324,-0.329206,0.0430959,0.00550046,-1.37941e-05,-3.14149,-1.6513e-05,
32.8355,-0.329182,0.043111,0.00550573,2.02131e-05,3.14159,5.86569e-05,
32.8417,-0.329197,0.0430971,0.00551093,4.27131e-05,-3.14154,-2.44797e-05,
32.8479,-0.32917,0.0431,0.00549251,7.86443e-05,3.14156,-3.68882e-05,
32.8512,-0.329218,0.0431075,0.00550648,-4.30709e-05,-3.14151,-0.000115252,
32.8556,-0.32919,0.0430826,0.00549641,3.73153e-05,-3.14158,8.85782e-05,
32.9029,-0.329174,0.0430948,0.00550557,4.20949e-05,3.14158,-7.14504e-06,
32.906,-0.329186,0.0430868,0.00549969,-4.63197e-05,3.14158,-1.20623e-05,
32.9103,-0.329192,0.0430852,0.00550647,4.42122e-06,-3.14155,2.50327e-05,
32.9163,-0.329209,0.0431019,0.00552042,-3.89223e-05,-3.14149,-4.43983e-05,
32.9194,-0.329186,0.0430844,0.00551053,3.68364e-05,-3.14155,-3.31598e-05,
32.9257,-0.329197,0.0431147,0.00551253,-5.90572e-05,-3.14157,-0.000144009,
32.9288,-0.329174,0.0430827,0.0055054,1.12777e-05,-3.14157,3.42729e-05,
32.935,-0.329213,0.0431056,0.00552394,-7.54192e-06,-3.1415,-8.08772e-05,
32.9417,-0.329186,0.0430842,0.00550299,-2.90859e-05,-3.14159,-5.72899e-05,
32.945,-0.329198,0.0430877,0.00550755,2.99463e-05,-3.14153,2.13462e-05,
32.9525,-0.32921,0.0430925,0.00550953,5.53557e-05,-3.14154,-2.65178e-05,
32.9588,-0.329158,0.0430912,0.00550512,1.42193e-05,3.14157,-1.40626e-06,
32.9619,-0.329191,0.0431022,0.00550743,-0.000103222,-3.14152,1.80505e-05,
32.9679,-0.329174,0.0430934,0.00550468,2.85637e-05,3.14157,1.00764e-05,
32.9741,-0.329202,0.0431137,0.00551336,-2.53835e-05,-3.14153,-6.98784e-05,
32.9773,-0.329201,0.0430866,0.00549874,1.77956e-05,-3.14156,7.20045e-05,
32.9835,-0.329194,0.0431094,0.00552369,-3.95509e-05,-3.1415,-7.8759e-05,
32.9888,-0.329179,0.0430855,0.00551045,-2.96899e-05,3.14158,2.16705e-06,
32.9919,-0.329187,0.0430874,0.00551303,8.14444e-05,-3.14159,-3.18184e-05,
32.9982,-0.32918,0.0430797,0.00550617,4.41779e-05,-3.14156,3.73228e-05,
33.0044,-0.329184,0.0430857,0.0054933,2.95475e-05,-3.14158,-3.22962e-05,
33.0074,-0.329182,0.0430983,0.00549958,6.89224e-05,3.14156,5.67386e-05,
33.0137,-0.329167,0.0430786,0.00548936,2.02509e-06,3.14158,-6.11158e-05,
33.0168,-0.329192,0.0431113,0.00551847,-5.3108e-05,-3.14153,-7.01448e-05,
33.0229,-0.32918,0.043097,0.00552202,8.2386e-05,-3.14155,-6.26409e-05,
33.0306,-0.329185,0.0431131,0.00551149,-1.45687e-06,-3.14156,-3.99034e-05,
33.0338,-0.329224,0.043108,0.00550934,2.56913e-05,-3.14147,-3.73478e-05,
33.0412,-0.329164,0.0431001,0.00549369,3.36416e-05,3.14153,3.27187e-05,
33.0474,-0.329177,0.0431018,0.00550813,-0.000105401,-3.14156,-4.31428e-05,
33.0505,-0.329198,0.0430988,0.00550656,-7.95241e-06,-3.14154,-7.77649e-05,
33.0567,-0.329178,0.0430912,0.0055071,-2.08604e-05,-3.14155,1.35117e-05,
33.0629,-0.329191,0.0431133,0.00550177,9.87097e-05,3.14159,0.000103255,
33.1423,-0.329184,0.0430764,0.00551107,8.788e-05,-3.14153,-2.54532e-05,
33.1464,-0.329163,0.0430894,0.00548164,0.00011212,3.14153,-1.69564e-05,
33.1526,-0.329173,0.0430879,0.00549125,2.77579e-06,3.14155,3.70694e-05,
33.1557,-0.329181,0.0431051,0.00551334,-0.000116864,-3.14158,-6.54155e-05,
33.1638,-0.329204,0.043088,0.00552235,9.37085e-05,-3.1415,-7.8078e-05,
33.1669,-0.329183,0.0430759,0.00550097,-5.61145e-05,3.14159,-1.88612e-05,
33.1722,-0.329211,0.0431053,0.00550978,8.24464e-05,-3.14152,-5.17777e-05,
33.1784,-0.329176,0.0430821,0.00550741,3.55674e-05,3.14158,-6.74606e-05,
33.259,-0.329201,0.0430926,0.00551964,2.9973e-05,-3.14151,-3.73606e-05,
33.2633,-0.32921,0.043105,0.00551758,-6.53719e-05,-3.14153,-4.5206e-05,
33.2694,-0.329173,0.0430771,0.00549395,1.59247e-06,3.14156,-6.08307e-05,
33.2725,-0.32918,0.0430769,0.00550519,-4.61469e-05,-3.14155,-2.81191e-05,
33.2788,-0.329161,0.0430657,0.00549093,-8.17015e-05,3.14155,-5.28281e-05,
33.2849,-0.329188,0.0430943,0.00550703,4.65815e-06,-3.14157,-6.94476e-05,
33.288,-0.329183,0.0430817,0.00549973,2.55541e-05,-3.14158,1.82652e-05,
33.2943,-0.329191,0.0430995,0.00549436,8.04578e-06,3.14158,7.19982e-05,
33.301,-0.329188,0.0431185,0.00549809,-0.000116015,-3.14158,-1.7368e-06,
33.3043,-0.32921,0.0431104,0.00551194,-2.17523e-06,-3.1415,-3.17703e-05,
33.3117,-0.329212,0.0430986,0.00551451,-5.96793e-05,-3.14149,-8.38663e-05,
33.3178,-0.329189,0.0430934,0.00550928,9.59507e-05,-3.14154,-1.16757e-05,
33.3209,-0.329201,0.04311,0.00552266,3.14015e-05,-3.14151,-6.10081e-05,
33.3272,-0.329207,0.0430964,0.00552284,8.11546e-05,-3.14147,-9.31839e-05,
33.3333,-0.329188,0.0430994,0.00550945,-6.82893e-06,-3.14157,-9.30159e-06,
33.3364,-0.329202,0.0430924,0.00550679,2.02084e-05,-3.14154,-8.13361e-06,
33.3822,-0.329209,0.04309,0.00552757,5.16001e-05,-3.14148,-3.35922e-05,
33.3896,-0.329198,0.0430984,0.00551543,5.12878e-06,-3.14155,-5.18337e-05,
33.3927,-0.32917,0.043082,0.00550715,-9.07025e-06,-3.14157,5.95805e-05,
33.3989,-0.32917,0.043104,0.00549875,-0.000105136,-3.14159,-8.61147e-05,
33.402,-0.329194,0.0430937,0.00550683,-4.93091e-05,-3.14153,-3.30524e-06,
33.4082,-0.329168,0.0430803,0.00550425,2.31743e-05,-3.14158,6.15489e-05,
33.4144,-0.329188,0.0430834,0.00550153,0.000102528,-3.14157,5.06457e-05,
33.4175,-0.329186,0.0431039,0.00548729,5.55039e-05,3.14155,-2.7519e-05,
33.5015,-0.32919,0.0430998,0.00551313,-5.38088e-05,-3.14151,-2.33286e-06,
33.5057,-0.329208,0.043109,0.00551519,-2.10654e-05,-3.14152,-3.86284e-05,
33.5088,-0.3292,0.0430895,0.00550134,9.50513e-05,-3.14157,7.40466e-06,
33.5149,-0.329208,0.0431078,0.00552853,-4.19391e-05,-3.14147,-5.90849e-05,
33.5212,-0.329177,0.0430814,0.00549775,6.30186e-05,-3.14157,5.37295e-05,
33.5243,-0.329187,0.0431158,0.00552019,-5.28456e-05,-3.14154,-0.000164969,
33.5304,-0.329227,0.0431111,0.0055326,9.08902e-05,-3.14142,-0.000146076,
33.5366,-0.329187,0.0431039,0.005523,-0.000131176,-3.14154,-5.40006e-05,
33.657,-0.329187,0.0430935,0.00551021,-4.72065e-05,-3.14154,2.0012e-05,
33.6602,-0.329184,0.0430937,0.00550737,-2.18122e-06,-3.14156,-1.92856e-05,
33.6644,-0.329185,0.0430736,0.0054944,-2.90894e-05,3.14159,-8.38308e-05,
33.6706,-0.329197,0.0430861,0.0055076,-1.95358e-05,-3.14156,-5.4065e-06,
33.6737,-0.329202,0.0430933,0.00550257,4.17252e-05,-3.14157,3.36727e-05,
33.6798,-0.329184,0.0431101,0.00551631,-9.20831e-05,-3.14158,-0.000118109,
33.6829,-0.329205,0.0431089,0.00551994,4.71462e-06,-3.14148,-7.75497e-05,
33.6892,-0.329187,0.0430837,0.00550005,-7.63417e-05,3.14158,1.50477e-05,
33.7504,-0.329202,0.0431235,0.00552874,-7.86935e-05,-3.14151,-0.000119489,
33.7537,-0.329219,0.0431139,0.00551489,-2.83679e-05,-3.14151,-0.000101735,
33.7592,-0.329203,0.0431031,0.00550967,-7.48592e-05,-3.14151,9.97917e-06,
33.7653,-0.329198,0.0430935,0.00551673,-7.44585e-05,-3.14154,3.09646e-05,
33.7684,-0.329193,0.0431032,0.00551678,-1.90161e-05,-3.14156,-1.45958e-05,
33.7747,-0.329211,0.0431125,0.00551654,-5.39906e-05,-3.14152,-7.30262e-05,
33.7778,-0.329199,0.0431084,0.0055191,-4.73382e-05,-3.14157,-0.000111149,
33.7839,-0.329189,0.0430888,0.00549575,-4.40238e-05,3.14158,-5.19223e-05,
33.7902,-0.329208,0.0430906,0.00552012,-8.2908e-06,-3.14148,-2.52551e-06,
33.7935,-0.329198,0.0430967,0.00552086,0.000114494,-3.14155,-8.98694e-05,
33.8018,-0.329192,0.0431017,0.00551167,-5.38502e-05,-3.14154,-4.3803e-05,
33.8069,-0.32916,0.0430746,0.00549103,-6.2982e-05,3.14155,-4.79772e-05,
33.81,-0.32922,0.0430961,0.00550518,4.30367e-05,-3.14151,-0.000105427,
33.8163,-0.329185,0.043085,0.00551279,3.96849e-05,-3.14156,-1.89045e-05,
33.8223,-0.329184,0.0430854,0.00550635,6.87478e-05,-3.14158,2.43874e-05,
33.8254,-0.329172,0.0430807,0.00549886,-1.10145e-05,3.14157,-6.92469e-05,
33.8317,-0.329195,0.0430911,0.0055044,6.28311e-05,-3.14159,-3.1537e-05,
33.8349,-0.329199,0.0431065,0.00551165,-7.28135e-08,-3.14155,-4.8923e-05,
33.8431,-0.3292,0.0430924,0.00550095,-6.18349e-05,-3.14151,3.21776e-06,
33.8493,-0.329216,0.0431029,0.00550017,-3.35726e-05,-3.14152,-2.01102e-05,
33.8524,-0.329202,0.0431156,0.0055028,-0.000136464,-3.14158,-3.32013e-05,
33.8587,-0.32921,0.0431123,0.00550981,-5.85277e-05,-3.14153,-1.76428e-05,
33.8648,-0.329185,0.0430849,0.00550047,-6.4443e-05,3.14159,1.6522e-05,
33.8679,-0.329156,0.0430836,0.00549458,-4.70534e-05,3.14155,-9.65026e-05,
33.8742,-0.329208,0.0430923,0.00550235,-3.93626e-05,-3.1415,-7.73119e-06,
33.8794,-0.329182,0.0431006,0.00551139,-2.10574e-05,-3.14155,3.3179e-05,
33.8828,-0.329201,0.0430957,0.00551253,2.91705e-05,-3.14153,-1.78839e-05,
33.891,-0.329184,0.0430997,0.00550498,-9.95937e-05,-3.14158,-2.21155e-05,
33.8966,-0.329182,0.0431002,0.00551401,-6.59004e-05,-3.14155,-2.78389e-05,
33.8998,-0.329191,0.0430891,0.00550093,-0.000107289,-3.14159,3.52422e-05,
33.9059,-0.32921,0.0430967,0.00552414,7.18295e-05,-3.1415,-7.53255e-05,
33.909,-0.329199,0.0431043,0.00550268,4.43154e-05,-3.14155,-3.05454e-05,
33.9153,-0.329169,0.0430582,0.00549781,-0.000108503,3.14157,-7.63122e-05,
33.9204,-0.329179,0.0430865,0.00551279,-3.02127e-05,3.14159,-6.97645e-05,
33.9236,-0.32919,0.0431015,0.00550116,-3.29025e-05,-3.14157,3.83189e-06,
33.929,-0.329188,0.0430846,0.005524,0.000133174,-3.14153,-1.918e-05,
33.9353,-0.329222,0.0431238,0.00552681,-1.66097e-06,-3.14152,-0.000156824,
33.9384,-0.329197,0.0430962,0.00551217,-1.43614e-05,-3.14155,-1.06606e-05,
33.9444,-0.329194,0.043103,0.00550775,3.82858e-05,-3.14155,-4.35483e-05,
33.9506,-0.329202,0.0430969,0.00552038,-3.44561e-05,-3.14151,-6.04566e-05,
33.9538,-0.329188,0.0430995,0.00550115,-6.80704e-05,-3.14157,-7.13336e-06,
33.9589,-0.329203,0.0430925,0.00551512,1.16149e-05,-3.14155,2.33428e-05,
33.9652,-0.329209,0.0431024,0.00551097,-4.05559e-05,-3.14152,9.5287e-06,
33.9683,-0.329193,0.0431027,0.00550695,1.9458e-05,3.14159,9.22519e-05,
33.9746,-0.329182,0.0430788,0.00550904,1.85551e-05,-3.14156,5.34502e-05,
33.9778,-0.329214,0.0431089,0.00552583,-4.87126e-05,-3.14146,-2.53379e-05,
33.9839,-0.329176,0.0430975,0.00549935,-0.000124832,-3.14159,-4.18082e-05,
33.9901,-0.329212,0.0431182,0.00552493,-1.64717e-05,-3.1415,-0.000116182,
33.9933,-0.329202,0.0431043,0.00551146,4.95205e-05,-3.14153,-4.86203e-05,
33.9985,-0.329165,0.0430965,0.00552024,-7.958e-05,-3.14159,-2.2947e-05,
34.0047,-0.329178,0.043076,0.0055059,5.59827e-05,-3.14159,5.56452e-05,
34.0078,-0.329187,0.0431057,0.00549279,1.59711e-05,3.14154,-1.32754e-05,
34.0139,-0.329217,0.0431095,0.00552529,7.71972e-05,-3.14147,-9.14927e-05,
34.0196,-0.329176,0.0430956,0.00549776,-1.63406e-05,3.14156,-2.15195e-05,
34.0229,-0.329202,0.0430946,0.00550324,-8.52277e-06,-3.14159,1.68094e-06,
34.0294,-0.329175,0.043093,0.00549772,2.19683e-06,3.14159,-3.27006e-05,
34.0354,-0.329207,0.0430962,0.00550665,4.14583e-05,-3.14153,-9.35466e-05,
34.0386,-0.329198,0.0431014,0.00552017,1.89113e-05,-3.14148,-4.63831e-05,
34.0439,-0.329213,0.0431075,0.0055172,-2.7467e-07,-3.14152,-9.41536e-06,
34.047,-0.329215,0.0430985,0.0055187,8.25325e-05,-3.14148,-6.43788e-05,
34.0533,-0.329172,0.0430841,0.0054926,8.03587e-05,3.14157,-0.000111529,
34.0594,-0.329191,0.043108,0.00550597,8.41807e-07,-3.14156,-3.76594e-05,
34.0628,-0.329206,0.0431035,0.00550828,-8.69204e-05,-3.14151,3.19836e-05,
34.0692,-0.329182,0.0430873,0.00550103,4.12873e-05,3.14159,-1.63437e-05,
34.0754,-0.32919,0.0431023,0.00550702,-7.90839e-05,-3.14151,-5.64197e-06,
34.0786,-0.329197,0.043099,0.00551744,4.24705e-05,-3.14153,7.30416e-06,
34.0838,-0.329211,0.043115,0.00551647,-3.27884e-05,-3.14149,-8.27422e-05,
34.0899,-0.329189,0.0430924,0.00550364,-9.04732e-05,3.14159,-3.31525e-06,
34.093,-0.329198,0.0431035,0.00549753,-6.65647e-05,-3.14157,-1.56711e-05,
34.0992,-0.32918,0.0431039,0.00550253,-4.58362e-05,3.14158,8.63743e-05,
34.1073,-0.329196,0.0431075,0.00550256,-6.66371e-05,-3.14159,-6.03362e-05,
34.1104,-0.32919,0.0430978,0.00551843,-9.22755e-05,-3.14155,-3.66654e-05,
34.1154,-0.329171,0.0430841,0.00550779,-1.85771e-05,3.14158,-1.27543e-05,
34.1186,-0.329216,0.0431102,0.00552962,-3.9759e-05,-3.14146,-6.34129e-05,
34.1238,-0.329176,0.0431054,0.00550329,0.000132649,3.14158,7.67431e-06,
34.1299,-0.329201,0.043101,0.00551973,1.3494e-05,-3.14154,-0.000100867,
34.1329,-0.329202,0.0431005,0.00550632,1.43798e-05,-3.14152,-6.74963e-06,
34.1392,-0.329185,0.0431108,0.0055119,-0.0001171,-3.14157,1.55179e-05,
34.1453,-0.32921,0.0430962,0.00552082,-5.31161e-05,-3.14148,-5.42908e-05,
34.1484,-0.329188,0.043086,0.00551622,2.48832e-05,-3.14151,-2.00281e-05,
34.1539,-0.329217,0.0430953,0.00551582,-1.93011e-05,-3.14148,-5.41154e-05,
34.1586,-0.329189,0.0431033,0.00549897,2.78881e-05,3.14157,-2.73362e-06,
34.1619,-0.329215,0.0431052,0.00552174,2.5596e-05,-3.14148,-8.8181e-05,
34.1684,-0.329213,0.0431091,0.00551257,-9.08452e-05,-3.14152,3.61359e-06,
34.1747,-0.329179,0.0430923,0.00551612,-5.92154e-05,-3.14155,-8.73933e-06,
34.1778,-0.329192,0.0430968,0.00551587,-6.18144e-05,-3.14151,-9.21278e-05,
34.1839,-0.329192,0.0430915,0.00549997,-4.04457e-05,-3.14157,2.08003e-05,
34.187,-0.329199,0.0430948,0.00552743,1.53348e-06,-3.14151,-0.000111925,
34.1933,-0.329172,0.0430756,0.00550531,-3.06006e-05,3.14159,-2.93453e-05,
34.2,-0.329188,0.0431024,0.00550397,-9.25843e-05,-3.14155,-5.18917e-05,
34.2063,-0.32919,0.0430926,0.00549954,-3.38372e-05,-3.14158,4.47528e-05,
34.2094,-0.329184,0.0430829,0.00550739,-2.26176e-05,-3.14157,4.27195e-05,
34.2157,-0.329192,0.0430954,0.00551235,1.94e-05,-3.14154,1.44346e-05,
34.2188,-0.329204,0.0431173,0.00552494,-4.5663e-05,-3.14152,-0.000128737,
34.2249,-0.329212,0.043115,0.00551842,-9.7433e-06,-3.14151,-8.83918e-05,
34.2311,-0.329209,0.0431011,0.00551886,3.60861e-05,-3.14152,-0.000132481,
34.2343,-0.329208,0.0431182,0.00550883,-2.76764e-05,-3.14156,-0.000100063,
34.2395,-0.329174,0.0430985,0.00549868,-4.57147e-05,3.14159,-3.51436e-05,
34.2441,-0.329196,0.0430978,0.00551141,-2.86563e-05,-3.14155,1.71379e-05,
34.2472,-0.329213,0.0431147,0.00552637,4.44334e-06,-3.14149,-9.20319e-05,
34.2533,-0.329188,0.0431101,0.00552054,1.96996e-05,-3.14151,-8.84359e-05,
34.2594,-0.329187,0.0430879,0.00551526,-4.14169e-05,-3.14156,6.79137e-06,
34.2625,-0.329173,0.0430934,0.00550593,-3.89514e-05,-3.14159,6.88896e-07,
34.2688,-0.329183,0.0431036,0.00550164,2.02338e-05,3.14158,3.65853e-05,
34.2719,-0.329193,0.0430852,0.00551301,1.38778e-05,-3.14156,4.38319e-05,
34.277,-0.329174,0.0430848,0.00550492,-3.12054e-05,3.14158,-4.55648e-05,
34.2833,-0.329197,0.0431052,0.00551715,-1.27213e-05,-3.14149,1.3304e-05,
34.2866,-0.329209,0.0431032,0.00550988,3.01391e-05,-3.14151,-5.47741e-05,
34.2932,-0.329211,0.0431173,0.00551701,-6.03378e-05,-3.14148,-0.000119885,
34.2994,-0.3292,0.043111,0.00550455,-4.63052e-05,-3.14154,-3.14913e-05,
34.3025,-0.329198,0.0431006,0.00551382,-2.83591e-05,-3.14151,-3.08868e-05,
34.3088,-0.329204,0.0431089,0.00550596,-8.00631e-05,-3.14154,-3.36967e-05,
34.3149,-0.329197,0.0430999,0.00550754,1.8225e-05,-3.14152,-2.8891e-05,
34.3181,-0.329182,0.0430809,0.00550463,5.45066e-06,-3.14155,-5.18025e-06,
34.3234,-0.32923,0.0431049,0.00551495,1.59727e-05,-3.14146,-9.85462e-05,
34.3296,-0.329184,0.0430821,0.00550719,1.73268e-05,-3.14156,-1.5081e-05,
34.3329,-0.329187,0.043096,0.00550795,-9.43836e-05,-3.14155,1.98414e-05,
34.3411,-0.329201,0.0431048,0.00552154,-3.43896e-05,-3.14149,-4.25528e-05,
34.3473,-0.329174,0.0430889,0.00551055,3.07764e-05,-3.14155,1.4473e-05,
34.3504,-0.329178,0.0430734,0.00550799,-3.30929e-05,3.14159,8.07601e-05,
34.3567,-0.32921,0.0431045,0.00552239,2.27078e-05,-3.14147,-9.42885e-05,
34.3598,-0.329193,0.043086,0.00550422,-1.88211e-05,-3.14156,2.32655e-05,
34.365,-0.329187,0.0430943,0.00549977,0.000104171,3.14159,-1.04232e-05,
34.3713,-0.329209,0.0431141,0.00551537,-4.85344e-05,-3.14151,-9.25979e-05,
34.3744,-0.329205,0.0430902,0.00551748,1.74869e-05,-3.14149,-7.81462e-05,
34.379,-0.329191,0.0430853,0.00550151,-1.49643e-05,-3.14156,3.29276e-05,
34.3853,-0.32919,0.0430867,0.00551641,-1.6672e-06,-3.14155,-7.75191e-06,
34.3883,-0.329218,0.0431081,0.00552058,-4.64129e-05,-3.14148,-7.03717e-05,
34.3944,-0.329174,0.0430907,0.00550181,-3.291e-05,3.14158,-1.34504e-05,
34.3997,-0.329212,0.0431094,0.00552887,-0.000106419,-3.14149,-9.58328e-05,
34.4028,-0.329177,0.0431007,0.00549111,6.58084e-05,3.14156,7.33938e-06,
34.4089,-0.329183,0.0430994,0.00550435,-5.3817e-05,-3.14157,-2.69458e-05,
34.4119,-0.329183,0.043097,0.00550235,3.07736e-05,-3.14158,-7.1037e-06,
34.4182,-0.329212,0.0431113,0.00551889,4.24716e-05,-3.14148,-0.000182777,
34.4236,-0.32919,0.0431152,0.00550511,-4.51651e-05,-3.14159,1.21056e-05,
34.4268,-0.329207,0.0431194,0.00553166,-5.31057e-05,-3.14148,-0.000134758,
34.4329,-0.329196,0.0430969,0.0055057,-4.80303e-05,-3.14157,-1.46615e-05,
34.4382,-0.3292,0.043114,0.00550486,-6.58745e-05,-3.14158,-9.21711e-05,
34.4413,-0.329173,0.0430998,0.00552142,-4.88575e-05,-3.14159,-6.05587e-05,
34.4474,-0.329206,0.0431058,0.00551836,-2.8416e-05,-3.14152,-9.16995e-05,
34.4534,-0.329206,0.0431091,0.00550728,-4.65253e-05,-3.14153,1.71433e-05,
34.4565,-0.329181,0.0430868,0.00549621,3.40848e-06,3.14159,7.66572e-05,
34.4627,-0.329161,0.0430888,0.00548936,1.5535e-05,3.14154,-1.98938e-07,
34.466,-0.329191,0.0431059,0.0055024,-1.3142e-05,-3.14155,-6.14775e-05,
34.4742,-0.329179,0.0430853,0.00549274,-2.15492e-05,-3.14159,3.62481e-05,
34.4795,-0.329203,0.0431185,0.00551841,-0.000104863,-3.14151,-5.03315e-05,
34.4826,-0.329198,0.0430846,0.00551107,2.10352e-06,-3.14156,-2.21859e-05,
34.4888,-0.329197,0.0430929,0.00551149,5.14468e-05,-3.14155,3.23531e-05,
34.4949,-0.329175,0.0430833,0.00549905,9.68392e-05,-3.14158,2.0323e-06,
34.4979,-0.329192,0.0430859,0.00551286,1.00788e-05,-3.14152,-8.33962e-05,
34.5042,-0.329167,0.0430889,0.00549965,0.000100832,3.14158,4.63513e-05,
34.5123,-0.329186,0.0431088,0.00551923,-6.00653e-05,-3.14156,-4.18579e-05,
34.5154,-0.3292,0.0431057,0.00550266,2.64848e-05,-3.14153,-4.38444e-05,
34.5205,-0.329176,0.0430845,0.00550339,1.55519e-05,3.14159,5.34934e-05,
34.5236,-0.329196,0.043094,0.00551381,-3.35655e-05,-3.14151,-2.52831e-05,
34.5298,-0.329206,0.0430903,0.00552062,1.65329e-05,-3.14151,-7.97058e-05,
34.5359,-0.329199,0.0430785,0.00551213,-4.71836e-05,-3.14151,3.0421e-05,
34.539,-0.329213,0.0431194,0.00552241,-6.57834e-05,-3.14149,-0.000115298,
34.5453,-0.329179,0.0430932,0.00550557,-6.20983e-05,-3.14159,-4.35564e-05,
34.5513,-0.329189,0.0431058,0.00549597,-1.34879e-05,-3.14159,1.46863e-05,
34.6315,-0.329191,0.0430872,0.00550087,-6.73539e-05,3.14159,2.17691e-05,
34.6357,-0.329192,0.0430896,0.00550715,-3.21147e-06,-3.14158,1.27381e-05,
34.6418,-0.329198,0.0430961,0.00551289,-4.32533e-05,-3.14153,-7.95056e-05,
34.645,-0.329173,0.0431117,0.00550889,5.32102e-05,3.14156,0.000104407,
34.6513,-0.329177,0.0430917,0.00550275,-6.81587e-05,-3.14159,1.2446e-05,
34.6573,-0.32919,0.0431085,0.00550617,4.80709e-05,3.14159,3.42558e-05,
34.6604,-0.329178,0.0430992,0.00550357,0.000111029,3.14156,2.75432e-05,
34.6667,-0.329162,0.0430823,0.00548923,2.7806e-05,3.14154,-8.97857e-05,
34.7784,-0.329176,0.0431007,0.00550043,1.36404e-05,3.14159,-5.80153e-05,
34.7815,-0.329214,0.0430948,0.00551332,6.13461e-06,-3.14148,-1.60061e-05,
34.7868,-0.329183,0.0430974,0.00549806,5.40295e-05,3.14158,-2.16432e-05,
34.7899,-0.329187,0.0431071,0.00551571,-1.35472e-05,-3.14157,-7.86055e-05,
34.7959,-0.32919,0.043095,0.00551155,-0.000101664,-3.14152,-1.94003e-05,
34.8021,-0.329189,0.0431091,0.00550941,0.000106452,3.14159,6.88321e-05,
34.8053,-0.329224,0.0431071,0.00552518,7.27816e-06,-3.14145,1.03224e-05,
34.8114,-0.329201,0.0431149,0.00551123,-0.000124484,-3.14154,-2.56619e-06,
34.9156,-0.329196,0.043107,0.0055014,-0.000164825,-3.14157,-4.86674e-06,
34.9187,-0.329185,0.0430957,0.00551986,-2.31362e-05,-3.14153,-5.41316e-05,
34.9229,-0.329174,0.0430815,0.00548806,-9.61487e-05,3.14158,-3.13791e-05,
34.926,-0.329191,0.0430998,0.00551021,4.93301e-05,-3.14157,-2.75237e-05,
34.9323,-0.329173,0.0430856,0.00549176,-1.36676e-05,3.14159,-3.72271e-05,
34.9383,-0.329211,0.0430991,0.00552978,-4.27967e-05,-3.14147,-4.80755e-05,
34.9414,-0.329177,0.0430934,0.00551119,-6.54589e-05,-3.14158,5.82682e-05,
34.9477,-0.329175,0.0430902,0.0054938,8.07247e-05,3.14159,-2.15408e-05,
35.0024,-0.329207,0.0431277,0.00550692,-0.000157854,-3.1415,-1.36005e-05,
35.0056,-0.3292,0.043102,0.00551937,4.43821e-06,-3.14155,-0.000105245,
35.0098,-0.329202,0.0431011,0.00551942,-2.60463e-05,-3.1415,-7.77706e-05,
35.0129,-0.329182,0.0431067,0.00550863,6.53679e-05,3.14158,3.54841e-05,
35.0192,-0.329192,0.0431009,0.00550496,5.16015e-05,-3.14158,-1.03812e-05,
35.0253,-0.329187,0.0430946,0.00550558,3.07646e-05,-3.14156,-2.76779e-06,
35.0284,-0.329185,0.0430919,0.00550446,-9.45489e-05,-3.14157,5.4431e-05,
35.0347,-0.32918,0.0431101,0.00550265,6.05937e-05,3.14157,8.22766e-05,
35.1034,-0.329165,0.0430793,0.00549975,-2.55164e-05,3.14156,3.09033e-06,
35.1066,-0.329207,0.0431252,0.00552018,-6.52654e-05,-3.14156,-0.000143796,
35.1119,-0.329194,0.0431069,0.00550674,-3.16027e-05,-3.14156,2.1186e-05,
35.1149,-0.329186,0.0431058,0.00550318,-5.98104e-05,-3.14157,-1.74786e-05,
35.1212,-0.329204,0.0430975,0.00552301,0.000114766,-3.14149,-8.22414e-05,
35.1273,-0.329213,0.043125,0.00552574,-5.25363e-05,-3.1415,-8.90237e-05,
35.1304,-0.329199,0.0431007,0.00551869,-0.000123174,-3.14154,1.59216e-05,
35.1367,-0.329215,0.0430997,0.00550768,8.82531e-05,-3.14154,-1.30876e-05,
35.143,-0.329177,0.0430822,0.00549024,-0.000107988,3.14157,-2.11128e-05,
35.1463,-0.329207,0.0431011,0.0055174,-2.01463e-05,-3.14151,-7.72936e-05,
35.1508,-0.32919,0.0430887,0.00550409,-2.18357e-06,-3.14154,3.34882e-05,
35.1587,-0.329168,0.0430947,0.00550177,2.64041e-05,3.14154,1.95452e-06,
35.162,-0.329192,0.0430957,0.00550938,-6.73529e-06,-3.14153,1.47491e-05,
35.1684,-0.329182,0.0430936,0.00550885,2.32081e-05,-3.14158,-2.92713e-05,
35.1744,-0.329194,0.0430806,0.00550884,3.49513e-05,-3.14155,6.42699e-05,
35.1775,-0.32917,0.0430809,0.00549625,-7.71383e-05,3.14156,-2.69248e-05,
35.1838,-0.329193,0.0430756,0.00549764,2.91446e-05,-3.14157,5.43242e-05,
35.1921,-0.329181,0.0431081,0.0055229,-9.97592e-05,-3.14158,-0.000111748,
35.1953,-0.329194,0.0431124,0.00552092,-7.26802e-05,-3.14154,-9.13941e-05,
35.2004,-0.329183,0.0430979,0.00551682,-0.000116896,-3.14153,8.65167e-06,
35.2066,-0.32918,0.0430927,0.00550606,6.36216e-05,-3.14157,3.00283e-05,
35.2098,-0.329179,0.0430761,0.00549482,-0.000146801,3.14157,-9.76737e-06,
35.2158,-0.329186,0.043106,0.00551197,-9.90353e-05,-3.14159,-3.80392e-05,
35.219,-0.329197,0.0430871,0.00550862,2.47492e-05,-3.14152,2.60808e-05,
35.2253,-0.329172,0.0430983,0.00549926,5.23504e-05,3.14158,1.27884e-05,
35.2315,-0.32918,0.0430985,0.00551987,6.83426e-05,-3.14155,-0.000104432,
35.2346,-0.329188,0.0431068,0.00551026,-3.16806e-05,-3.14158,2.45071e-06,
35.2408,-0.329174,0.0430883,0.00548656,5.32531e-05,3.14154,-4.85982e-05,
35.2469,-0.329193,0.0430909,0.00549838,3.00411e-05,-3.14158,-9.30021e-06,
35.25,-0.329164,0.043082,0.00550414,-4.1665e-05,3.14155,-4.80558e-05,
35.2563,-0.329196,0.0430878,0.00550892,-3.95329e-06,-3.14157,-4.16113e-06,
35.2623,-0.329179,0.0430854,0.00549028,9.91594e-06,3.14154,-5.10146e-05,
35.2655,-0.329188,0.0430727,0.00549084,-2.06603e-05,3.14155,-6.87623e-05,
35.2708,-0.329186,0.0430981,0.00549666,1.9522e-05,-3.14158,1.99795e-05,
35.2739,-0.329199,0.0430882,0.00550822,-2.85383e-05,-3.14152,5.13181e-05,
35.2821,-0.329197,0.0430969,0.00551122,-6.87222e-06,-3.14155,2.57703e-06,
35.2873,-0.329197,0.0430968,0.00550441,-3.35603e-05,-3.14154,-2.68376e-05,
35.2904,-0.32922,0.0431018,0.00552483,1.03088e-05,-3.1415,-7.95959e-05,
35.2964,-0.329199,0.0431122,0.00550364,-8.69574e-05,-3.14159,-5.8973e-05,
35.3026,-0.329201,0.0431001,0.00551912,4.11628e-08,-3.14151,-5.4465e-05,
35.3823,-0.329184,0.0430948,0.00550594,3.68113e-05,-3.14158,-4.70698e-05,
35.3863,-0.329182,0.0430739,0.00550795,-4.81462e-05,3.14158,-9.52752e-05,
35.3924,-0.329215,0.0431113,0.00552029,-1.43831e-05,-3.14151,-5.56734e-05,
35.3955,-0.329215,0.0431122,0.00551564,-5.98694e-05,-3.14147,-3.78988e-07,
35.4017,-0.329183,0.0430864,0.00550562,-2.92496e-05,3.14158,6.8228e-05,
35.4048,-0.329192,0.0431006,0.00550167,-9.22286e-05,-3.14157,3.0922e-05,
35.411,-0.329192,0.0431084,0.00550593,-0.000130497,-3.14158,-5.6933e-06,
35.4193,-0.329173,0.0430867,0.00549312,-6.43705e-05,3.14158,-7.46348e-05,
35.4227,-0.329183,0.0431001,0.00550618,-5.40471e-05,-3.14158,8.72444e-06,
35.4282,-0.329189,0.0430977,0.00550584,-6.00642e-06,-3.14157,-1.42047e-05,
35.4343,-0.329178,0.0430956,0.00549892,-9.66765e-05,3.14158,9.53715e-06,
35.4374,-0.329167,0.0430928,0.00549547,8.03441e-05,3.14154,-4.11579e-05,
35.4437,-0.329193,0.0431035,0.00551873,-5.47657e-05,-3.14155,-7.1652e-05,
35.4499,-0.329175,0.043093,0.00551132,-2.58764e-05,3.14158,-1.63586e-05,
35.453,-0.329201,0.0431079,0.0055158,-3.19919e-05,-3.14151,-8.45129e-05,
35.4593,-0.32919,0.0431011,0.00550153,-7.7763e-05,-3.14158,-5.0036e-05,
35.4654,-0.329186,0.0431105,0.00550518,-0.000164191,-3.14158,2.72539e-05,
35.4685,-0.329184,0.0430865,0.00550812,-4.1276e-05,-3.14157,1.3042e-05,
35.4738,-0.329184,0.043092,0.00550719,7.69844e-05,-3.14159,6.82485e-06,
35.4769,-0.329209,0.0431021,0.00551103,-4.70908e-05,-3.14149,6.71325e-06,
35.4832,-0.329189,0.0430707,0.00550488,0.000127238,-3.14157,3.93241e-05,
35.4894,-0.329179,0.0430936,0.00549719,-8.38751e-05,3.14155,4.00467e-05,
35.4925,-0.329188,0.0430902,0.00550157,5.09822e-05,-3.14157,6.72495e-06,
35.4987,-0.329203,0.0430992,0.00551032,-2.52204e-06,-3.14155,1.94053e-05,
35.5054,-0.329194,0.0431007,0.0055128,7.54675e-06,-3.14153,-2.94113e-05,
35.5088,-0.329173,0.0430943,0.00550035,2.34409e-06,3.14156,4.4924e-06,
35.5133,-0.329193,0.0431003,0.00550209,3.31036e-05,-3.14155,-8.8186e-06,
35.5194,-0.329201,0.0431026,0.00550782,-2.83181e-05,-3.14152,-2.9617e-05,
35.5225,-0.32921,0.0431011,0.00550266,3.8258e-06,-3.14155,-5.31827e-05,
35.5288,-0.329171,0.0430908,0.00550769,-6.80578e-05,-3.14159,-3.05751e-05,
35.5348,-0.329192,0.0431067,0.00551096,1.27904e-05,-3.14155,-5.17176e-05,
35.5379,-0.329175,0.0430959,0.00550088,-2.63452e-05,3.14157,6.44103e-05,
35.6233,-0.329202,0.043096,0.00552025,-4.69503e-06,-3.14153,-2.56662e-05,
35.6273,-0.329186,0.043084,0.00551049,5.72225e-05,-3.14154,-6.77917e-05,
35.6304,-0.329202,0.0431126,0.00549836,-8.01548e-05,-3.14159,-4.59537e-05,
35.6386,-0.329183,0.0430948,0.00551482,-7.33545e-07,-3.14158,-8.41767e-05,
35.6438,-0.329177,0.0431061,0.00549146,1.33852e-05,3.14155,2.37025e-05,
35.6469,-0.329211,0.043107,0.00550705,-2.86031e-05,-3.14154,-7.99054e-06,
35.6532,-0.329185,0.0430843,0.00550698,0.000128417,-3.14155,-6.28695e-05,
35.6593,-0.329192,0.0430878,0.005499,-4.09657e-05,-3.14154,1.95848e-05,
35.6624,-0.329166,0.0430816,0.00551564,-1.49892e-05,-3.14159,-4.25988e-05,
35.6678,-0.329174,0.0430846,0.00549456,-1.90226e-06,3.14152,-4.91836e-05,
35.6708,-0.329189,0.0430977,0.00550351,2.32217e-05,-3.14158,-1.54204e-05,
35.6769,-0.329176,0.0431003,0.00551598,-7.94679e-05,-3.14156,-1.92232e-05,
35.6832,-0.329188,0.0431048,0.00550697,-1.57327e-05,-3.14157,-2.90485e-05,
35.6864,-0.329188,0.043088,0.00549632,-3.66311e-05,-3.14159,1.38142e-06,
35.6921,-0.329184,0.0430891,0.00550094,-4.04937e-05,-3.14157,5.78279e-05,
35.6966,-0.329202,0.0431186,0.00550554,-7.92951e-05,-3.14157,-9.62256e-05,
35.6999,-0.329182,0.0430957,0.0055086,-9.35444e-05,-3.14158,-5.51276e-05,
35.7053,-0.329188,0.0430775,0.00550712,-1.41782e-05,-3.14154,2.14261e-05,
35.7113,-0.329188,0.0430822,0.00551087,0.000102022,-3.14157,-0.000100076,
35.7145,-0.329182,0.0430731,0.00549715,7.91952e-07,3.14159,-4.30569e-05,
35.7207,-0.329186,0.0431148,0.00552107,-1.25115e-05,-3.14154,-0.00012938,
35.7258,-0.329189,0.0431024,0.00551758,3.75912e-05,-3.14156,-0.000122475,
35.7292,-0.329201,0.0430746,0.00551504,0.000121426,-3.14148,3.14379e-05,
35.7338,-0.329188,0.0431036,0.00550496,-7.26142e-05,-3.14157,-2.1374e-05,
35.7389,-0.329186,0.0430908,0.00551094,-2.17327e-05,-3.14156,-1.02452e-05,
35.742,-0.329187,0.0430955,0.0055034,-4.11554e-05,-3.14158,-2.72841e-05,
35.7473,-0.329196,0.0431088,0.0055236,-4.65637e-05,-3.14153,-5.80021e-05,
35.7533,-0.329212,0.0431173,0.00551668,-2.53706e-05,-3.1415,-7.8446e-05,
35.7564,-0.329175,0.0430924,0.00550553,3.35561e-05,3.14159,6.12235e-05,
35.7627,-0.329194,0.0431011,0.00550139,-5.94114e-05,-3.14158,4.05771e-05,
35.7658,-0.329184,0.0431062,0.00550862,-1.4091e-05,-3.14156,-5.71672e-05,
35.7719,-0.3292,0.0431135,0.00551211,-5.30877e-05,-3.14155,-9.22247e-05,
35.7782,-0.329201,0.0430862,0.00551456,-2.67496e-05,-3.14149,-3.14704e-05,
35.7813,-0.329198,0.0431007,0.00549887,-7.15956e-05,-3.14154,-4.04654e-05,
35.7864,-0.32917,0.0430738,0.00548158,-1.76984e-05,3.14158,-3.01101e-05,
35.7927,-0.329203,0.0431083,0.00551096,-2.30512e-05,-3.14154,-0.000102484,
35.7958,-0.329192,0.0431036,0.00550375,6.83457e-05,-3.14158,-9.93269e-05,
35.8018,-0.329174,0.0430834,0.00549127,-2.541e-06,-3.14157,5.41829e-06,
35.8049,-0.329198,0.043103,0.00551674,1.18121e-05,-3.14155,-4.94454e-05,
35.8112,-0.329166,0.0430837,0.00548799,-6.52666e-05,3.14155,-3.46665e-05,
35.8188,-0.329204,0.0430895,0.00549887,8.85845e-05,-3.14154,-1.08217e-05,
35.8219,-0.329195,0.0430836,0.00550528,0.00010935,-3.14156,-1.1583e-05,
35.827,-0.329199,0.0430751,0.00551273,4.27882e-05,-3.1415,6.98764e-06,
35.8333,-0.329206,0.0431109,0.0055241,-3.98071e-05,-3.1415,-4.3562e-05,
35.8363,-0.32921,0.0431099,0.00552975,-2.5252e-05,-3.14146,-0.000114313,
35.8424,-0.329174,0.0430945,0.00550239,2.3287e-06,3.14157,-3.14212e-06,
35.8486,-0.329226,0.0431165,0.00553142,-7.3331e-05,-3.14144,-0.000107193,
35.8517,-0.329167,0.0430951,0.00549477,1.3648e-05,3.14155,-6.5789e-05,
35.9347,-0.329197,0.0430857,0.00550295,3.83426e-05,-3.14156,-3.39315e-05,
35.9388,-0.329208,0.0430816,0.00552059,-1.68219e-06,-3.1415,9.49013e-07,
35.9419,-0.329179,0.0431159,0.00550103,6.92554e-05,3.14159,0.000136652,
35.9482,-0.32918,0.0431068,0.00551487,-5.2412e-05,-3.14158,-8.60183e-05,
35.9543,-0.329177,0.0430815,0.00549949,3.45652e-05,3.14158,-4.22161e-05,
35.9574,-0.329182,0.0431051,0.00549655,7.94487e-05,3.14156,2.72436e-05,
35.9637,-0.32921,0.0431001,0.00550485,1.62188e-05,-3.14147,-4.44676e-05,
35.9668,-0.329173,0.0430978,0.00549911,-5.51379e-05,3.14155,-4.03329e-05,
36.2669,-0.329216,0.0431232,0.00551339,-5.34125e-05,-3.14154,-5.74257e-05,
36.2701,-0.329176,0.0430946,0.0054975,3.38288e-05,3.14153,3.65167e-05,
36.2743,-0.32923,0.04311,0.00552899,0.000145855,-3.1415,-0.000142485,
36.2803,-0.329188,0.0430932,0.00550947,-4.70582e-05,-3.14154,-1.02704e-05,
36.2834,-0.329214,0.0431121,0.00551852,2.9864e-05,-3.14153,-9.2379e-05,
36.2897,-0.329159,0.0430746,0.00549517,9.89434e-06,3.14154,-7.48359e-05,
36.2928,-0.329186,0.0431067,0.00551604,-5.84173e-05,-3.14157,-8.4895e-05,
36.2989,-0.32918,0.0430908,0.00550581,5.45639e-05,-3.14157,5.19615e-05,
36.3979,-0.329188,0.0430983,0.00551599,-5.42188e-05,-3.14158,-2.13938e-05,
36.4011,-0.329189,0.043089,0.00550536,-1.71075e-05,-3.14156,-3.55604e-05,
36.4053,-0.329185,0.0431073,0.00551301,-4.13689e-05,-3.14158,-3.52231e-05,
36.4113,-0.329195,0.0431043,0.0055085,-2.01177e-05,-3.14153,-1.62398e-05,
36.4144,-0.3292,0.0431182,0.00553042,-6.55365e-05,-3.14149,-0.000213999,
36.4206,-0.329208,0.043113,0.0055153,8.79947e-08,-3.1415,-4.35395e-05,
36.4238,-0.329197,0.0431001,0.0055204,-2.22389e-06,-3.1415,-3.10321e-05,
36.4299,-0.329211,0.0430991,0.00552563,1.56339e-05,-3.14149,-6.65892e-05,
36.5891,-0.329213,0.0431177,0.00552396,-4.68693e-05,-3.14148,-0.000172095,
36.5923,-0.32918,0.0430865,0.0055147,-2.12184e-05,-3.14157,3.29968e-05,
36.5974,-0.329196,0.0431005,0.00551592,-9.04409e-05,-3.14152,-7.74314e-05,
36.6006,-0.329212,0.0431076,0.00551566,2.33764e-05,-3.14148,-3.92507e-05,
36.6068,-0.329186,0.0431003,0.00551687,-2.03724e-05,-3.14158,-6.07124e-05,
36.6128,-0.329185,0.0431073,0.00550911,-5.76133e-05,-3.14155,-1.42368e-05,
36.6159,-0.329204,0.043109,0.00552034,1.60532e-05,-3.1415,-0.000144836,
36.6222,-0.329182,0.0430759,0.00550859,1.57728e-05,-3.14156,5.32741e-06,
36.7072,-0.329187,0.0430977,0.00550289,4.12112e-05,3.14158,4.8662e-05,
36.7103,-0.329202,0.0430993,0.00550511,8.84047e-05,-3.14156,-4.58577e-05,
36.7144,-0.329229,0.0431334,0.00551719,-5.29256e-05,-3.14148,-0.000149268,
36.7229,-0.329199,0.0431015,0.00551024,6.29153e-05,-3.14154,-3.50671e-05,
36.7263,-0.329204,0.0430984,0.00551748,3.89597e-05,-3.14152,-5.72023e-05,
36.7328,-0.32921,0.0431064,0.0055123,1.16379e-05,-3.14146,-5.36254e-05,
36.7382,-0.329181,0.0431019,0.00550134,3.83073e-05,-3.14159,-2.49358e-05,
36.7413,-0.329209,0.0431153,0.00550456,-2.75631e-05,-3.14154,-7.48035e-05,
36.7474,-0.329196,0.0431116,0.00551669,-0.000131155,-3.14153,-2.41001e-05,
36.7527,-0.329196,0.0431039,0.00550829,-7.31311e-06,-3.14154,-5.50391e-05,
36.7558,-0.32919,0.0430714,0.00550736,0.000159705,-3.14155,-3.69181e-05,
36.7638,-0.329178,0.0430985,0.00549223,3.98333e-05,3.14153,-2.28062e-07,
36.7669,-0.329209,0.0430976,0.0055049,-2.68241e-05,-3.1415,7.12418e-06,
36.7719,-0.329186,0.0430693,0.00550142,2.17958e-05,-3.14155,4.72668e-05,
36.7781,-0.329181,0.0430935,0.00549604,2.10281e-05,3.14158,-4.03746e-05,
36.7812,-0.329179,0.0430914,0.00549734,-0.000116122,-3.14156,0.000104362,
36.7874,-0.329202,0.0431044,0.0055027,2.57465e-05,-3.14152,-2.87912e-05,
36.7927,-0.329186,0.0430905,0.0055006,1.60889e-05,-3.14157,-7.3688e-05,
36.7958,-0.329214,0.0431313,0.00551102,-5.19983e-05,-3.14147,-9.25374e-05,
36.8018,-0.329205,0.0430956,0.0055068,-3.43757e-05,-3.14153,-1.77206e-05,
36.805,-0.329207,0.0431091,0.00551186,-7.18049e-05,-3.14149,2.21551e-06,
36.8123,-0.329215,0.0431163,0.00551008,-1.39204e-05,-3.1415,-0.000101139,
36.8183,-0.329175,0.0430854,0.00550096,-2.54736e-05,3.14156,3.27751e-05,
36.8214,-0.329188,0.0431064,0.00551187,6.94177e-06,-3.14157,-0.000120741,
36.8277,-0.329186,0.0430991,0.00550475,-3.2322e-05,-3.14159,-6.34633e-06,
36.8329,-0.329197,0.0431025,0.00551319,-5.41226e-05,-3.14155,-2.30646e-06,
36.8361,-0.329204,0.0430941,0.00552729,6.30747e-05,-3.14149,-0.000112629,
36.8423,-0.329187,0.0431022,0.00550718,-3.22404e-05,-3.14158,-4.10967e-05,
36.8483,-0.329177,0.0430827,0.00549444,7.95073e-05,3.14158,-7.35981e-05,
36.8516,-0.329172,0.0430866,0.00549981,8.53906e-05,3.14157,-9.64628e-08,
36.8578,-0.329185,0.043091,0.00551022,-7.35547e-05,-3.14156,4.00187e-05,
36.8609,-0.329184,0.0430978,0.00550049,-5.28419e-05,-3.14154,-7.34086e-06,
36.8672,-0.329197,0.0430872,0.0055042,5.28676e-06,-3.14153,4.60679e-05,
36.8724,-0.329208,0.0431076,0.00551968,5.18936e-06,-3.14152,-7.13399e-05,
36.8755,-0.329205,0.043111,0.00551462,-7.99499e-05,-3.14151,-9.06054e-05,
36.8818,-0.329201,0.043113,0.00550308,1.94072e-05,-3.14156,-8.37202e-06,
36.8878,-0.32921,0.0431073,0.00550959,-4.71529e-05,-3.14153,-4.90805e-05,
36.8909,-0.329201,0.0430854,0.00550081,4.17461e-05,-3.14156,5.88133e-05,
36.8973,-0.329212,0.0431034,0.00552478,-4.81904e-06,-3.14152,-5.28696e-05,
36.9055,-0.329178,0.0430902,0.00550546,-4.42454e-05,3.14158,6.05621e-05,
36.9864,-0.329205,0.043102,0.00550451,-3.49845e-05,-3.14152,-3.68124e-05,
36.9904,-0.329198,0.0431028,0.00552609,4.40317e-05,-3.14155,-0.000124737,
36.9966,-0.329217,0.0431022,0.00552534,0.000102744,-3.14146,-8.57187e-05,
36.9997,-0.329186,0.0430952,0.00550384,-1.4351e-07,-3.14158,4.03375e-05,
37.0058,-0.329192,0.0430892,0.00551894,5.77335e-05,-3.14153,-6.23984e-05,
37.0089,-0.329176,0.0430766,0.00550415,-8.92777e-06,-3.14158,7.41932e-06,
37.0152,-0.329169,0.0430788,0.00549643,4.80653e-05,3.14156,-5.84255e-05,
37.0213,-0.3292,0.0431092,0.00551015,1.14207e-05,-3.14154,-8.63455e-05,
37.0739,-0.32919,0.0430989,0.00549211,4.4474e-05,-3.14158,-3.25353e-05,
37.0772,-0.329207,0.0431223,0.0055176,-0.000124379,-3.14153,-8.08504e-05,
37.0837,-0.329184,0.0431012,0.00551709,-0.000150526,-3.14154,-4.38206e-05,
37.0898,-0.329199,0.0431117,0.00550971,-7.98211e-05,-3.14153,-0.000100778,
37.0929,-0.329189,0.0431025,0.00550536,-3.2741e-05,-3.14156,-6.72547e-05,
37.0992,-0.329183,0.0430963,0.00549892,9.2494e-05,3.14156,-5.1978e-05,
37.1053,-0.329211,0.0431182,0.00552091,-3.34685e-05,-3.14148,-0.000108688,
37.1084,-0.329209,0.0431091,0.00552175,-0.00011758,-3.14148,-4.59638e-05,
37.1559,-0.329181,0.0430878,0.00549812,-3.20347e-05,3.14159,-7.85712e-05,
37.1601,-0.3292,0.0431094,0.0055111,-5.37876e-05,-3.14153,-7.35103e-05,
37.1632,-0.32921,0.0431179,0.00550458,-3.87437e-05,-3.14152,-4.76402e-05,
37.1694,-0.32919,0.0430983,0.00550398,1.14128e-05,-3.14157,-6.48952e-05,
37.1725,-0.329195,0.0430832,0.00549629,2.40149e-05,-3.14158,2.50503e-06,
37.1787,-0.329217,0.0431171,0.00550656,-5.39289e-05,-3.14154,-6.28464e-05,
37.1848,-0.329202,0.0431085,0.00552059,-6.61503e-05,-3.14153,-3.58625e-05,
37.1879,-0.329192,0.0430999,0.00550381,2.19023e-07,-3.14154,-2.69871e-05,
37.2564,-0.329196,0.0430962,0.00549682,-0.000133315,3.14158,4.38849e-05,
37.2597,-0.329199,0.0430893,0.00550529,3.45395e-05,-3.14155,-2.89276e-05,
37.2644,-0.329191,0.0430914,0.00552236,-2.26389e-05,-3.14156,-7.69359e-05,
37.272,-0.329169,0.0430787,0.00548206,3.67129e-05,3.14152,-4.34082e-05,
37.2752,-0.329167,0.0430932,0.00550129,0.000111621,3.14153,6.52359e-05,
37.2813,-0.329199,0.0431058,0.0055099,-4.69127e-05,-3.14152,-8.12003e-05,
37.2876,-0.329182,0.0431052,0.00551321,-2.60504e-05,3.14158,8.02644e-05,
37.2907,-0.329166,0.0430953,0.00550615,2.41758e-05,-3.14159,-4.12709e-05,
37.2969,-0.329192,0.0431106,0.00551519,-4.56088e-05,-3.14155,-9.59957e-05,
37.3023,-0.329201,0.0430958,0.00551919,4.68378e-06,-3.14148,-3.10905e-05,
37.3056,-0.329201,0.0430999,0.00551844,-7.9888e-05,-3.1415,-9.27589e-05,
37.3134,-0.329189,0.0430927,0.00551515,-2.25378e-05,-3.14156,-5.72058e-05,
37.3196,-0.329228,0.0431093,0.00551955,2.31174e-05,-3.1415,-8.26474e-05,
37.3228,-0.32919,0.0431057,0.00550349,-2.53383e-05,-3.14157,-3.91763e-05,
37.3288,-0.329222,0.0431159,0.00552491,-3.27759e-05,-3.14146,-0.000113687,
37.3319,-0.329176,0.0430813,0.00549012,7.25556e-05,3.14156,-1.87531e-05,
37.3382,-0.3292,0.0430973,0.00550833,-4.39132e-05,-3.14151,-4.43499e-05,
37.3434,-0.329179,0.0430871,0.00550297,2.47795e-05,-3.14159,-1.941e-05,
37.3467,-0.329196,0.0430858,0.00550715,-2.92138e-05,-3.14153,3.22527e-05,
37.3529,-0.329177,0.0430857,0.00549543,2.18923e-05,3.14157,-7.654e-05,
37.3591,-0.329223,0.0431071,0.0055254,-4.77845e-05,-3.14144,-7.94694e-05,
37.3622,-0.32918,0.0430918,0.0055033,-1.08988e-05,3.14155,-1.8881e-06,
37.3684,-0.329195,0.0430742,0.00551025,4.95137e-05,-3.14154,-2.0028e-05,
37.3746,-0.329193,0.0430954,0.00549708,2.62449e-05,-3.14158,1.253e-05,
37.3778,-0.3292,0.0430903,0.00550437,3.07788e-05,-3.14155,-1.91222e-05,
37.3829,-0.329193,0.0431029,0.00550563,-9.53325e-06,-3.14158,-0.000115898,
37.3893,-0.329187,0.0430989,0.00551542,3.73709e-05,-3.14155,-2.18693e-05,
37.3924,-0.329185,0.0430833,0.00550016,-3.38663e-05,-3.14157,8.37463e-05,
37.3986,-0.329206,0.0430926,0.00551545,-2.23826e-05,-3.14153,-9.78706e-05,
37.4017,-0.32918,0.0430684,0.00549999,3.08644e-05,-3.14157,1.70742e-05,
37.4079,-0.329186,0.0431076,0.00551505,-9.18487e-05,-3.14154,-0.000106914,
37.4141,-0.329199,0.0431011,0.00550748,-4.11614e-05,-3.14156,-5.4447e-05,
37.4173,-0.329202,0.0431039,0.00549663,-1.80674e-05,3.14158,0.000101007,
37.4225,-0.329201,0.0430813,0.00550558,1.748e-05,-3.14152,-2.02642e-05,
37.4287,-0.329195,0.0430981,0.00550561,-7.48677e-05,-3.14154,6.0632e-06,
37.4318,-0.3292,0.0431026,0.00549467,-5.36676e-05,-3.14154,7.18712e-06,
37.4369,-0.329189,0.0430893,0.0055112,-3.37103e-05,-3.14154,9.90109e-06,
37.4435,-0.329206,0.0430994,0.00552195,7.48332e-05,-3.14151,-5.05091e-05,
37.4467,-0.329194,0.0430909,0.00550968,-8.1274e-06,-3.14154,-4.34749e-05,
37.4528,-0.329186,0.0430828,0.00551133,-2.20507e-05,-3.14153,-8.63723e-05,
37.456,-0.329208,0.0431073,0.0055159,1.19656e-05,-3.14152,-6.24145e-05,
37.4613,-0.32919,0.0430897,0.00551735,3.04615e-05,-3.14153,6.03448e-05,
37.4673,-0.329173,0.0430993,0.0054987,-6.86683e-07,3.14157,-9.17672e-06,
37.4705,-0.329198,0.0431016,0.00550365,-4.20809e-05,-3.14159,-2.45587e-05,
37.4767,-0.329183,0.0431024,0.00550571,-5.31278e-05,-3.14156,2.97567e-06,
37.4829,-0.329198,0.0431028,0.00550102,-2.07852e-05,-3.14154,-1.33708e-05,
37.4862,-0.329195,0.0430905,0.00550555,-1.55339e-05,-3.14154,-3.68284e-05,
37.4926,-0.329178,0.0430872,0.00550408,5.33668e-05,3.14159,-4.27269e-05,
37.6152,-0.329203,0.0431011,0.00551218,-6.74784e-05,-3.14154,-3.83572e-05,
37.6193,-0.329185,0.0430811,0.00549047,5.54459e-05,-3.14159,7.53047e-05,
37.6224,-0.329181,0.0430868,0.00551018,1.11254e-05,-3.14158,-9.77421e-07,
37.6286,-0.329185,0.0430926,0.00551454,-4.63043e-05,-3.14152,-1.89309e-07,
37.6318,-0.329203,0.0431121,0.00550719,-5.21646e-05,-3.14154,-0.000115117,
37.6378,-0.329158,0.0430801,0.00548611,-7.38538e-05,3.1415,-0.000106977,
37.6439,-0.329212,0.0430997,0.00551126,-5.38395e-05,-3.14149,-4.70834e-06,
37.647,-0.329196,0.0430855,0.00550197,1.0449e-05,-3.14157,5.23565e-06,
37.7049,-0.329189,0.0430922,0.00550412,-6.14959e-05,-3.14158,7.56291e-07,
37.7083,-0.329176,0.0431008,0.0055044,2.1174e-05,3.14155,3.95964e-05,
37.7126,-0.329199,0.0431152,0.00550436,-6.50018e-05,-3.14157,-8.99053e-05,
37.717,-0.329178,0.0431051,0.00550887,1.87482e-05,-3.14157,-2.04634e-05,
37.7202,-0.329192,0.0430806,0.00551123,0.00010597,-3.14157,5.30576e-05,
37.7264,-0.329205,0.0431017,0.00551583,1.67353e-05,-3.14147,-3.44931e-05,
37.7326,-0.329207,0.0431002,0.00549927,4.33103e-05,-3.14158,-8.50315e-06,
37.7357,-0.329207,0.0431141,0.00550317,4.43488e-05,-3.14155,-6.47592e-05,
37.7419,-0.329216,0.0430999,0.00550527,-5.23262e-05,-3.14153,-6.068e-05,
37.7472,-0.329202,0.0431227,0.00550404,-0.000105395,-3.14156,-0.000114925,
37.7505,-0.329194,0.0430946,0.00551036,-7.97891e-06,-3.14154,-8.61481e-05,
37.7561,-0.329157,0.043082,0.00549256,2.63958e-05,3.14152,-6.29423e-05,
37.7616,-0.329193,0.0430995,0.00550514,-2.74692e-05,-3.14155,-5.54135e-05,
37.7649,-0.329189,0.0430969,0.00549844,5.25992e-05,3.14158,-2.11606e-05,
37.7694,-0.329209,0.0430892,0.00551153,4.86302e-05,-3.14153,-2.1411e-05,
37.7757,-0.329192,0.0431003,0.00551913,5.74926e-05,-3.14157,-6.52615e-05,
37.7788,-0.329189,0.0430996,0.00549468,-4.40184e-05,3.14158,-4.48904e-05,
37.7839,-0.329198,0.0431037,0.00551969,-6.70981e-05,-3.1415,-0.000109368,
37.7902,-0.329188,0.0430849,0.00549141,1.1387e-05,-3.14159,1.46133e-05,
37.7933,-0.329208,0.0431039,0.00551139,1.79515e-05,-3.14153,-5.1474e-05,
37.7978,-0.329175,0.0430769,0.00549603,-1.06265e-05,3.14158,-5.91468e-06,
37.8042,-0.329175,0.0430929,0.00549329,7.28396e-05,3.14155,-4.75982e-05,
37.8073,-0.329183,0.0430785,0.00550804,8.76313e-05,-3.14156,9.64828e-06,
37.8133,-0.329208,0.0431116,0.00551629,4.36871e-05,-3.14152,-0.000143529,
37.8164,-0.329176,0.0431045,0.00550499,-7.54546e-05,3.14156,2.09811e-05,
37.8218,-0.329192,0.0430854,0.00550765,-2.71416e-05,-3.14155,6.17345e-05,
37.8278,-0.329193,0.0430982,0.00551915,-0.000111639,-3.14152,-1.91435e-05,
37.8309,-0.329198,0.0430998,0.00550741,-9.0818e-05,-3.14156,1.38284e-05,
37.8372,-0.329186,0.0430753,0.00551574,-1.45092e-05,-3.14157,1.35181e-05,
37.8415,-0.329203,0.0430847,0.00551178,2.22777e-05,-3.14156,-2.426e-05,
37.8448,-0.329183,0.0431092,0.0055018,-0.000109647,-3.14154,-5.71105e-05,
37.8509,-0.3292,0.0430874,0.0054909,-3.82637e-05,-3.14158,6.52941e-05,
37.854,-0.3292,0.0431125,0.00550814,-4.06352e-05,-3.14155,8.8811e-06,
37.8593,-0.329185,0.0430844,0.00550387,-2.78544e-05,-3.14157,6.52467e-05,
37.8653,-0.329201,0.0430976,0.00552338,5.9316e-06,-3.14154,-0.000114664,
37.8684,-0.329197,0.0431138,0.00552467,-0.000110216,-3.14157,-0.000155908,
37.8746,-0.329183,0.0431077,0.00549911,9.89142e-05,3.14158,1.42507e-05,
37.8808,-0.329241,0.043134,0.00552338,2.56703e-05,-3.14143,-0.00013673,
37.884,-0.329195,0.043105,0.00551397,-2.75513e-05,-3.14152,-5.42609e-05,
37.8886,-0.329181,0.0430986,0.00551,3.90361e-05,-3.14155,-3.1355e-06,
37.8949,-0.32918,0.0430808,0.00549851,-7.38588e-05,3.14154,-9.83082e-06,
37.898,-0.329184,0.0430973,0.0055123,4.85006e-05,-3.14159,-2.44496e-05,
37.9033,-0.329194,0.0430932,0.00551074,1.65599e-05,-3.14155,-5.36829e-05,
37.9093,-0.329169,0.0430923,0.00550078,6.59696e-05,3.14155,2.1447e-05,
37.9124,-0.329159,0.0431012,0.00549341,3.52066e-05,3.14152,1.02828e-05,
37.9187,-0.329165,0.0430873,0.0055081,-1.63383e-05,3.14157,-7.37556e-06,
37.9218,-0.329218,0.0430975,0.00550357,1.73935e-05,-3.14152,-5.96827e-05,
37.9278,-0.329166,0.0430595,0.00549393,-0.000146597,3.14153,-7.07885e-05,
37.9354,-0.329195,0.0430902,0.00551637,-4.61967e-05,-3.1415,-5.51701e-05,
37.9386,-0.329194,0.0431117,0.00551216,-5.2839e-05,-3.14153,-0.000107375,
37.9438,-0.32916,0.0430971,0.00549564,9.14498e-05,3.14151,2.95109e-05,
37.9499,-0.329208,0.0431051,0.00550531,-9.61191e-06,-3.14154,-6.71882e-05,
37.953,-0.329182,0.0430987,0.00551824,-7.63852e-06,-3.14157,-4.96494e-05,
37.9592,-0.329213,0.0430957,0.00551424,-4.00537e-05,-3.14144,-2.32323e-05,
37.9653,-0.329189,0.043105,0.00549921,-4.77174e-05,-3.14157,-3.70444e-05,
37.9684,-0.329214,0.0431062,0.00551428,7.4177e-05,-3.14149,-2.02992e-05,
37.9747,-0.329218,0.0431008,0.00552263,-4.05768e-05,-3.14148,-2.27661e-05,
37.978,-0.329186,0.0430896,0.00549211,2.71074e-05,3.14156,-3.67902e-05,
37.9828,-0.329177,0.043084,0.00549213,2.6285e-05,3.14155,-1.84882e-05,
37.9894,-0.329192,0.0431106,0.00552079,-0.000176956,-3.14154,-2.52025e-05,
37.9957,-0.329188,0.0430948,0.00550841,-8.52622e-05,-3.14157,-7.29991e-05,
37.9988,-0.32919,0.043099,0.00549762,-0.000136221,-3.14156,3.35849e-05,
38.0048,-0.329184,0.0430888,0.00551478,-2.12385e-05,-3.14157,1.48969e-05,
38.0079,-0.329188,0.0431046,0.0054985,2.11192e-05,3.14156,2.54029e-05,
38.0143,-0.329179,0.0431031,0.00551329,-9.35617e-05,-3.14157,-6.54333e-05,
38.0194,-0.329191,0.0430701,0.00549813,0.000109494,-3.14154,5.29184e-05,
38.0226,-0.329181,0.0430882,0.00549833,3.59486e-05,3.14158,6.15974e-06,
38.0278,-0.32921,0.0431198,0.00550175,-6.37996e-05,-3.14157,-2.31246e-05,
38.0338,-0.329183,0.0431072,0.00550494,-9.13846e-05,-3.14158,-1.42854e-05,
38.0369,-0.329204,0.0431101,0.00551602,-9.03604e-06,-3.14153,-5.00053e-05,
38.0432,-0.329206,0.0430865,0.00550997,8.23479e-06,-3.14154,-3.34403e-05,
38.0493,-0.329194,0.0430891,0.00551172,1.72632e-05,-3.14155,-5.71657e-05,
38.0524,-0.329194,0.043097,0.00552555,5.76409e-05,-3.14151,-6.00714e-05,
38.0577,-0.329187,0.0430958,0.00550725,-4.57528e-05,-3.14157,-2.66251e-07,
38.0608,-0.32921,0.043096,0.00551993,4.59447e-06,-3.14151,-0.000118579,
38.0669,-0.329207,0.0430866,0.00551632,4.33954e-05,-3.1415,8.19524e-06,
38.0732,-0.329184,0.0430949,0.00549608,1.37293e-05,-3.14157,7.2574e-06,
38.0763,-0.329197,0.0430898,0.00551957,0.000109735,-3.14147,-6.96193e-05,
38.0823,-0.329193,0.0430786,0.00551268,-1.96997e-05,-3.14156,1.95435e-05,
38.0885,-0.3292,0.0431033,0.00551365,-2.36231e-06,-3.14155,-4.44139e-05,
38.1309,-0.32918,0.043091,0.00550319,-8.30198e-05,3.14158,-1.01467e-05,
38.1352,-0.329181,0.0430934,0.0055129,-3.5132e-05,-3.14158,-8.61561e-05,
38.1413,-0.329156,0.0430661,0.00548263,-6.02974e-06,3.14151,-6.80631e-05,
38.1444,-0.329181,0.0430899,0.00549446,9.8723e-06,-3.14158,4.21837e-05,
38.1507,-0.329208,0.0431045,0.00552551,2.46219e-05,-3.14151,-9.21645e-05,
38.1538,-0.329214,0.0430916,0.00550465,1.14091e-05,-3.14152,-4.10937e-05,
38.1591,-0.329167,0.043089,0.00549964,-3.73146e-05,3.14156,-4.78001e-05,
38.1653,-0.329193,0.0431107,0.00552077,2.73281e-07,-3.1415,-9.92644e-05,
38.2098,-0.329155,0.0430882,0.00549396,8.74819e-05,3.14154,-1.51176e-06,
38.2138,-0.329205,0.043115,0.00552285,-4.72634e-05,-3.14152,-9.18636e-05,
38.2198,-0.329201,0.0431153,0.00552441,-1.40958e-05,-3.1415,-0.000112664,
38.223,-0.329201,0.0431167,0.00551831,-0.00011236,-3.14152,-5.60425e-05,
38.2292,-0.329176,0.0430886,0.00549643,-4.92222e-05,3.14157,-7.30945e-05,
38.2353,-0.329185,0.0430874,0.00550732,-5.93552e-05,-3.14156,5.47377e-05,
38.2384,-0.329178,0.0430945,0.00551677,4.19522e-05,-3.14156,-5.00424e-05,
38.2447,-0.32918,0.0430954,0.00551348,-2.08446e-05,-3.14156,-7.05829e-05,
38.2504,-0.32919,0.043111,0.00549642,-2.07777e-05,-3.14159,-5.70998e-05,
38.2537,-0.32922,0.0431023,0.00552339,2.502e-05,-3.14147,-0.000160094,
38.2582,-0.329176,0.0430928,0.005495,3.19968e-05,3.14158,1.88687e-05,
38.2627,-0.329192,0.043099,0.00551853,-3.47302e-05,-3.14155,-1.73778e-06,
38.2661,-0.329197,0.0430929,0.00549333,3.00303e-05,-3.14159,-1.47936e-06,
38.2725,-0.3292,0.0430992,0.00550832,-1.39999e-05,-3.14152,-4.65272e-05,
38.2788,-0.329199,0.0430992,0.00550224,5.37678e-05,-3.14159,-1.02118e-05,
38.2819,-0.329205,0.0431049,0.00552984,-4.0535e-05,-3.14151,-0.000119146,
38.2881,-0.329226,0.0431168,0.00552075,1.13623e-05,-3.14147,-0.000109483,
38.2945,-0.329186,0.0431095,0.00550438,-0.000124128,-3.14155,-3.49897e-05,
38.2976,-0.32919,0.0430999,0.00549283,9.35735e-07,3.14154,2.58942e-05,
38.3038,-0.329197,0.0430843,0.00551617,-4.55523e-05,-3.14151,-4.54383e-05,
38.307,-0.32921,0.0431132,0.00551928,-6.53266e-05,-3.14152,-5.75442e-05,
38.3132,-0.329159,0.0430793,0.0054817,8.35895e-06,3.14146,-1.09675e-05,
38.3193,-0.329193,0.0430995,0.0055066,4.6026e-06,-3.14156,-5.2805e-05,
38.3224,-0.329192,0.0430997,0.00549779,-2.22937e-06,-3.14157,1.84883e-05,
38.3287,-0.329196,0.0431223,0.00550946,-5.89713e-05,-3.14153,-6.26373e-05,
38.3339,-0.329189,0.0430759,0.00550784,6.29421e-05,-3.14154,2.78729e-05,
38.3372,-0.329191,0.0430862,0.00551233,4.19913e-05,-3.14152,1.34574e-05,
38.3423,-0.329197,0.0431166,0.00550524,-1.40436e-05,-3.14153,-2.95732e-05,
38.3486,-0.329197,0.0430864,0.00551365,-6.04117e-05,-3.14152,-8.36022e-05,
38.3517,-0.329202,0.0430994,0.0055274,2.33169e-05,-3.1415,-0.00011718,
38.3578,-0.329188,0.0430951,0.00550321,4.68941e-06,-3.14155,-1.9392e-05,
38.3609,-0.329194,0.0431064,0.00550833,-6.51973e-05,-3.14156,-2.44177e-05,
38.4074,-0.329187,0.0431015,0.00550509,-4.86101e-05,-3.14158,-5.23712e-05,
38.4117,-0.329198,0.043098,0.00550579,-2.77285e-05,-3.14154,1.82098e-05,
38.4148,-0.329198,0.0431046,0.00552591,-3.96014e-05,-3.14149,-6.56126e-05,
38.4209,-0.329204,0.0430967,0.00551781,9.52435e-05,-3.1415,-6.48366e-05,
38.4271,-0.329158,0.0430897,0.00549913,-3.00395e-05,3.14155,1.81778e-05,
38.4303,-0.329179,0.0430909,0.00550685,-1.7869e-05,3.14158,1.93199e-05,
38.4363,-0.329178,0.0430764,0.00550607,4.3558e-05,-3.14154,4.68688e-05,
38.4426,-0.329194,0.0431006,0.00551553,-1.40568e-05,-3.1415,-2.3948e-05,
38.4744,-0.329182,0.043092,0.0054974,0.000119299,3.14158,-7.27527e-05,
38.4778,-0.32922,0.0430911,0.00552351,4.73904e-06,-3.14143,-5.2326e-05,
38.4823,-0.329201,0.043103,0.00550743,-9.80319e-05,-3.14153,-1.52174e-05,
38.4884,-0.329183,0.0430784,0.00550957,3.85302e-05,-3.14154,-4.97167e-05,
38.4915,-0.329184,0.0430976,0.00550965,-2.06588e-06,-3.14156,-6.56427e-05,
38.4977,-0.329188,0.0430825,0.00550899,7.61909e-05,-3.14156,4.56899e-05,
38.5008,-0.32916,0.0431036,0.00549322,7.27422e-05,3.14151,3.67482e-06,
38.5069,-0.329206,0.0431092,0.00551366,-5.31062e-05,-3.14151,-5.15279e-05,
38.5527,-0.329213,0.0431181,0.00551585,-1.42144e-05,-3.14153,-0.000107589,
38.5558,-0.329189,0.0430897,0.00551498,3.0041e-05,-3.14152,-8.78023e-06,
38.5599,-0.329194,0.0430859,0.00550497,9.9281e-06,-3.14154,-1.6554e-05,
38.5682,-0.329206,0.0430995,0.00551039,-2.04386e-06,-3.14151,-4.49135e-05,
38.5713,-0.329181,0.0430958,0.0055012,4.58219e-05,3.14157,1.70938e-06,
38.5773,-0.329192,0.043093,0.00551672,1.77388e-05,-3.14156,-5.95281e-06,
38.5835,-0.329211,0.0431152,0.00552016,-0.000137797,-3.14149,-6.14262e-05,
38.5867,-0.329172,0.0430902,0.00549677,2.7814e-05,3.14156,-4.16529e-05,
38.5929,-0.329163,0.043077,0.00550663,-2.5416e-05,3.14158,-1.49421e-05,
38.596,-0.329195,0.0431031,0.00551126,-1.35272e-05,-3.14158,-9.31139e-05,
38.6013,-0.329186,0.0430907,0.00550977,2.84051e-05,-3.14157,-2.70344e-05,
38.6076,-0.329201,0.0431056,0.0055086,-4.53047e-05,-3.14151,-7.9626e-05,
38.611,-0.329206,0.0431058,0.00551523,1.67142e-05,-3.14149,-6.28194e-05,
38.6192,-0.329202,0.0431091,0.00550603,3.67411e-05,-3.14155,-4.95328e-05,
38.6243,-0.329177,0.0430943,0.00549935,2.33904e-05,3.14158,-5.52898e-05,
38.6274,-0.329191,0.0431094,0.00551647,1.90787e-05,-3.14153,-0.000129597,
38.6337,-0.329179,0.0430913,0.00550965,-0.000112228,-3.14154,2.2652e-06,
38.6389,-0.329181,0.0430736,0.00550831,1.11698e-05,-3.14157,2.81269e-05,
38.6421,-0.329197,0.0431019,0.00551472,-2.24607e-05,-3.14154,-4.99711e-05,
38.6483,-0.329193,0.0431105,0.00550763,-0.00011307,-3.14156,-4.93388e-05,
38.6549,-0.329191,0.0430967,0.00551958,-4.56126e-05,-3.14152,-5.02721e-05,
38.6583,-0.329164,0.0430995,0.00549846,-2.49073e-05,3.14157,2.37374e-05,
38.6639,-0.329198,0.043102,0.00551192,6.91139e-06,-3.14155,-0.000118248,
38.6701,-0.329161,0.0430831,0.00549831,-3.7441e-05,3.14156,-3.13183e-05,
38.6733,-0.329192,0.0430996,0.00551643,2.9981e-05,-3.14155,-6.60684e-05,
38.6785,-0.329176,0.0430883,0.00550122,-7.3179e-05,-3.14156,2.12087e-05,
38.6847,-0.329208,0.0431017,0.00550057,-6.18554e-05,-3.14151,-1.47551e-05,
38.6878,-0.329186,0.0431024,0.00550645,-2.77592e-05,-3.14158,-2.65969e-05,
38.6939,-0.329168,0.0430725,0.00550582,1.12519e-05,-3.14158,4.8694e-05,
38.6985,-0.329186,0.0430968,0.00551167,5.091e-05,-3.14155,-2.14325e-06,
38.7017,-0.32919,0.0431086,0.00550423,4.64014e-06,-3.14158,-6.93092e-05,
38.7078,-0.329163,0.0430903,0.00550265,3.55557e-05,3.14154,-4.83823e-05,
38.711,-0.329202,0.0431044,0.0055073,-5.91304e-05,-3.14154,-2.4666e-05,
38.7163,-0.32919,0.0431041,0.00550576,-0.000138004,-3.14157,2.52094e-05,
38.7223,-0.32921,0.0431102,0.00552412,4.80254e-06,-3.14148,-0.000156365,
38.7254,-0.329202,0.0430937,0.00552548,-1.49173e-05,-3.1415,-8.62465e-05,
38.7316,-0.329202,0.0431107,0.00550694,1.14313e-05,-3.14154,-8.60487e-05,
38.7378,-0.329188,0.0430973,0.00551044,-0.000132035,-3.14158,2.6299e-06,
38.741,-0.329192,0.0431041,0.0055074,-6.52789e-05,-3.14155,3.4909e-05,
38.7483,-0.329177,0.0430722,0.00550894,6.45082e-05,-3.14157,-1.5491e-05,
38.7544,-0.329203,0.0431099,0.00550618,-7.33362e-05,-3.14155,-5.37548e-05,
38.7575,-0.329204,0.0430956,0.00550329,0.000132923,-3.14154,-9.72275e-05,
38.7628,-0.329182,0.0430893,0.0055135,-1.43962e-05,-3.14157,-8.70827e-07,
38.7659,-0.32921,0.043112,0.00551974,1.6738e-05,-3.14149,-0.000127751,
38.7722,-0.329173,0.0430936,0.00550995,6.61032e-05,3.14158,1.46827e-05,
38.7783,-0.329199,0.0431045,0.00552187,-2.08891e-05,-3.14151,-8.97778e-05,
38.7814,-0.329199,0.0430816,0.00551279,7.72542e-05,-3.14153,-4.17563e-05,
38.7896,-0.329201,0.0430949,0.00550984,-5.62145e-07,-3.14153,-7.38678e-05,
38.7948,-0.329173,0.0430722,0.00548319,-5.95142e-06,3.14155,-9.16563e-05,
38.798,-0.329205,0.0431104,0.00550655,-2.40832e-06,-3.14155,1.19103e-05,
38.8033,-0.329178,0.0430799,0.00549454,-6.52103e-05,3.14159,-3.92859e-05,
38.8093,-0.329171,0.0431094,0.00551462,2.91611e-06,3.14159,9.99449e-05,
38.8124,-0.329183,0.0430838,0.00550027,8.16496e-05,-3.14159,1.86823e-05,
38.8186,-0.329197,0.0431006,0.00551968,-6.00439e-05,-3.14154,-4.95197e-05,
38.8217,-0.329191,0.0431138,0.00551251,-0.00015291,-3.14155,-7.7742e-06,
38.8278,-0.329201,0.0431044,0.00551857,1.10729e-05,-3.14155,-6.91904e-05,
38.8352,-0.329178,0.0430881,0.0055112,-6.28252e-05,3.14159,3.76962e-05,
38.8383,-0.329171,0.04308,0.00550148,-2.9747e-05,3.14156,-3.20027e-05,
38.8434,-0.329196,0.0431168,0.0055134,-2.87486e-05,-3.14157,-2.3298e-05,
38.8497,-0.32919,0.0430925,0.00552549,6.29518e-05,-3.14153,-9.44297e-05,
38.8528,-0.329204,0.0431109,0.00551072,-1.88322e-05,-3.14154,-1.83034e-05,
38.8588,-0.32919,0.0430922,0.00551466,5.63046e-05,-3.14153,-3.96789e-05,
38.8619,-0.329213,0.0430921,0.00552999,4.42069e-05,-3.14144,-2.83792e-05,
38.8682,-0.329195,0.0430887,0.0055039,5.60086e-05,-3.14156,4.57861e-05,
38.8744,-0.329201,0.043115,0.00550479,-0.000104606,-3.14157,-0.000139634,
38.8777,-0.329187,0.0430932,0.00551389,2.32316e-05,-3.14153,6.39637e-06,
38.8858,-0.329211,0.0431289,0.00550883,-0.000109958,-3.14152,-7.66568e-05,
38.89,-0.329192,0.0430825,0.00549898,-1.46012e-06,-3.14157,9.51916e-06,
38.8932,-0.32919,0.0430854,0.00549949,7.05177e-05,-3.14158,-2.64186e-05,
38.8993,-0.329196,0.0430892,0.00551733,9.08212e-05,-3.14154,-0.000116646,
38.9056,-0.329187,0.0431018,0.00550637,-3.28506e-05,-3.14157,-4.63734e-05,
38.9087,-0.329191,0.0430942,0.00550181,1.64636e-05,3.14159,4.24907e-05,
39.0299,-0.329193,0.0431005,0.00550972,8.979e-05,-3.14156,-2.02381e-05,
39.0341,-0.329172,0.0430977,0.00551063,-6.58792e-05,-3.14157,-3.3976e-06,
39.0372,-0.329196,0.0430944,0.00550819,1.09778e-05,-3.14158,-9.61395e-06,
39.0433,-0.329195,0.0431201,0.00551075,-7.91854e-05,-3.14154,-9.57639e-05,
39.0495,-0.329183,0.0430859,0.00551325,4.41186e-05,-3.14157,-2.93973e-05,
39.0527,-0.3292,0.0431162,0.00552119,-0.000142947,-3.14147,-2.451e-05,
39.0607,-0.329178,0.0431105,0.00551138,6.61398e-05,3.14158,3.17497e-05,
39.0638,-0.32918,0.0430984,0.00550736,-6.63924e-05,-3.14157,-8.14069e-05,
39.1054,-0.329201,0.0430991,0.00552056,-5.3738e-05,-3.14147,-3.8092e-05,
39.1085,-0.329194,0.0431129,0.00549214,3.97764e-05,3.14159,-3.65489e-05,
39.1148,-0.329212,0.0431133,0.00551988,5.12839e-05,-3.14149,-0.000159044,
39.118,-0.329181,0.0430667,0.00550395,-1.18753e-05,3.14158,-3.29308e-06,
39.1242,-0.329194,0.0430803,0.00551953,9.48066e-05,-3.14156,-9.14733e-06,
39.1303,-0.329199,0.0431125,0.00551607,2.96126e-05,-3.14158,-4.68757e-05,
39.1335,-0.329205,0.0431167,0.00551456,-5.37313e-05,-3.1415,-7.45007e-05,
39.1397,-0.329173,0.0430976,0.00548959,7.9644e-05,3.14155,-0.000104688,
39.1869,-0.329194,0.0430974,0.00551816,6.29928e-05,-3.14153,-8.0605e-05,
39.1901,-0.329177,0.0431038,0.00550835,0.000113353,3.14157,2.11364e-05,
39.1945,-0.329182,0.0430738,0.00551287,4.94408e-05,-3.14156,-1.54778e-05,
39.2001,-0.329183,0.0430865,0.00550657,-6.58708e-05,-3.14156,7.02679e-06,
39.2034,-0.329203,0.0431014,0.00551283,-7.02484e-05,-3.14151,-4.79734e-05,
39.2081,-0.329202,0.043112,0.00552224,2.53608e-05,-3.14154,-9.92358e-05,
39.2126,-0.329169,0.0431007,0.00550695,0.000157639,3.14152,4.86504e-05,
39.2157,-0.329188,0.0430853,0.0055016,-8.31954e-06,-3.14158,1.82574e-05,
39.2219,-0.329192,0.0431093,0.00550079,-0.00010984,-3.14152,3.093e-05,
39.2272,-0.32918,0.0430858,0.00550435,0.000135762,-3.14157,-1.82527e-05,
39.2303,-0.329184,0.0431088,0.00549897,6.67298e-05,3.14154,7.7066e-05,
39.2365,-0.329191,0.0430989,0.0055031,-5.90731e-05,-3.14157,-2.43586e-05,
39.2409,-0.329205,0.0431093,0.00552893,-5.9567e-05,-3.14147,-0.000156475,
39.2441,-0.329191,0.043098,0.00551398,-2.54106e-05,-3.14155,-5.62754e-05,
39.2503,-0.329182,0.0430738,0.00552437,3.04732e-05,-3.14154,1.56529e-05,
39.2563,-0.329212,0.043106,0.00551947,9.36077e-05,-3.14155,-0.00016288,
39.2594,-0.329208,0.0430919,0.00551436,0.000121535,-3.14151,-7.47138e-05,
39.2647,-0.329202,0.0430835,0.00550733,0.000132721,-3.14156,-9.34163e-05,
39.2678,-0.329195,0.0430984,0.00551762,1.86369e-05,-3.14154,-4.00439e-05,
39.2738,-0.329217,0.0431096,0.00551653,3.729e-05,-3.1415,-1.23845e-05,
39.2801,-0.329186,0.0430819,0.00551095,4.45465e-05,-3.14151,-3.17232e-05,
39.2835,-0.329223,0.0431077,0.0055164,0.000102697,-3.1415,-0.000102696,
39.2917,-0.329207,0.0431128,0.00552297,1.6502e-05,-3.14149,-6.27397e-05,
39.2978,-0.329191,0.0431021,0.00550973,-5.24849e-05,-3.14157,-4.93083e-05,
39.301,-0.329188,0.0431033,0.00551602,-6.71651e-05,-3.14149,-1.66954e-05,
39.3063,-0.329193,0.0430907,0.00549582,-8.15393e-05,3.14159,-2.92088e-05,
39.3123,-0.329182,0.0430751,0.00549159,-3.64218e-05,3.14156,-9.63751e-05,
39.3154,-0.329204,0.0431048,0.00550205,-4.71584e-05,-3.14155,-1.97646e-05,
39.3216,-0.329191,0.0430939,0.0055123,1.1236e-05,-3.14156,-5.30405e-05,
39.3248,-0.329188,0.0430876,0.00550719,-1.9497e-05,-3.14156,3.25375e-06,
39.3302,-0.329196,0.0431087,0.00550597,-3.07098e-05,-3.14158,-7.52232e-05,
39.3363,-0.329183,0.0430928,0.00551681,-5.76954e-05,-3.14157,-6.46461e-05,
39.3395,-0.329189,0.0430953,0.00551362,5.16552e-05,-3.14154,-1.45573e-05,
39.3447,-0.329186,0.0430943,0.00550871,4.70263e-06,-3.14155,-4.74896e-05,
39.3508,-0.329177,0.04309,0.00549427,7.26149e-05,3.14159,-5.13234e-05,
39.354,-0.329202,0.0431245,0.0055147,-1.63053e-05,-3.14153,-0.000108686,
39.3602,-0.329206,0.0431101,0.00550567,3.67208e-05,-3.14153,-1.41107e-05,
39.3663,-0.329186,0.043099,0.00552225,-1.90271e-05,-3.14155,2.205e-06,
39.3694,-0.329184,0.0430871,0.00551176,-6.06983e-05,-3.14157,-3.1976e-05,
39.3748,-0.329202,0.0430951,0.00552075,6.79992e-05,-3.14153,-4.70923e-05,
39.4203,-0.329205,0.0430866,0.00550305,6.30048e-05,-3.14154,-5.25079e-06,
39.4235,-0.329207,0.0431154,0.0055117,5.63865e-05,-3.14153,-0.000108802,
39.4277,-0.329201,0.0431314,0.00549797,-4.67997e-05,-3.14156,-0.000111422,
39.4308,-0.329189,0.043092,0.00549247,-3.66941e-05,3.14159,-2.99898e-05,
39.4368,-0.32921,0.0430972,0.00551466,-2.20952e-06,-3.14149,-1.73791e-05,
39.4431,-0.329182,0.0430911,0.0055113,8.37743e-05,-3.14157,-3.46856e-06,
39.4462,-0.329194,0.0430831,0.00551206,3.78109e-05,-3.14151,-6.30023e-05,
39.4523,-0.329173,0.0430791,0.00549906,-6.58622e-05,-3.14158,5.44479e-05,
39.5039,-0.329177,0.0430899,0.00549402,-9.15715e-05,3.14157,2.63406e-05,
39.5071,-0.329173,0.0430813,0.00550392,-1.93519e-05,-3.14159,-1.04334e-05,
39.5113,-0.32919,0.0430918,0.00551107,2.55658e-05,-3.14153,-1.51776e-05,
39.5173,-0.329175,0.0430909,0.00549333,-1.10117e-05,3.14157,-9.82716e-05,
39.5204,-0.329197,0.0430981,0.00550538,7.72447e-05,-3.14155,-2.17256e-05,
39.5267,-0.329165,0.0430938,0.00549966,5.84934e-05,3.14155,2.42957e-06,
39.5298,-0.32918,0.0430729,0.00551095,-4.80109e-05,-3.14157,1.21911e-05,
39.5358,-0.329206,0.0431096,0.00552147,-9.15028e-05,-3.14154,-9.40424e-05,
39.5896,-0.329189,0.043092,0.00551001,-2.2321e-06,-3.14154,7.65601e-06,
39.5927,-0.329197,0.0431034,0.00550797,-5.69078e-05,-3.14155,-3.63288e-05,
39.5969,-0.329172,0.0430756,0.00550118,-3.68434e-06,3.14157,-1.3164e-05,
39.6046,-0.329182,0.0430913,0.00551508,-2.86638e-05,-3.14155,4.63768e-05,
39.6077,-0.32918,0.043082,0.0055002,-4.19322e-05,3.14157,2.41618e-05,
39.6138,-0.329189,0.0430843,0.00550536,6.06197e-06,-3.14157,-3.03479e-05,
39.617,-0.329202,0.0430891,0.00551755,0.000121293,-3.14152,-3.999e-05,
39.6232,-0.329186,0.0430783,0.0055004,4.22225e-05,-3.14156,-2.25193e-05,
39.6697,-0.329181,0.0430782,0.0054996,-1.11809e-07,3.14159,2.30575e-05,
39.6728,-0.329213,0.0431041,0.00551262,8.1676e-05,-3.14153,-8.46366e-05,
39.6768,-0.329181,0.0431001,0.00550932,1.42566e-05,3.14159,5.57866e-05,
39.6828,-0.32918,0.0430992,0.00550002,2.12858e-05,3.14158,-8.60839e-05,
39.6861,-0.329227,0.0431031,0.00551418,8.85924e-05,-3.14148,-0.000100779,
39.6907,-0.32917,0.0430888,0.00548888,3.28826e-05,3.14155,-3.42834e-05,
39.6968,-0.329201,0.0430974,0.00551447,1.11456e-05,-3.14155,-6.05862e-05,
39.6999,-0.329197,0.0430959,0.00551993,1.10453e-05,-3.14152,1.29298e-05,
39.7457,-0.329183,0.0431057,0.00550179,-0.000112209,-3.14157,-1.40224e-05,
39.7498,-0.329202,0.0431027,0.005516,-2.19102e-06,-3.14152,-5.57762e-05,
39.7529,-0.329185,0.0430927,0.00550332,3.55689e-05,-3.14154,-2.68024e-05,
39.7591,-0.329195,0.0430948,0.00549848,4.20807e-05,-3.14157,-2.23245e-05,
39.7653,-0.329196,0.0430938,0.00551338,1.12071e-05,-3.14152,2.03242e-06,
39.7684,-0.329196,0.0430996,0.00550045,-2.17535e-05,-3.14155,4.41643e-05,
39.7746,-0.329176,0.0430712,0.005502,8.89613e-05,-3.14159,7.62767e-05,
39.7777,-0.329171,0.0430851,0.00549732,4.95033e-05,3.14157,-4.86691e-05,
39.8224,-0.329181,0.043073,0.0055098,-2.89102e-05,3.14157,9.45722e-06,
39.8258,-0.329153,0.0430772,0.00549113,8.08969e-05,3.14155,-9.29205e-05,
39.8304,-0.329197,0.0430963,0.00551638,-1.41212e-05,-3.14152,-5.54823e-05,
39.8368,-0.329207,0.0431193,0.00553028,-9.60686e-06,-3.14147,-0.000107025,
39.8399,-0.32918,0.0431166,0.0055094,-0.000156868,-3.14153,-6.87478e-05,
39.8461,-0.329196,0.0430838,0.00551942,4.88355e-05,-3.14151,-5.69861e-05,
39.8523,-0.329172,0.0431006,0.0055122,9.87359e-06,3.14157,5.34088e-05,
39.8554,-0.329221,0.0431031,0.00550458,-6.13935e-05,-3.1415,1.45741e-05,
39.8617,-0.329209,0.0431072,0.00551285,1.89894e-05,-3.14149,-7.49544e-05,
39.8648,-0.329179,0.0430751,0.00550224,-1.03514e-05,3.14158,-2.82245e-05,
39.8727,-0.329185,0.0430613,0.00550583,0.000140089,-3.14155,5.26886e-05,
39.8801,-0.329175,0.0430937,0.00550353,5.62856e-05,-3.14159,-2.75316e-05,
39.8863,-0.3292,0.0431007,0.00550685,-4.72468e-05,-3.14156,-2.46693e-05,
39.8894,-0.329181,0.0430794,0.00549639,-9.58404e-05,3.14157,-1.19209e-05,
39.8956,-0.329184,0.0430816,0.0054919,-0.000114701,3.14158,-1.85778e-05,
39.8987,-0.329178,0.0430945,0.00549387,3.82828e-05,3.14155,-1.31865e-05,
39.9049,-0.329188,0.0430941,0.0055255,6.73242e-05,-3.14156,-0.000124213,
39.9131,-0.329191,0.0430795,0.00550449,1.80568e-05,-3.14157,-3.50227e-05,
39.9164,-0.329196,0.043088,0.00549114,4.65547e-06,-3.14158,-3.09534e-06,
39.9209,-0.329162,0.0430897,0.00549759,7.35989e-05,3.14152,-9.94764e-06,
39.9265,-0.329183,0.043087,0.00549824,-9.10668e-06,-3.14159,6.83406e-05,
39.9296,-0.32918,0.0430947,0.00550403,4.61351e-06,-3.14156,3.89509e-06,
39.9358,-0.32917,0.0430838,0.00551778,3.64328e-05,-3.14159,7.866e-06,
39.942,-0.329208,0.0431217,0.00552217,-2.86834e-05,-3.14152,-4.26411e-05,
39.9452,-0.329213,0.0430955,0.00551424,-3.93158e-05,-3.14147,-7.55883e-05,
39.9505,-0.329168,0.0430954,0.00549838,6.14034e-05,3.14155,2.1514e-05,
39.9588,-0.329182,0.043102,0.00551209,-0.00012168,-3.14159,1.74513e-05,
39.9619,-0.329179,0.0430778,0.00549516,-1.58907e-05,3.14158,1.57019e-05,
39.9672,-0.329181,0.043088,0.00550767,-3.00478e-05,3.14159,7.17204e-05,
39.9733,-0.329213,0.0431295,0.00551501,-1.36518e-05,-3.14154,-6.4068e-05,
39.9764,-0.329197,0.0431011,0.00549406,5.4739e-05,3.14159,-2.54847e-06,
39.9826,-0.32919,0.0430877,0.00551515,1.19226e-05,-3.14155,-3.56782e-05,
39.9858,-0.329194,0.0430848,0.00549918,-3.55173e-06,-3.14155,-9.15808e-08,
39.9909,-0.329166,0.0431054,0.00549986,0.000137877,3.14152,5.89888e-05,
39.9972,-0.329189,0.043099,0.00551416,-4.6994e-05,-3.14153,-6.06575e-05,
40.0004,-0.329197,0.0430854,0.00550705,-4.37446e-05,3.14158,-1.33807e-05,
40.0048,-0.329199,0.0430954,0.00550536,4.88411e-05,-3.14154,-2.88422e-05,
40.0108,-0.32919,0.0430924,0.00551516,5.84374e-05,-3.14155,-5.32647e-05,
40.0139,-0.329188,0.0431016,0.00550883,-5.2278e-05,-3.14158,-9.87087e-05,
40.0201,-0.329185,0.0431013,0.00551979,6.76853e-06,-3.14153,-4.52016e-05,
40.0263,-0.329206,0.0430959,0.00549845,4.21556e-05,-3.14155,-3.40438e-05,
40.0294,-0.329181,0.0430878,0.00551024,-7.98884e-05,-3.14154,-3.79283e-05,
40.0347,-0.329204,0.0431094,0.00551898,-5.70892e-05,-3.14153,-5.1683e-05,
40.0378,-0.329175,0.0430878,0.00549277,-4.86827e-05,3.14156,-2.8124e-05,
40.0439,-0.32918,0.0430777,0.00551093,4.17941e-05,-3.14158,2.62978e-06,
40.0491,-0.329211,0.0431149,0.0055326,6.91278e-06,-3.14146,-0.00014568,
40.0522,-0.329184,0.0431065,0.00549997,0.000120682,3.14157,1.70173e-05,
40.0583,-0.3292,0.043089,0.00550572,6.52064e-05,-3.14155,-3.30888e-05,
40.0646,-0.329208,0.0431077,0.00551402,-8.53536e-05,-3.14148,1.68767e-05,
40.0677,-0.329212,0.0431083,0.00552252,5.16391e-05,-3.1415,-7.73717e-05,
40.0729,-0.329186,0.0431135,0.00550537,-2.58904e-05,-3.14158,-0.00013708,
40.0792,-0.329178,0.0430956,0.0054989,2.62902e-05,3.14158,-3.24995e-05,
40.0822,-0.329167,0.04309,0.00548611,6.12541e-05,3.14155,-3.53079e-05,
40.0883,-0.329206,0.0431045,0.00551734,-2.15815e-05,-3.14149,-5.94619e-05,
40.0916,-0.329183,0.0430865,0.00550217,-3.70636e-05,3.14155,-1.6844e-05,
40.0971,-0.329194,0.0430857,0.00550142,8.62386e-05,-3.14155,1.93461e-05,
40.1016,-0.329185,0.0430844,0.00550065,-5.44912e-05,-3.14157,-1.50664e-05,
40.1047,-0.329201,0.0431008,0.00552947,-7.2346e-05,-3.14146,-0.000111245,
40.11,-0.329175,0.0431087,0.0054996,8.37714e-05,3.14159,2.12577e-05,
40.1162,-0.329165,0.0430915,0.00550089,5.94206e-05,3.14153,-5.00432e-06,
40.1193,-0.329177,0.0430786,0.00551707,-2.24615e-05,-3.14156,-3.26312e-05,
40.1253,-0.329203,0.0430961,0.00550476,0.000120491,-3.14154,3.44367e-05,
40.1315,-0.329179,0.0430921,0.00549615,-3.1119e-05,3.14158,0.000102502,
40.1347,-0.329195,0.0431042,0.00552413,5.61171e-05,-3.14152,-6.81524e-05,
40.1802,-0.329194,0.0430954,0.00550819,7.70396e-05,-3.14159,-5.16825e-05,
40.1869,-0.329198,0.0430904,0.00551241,5.33711e-05,-3.14152,-6.02872e-05,
40.1902,-0.329191,0.0430975,0.00551483,-6.44663e-05,-3.14156,-5.9996e-05,
40.1958,-0.329166,0.0430791,0.00549818,4.34923e-05,3.14157,-4.13444e-05,
40.2003,-0.32919,0.0430851,0.0055053,6.75717e-05,-3.14155,-2.20692e-05,
40.2036,-0.329199,0.0430955,0.00551353,3.74247e-05,-3.14156,-8.75543e-05,
40.2098,-0.329196,0.0430996,0.00549623,-1.91257e-06,-3.14155,-4.25892e-05,
40.2158,-0.329174,0.0430846,0.0055049,-6.03734e-06,3.14157,4.86333e-05,
40.2189,-0.32921,0.0431056,0.00552989,-7.26441e-05,-3.14148,-9.638e-05,
40.2243,-0.329193,0.0430881,0.00551356,-4.06379e-05,-3.14156,-1.31122e-05,
40.2289,-0.329168,0.0430775,0.00549149,6.82947e-05,3.14154,-5.99145e-05,
40.2321,-0.329199,0.043098,0.00550992,0.000103462,-3.14155,-7.31796e-05,
40.2383,-0.32917,0.0430861,0.00549522,8.92291e-05,3.14158,-8.22522e-05,
40.2443,-0.329166,0.0430781,0.00550581,-8.16024e-05,3.14158,-1.89833e-05,
40.2474,-0.329167,0.0431027,0.00549758,-1.87765e-05,3.14156,1.16278e-05,
40.2536,-0.329185,0.0431127,0.00550417,-7.9206e-05,-3.14156,-3.75517e-05,
40.2568,-0.329193,0.0431007,0.00550348,-7.331e-05,-3.14156,-2.27459e-05,
40.2619,-0.329193,0.0430932,0.00550082,0.000115299,-3.14156,3.8105e-05,
40.2682,-0.32921,0.0430972,0.00551137,5.87234e-05,-3.14151,-0.000105526,
40.2714,-0.329205,0.0430939,0.00550476,7.98595e-08,-3.14151,2.27843e-05,
40.2776,-0.329169,0.0430827,0.00549297,-5.61373e-05,3.14156,-4.93278e-05,
40.2838,-0.32919,0.0431124,0.00551758,2.33205e-05,-3.14155,-0.000106298,
40.2869,-0.3292,0.0431007,0.00551585,-3.22204e-05,-3.14151,-6.24379e-06,
40.2932,-0.329184,0.0430894,0.00550625,-6.88956e-05,-3.14158,-1.73366e-05,
40.2993,-0.329205,0.0430935,0.00551677,7.71255e-05,-3.14151,-2.59424e-05,
40.3025,-0.329207,0.0431161,0.00551476,-3.19631e-05,-3.14152,-0.000133467,
40.3078,-0.329193,0.0430771,0.0055167,9.2737e-05,-3.14154,-7.62131e-06,
40.3108,-0.32919,0.0431148,0.00551902,-2.7918e-05,-3.14157,-6.22402e-05,
40.3169,-0.329189,0.0430856,0.00550634,4.42684e-05,-3.14158,-5.82746e-05,
40.3242,-0.329203,0.0431257,0.00550908,-9.12345e-05,-3.1415,-4.90293e-06,
40.3272,-0.329209,0.0430833,0.00551371,-2.57715e-05,-3.14152,5.44637e-05,
40.3333,-0.329192,0.0431079,0.00551649,-2.01066e-05,-3.1415,-1.78285e-05,
40.3788,-0.329199,0.0430932,0.00551871,2.35322e-05,-3.14149,-7.45123e-05,
40.382,-0.329205,0.0431059,0.00551777,-2.83415e-05,-3.14152,-0.000101743,
40.3862,-0.329196,0.0430949,0.00551142,3.7409e-05,-3.14157,-7.82038e-05,
40.3923,-0.329177,0.0431037,0.00550539,7.33496e-05,3.14159,4.41593e-05,
40.3954,-0.329196,0.0431036,0.00553333,-7.28467e-05,-3.14149,-3.64795e-05,
40.4017,-0.329199,0.0431196,0.00549539,-0.000102989,-3.14155,-5.33622e-05,
40.4048,-0.329186,0.0430883,0.00550846,-3.37858e-05,-3.14156,2.1168e-05,
40.4131,-0.329195,0.0431126,0.00551147,-9.12829e-05,-3.14156,-0.000106813,
40.4578,-0.329183,0.0430767,0.00550193,5.61098e-05,-3.14158,3.39496e-05,
40.4609,-0.329175,0.0430793,0.00550405,-6.21034e-05,3.14159,-2.52312e-05,
40.4651,-0.329203,0.0431064,0.00552011,-6.68131e-05,-3.14153,-4.91701e-05,
40.4713,-0.329181,0.0431102,0.0055125,-5.11548e-05,-3.14157,2.15406e-05,
40.4745,-0.329181,0.0430817,0.00550112,-6.25563e-05,3.14154,-2.98018e-06,
40.4807,-0.329187,0.0430892,0.00548778,5.19235e-05,-3.14158,3.82386e-05,
40.4868,-0.32919,0.0431051,0.00550014,-3.20992e-05,-3.14156,7.12613e-07,
40.4899,-0.3292,0.0431034,0.00551431,7.04222e-05,-3.14156,-0.000109315,
40.5399,-0.329201,0.0430966,0.00552054,6.25825e-05,-3.14158,-8.75512e-05,
40.5432,-0.329186,0.0431098,0.00550449,-2.45831e-05,-3.14158,-5.92595e-05,
40.5473,-0.329169,0.0430779,0.00550613,-9.15075e-05,3.14158,5.18346e-05,
40.5535,-0.3292,0.0431166,0.00552319,3.74193e-05,-3.14155,-0.000148292,
40.5567,-0.329191,0.0431049,0.00550798,7.61235e-05,-3.14155,-0.000147315,
40.5628,-0.329208,0.0431134,0.00550244,-5.39123e-05,-3.14157,-6.66374e-05,
40.566,-0.329171,0.043089,0.00549659,-4.49612e-05,3.14158,-3.32205e-05,
40.5722,-0.329178,0.0430849,0.00550944,4.85767e-05,-3.14158,4.22289e-06,
40.6753,-0.329191,0.043096,0.00549739,-4.17358e-05,3.14158,-3.96526e-05,
40.6787,-0.329197,0.0431042,0.00550022,-1.34261e-05,-3.14157,-1.33286e-05,
40.6867,-0.32918,0.0430991,0.00550512,-1.93017e-05,3.14159,-2.42219e-05,
40.6898,-0.329185,0.0430889,0.00549993,-7.45791e-06,-3.14159,-9.72158e-07,
40.6948,-0.329183,0.0431001,0.00551081,-4.72547e-05,-3.14159,-5.7508e-05,
40.701,-0.329194,0.0431019,0.00549558,7.78875e-05,-3.14158,3.4341e-05,
40.7042,-0.329177,0.043077,0.00549537,1.48908e-05,3.14157,1.72054e-05,
40.7103,-0.32918,0.0430789,0.00549668,-0.000111734,-3.14158,0.000114621,
40.7658,-0.329187,0.0430897,0.00550396,0.000111065,-3.14156,-3.75174e-05,
40.7691,-0.329205,0.0431185,0.00550146,-5.3659e-05,-3.14155,-9.90857e-05,
40.7733,-0.329204,0.043099,0.00550593,-2.11906e-06,-3.14154,-4.17865e-05,
40.7793,-0.329187,0.0431047,0.00552126,-2.07654e-05,-3.14152,-9.32839e-05,
40.7824,-0.329205,0.0430934,0.0055036,-2.85401e-06,-3.14153,-1.61275e-05,
40.7886,-0.329164,0.0431013,0.00550021,0.000146166,3.14155,-9.00092e-06,
40.7917,-0.329215,0.0430895,0.00552186,0.000126064,-3.14147,-8.94127e-05,
40.7978,-0.329201,0.0430952,0.00552638,-9.44685e-05,-3.14149,-2.84335e-05,
40.8603,-0.329188,0.043113,0.00550188,-0.000119717,-3.14157,-2.92745e-05,
40.8635,-0.329203,0.0430935,0.00551611,-2.66961e-05,-3.1415,-8.02447e-05,
40.8677,-0.329187,0.0430908,0.00551421,0.000155064,-3.14157,-6.82392e-05,
40.8708,-0.329183,0.043102,0.0055012,-1.87718e-05,3.14156,8.66292e-05,
40.8768,-0.329217,0.043128,0.00552227,-0.000121847,-3.14146,-0.000108591,
40.8831,-0.329202,0.0431075,0.00551052,2.64664e-05,-3.14151,-6.72394e-05,
40.8862,-0.329204,0.043086,0.00551395,4.85545e-05,-3.14155,-5.11333e-05,
40.8923,-0.329197,0.043101,0.00551416,-3.99573e-05,-3.14155,6.14284e-06,
40.9481,-0.329185,0.0430906,0.00551274,-1.62514e-05,-3.14152,-1.90624e-05,
40.9514,-0.329189,0.0430776,0.00551634,3.15694e-05,-3.14155,-8.77544e-05,
40.9569,-0.329204,0.0431031,0.00551801,-3.53662e-05,-3.14153,-4.42016e-05,
40.9632,-0.329209,0.0430979,0.00552142,6.30133e-05,-3.1415,-9.8547e-05,
40.9663,-0.329202,0.0431113,0.00551279,-9.95842e-05,-3.14153,-4.84827e-05,
40.9723,-0.32919,0.0430963,0.00550251,4.353e-05,3.14158,4.90012e-05,
40.9754,-0.329209,0.0431097,0.00550578,-8.08391e-05,-3.14154,-4.75423e-05,
40.9816,-0.329204,0.0431006,0.00551348,-9.19081e-05,-3.14149,-3.65356e-05,
41.0662,-0.329209,0.0430957,0.00552122,1.87326e-05,-3.14148,-2.81137e-05,
41.0703,-0.329205,0.0431163,0.00550755,-7.24999e-05,-3.14151,-1.89911e-05,
41.0734,-0.329181,0.0430764,0.00550909,2.46684e-05,-3.14158,-8.02725e-06,
41.0796,-0.329179,0.0430985,0.00550158,-8.35583e-05,-3.14157,-5.25478e-05,
41.0828,-0.329179,0.0431091,0.00549867,-3.09193e-05,3.14158,5.64122e-05,
41.0885,-0.329199,0.0430965,0.00551118,-4.51398e-05,-3.14156,-1.97963e-05,
41.0967,-0.329195,0.0430961,0.0055079,-8.65266e-05,-3.14151,-5.16144e-05,
41.0998,-0.329163,0.0430736,0.00549861,3.45649e-05,3.14157,-7.93177e-05,
41.1049,-0.32919,0.0430897,0.00550969,1.12553e-05,-3.14156,-3.13458e-05,
41.1102,-0.329176,0.0430788,0.00549661,-2.30629e-05,3.14157,-5.97274e-05,
41.1133,-0.329183,0.0430849,0.0055203,8.14046e-05,-3.14159,-6.49204e-05,
41.1193,-0.329183,0.0431047,0.00549682,-4.43712e-06,3.14155,3.94647e-05,
41.1266,-0.329174,0.0430846,0.00549879,4.78716e-05,3.14159,-1.61444e-05,
41.1297,-0.329206,0.043095,0.00550981,-5.89957e-05,-3.1415,-1.79192e-05,
41.1358,-0.329146,0.0430806,0.00550889,9.89036e-05,3.14154,2.54887e-05,
41.139,-0.329218,0.0431074,0.00551556,-8.37806e-05,-3.14147,-2.86823e-05,
41.1453,-0.329186,0.0430891,0.00550076,-8.15729e-05,3.14159,-5.5293e-06,
41.1504,-0.329181,0.0430877,0.00550771,-2.91175e-05,-3.14157,-2.87573e-05,
41.1535,-0.329186,0.0430842,0.00551301,-6.20414e-05,-3.14151,2.05609e-05,
41.1597,-0.329186,0.0430998,0.00550172,5.54902e-06,-3.14157,-7.20612e-05,
41.1658,-0.3292,0.0431073,0.00549993,-6.65028e-05,-3.14156,-5.01939e-05,
41.1689,-0.32919,0.0431043,0.00551857,-0.000183256,-3.14148,-1.5546e-05,
41.1771,-0.329168,0.0430895,0.00549478,6.21925e-05,3.14153,1.38352e-05,
41.1823,-0.329199,0.0430891,0.00550572,-1.03843e-05,-3.14154,-2.76105e-05,
41.1854,-0.329172,0.0430849,0.00550741,4.89165e-05,-3.14158,-5.30053e-05,
41.1917,-0.329163,0.0430873,0.00549519,1.34447e-05,3.14156,-3.15533e-05,
41.1948,-0.329187,0.0430815,0.00550225,-1.02053e-05,-3.14154,-1.17622e-06,
41.2008,-0.329175,0.0430993,0.00550053,6.80676e-06,3.14156,1.66629e-05,
41.2071,-0.329177,0.0430824,0.00550889,1.13997e-05,-3.14154,1.48964e-05,
41.2102,-0.329197,0.0430923,0.00552272,-8.19401e-05,-3.14156,-5.54369e-05,
41.2165,-0.329214,0.0430969,0.00552504,5.58701e-05,-3.14153,-7.71389e-05,
41.224,-0.329195,0.0431216,0.00551917,-8.5964e-05,-3.14152,-0.000110855,
41.3059,-0.329201,0.0430922,0.00550459,4.96066e-05,-3.14152,2.9676e-06,
41.3143,-0.329159,0.0430779,0.0054986,3.59031e-05,3.14155,-6.5883e-06,
41.3188,-0.329177,0.0431067,0.00549629,1.52055e-05,-3.14158,-3.46524e-06,
41.3219,-0.329192,0.0431024,0.0055093,-9.87862e-05,-3.14154,-2.85741e-05,
41.3282,-0.329171,0.0431018,0.00551331,-8.46085e-05,-3.14159,-6.51828e-05,
41.3343,-0.329179,0.0430892,0.00549112,4.01016e-05,3.14154,-0.000108353,
41.3374,-0.329188,0.0431035,0.00551616,-5.83371e-06,-3.14153,-6.21573e-05,
41.3436,-0.329198,0.0431004,0.00550725,2.41043e-05,-3.14153,-2.85341e-05,
41.3509,-0.329204,0.0430986,0.00551095,-9.15679e-06,-3.14153,1.43256e-05,
41.3542,-0.329175,0.0430979,0.00549908,-4.50513e-06,3.14156,3.50497e-05,
41.3588,-0.329195,0.043105,0.00550257,-3.98816e-05,-3.14158,2.10669e-05,
41.3654,-0.329202,0.0430942,0.00550956,9.07011e-06,-3.14152,-2.27368e-05,
41.3686,-0.329214,0.0431162,0.00552241,-3.2878e-05,-3.1415,-0.00012782,
41.3748,-0.329175,0.0430892,0.00550936,-9.4865e-06,-3.14156,-4.59789e-05,
41.3808,-0.329201,0.0430985,0.00551757,-5.55142e-05,-3.14153,-4.07472e-05,
41.3839,-0.329195,0.0430843,0.00550707,-1.74619e-05,-3.14156,3.87791e-05,
41.3902,-0.329202,0.0431164,0.00552279,6.9155e-07,-3.1415,-4.21138e-05,
41.3966,-0.329185,0.043091,0.00549937,9.46055e-05,-3.14158,-4.36622e-05,
41.3998,-0.329173,0.0430754,0.00549952,2.2559e-05,3.14159,-7.06752e-05,
41.4058,-0.329196,0.0431054,0.0055075,2.76154e-05,-3.14158,-3.99908e-05,
41.4089,-0.329186,0.0431064,0.00551479,-6.79715e-05,-3.14155,-9.49488e-05,
41.4152,-0.329219,0.0431216,0.00552602,-5.36391e-05,-3.14144,-0.000105528,
41.4213,-0.329192,0.0431032,0.0055155,4.72121e-06,-3.14154,-0.000117209,
41.4244,-0.329189,0.0431086,0.00550658,4.5686e-05,3.14158,0.000104381,
41.4307,-0.329201,0.0431202,0.00551625,-6.06526e-05,-3.14155,-0.000107671,
41.4359,-0.329196,0.0431008,0.00551196,-7.40055e-05,-3.14153,-4.93829e-05,
41.4391,-0.329217,0.0431245,0.00551639,-0.000120195,-3.14148,-0.000140316,
41.4453,-0.32919,0.0431102,0.00550587,3.37455e-05,-3.14157,-4.30734e-05,
41.4515,-0.329195,0.0430956,0.00550637,-1.74837e-05,-3.14158,1.11719e-05,
41.4547,-0.3292,0.0430962,0.00549335,-4.10012e-05,-3.14156,4.60253e-06,
41.4608,-0.32918,0.0431028,0.00549965,1.86495e-05,3.14156,8.37331e-05,
41.4639,-0.329192,0.0431098,0.00551184,-0.000132697,-3.14156,-2.26259e-05,
41.4702,-0.329178,0.0430927,0.00550284,-5.96545e-05,-3.14157,-4.17211e-05,
41.4754,-0.329198,0.0431159,0.005511,-1.86918e-05,-3.14157,-0.000103923,
41.4786,-0.329195,0.0430753,0.00550304,8.17023e-05,-3.14156,-1.28408e-05,
41.4849,-0.329187,0.0431117,0.00550959,1.49884e-05,-3.14157,-3.93454e-05,
41.4912,-0.329168,0.0430779,0.00551524,-4.39768e-05,3.14159,-1.15343e-05,
41.4943,-0.329226,0.0431161,0.00551875,-6.39253e-06,-3.14146,-0.000137865,
41.5003,-0.329185,0.0430846,0.00549946,5.69581e-05,-3.14158,1.60765e-05,
41.5065,-0.329225,0.0431154,0.00551005,1.20587e-05,-3.14149,-4.82402e-05,
41.5497,-0.329212,0.0431146,0.00550056,-3.20346e-05,-3.14154,-6.56033e-05,
41.5538,-0.329203,0.0431082,0.00551501,4.43785e-05,-3.14154,-0.000135549,
41.5569,-0.329196,0.043099,0.00551316,-8.72492e-05,-3.1415,-7.18355e-05,
41.5632,-0.329176,0.0431113,0.00550409,-3.94983e-05,-3.14159,-5.95984e-05,
41.5693,-0.329196,0.0431125,0.00551584,-0.00012406,-3.14152,-0.000112581,
41.5724,-0.329151,0.0430837,0.00549316,-5.15335e-05,3.14148,7.17779e-06,
41.5797,-0.329194,0.043095,0.00551072,-2.23133e-05,-3.14155,-8.65027e-05,
41.5858,-0.329201,0.04312,0.00553423,-4.40839e-05,-3.14148,-0.000137947,
41.7099,-0.329165,0.0430767,0.00548988,-2.83315e-05,-3.14159,0.000112421,
41.7131,-0.329183,0.043087,0.00551805,3.65222e-05,-3.14158,-4.03946e-05,
41.7173,-0.329173,0.0431089,0.00550983,-1.87163e-05,-3.14158,-1.54649e-05,
41.7233,-0.329183,0.0430955,0.00549498,-3.0732e-05,3.14158,-1.02653e-06,
41.7264,-0.329181,0.0431163,0.00549839,8.76704e-06,3.14158,7.6732e-05,
41.7326,-0.329191,0.0431099,0.00549784,1.2771e-05,-3.14159,-1.46583e-05,
41.7357,-0.329193,0.0431002,0.00551766,-9.86615e-05,-3.14151,-6.38639e-05,
41.7418,-0.329175,0.0430941,0.00549824,6.21003e-05,3.14156,4.75654e-05,
41.8063,-0.329205,0.0431021,0.00550702,-2.90788e-05,-3.14155,-8.82053e-05,
41.8097,-0.329195,0.0430835,0.00551576,3.30486e-05,-3.14151,-7.87523e-06,
41.8179,-0.329193,0.0430921,0.00550538,-6.87342e-05,-3.14156,-5.39136e-05,
41.8233,-0.329208,0.0430966,0.00551679,5.61869e-05,-3.14154,-0.000104664,
41.8263,-0.329177,0.0430764,0.00550477,-8.10851e-05,3.14158,8.35587e-05,
41.8326,-0.329192,0.0430936,0.00550341,-7.35682e-05,-3.14156,5.73722e-05,
41.8357,-0.329185,0.0430882,0.00551061,5.62182e-05,-3.14158,-6.65542e-05,
41.8418,-0.329158,0.0430835,0.00548555,5.54073e-05,3.14149,7.97288e-06,
41.8501,-0.32919,0.0430926,0.005504,4.75601e-06,-3.14155,-5.06995e-05,
41.8533,-0.329198,0.0431035,0.00549602,3.14956e-08,-3.14158,-3.22456e-06,
41.8575,-0.329187,0.0430776,0.00552267,9.54332e-06,-3.14154,-1.9319e-05,
41.8637,-0.329192,0.0430986,0.00552461,6.81896e-06,-3.1415,-6.0574e-05,
41.8668,-0.329206,0.0431015,0.00550741,-5.24197e-05,-3.14152,1.54739e-05,
41.8728,-0.329193,0.0431072,0.00551239,-6.07916e-05,-3.14157,-4.57738e-05,
41.876,-0.3292,0.0431166,0.00551741,-3.97431e-05,-3.14154,-8.65309e-05,
41.8822,-0.329206,0.04312,0.00549979,7.29194e-05,3.14156,6.1965e-05,
41.8883,-0.32919,0.0431006,0.00551553,-3.28101e-05,-3.14153,-6.62006e-05,
41.8916,-0.329195,0.0430821,0.00550541,3.04883e-06,-3.14155,-2.57897e-06,
41.8998,-0.329171,0.0430898,0.00548996,3.52037e-05,3.14157,-8.43486e-05,
41.9048,-0.329171,0.0430896,0.00550549,4.04994e-05,3.14158,7.38452e-06,
41.9079,-0.329207,0.0430931,0.00551681,-4.72645e-05,-3.14151,-1.30252e-05,
41.9142,-0.329187,0.0431012,0.00551287,0.000112788,3.14158,2.16272e-06,
41.9203,-0.329191,0.0431017,0.00550444,6.14649e-05,-3.14158,-3.97837e-05,
41.9234,-0.329182,0.0430776,0.00550456,-0.000107796,3.14159,8.88938e-06,
41.9296,-0.329203,0.0430868,0.00551209,0.000121562,-3.14148,1.17583e-05,
41.9327,-0.329197,0.043105,0.00551495,6.8013e-06,-3.14156,-0.000112487,
41.9382,-0.329177,0.0430791,0.00549068,-4.13409e-05,3.14156,1.67684e-06,
41.9464,-0.329212,0.0431011,0.00552061,-9.48574e-05,-3.14147,-8.88992e-05,
41.9496,-0.329186,0.0430876,0.00551347,8.84218e-05,-3.14155,-3.12096e-05,
41.9548,-0.329179,0.0430926,0.00550777,-9.87793e-05,-3.14158,-3.8691e-05,
41.9608,-0.329179,0.0430805,0.00549644,-4.81106e-05,3.14158,3.0981e-05,
41.9639,-0.329178,0.0430944,0.00550651,-6.27583e-05,3.14154,8.66098e-05,
41.9702,-0.329174,0.0431063,0.00550279,-5.75213e-05,-3.14159,-2.47097e-05,
41.9754,-0.32919,0.0430988,0.00550942,-6.66982e-05,-3.14156,-1.61312e-05,
41.9785,-0.329166,0.0430901,0.00549852,2.61537e-05,3.14155,2.29803e-05,
41.9838,-0.329194,0.0430981,0.00551599,5.56102e-05,-3.14155,-0.000120956,
41.9869,-0.329177,0.0430898,0.00548742,1.33066e-05,3.14157,-2.18991e-05,
41.9931,-0.329186,0.0430912,0.00550521,-8.05031e-06,-3.14156,-4.24086e-05,
41.9993,-0.329193,0.043099,0.00550324,-6.15578e-05,-3.14157,1.7596e-05,
42.0024,-0.329198,0.0430916,0.00550264,6.28359e-05,-3.14155,5.24832e-05,
42.0086,-0.329163,0.0430676,0.00549922,-2.2425e-05,3.14156,-4.36965e-05,
42.0139,-0.329215,0.0431096,0.00550458,4.24244e-05,-3.14149,-8.68151e-05,
42.017,-0.3292,0.0431068,0.0055115,-7.32855e-05,-3.14153,-5.57545e-05,
42.0232,-0.329204,0.0430861,0.0055174,2.18463e-05,-3.1415,-4.80774e-05,
42.0286,-0.329185,0.0431028,0.00549936,2.71154e-05,3.14157,-4.26081e-06,
42.0317,-0.329197,0.0431027,0.00550518,-3.7771e-09,-3.14158,-6.85174e-05,
42.0378,-0.329207,0.0430955,0.00551652,9.68185e-06,-3.1415,6.41412e-06,
42.0409,-0.329172,0.0430742,0.0054895,-7.47638e-05,3.14152,-2.06047e-05,
42.0472,-0.329188,0.0431121,0.00551296,-0.000106445,-3.14159,-9.29053e-05,
42.0524,-0.329184,0.0430846,0.00551216,4.53776e-06,-3.14153,2.05832e-05,
42.0556,-0.329138,0.04307,0.00548496,-1.72458e-05,3.14145,5.64983e-06,
42.0618,-0.329181,0.043105,0.00549719,8.41047e-05,3.14156,-3.39327e-05,
42.0678,-0.329165,0.0430764,0.00549954,5.46075e-05,3.14157,-1.31286e-05,
42.0711,-0.329178,0.0430747,0.00549648,-0.000120553,3.14157,-3.3731e-05,
42.0755,-0.32918,0.0430901,0.00550434,9.74809e-06,-3.14157,2.64901e-05,
42.0818,-0.329183,0.0430747,0.00551132,5.02059e-05,-3.14155,-4.03608e-06,
42.1627,-0.329205,0.0431022,0.00552438,-2.82382e-05,-3.14145,-5.44802e-05,
42.1668,-0.329178,0.0430767,0.00550605,-1.48358e-05,3.14158,9.34512e-07,
42.1728,-0.329176,0.0430902,0.00550146,4.0695e-05,3.14155,-1.37205e-05,
42.1759,-0.3292,0.0431001,0.00551736,2.38209e-05,-3.14155,-5.54177e-05,
42.1822,-0.329188,0.0430959,0.005518,-2.1671e-05,-3.14154,-6.62291e-05,
42.1883,-0.329195,0.0430972,0.00550024,-7.46962e-05,3.14158,8.2287e-06,
42.1914,-0.329186,0.0430967,0.00551302,3.80365e-05,-3.14155,3.29398e-05,
42.1976,-0.329195,0.0431032,0.00551596,8.2062e-05,-3.14158,-2.68293e-05,
42.2141,-0.32917,0.0430817,0.00549492,-5.57307e-05,3.14153,-0.000108323,
42.2174,-0.329185,0.0430946,0.00551484,1.13905e-05,-3.14155,-8.64156e-05,
42.2232,-0.329195,0.0431042,0.00550212,-2.75582e-05,-3.14155,-2.21263e-05,
42.2308,-0.329194,0.0430992,0.00552284,3.02674e-05,-3.14151,-0.00014702,
42.2338,-0.329188,0.043102,0.00551463,6.17894e-05,3.14159,2.94767e-05,
42.2401,-0.329196,0.0430989,0.0055027,-1.04749e-05,3.14158,8.35175e-05,
42.2463,-0.3292,0.0431177,0.00551729,-9.87506e-05,-3.14153,-0.000112147,
42.2495,-0.329191,0.0430942,0.00549373,6.31508e-05,-3.14159,-3.7739e-05,
42.2528,-0.329213,0.0431146,0.00550516,2.32607e-05,-3.14155,-8.61691e-05,
42.2582,-0.329171,0.0430702,0.00550509,-3.60339e-05,-3.14159,4.99491e-05,
42.2613,-0.32918,0.0430891,0.00549858,4.60363e-06,-3.14159,-4.92989e-06,
42.2676,-0.329193,0.0431037,0.00551214,-3.96707e-05,-3.14155,-5.20158e-05,
42.2707,-0.329181,0.0430933,0.00549645,-3.72932e-05,3.14155,3.29358e-07,
42.2768,-0.329182,0.0430737,0.00551463,9.58481e-05,-3.14153,3.57432e-05,
42.283,-0.32917,0.0430705,0.00548967,-2.24176e-05,3.14156,-7.78352e-05,
42.2862,-0.329185,0.0431017,0.00550216,-7.30119e-05,-3.14156,-7.9492e-05,
42.2923,-0.329167,0.043079,0.00549597,4.96986e-05,3.14156,-0.000104364,
42.3001,-0.329184,0.0431043,0.00549853,3.26651e-05,3.14159,8.92592e-05,
42.3034,-0.329205,0.0430965,0.00551617,-2.90623e-05,-3.1415,-6.15851e-05,
42.3078,-0.329175,0.0430875,0.00548358,5.25515e-05,3.14154,-8.41441e-05,
42.3138,-0.329181,0.0430952,0.0054953,-8.99232e-05,3.14159,-3.32391e-05,
42.3169,-0.329203,0.0430922,0.00551115,-3.59702e-06,-3.14153,-6.87999e-05,
42.3231,-0.329186,0.043099,0.00550033,5.70728e-05,-3.14157,-1.92366e-05,
42.3293,-0.329195,0.0430903,0.00549929,3.7744e-05,-3.14155,-4.16454e-05,
42.3324,-0.329165,0.0430781,0.00551098,2.31568e-05,3.14159,4.26051e-05,
42.3387,-0.329202,0.0431132,0.00551789,1.96918e-05,-3.14151,-0.000116852,
42.3442,-0.329187,0.0431109,0.00550842,-6.65444e-07,-3.14158,-7.54255e-05,
42.3475,-0.329172,0.0430895,0.00548953,6.79875e-05,3.14158,-4.29294e-05,
42.354,-0.329178,0.0430878,0.00550337,-6.95184e-05,-3.14159,-3.18041e-05,
42.3603,-0.329205,0.0431081,0.00551411,4.06453e-05,-3.1415,-6.26273e-05,
42.3634,-0.32918,0.0430867,0.00550311,-9.55542e-05,3.14155,-1.25987e-05,
42.3696,-0.329186,0.0430999,0.00548946,-3.73122e-05,3.14154,-1.34665e-05,
42.3727,-0.329205,0.0430822,0.00550729,0.000101714,-3.14155,8.33084e-07,
42.3779,-0.329185,0.0430942,0.00550903,-2.85483e-05,-3.14158,-1.65413e-05,
42.3842,-0.32918,0.0430792,0.00550232,5.04327e-05,3.14157,-2.38937e-05,
42.3873,-0.3292,0.0431036,0.00551181,-9.22494e-06,-3.14154,3.07538e-05,
42.3916,-0.329166,0.0430884,0.00549826,-9.36778e-05,3.14154,4.14667e-05,
42.3978,-0.329175,0.0430893,0.00550023,7.57067e-06,-3.14158,3.03802e-05,
42.4009,-0.329177,0.043101,0.00549647,7.33132e-05,3.14156,4.47623e-05,
42.4072,-0.329205,0.0431009,0.00551296,-5.39659e-05,-3.14151,8.63207e-06,
42.4133,-0.329173,0.0430723,0.00549619,-4.11141e-05,3.14158,-6.64764e-05,
42.4165,-0.329164,0.0430732,0.00547887,-0.000154333,3.14151,-5.69016e-05,
42.4218,-0.329188,0.0430998,0.00550004,-3.69781e-07,-3.14156,-7.1266e-05,
42.4249,-0.329205,0.0430981,0.00550329,5.12947e-05,-3.14153,-8.9429e-05,
42.4312,-0.329197,0.0430996,0.00552047,-1.508e-05,-3.14154,-7.32849e-05,
42.4395,-0.329197,0.0431114,0.00550358,-3.43686e-05,-3.14155,-2.20139e-05,
42.4426,-0.329202,0.0431024,0.00550813,-6.58501e-05,-3.14152,1.24444e-06,
42.4478,-0.329179,0.0430849,0.00550767,7.41601e-05,3.14159,4.06956e-05,
42.4538,-0.329167,0.0430964,0.00549663,5.8778e-06,3.14156,2.47062e-05,
42.457,-0.329202,0.0430998,0.00551273,-5.97255e-05,-3.14149,-2.50453e-05,
42.4623,-0.329196,0.0430962,0.00549423,1.12701e-05,-3.14158,4.96928e-06,
42.4685,-0.329223,0.0431151,0.00551533,-5.25098e-05,-3.14151,-6.55232e-05,
42.4717,-0.329168,0.0430827,0.00549829,-0.000103324,3.14156,-2.21342e-05,
42.4797,-0.32921,0.0431121,0.00552161,5.73109e-05,-3.14147,-0.000132712,
42.4828,-0.32918,0.0430942,0.00549421,-2.3079e-05,3.14157,-5.66494e-05,
42.4878,-0.329203,0.0430949,0.00551938,1.6735e-05,-3.14148,-6.02761e-05,
42.4941,-0.329199,0.0431028,0.00551264,7.55216e-05,-3.14154,-9.06256e-06,
42.4972,-0.329195,0.0430994,0.00550363,-7.35007e-05,-3.14156,2.63492e-05,
42.5024,-0.329199,0.0431105,0.0055098,0.000108912,-3.14154,-0.000124325,
42.5086,-0.329191,0.0431014,0.00550094,6.79193e-05,3.14159,0.000117181,
42.5117,-0.329185,0.043083,0.00550546,2.91665e-05,-3.14157,1.48385e-05,
42.5178,-0.329203,0.0430911,0.0055186,1.80807e-05,-3.1415,-5.4807e-05,
42.5234,-0.32917,0.04309,0.00551127,-4.38861e-06,3.14157,3.97589e-05,
42.5268,-0.3292,0.0430993,0.00550677,-5.23726e-05,-3.14156,-6.68976e-05,
42.5352,-0.329181,0.0430927,0.00547842,-3.69516e-05,3.14155,-8.67427e-06,
42.5394,-0.329185,0.0430806,0.0055039,3.51519e-05,-3.14157,2.87433e-05,
42.5425,-0.329181,0.0430956,0.00549988,-2.77436e-05,-3.14159,2.51554e-05,
42.5487,-0.329224,0.0431127,0.00552467,1.22982e-05,-3.14143,-0.000105218,
42.5518,-0.329194,0.0430988,0.0055012,-5.11015e-05,-3.14156,7.06591e-05,
42.5578,-0.329172,0.0430952,0.00549029,-2.63247e-05,3.14156,-1.0099e-05,
42.5641,-0.32921,0.043103,0.00551401,-7.34425e-05,-3.1415,-1.09181e-05,
42.5672,-0.329171,0.0430809,0.00549518,-7.04577e-05,3.14156,-6.44786e-07,
42.6508,-0.32918,0.0430936,0.00551654,-1.22417e-05,-3.14158,-1.57008e-06,
42.6551,-0.329199,0.0430992,0.00551042,-3.53512e-05,-3.14155,2.26534e-06,
42.6584,-0.329167,0.0430819,0.00548728,2.10661e-05,3.14156,-0.00011447,
42.6648,-0.329201,0.043104,0.00551418,-4.5708e-05,-3.14153,-4.49759e-05,
42.671,-0.329159,0.0430908,0.00549629,3.28156e-05,3.14154,3.90403e-05,
42.6742,-0.329199,0.0431083,0.00550566,4.03642e-05,-3.14157,-4.05246e-05,
42.6803,-0.329199,0.0431129,0.00549982,-7.08803e-05,-3.14156,-8.60655e-05,
42.6863,-0.329171,0.0430943,0.00550934,-3.28009e-05,-3.14159,-6.05934e-05,
42.7299,-0.329211,0.0431061,0.00551448,-1.34495e-05,-3.14149,-1.29806e-05,
42.7342,-0.329199,0.0430962,0.00550155,-4.81896e-05,-3.14159,2.09458e-05,
42.7403,-0.329173,0.0430939,0.00549254,-5.07991e-05,-3.14158,7.53357e-05,
42.7434,-0.329202,0.0430882,0.00552212,3.6005e-05,-3.14152,-9.77775e-05,
42.7489,-0.32918,0.0430951,0.0055179,-1.44974e-05,-3.14157,-4.29472e-07,
42.7551,-0.329196,0.0431104,0.00549922,-5.09657e-05,-3.14158,-1.2853e-05,
42.7582,-0.32919,0.0430973,0.00549799,0.000124347,3.14159,2.00118e-05,
42.7643,-0.329197,0.0431035,0.00550927,-1.95229e-05,-3.14158,-7.13538e-05,
42.7674,-0.329174,0.0430885,0.00549646,-1.22764e-05,3.14158,5.49867e-05,
42.7727,-0.329174,0.043082,0.00549789,0.000104868,3.14157,-3.49791e-06,
42.7788,-0.3292,0.0430995,0.00551087,2.35388e-05,-3.14153,-0.000107075,
42.7818,-0.329187,0.043114,0.00550595,-9.19583e-05,-3.14156,-5.13657e-05,
42.7881,-0.329214,0.043093,0.005511,3.1224e-06,-3.1415,-3.62027e-05,
42.7914,-0.329203,0.0430963,0.00551833,-5.90988e-05,-3.14151,-6.26086e-05,
42.7947,-0.329201,0.0431125,0.00551798,-7.10682e-05,-3.14152,-8.48029e-05,
42.7993,-0.329195,0.0430968,0.00550478,-2.64979e-05,-3.14151,-5.96206e-05,
42.804,-0.329183,0.0430943,0.00550916,1.15388e-05,-3.14155,-7.55716e-05,
42.8073,-0.329196,0.0430798,0.00551272,-2.15881e-05,-3.14151,-7.35497e-06,
42.813,-0.329213,0.0431117,0.00550945,-1.3529e-05,-3.14152,-1.95425e-05,
42.8192,-0.329176,0.0430948,0.00549702,0.000131865,3.14156,1.38591e-06,
42.8223,-0.329207,0.043113,0.00551484,-4.63965e-05,-3.1415,-3.84799e-05,
42.8283,-0.329181,0.0430923,0.00549777,2.106e-05,3.14157,-1.24696e-05,
42.8345,-0.329185,0.0431072,0.00550002,2.10783e-05,3.14155,6.26166e-05,
42.8377,-0.329188,0.0430955,0.00552703,1.63484e-05,-3.14154,-8.04826e-05,
42.8438,-0.329173,0.0430888,0.00550402,-0.000150445,-3.14159,-9.48847e-06,
42.847,-0.329219,0.0431142,0.00552656,-8.17004e-05,-3.14148,-8.73882e-05,
42.8523,-0.329187,0.0430887,0.00549104,4.8891e-05,-3.14159,1.6572e-06,
42.8583,-0.329185,0.0431007,0.00551863,1.12644e-05,-3.14155,-6.8411e-05,
42.8614,-0.329181,0.0430908,0.00551819,2.52711e-05,-3.14157,-2.74942e-05,
42.8676,-0.329213,0.0431044,0.00552102,-5.83373e-05,-3.14148,-7.53132e-05,
42.8738,-0.329197,0.0430884,0.0055163,9.54378e-05,-3.1415,-8.33935e-05,
42.8769,-0.329161,0.0430872,0.00549638,-8.94371e-06,3.14153,3.24401e-06,
42.8852,-0.329182,0.0430966,0.005509,-9.04578e-05,-3.14155,-3.0807e-05,
42.8894,-0.329183,0.0430951,0.00551352,-8.00218e-05,-3.14154,-3.17505e-05,
42.8925,-0.329186,0.0430787,0.00550128,9.96823e-05,-3.14157,1.50353e-05,
42.8988,-0.329183,0.0430868,0.00549995,0.000102673,-3.14159,-5.17405e-06,
42.9018,-0.329172,0.0430894,0.00551125,5.5445e-05,3.14158,6.46501e-05,
42.9078,-0.32919,0.043102,0.00548972,-1.22958e-05,3.14158,6.21763e-05,
42.9141,-0.329177,0.0430872,0.00552455,-4.06153e-05,-3.14155,-2.85162e-05,
42.9172,-0.3292,0.0430916,0.00550831,8.15257e-05,-3.14155,4.39837e-06,
42.9233,-0.329197,0.0430922,0.00551773,4.95363e-05,-3.1415,-1.66304e-05,
42.9317,-0.329194,0.0431033,0.00550904,-9.43004e-05,-3.14155,-4.06878e-05,
42.935,-0.329185,0.0430997,0.00550014,-6.52958e-05,-3.14159,4.32484e-05,
42.9432,-0.329186,0.0430761,0.00549176,1.66026e-05,-3.14159,3.06281e-05,
42.9493,-0.329203,0.0430918,0.00552014,5.53478e-05,-3.14153,-6.35182e-05,
42.9524,-0.329215,0.0431174,0.00551219,-3.4649e-05,-3.14151,6.16209e-06,
42.9587,-0.329185,0.0430968,0.00550696,-4.70615e-05,-3.14155,-1.93918e-05,
42.9618,-0.329179,0.0430939,0.0055014,7.50528e-05,3.14158,-2.8339e-05,
42.9678,-0.329179,0.043089,0.00550445,-8.00534e-05,-3.14156,2.6115e-05,
42.9732,-0.329202,0.0431064,0.00550429,-1.35545e-05,-3.14155,6.00539e-07,
42.9763,-0.32919,0.0430967,0.00549815,-7.99668e-05,-3.14155,1.97968e-05,
42.9826,-0.329186,0.0430957,0.00550698,1.21651e-05,-3.14153,4.80718e-06,
42.9888,-0.329179,0.0430707,0.00549287,-0.000115954,3.14157,-8.54655e-05,
42.9919,-0.32921,0.0431231,0.00550991,-0.000155763,-3.1415,1.60284e-06,
42.9982,-0.329197,0.0431176,0.00552273,-0.000145188,-3.14151,-0.000105835,
43.0043,-0.329171,0.0430926,0.00549156,5.38356e-05,3.14158,-4.59276e-05,
43.0074,-0.329156,0.0430887,0.00548384,-5.84718e-05,3.1415,-2.60996e-05,
43.0127,-0.329187,0.0430961,0.00552653,-5.89411e-05,-3.14152,-0.000129541,
43.016,-0.329177,0.0430962,0.00551718,9.75264e-06,-3.14158,-7.70057e-05,
43.0243,-0.329194,0.043094,0.00549985,-2.1068e-05,-3.14157,3.61523e-05,
43.0288,-0.329195,0.0430992,0.00551817,1.60899e-05,-3.14157,-2.11506e-05,
43.032,-0.329178,0.0430856,0.00548681,1.93563e-05,3.14157,-4.87711e-05,
43.0382,-0.329195,0.0430987,0.00551028,-0.000104195,-3.14155,-1.95221e-05,
43.0443,-0.329178,0.0430812,0.00550634,-2.16773e-05,-3.14156,2.44596e-05,
43.0475,-0.329201,0.0430909,0.00551421,-2.93291e-05,-3.14153,-1.45405e-05,
43.0527,-0.329192,0.0431018,0.00550459,-3.23661e-05,-3.14158,-3.16429e-06,
43.0588,-0.329189,0.0430834,0.00550621,1.10471e-05,-3.14158,2.75649e-05,
43.0621,-0.329174,0.0430877,0.00550986,3.72769e-05,-3.14158,4.8005e-05,
43.0696,-0.329199,0.0430881,0.00549827,-8.62261e-05,-3.14154,9.87465e-05,
43.0758,-0.329181,0.0430905,0.00548558,2.85858e-05,3.14154,-4.19825e-05,
43.0789,-0.329185,0.0430895,0.00549101,2.76883e-05,3.14157,-8.55671e-06,
43.0851,-0.329188,0.0430956,0.00551057,-1.35022e-05,-3.14154,1.42857e-05,
43.0913,-0.329165,0.0431048,0.00549692,0.000143044,3.14156,-3.8125e-06,
43.0944,-0.329212,0.0431013,0.00550971,-2.03596e-05,-3.14154,-2.64626e-05,
43.0998,-0.329186,0.0431137,0.00552417,-1.37081e-05,-3.14157,-8.77287e-05,
43.1028,-0.329192,0.0431084,0.00550359,2.71124e-05,-3.14155,-1.76171e-05,
43.1091,-0.329191,0.043102,0.00552058,-3.287e-05,-3.1415,-2.722e-05,
43.1153,-0.329176,0.043091,0.00549511,-4.75934e-06,3.14159,2.73453e-05,
43.1184,-0.329177,0.0430973,0.00550907,4.81665e-05,3.14155,5.94505e-05,
43.1246,-0.329202,0.0431099,0.00551469,-3.22759e-05,-3.14155,-7.04223e-05,
43.1308,-0.32918,0.0430942,0.00548896,2.08502e-05,3.14157,-1.9521e-05,
43.134,-0.32919,0.0430964,0.00549825,1.66226e-05,-3.14157,-6.58778e-06,
43.1403,-0.329193,0.0430994,0.00548961,2.26051e-06,-3.14159,4.45077e-05,
43.1463,-0.329185,0.0430855,0.00549889,-8.13515e-05,3.14157,-5.57525e-05,
43.1494,-0.329192,0.0431051,0.00550653,-2.56307e-05,-3.14157,4.24241e-06,
43.1538,-0.329187,0.0430866,0.00550815,8.3275e-05,-3.14156,-3.37371e-05,
43.1595,-0.329168,0.0430934,0.00548843,-1.18757e-05,3.14154,-6.85009e-05,
43.1628,-0.329218,0.0430991,0.00552545,0.000106994,-3.14149,-7.19322e-05,
43.1674,-0.329207,0.0431105,0.00551138,-7.93122e-05,-3.14152,-4.88196e-05,
43.1758,-0.32918,0.0430923,0.00551194,-3.36043e-05,-3.14156,-5.38877e-05,
43.179,-0.329202,0.0430838,0.00549807,4.11253e-05,-3.14158,5.33308e-06,
43.1842,-0.329186,0.0430929,0.00550658,-8.01377e-05,-3.14155,3.28826e-05,
43.1903,-0.3292,0.0431116,0.00550524,2.40197e-05,-3.14155,-3.70624e-05,
43.1934,-0.329187,0.0430927,0.00550939,-8.11135e-05,-3.14157,2.37701e-05,
43.1978,-0.329191,0.0431146,0.00550916,1.88279e-07,-3.14155,-6.9172e-05,
43.2009,-0.329183,0.0431103,0.00551022,5.13635e-06,-3.14157,-5.83407e-06,
43.2072,-0.329183,0.0431065,0.00552247,-3.46605e-05,-3.14156,-3.99953e-05,
43.2124,-0.3292,0.0431117,0.00551153,-6.53276e-05,-3.14154,8.56903e-06,
43.2156,-0.329188,0.0431058,0.00550702,-4.71799e-05,-3.14159,-7.24885e-05,
43.2218,-0.329186,0.0430881,0.00551134,-4.10295e-05,-3.14153,-2.25032e-05,
43.2278,-0.329207,0.0431035,0.00552285,-2.7808e-05,-3.14153,-9.58285e-05,
43.2309,-0.329189,0.0430828,0.00550074,2.31795e-05,-3.14156,5.0811e-05,
43.2371,-0.329183,0.0431066,0.00551542,-2.01538e-05,-3.14157,-9.99009e-05,
43.2452,-0.329216,0.0431153,0.00551203,6.11465e-06,-3.14149,-4.28222e-05,
43.2483,-0.329209,0.0430976,0.00551002,4.4281e-05,-3.14151,-3.53548e-05,
43.2527,-0.329177,0.043081,0.00550709,-2.75612e-05,-3.14156,-6.5023e-06,
43.2558,-0.329173,0.043082,0.00551148,-2.52536e-05,3.14158,2.37952e-06,
43.2618,-0.329182,0.043097,0.00551361,-7.27072e-05,-3.14156,-2.12427e-05,
43.2681,-0.329176,0.0431061,0.00550735,0.000137941,3.14159,7.53785e-06,
43.2712,-0.329204,0.0430882,0.00551972,2.52815e-05,-3.14151,9.19535e-06,
43.2773,-0.329171,0.0431114,0.00551525,-6.58531e-06,-3.14159,-0.000116544,
43.2835,-0.329212,0.0430914,0.00552305,9.32434e-05,-3.14145,-0.000106793,
43.2867,-0.329199,0.0431073,0.00551463,-8.09274e-05,-3.14155,-8.52569e-05,
43.2919,-0.329188,0.0430861,0.00550158,7.05303e-06,-3.14152,2.15363e-05,
43.2982,-0.329223,0.0431019,0.00552345,-2.30365e-05,-3.14146,-0.000109427,
43.3013,-0.329207,0.0431084,0.00550326,4.97029e-05,-3.14153,-6.34057e-05,
43.3073,-0.329184,0.0430894,0.00549682,7.50315e-05,-3.14159,-7.47464e-07,
43.3104,-0.329191,0.0430906,0.00552779,-1.04938e-05,-3.14152,-9.09978e-05,
43.3167,-0.329191,0.043099,0.0055183,-3.83634e-05,-3.14155,-3.04357e-05,
43.3228,-0.32919,0.0431016,0.0055097,5.15736e-05,-3.14156,-4.8364e-06,
43.3654,-0.329175,0.0430919,0.00549579,6.65124e-05,3.14157,1.9617e-05,
43.3697,-0.329195,0.0430941,0.00551286,1.89639e-05,-3.14151,-3.67409e-05,
43.3769,-0.329191,0.0431004,0.00552739,3.70135e-05,-3.14155,-1.65922e-05,
43.3802,-0.329172,0.0430796,0.00550371,1.58522e-05,3.14156,2.09721e-06,
43.3847,-0.329214,0.0431276,0.00551766,1.28323e-05,-3.14151,-0.000120268,
43.3893,-0.329219,0.0431119,0.00552397,-0.000146077,-3.14147,-6.99915e-05,
43.3926,-0.329194,0.0430942,0.00551483,-6.6776e-05,-3.14156,-4.62499e-05,
43.4001,-0.329176,0.0430933,0.00549001,-1.21396e-05,3.14156,6.69271e-06,
43.4063,-0.329219,0.0431107,0.00550749,-8.82107e-06,-3.1415,-5.96965e-05,
43.4095,-0.329199,0.0431123,0.00550155,2.57046e-05,-3.14155,-5.91563e-05,
43.4148,-0.329195,0.0430893,0.00550333,1.21038e-05,-3.14154,6.40775e-06,
43.4228,-0.329182,0.0430973,0.0055173,5.16782e-05,-3.14155,-3.31013e-05,
43.4259,-0.32917,0.0430881,0.00550647,1.21158e-05,3.14158,-2.48796e-05,
43.4312,-0.329186,0.0430806,0.00551589,0.000106898,-3.14155,2.31368e-05,
43.4373,-0.329183,0.0430886,0.00550986,1.1074e-05,-3.14158,7.78974e-06,
43.4403,-0.329199,0.043105,0.00551963,1.623e-05,-3.14158,-9.81017e-05,
43.4466,-0.329181,0.043093,0.00550945,1.66784e-05,-3.14157,-7.42522e-05,
43.4497,-0.329174,0.0430866,0.00550612,-1.64609e-05,-3.14159,-1.8389e-06,
43.4549,-0.329183,0.0430878,0.0055038,-6.65629e-05,-3.14157,-1.30172e-05,
43.4612,-0.329188,0.0430959,0.00552338,6.66849e-06,-3.14154,-7.31139e-05,
43.4643,-0.329174,0.0431031,0.00551307,-9.8042e-05,-3.14156,-3.51994e-05,
43.472,-0.329212,0.0430976,0.00551512,-6.20102e-05,-3.14147,-1.62577e-05,
43.4783,-0.32918,0.0430746,0.00551504,-3.9833e-05,-3.14156,2.29425e-05,
43.4814,-0.329181,0.0430971,0.00550638,5.50163e-05,3.14156,6.6489e-06,
43.4876,-0.329205,0.0431212,0.00550678,-1.95172e-05,-3.14154,-1.61945e-05,
43.4929,-0.329204,0.0430972,0.00551262,4.92424e-05,-3.14153,2.41353e-05,
43.4961,-0.329217,0.0431168,0.00552123,-5.93492e-05,-3.14152,-9.06614e-05,
43.5023,-0.32918,0.0430764,0.00551599,3.6605e-05,-3.14155,1.9895e-05,
43.5083,-0.329206,0.0431009,0.00551772,5.83719e-05,-3.14153,-7.50293e-05,
43.5116,-0.329177,0.0430979,0.00552409,-3.907e-05,-3.14156,-5.38578e-05,
43.516,-0.329187,0.043075,0.00550486,8.7688e-05,-3.14157,-1.30818e-05,
43.5223,-0.329189,0.0431041,0.00551725,-2.84618e-05,-3.14156,-8.86207e-05,
43.5255,-0.329211,0.0431149,0.00551844,7.30699e-06,-3.14154,-7.20279e-05,
43.5308,-0.329194,0.0431132,0.00551136,-0.000110184,-3.14155,-2.78074e-05,
43.5338,-0.329175,0.0431028,0.00551522,-8.99582e-05,-3.14156,9.4063e-06,
43.5401,-0.32919,0.0430947,0.00551129,5.03803e-05,-3.14155,-8.63286e-05,
43.5463,-0.329184,0.0430951,0.00551054,-0.000150549,-3.14156,-1.60736e-05,
43.5494,-0.329197,0.0431023,0.00550742,-4.88031e-05,-3.14155,2.29755e-05,
43.5557,-0.329183,0.0430901,0.00552169,-8.93729e-08,-3.14154,-3.60332e-05,
43.5631,-0.32922,0.0431103,0.00552579,-4.03625e-05,-3.14147,-9.83032e-05,
43.5663,-0.329169,0.0430801,0.0055003,3.43662e-05,3.14159,-2.16988e-05,
43.5715,-0.32919,0.043104,0.00550775,-7.99733e-05,-3.14156,-6.28888e-05,
43.5777,-0.32921,0.0431035,0.00552012,0.000116211,-3.14152,-0.00013079,
43.5808,-0.329177,0.0431045,0.00551139,-6.97914e-05,-3.14159,-2.13907e-05,
43.5868,-0.329172,0.0430836,0.00551118,-4.30069e-06,3.14159,-1.34792e-05,
43.5899,-0.329184,0.0430863,0.00551286,1.67232e-05,-3.14156,-0.000113985,
43.5962,-0.329177,0.0430931,0.00550494,-4.87286e-05,-3.14158,1.77621e-05,
43.6042,-0.329186,0.0430784,0.00550647,-8.97372e-05,3.14158,1.98557e-05,
43.6073,-0.329165,0.0430908,0.00550702,-8.97796e-05,3.14157,6.59551e-06,
43.6117,-0.329194,0.0431037,0.00551072,-7.3183e-05,-3.14153,-5.64578e-05,
43.6178,-0.329209,0.0431079,0.00550803,-2.60883e-05,-3.14151,-2.05187e-05,
43.6209,-0.32917,0.0430877,0.00549203,3.43329e-05,3.14159,-7.11449e-05,
43.6272,-0.329199,0.0430824,0.00550657,1.03425e-05,-3.14157,-1.31981e-05,
43.6333,-0.329168,0.043088,0.00550067,1.05502e-05,-3.14158,5.9603e-05,
43.6364,-0.329196,0.0431124,0.00551152,-4.69044e-05,-3.14151,-6.07383e-05,
43.6426,-0.329208,0.0431004,0.00550379,3.00492e-05,-3.14152,-2.68702e-07,
43.6459,-0.329186,0.0430848,0.00551346,3.67477e-05,-3.14155,-3.68862e-05,
43.6534,-0.329189,0.0431019,0.00550724,-7.799e-05,-3.14156,1.37466e-05,
43.6592,-0.329183,0.0430942,0.00551301,-1.8861e-05,-3.14157,-1.35212e-05,
43.6636,-0.329187,0.0431011,0.00551564,9.50284e-05,-3.14153,3.08177e-05,
43.6667,-0.329201,0.0430929,0.00550817,5.02493e-06,-3.14157,-1.37323e-05,
43.6728,-0.329199,0.0430876,0.00549836,-7.62229e-05,3.14159,-6.81892e-06,
43.6759,-0.329187,0.0430917,0.00550983,2.32951e-05,-3.14157,-5.91044e-05,
43.6822,-0.3292,0.0430964,0.00551924,-0.00013288,-3.14155,-1.85808e-05,
43.6883,-0.329188,0.0431167,0.0055047,-5.74526e-05,-3.14157,-8.75544e-05,
43.6916,-0.329195,0.0430814,0.005513,-6.06021e-07,-3.14152,-3.59289e-05,
43.6971,-0.329197,0.0431082,0.00552257,-8.45244e-05,-3.1415,-6.48012e-05,
43.7033,-0.329197,0.0430995,0.00551692,-0.00013016,-3.14148,-9.53391e-06,
43.7064,-0.329196,0.0430991,0.00552443,7.10482e-05,-3.14155,-0.000123043,
43.7127,-0.329183,0.0430937,0.0055093,-3.45979e-05,-3.14157,2.19945e-05,
43.7188,-0.329197,0.0431057,0.0055167,-3.47127e-05,-3.14156,-2.5717e-05,
43.7219,-0.329197,0.0431067,0.00550638,-5.18399e-05,-3.14157,-4.92301e-07,
43.7281,-0.329172,0.0431013,0.00549852,-2.51763e-05,3.14154,-3.00298e-05,
43.7333,-0.329198,0.0430913,0.00551662,1.11503e-05,-3.14151,1.32031e-05,
43.7366,-0.329187,0.0430916,0.00550712,-9.04022e-05,-3.14153,-3.11826e-06,
43.7428,-0.329197,0.0431122,0.00552008,-7.19482e-05,-3.14154,-8.96231e-05,
43.7459,-0.329201,0.0430917,0.00551439,-2.44507e-06,-3.14154,4.53741e-06,
43.7522,-0.329179,0.0430771,0.00548859,2.61758e-05,3.14157,-5.72758e-05,
43.7583,-0.329183,0.0430941,0.00550451,-4.55377e-05,-3.14158,-5.61517e-05,
43.7614,-0.329192,0.0430878,0.00550065,8.56658e-05,3.14158,-3.5266e-05,
43.7677,-0.329197,0.0431017,0.00551133,-4.72162e-05,-3.14156,-7.03879e-05,
43.7728,-0.329185,0.0430938,0.00551572,6.78138e-05,-3.14156,5.64331e-05,
43.776,-0.329187,0.0430945,0.00551752,-3.356e-05,-3.14154,-9.40128e-05,
43.7834,-0.329202,0.0430969,0.00550259,-5.37884e-05,-3.14155,-4.96855e-05,
43.788,-0.329208,0.0430964,0.00551338,2.98504e-05,-3.14153,-2.07235e-05,
43.7912,-0.329177,0.0430977,0.00551078,-5.3143e-05,-3.14157,-2.41485e-05,
43.7973,-0.329193,0.0430816,0.00549663,0.000146262,-3.14158,-3.00777e-05,
43.8035,-0.329181,0.0430942,0.00550474,9.62744e-06,-3.14157,5.5657e-05,
43.8067,-0.329192,0.0430977,0.0055267,-6.81491e-05,-3.14151,-6.55048e-05,
43.8119,-0.329173,0.043084,0.00549891,3.51085e-05,3.14159,-8.62398e-06,
43.8181,-0.329168,0.0430781,0.00549181,-1.15329e-05,3.14157,3.56339e-06,
43.8212,-0.329192,0.0430946,0.00551183,8.0798e-05,-3.14157,-4.41461e-05,
43.8273,-0.329197,0.0431085,0.00550269,1.6366e-05,-3.14158,-1.79108e-05,
43.8304,-0.329204,0.0430929,0.00550435,-3.3962e-05,-3.14156,3.6271e-05,
43.8366,-0.329211,0.0431102,0.0055202,4.61634e-06,-3.1415,-0.000102467,
43.8428,-0.329169,0.043105,0.00549969,0.000104531,3.14158,7.43475e-05,
43.8852,-0.329215,0.0431019,0.00551224,-5.3322e-05,-3.14149,4.49208e-05,
43.8893,-0.329186,0.0430873,0.00551702,8.19409e-05,-3.1415,-3.44662e-05,
43.8953,-0.3292,0.0430992,0.00551377,-1.42147e-05,-3.14152,-2.53866e-05,
43.8984,-0.329203,0.0431152,0.00552249,-1.4157e-05,-3.14153,-0.00013671,
43.9046,-0.329191,0.0430944,0.00551686,-4.71815e-05,-3.14154,-4.22928e-05,
43.9077,-0.329182,0.043098,0.00550593,-8.62796e-05,-3.14159,6.42129e-06,
43.9138,-0.329188,0.0431112,0.00549672,-0.000104054,-3.14159,-8.1058e-06,
43.9215,-0.329182,0.043118,0.00551872,-0.000102421,-3.14154,-0.000104438,
43.9249,-0.329183,0.0431179,0.00551451,1.88079e-05,-3.14156,-7.64112e-05,
43.9303,-0.329206,0.0431098,0.00551167,-5.32451e-05,-3.14154,-4.11269e-05,
43.9363,-0.32918,0.0431014,0.00551421,-3.41973e-05,-3.14154,-6.91599e-05,
43.9394,-0.329174,0.0430722,0.00550956,6.20776e-05,-3.14158,1.88985e-05,
43.9457,-0.329201,0.0431056,0.00551841,-0.000104604,-3.14149,-7.81124e-05,
43.9518,-0.329176,0.0430856,0.00549955,4.72986e-05,3.14157,-2.8151e-05,
43.9548,-0.329184,0.0430786,0.0055058,-2.24957e-05,-3.14156,3.01559e-05,
43.9612,-0.329197,0.0430847,0.00550307,6.91022e-05,-3.14153,4.94658e-06,
44.0861,-0.329179,0.043093,0.00551352,-6.58926e-05,-3.14156,-2.98804e-05,
44.0892,-0.329197,0.0430993,0.00550963,4.55854e-05,-3.14157,-4.46736e-05,
44.0933,-0.329195,0.0430824,0.00550197,3.66237e-05,-3.14157,2.21254e-05,
44.0997,-0.329186,0.0430939,0.00551222,-4.05507e-05,-3.14156,-7.7315e-06,
44.1027,-0.329202,0.0431128,0.00551725,4.42093e-05,-3.14151,-4.77887e-05,
44.1088,-0.329198,0.0431029,0.00550516,-1.41923e-05,-3.14158,-7.5269e-05,
44.1119,-0.329199,0.0430938,0.00551694,-5.15973e-05,-3.1415,-2.20649e-05,
44.1181,-0.329208,0.0430998,0.00551301,6.31548e-05,-3.14149,-4.41086e-05,
44.1863,-0.329196,0.0430964,0.00550512,-7.51153e-05,-3.14157,3.37564e-05,
44.1896,-0.329186,0.0430986,0.00550956,4.44956e-05,-3.14154,-6.84567e-05,
44.1951,-0.329202,0.0431025,0.00552129,5.53652e-05,-3.14155,-0.000120371,
44.2013,-0.329206,0.0431123,0.0055196,-4.09142e-05,-3.14147,-7.72856e-05,
44.2043,-0.329178,0.0430714,0.00551378,4.25336e-05,-3.14159,-1.06644e-05,
44.2106,-0.32921,0.0431003,0.00550553,6.24098e-05,-3.14152,-6.69153e-05,
44.2137,-0.329198,0.0431142,0.00552357,-5.29215e-05,-3.14151,-0.000156649,
44.2198,-0.329184,0.0430788,0.00550835,-3.29421e-06,3.14158,-5.45919e-05,
44.3043,-0.329157,0.0430784,0.00549296,8.631e-05,3.14155,-0.000119705,
44.3075,-0.329229,0.0430962,0.00552502,4.86861e-05,-3.14144,-3.51332e-05,
44.3117,-0.329196,0.0430835,0.00550814,2.47058e-05,-3.14153,3.41534e-05,
44.3178,-0.329215,0.0430902,0.00551868,0.00012064,-3.14147,-1.92872e-05,
44.3209,-0.329198,0.0431043,0.00551523,4.45116e-06,-3.14155,-6.78625e-05,
44.3282,-0.329191,0.0430935,0.00552909,0.00010612,-3.14154,-6.98005e-05,
44.3343,-0.329193,0.0430837,0.00551835,2.9922e-05,-3.14152,2.67187e-06,
44.3373,-0.329172,0.0430855,0.00549185,2.07566e-06,3.14155,3.01251e-05,
44.4181,-0.329163,0.0430844,0.00550209,-6.05737e-05,3.14155,-7.49096e-06,
44.4213,-0.329179,0.0430835,0.00549643,-2.69361e-05,-3.14158,5.55198e-05,
44.4268,-0.329203,0.0431038,0.00552195,5.5471e-05,-3.14153,-0.00012629,
44.4299,-0.329194,0.0430894,0.00551105,-1.52234e-06,-3.14154,-4.34784e-06,
44.4362,-0.329179,0.0430927,0.0054967,2.81741e-05,3.14159,5.82488e-05,
44.4423,-0.329181,0.0430805,0.00550913,0.000101776,-3.14159,-1.63844e-05,
44.4454,-0.329233,0.0431057,0.00552572,3.68144e-05,-3.14142,-5.07012e-05,
44.4516,-0.32919,0.0431093,0.00550515,4.20038e-05,-3.14159,-7.30915e-05,
44.4579,-0.329189,0.0430853,0.00551565,6.88841e-05,-3.14157,-7.50848e-05,
44.4612,-0.329199,0.0430942,0.00551424,-2.83247e-05,-3.14151,-4.07842e-05,
44.4693,-0.329208,0.043085,0.00550341,5.40123e-05,-3.14152,6.24975e-06,
44.4746,-0.329191,0.0431137,0.00551667,9.17263e-05,3.14159,6.21806e-05,
44.4777,-0.329193,0.0430972,0.00550384,-7.32265e-05,-3.14155,-3.01672e-05,
44.4838,-0.329179,0.0430843,0.0054988,-5.08092e-05,3.14157,-2.24129e-05,
44.4869,-0.329203,0.0431032,0.00551894,-2.15635e-05,-3.14152,-0.000114749,
44.4932,-0.329183,0.0430941,0.00551541,5.02006e-06,-3.14157,1.06549e-05,
44.4994,-0.329188,0.043104,0.00551526,-5.17294e-05,-3.14155,-3.23163e-05,
44.5026,-0.329192,0.0430991,0.00550408,-9.33466e-05,3.14157,1.72931e-05,
44.5069,-0.329191,0.0431056,0.00550244,9.06752e-06,3.14158,5.84164e-05,
44.5132,-0.329184,0.0430799,0.00550363,4.18649e-05,-3.14158,2.03559e-05,
44.5163,-0.329181,0.0430796,0.00549563,-2.82528e-05,-3.14157,4.02683e-05,
44.5223,-0.329214,0.0431012,0.00552817,3.87817e-06,-3.14152,1.62754e-05,
44.5285,-0.329206,0.0431028,0.00551595,-4.04412e-05,-3.14152,-6.13248e-05,
44.5316,-0.32921,0.0430944,0.00550374,1.66432e-05,-3.14151,7.58648e-06,
44.5378,-0.329203,0.0430934,0.00551706,4.36013e-05,-3.14155,7.68533e-05,
44.541,-0.329194,0.0430852,0.00551337,3.01425e-05,-3.14152,-5.13287e-05,
44.5463,-0.329183,0.0430993,0.00550769,5.06501e-05,-3.14158,6.4055e-05,
44.552,-0.32919,0.0430918,0.0055003,-1.11649e-05,3.14158,3.42456e-05,
44.5565,-0.329167,0.0430775,0.00550799,-1.06361e-05,3.14159,5.08856e-05,
44.5598,-0.329192,0.0431013,0.00551778,-2.17467e-06,-3.14156,-0.000119805,
44.5681,-0.329189,0.0430971,0.00551726,6.69752e-05,-3.14159,-7.66679e-06,
44.5743,-0.329194,0.0431009,0.00549716,-9.57616e-05,-3.14156,2.38768e-05,
44.5774,-0.329176,0.0431005,0.00551782,-1.4128e-05,-3.14157,-9.15466e-05,
44.5828,-0.329191,0.0431016,0.00550711,-5.82199e-05,-3.14153,-1.16043e-05,
44.5858,-0.329187,0.0430846,0.00550888,-2.18086e-05,-3.14155,2.9832e-05,
44.5922,-0.329187,0.043095,0.00550025,-5.3291e-05,-3.14158,4.97355e-05,
44.5965,-0.329177,0.0430924,0.00551041,-8.01587e-05,-3.14157,2.89083e-06,
44.5996,-0.329196,0.0431087,0.00551,-8.66525e-05,-3.14155,-0.000110175,
44.6058,-0.329211,0.0431132,0.00551834,5.91599e-06,-3.14154,-0.000108368,
44.6121,-0.329191,0.0430864,0.00550908,3.13349e-05,-3.14158,-2.41058e-05,
44.6152,-0.3292,0.0431137,0.00550684,3.77644e-05,-3.14153,-7.91033e-05,
44.6204,-0.329174,0.0431,0.00550051,5.91241e-05,3.14156,6.22814e-05,
44.6267,-0.329215,0.0431028,0.00551558,-2.89983e-05,-3.1415,-0.000115064,
44.6297,-0.329184,0.0430973,0.00549741,-4.19231e-05,-3.14159,1.76213e-05,
44.6369,-0.329181,0.0430865,0.00550681,-4.86072e-05,3.14157,6.14445e-05,
44.6415,-0.329204,0.0430967,0.0055062,-7.47802e-05,-3.14151,1.17005e-05,
44.6446,-0.329206,0.0431093,0.0055121,-7.30497e-05,-3.1415,-9.3607e-05,
44.6508,-0.329171,0.0430964,0.00551231,3.3322e-05,3.14157,-1.38408e-05,
44.6539,-0.329177,0.0430857,0.00550504,4.00619e-05,3.14159,-8.32017e-05,
44.6592,-0.329185,0.0430943,0.00550935,-0.000111619,-3.14155,7.04099e-06,
44.6653,-0.329207,0.0431223,0.00552226,-9.79922e-05,-3.14151,-0.00012562,
44.6684,-0.329174,0.0430859,0.00549338,-3.72759e-05,3.14157,-8.94689e-05,
44.6747,-0.329189,0.0431013,0.00550156,6.54414e-05,3.14159,-3.74685e-05,
44.6827,-0.329215,0.0430836,0.00550682,9.29388e-05,-3.14151,-9.21944e-06,
44.6858,-0.329179,0.0430965,0.00551012,3.48458e-05,3.14157,-7.04522e-06,
44.6908,-0.32918,0.043078,0.00547756,-4.09681e-06,3.14157,-4.37176e-05,
44.694,-0.329198,0.0431054,0.00550691,-0.000109247,-3.14153,-1.06338e-05,
44.6993,-0.329168,0.0430922,0.00549743,-4.19238e-05,3.14156,-2.07958e-05,
44.7053,-0.329186,0.0430839,0.00550137,5.11686e-05,-3.14157,-4.0567e-05,
44.7084,-0.329169,0.0430933,0.00549826,8.0592e-05,3.14151,-3.30856e-05,
44.7146,-0.329176,0.0430944,0.00548941,-5.16782e-05,3.14156,-4.55817e-05,
44.7208,-0.329186,0.0430931,0.0055013,-0.000196033,-3.14153,4.8008e-05,
44.7239,-0.329192,0.0430731,0.00550587,3.67382e-05,-3.14156,-6.98171e-06,
44.7312,-0.329205,0.0430894,0.00551174,6.8972e-05,-3.1415,-2.19235e-06,
44.7768,-0.329173,0.043092,0.00551487,2.33919e-05,-3.14157,-7.51814e-05,
44.7799,-0.329161,0.043076,0.00550395,6.83704e-05,3.14157,-6.91272e-05,
44.7842,-0.329194,0.0431028,0.00550108,-1.10007e-05,3.14158,-3.70345e-06,
44.7902,-0.329208,0.0431063,0.00551565,-2.62792e-05,-3.14152,-3.61783e-05,
44.7933,-0.329214,0.0430962,0.00551861,6.98022e-05,-3.14148,-6.36492e-05,
44.7996,-0.32918,0.043105,0.00549002,2.05066e-05,3.14158,8.82002e-05,
44.8027,-0.3292,0.0431107,0.00550873,2.394e-05,-3.14155,-4.38315e-05,
44.8088,-0.329211,0.0430932,0.00551555,4.18209e-05,-3.1415,1.21726e-05,
44.8598,-0.329188,0.0431053,0.00550284,6.70936e-06,3.14159,5.34945e-05,
44.8632,-0.329191,0.0430957,0.00550386,-2.99234e-05,-3.14156,-1.04584e-05,
44.8673,-0.329178,0.0430824,0.00550241,-5.73982e-06,3.14157,-3.8155e-05,
44.8735,-0.32919,0.0430967,0.00551231,-6.1595e-05,-3.14158,-3.09146e-05,
44.8767,-0.329167,0.0431078,0.00550091,2.70246e-05,3.14157,-1.49148e-05,
44.8828,-0.32917,0.043085,0.00548828,4.41675e-05,3.14155,-4.11564e-05,
44.8859,-0.329194,0.0431129,0.00551617,-5.75433e-05,-3.14151,-3.96422e-05,
44.8921,-0.329171,0.0430913,0.00550458,-4.9435e-05,3.14158,1.53832e-05,
45.0511,-0.329193,0.0430841,0.00550108,5.55747e-05,-3.14156,-9.08498e-06,
45.0542,-0.329188,0.0431045,0.00551848,-2.6081e-05,-3.14155,-0.000108165,
45.0594,-0.329189,0.0431003,0.00552015,-6.11888e-05,-3.14154,-0.000129706,
45.0625,-0.329177,0.0430985,0.00551792,-9.90072e-05,-3.14157,-1.86336e-05,
45.0687,-0.329188,0.0430843,0.0055086,-1.64263e-05,-3.14154,1.41657e-05,
45.0748,-0.329182,0.043097,0.00549645,0.000100464,3.14157,-2.61645e-05,
45.0779,-0.329202,0.0431082,0.00550864,5.64395e-05,-3.14151,-3.68956e-05,
45.0842,-0.329197,0.0430955,0.00550667,-4.72624e-05,-3.14155,8.02545e-06,
45.0889,-0.329177,0.0430888,0.00550885,-9.14243e-06,-3.14158,2.69954e-05,
45.0923,-0.329185,0.043099,0.00550942,-3.96282e-05,-3.14157,-5.06558e-05,
45.0968,-0.329228,0.0431047,0.00552487,4.11671e-05,-3.14148,-0.000110042,
45.1031,-0.329175,0.0430955,0.00550334,-1.63978e-05,3.14156,3.65426e-05,
45.1062,-0.329194,0.0430929,0.00552454,2.34449e-05,-3.14149,-7.98104e-05,
45.1123,-0.329219,0.0431046,0.00552126,-2.8564e-05,-3.14149,-5.98082e-05,
45.1185,-0.329179,0.0430872,0.00550701,4.7299e-05,-3.14158,-4.92597e-05,
45.1216,-0.329181,0.0430983,0.00550667,-1.62575e-05,-3.14156,-4.41513e-05,
45.1278,-0.329208,0.0431043,0.00551567,-1.94399e-05,-3.1415,-3.88829e-05,
45.1325,-0.329183,0.0431045,0.00551189,7.6714e-05,-3.14157,-0.000151428,
45.1358,-0.329187,0.043093,0.00550164,3.05896e-05,-3.14158,3.28896e-05,
45.1424,-0.329174,0.043092,0.0055036,-4.9417e-05,3.14158,9.86839e-06,
45.1486,-0.329189,0.0430896,0.00550954,-2.85386e-05,-3.14155,1.64742e-05,
45.1517,-0.329215,0.0430977,0.00551974,1.75954e-05,-3.14147,-0.00013682,
45.1578,-0.329191,0.0430909,0.00550826,-1.09073e-05,3.14157,2.05568e-05,
45.1609,-0.329179,0.0430821,0.00550677,3.7337e-06,3.14159,3.7934e-05,
45.1672,-0.3292,0.0430949,0.00550837,-4.77884e-05,-3.14152,-2.72272e-05,
45.1724,-0.329212,0.0431104,0.00551421,-2.63785e-05,-3.14153,-4.44635e-05,
45.1756,-0.329189,0.0430929,0.00550182,4.967e-05,-3.14157,-6.35772e-05,
45.1818,-0.329185,0.0430936,0.00550155,-6.12969e-07,-3.14156,1.73639e-06,
45.188,-0.329172,0.043076,0.00550593,-5.07556e-05,3.14159,-4.56418e-05,
45.1912,-0.329168,0.0430898,0.00550868,2.1751e-05,3.14158,2.50208e-05,
45.1973,-0.329201,0.0431129,0.00550903,-3.96197e-05,-3.14156,-0.000100388,
45.2033,-0.329189,0.0430826,0.00550509,3.02321e-05,-3.14153,1.0076e-06,
45.2064,-0.329202,0.0431092,0.00551061,6.29501e-05,-3.14154,-5.43098e-05,
45.2118,-0.329194,0.0430826,0.00549949,-1.55843e-05,-3.14155,1.52101e-05,
45.2148,-0.329209,0.0431093,0.00551127,-8.01342e-05,-3.14152,-4.05589e-05,
45.2212,-0.32919,0.0430806,0.0055136,5.01976e-05,-3.14154,-1.12482e-05,
45.2277,-0.329187,0.0431038,0.00550076,-7.24099e-05,-3.14156,-3.4356e-05,
45.2308,-0.32922,0.0431012,0.00552282,-8.24742e-06,-3.14148,-7.70345e-05,
45.2361,-0.329209,0.0430856,0.00550512,9.28951e-05,-3.14152,1.40056e-05,
45.2423,-0.329191,0.043105,0.00550306,-9.19408e-05,-3.14156,-3.81444e-05,
45.2454,-0.329176,0.043104,0.00549758,7.71652e-05,3.14157,5.43146e-06,
45.2507,-0.329183,0.0431051,0.00548878,3.90501e-05,3.14155,-3.49226e-05,
45.2568,-0.329198,0.0430912,0.00551352,2.91452e-05,-3.14155,-4.417e-05,
45.2598,-0.329206,0.0431073,0.00552571,-2.83455e-05,-3.14151,-0.000142953,
45.2662,-0.329207,0.0430972,0.00551793,5.02437e-05,-3.14153,-0.000118628,
45.2708,-0.329197,0.0430898,0.00551058,-6.38007e-05,-3.14157,-4.31814e-05,
45.2742,-0.329186,0.0430984,0.0055045,2.57907e-05,3.14158,-3.34622e-05,
45.2803,-0.329168,0.0430767,0.00549659,-0.000127116,3.14152,-4.40493e-06,
45.3658,-0.329197,0.0430954,0.00550219,5.84929e-05,-3.14157,-3.1454e-05,
45.3689,-0.329172,0.0431037,0.0054994,-5.33539e-06,3.14156,5.64409e-05,
45.3732,-0.329205,0.0431017,0.00551975,-4.58675e-05,-3.14152,-2.57614e-05,
45.3793,-0.329201,0.0431041,0.005508,-7.80582e-05,-3.14157,-2.58903e-05,
45.3824,-0.329185,0.0430925,0.00550558,4.20334e-05,-3.14158,-4.54811e-05,
45.3886,-0.329199,0.0431063,0.00550451,-0.000145756,-3.14154,-7.2133e-05,
45.3917,-0.329193,0.0431051,0.00550106,-3.98396e-05,-3.14159,1.63017e-06,
45.3978,-0.329188,0.043098,0.00549501,0.00011359,3.14156,-9.75209e-05,
45.4813,-0.329171,0.043112,0.00549668,8.02956e-05,3.14152,2.91827e-05,
45.4856,-0.32919,0.0430946,0.00550582,5.55703e-05,3.14159,2.62367e-05,
45.4887,-0.329197,0.0430852,0.00549945,3.68367e-05,-3.14156,-1.99593e-05,
45.495,-0.329136,0.0430706,0.00549135,7.94878e-05,3.14149,-6.39283e-05,
45.5012,-0.329189,0.0430899,0.0055007,5.54531e-05,-3.14158,-5.92462e-06,
45.5043,-0.329189,0.0430897,0.00549747,-6.28794e-05,3.14157,2.95852e-05,
45.5106,-0.329172,0.0430994,0.00548953,3.92973e-05,3.14158,2.81783e-05,
45.5137,-0.329219,0.0431195,0.00552288,-7.70311e-05,-3.1415,-0.000153248,
45.6311,-0.329191,0.0430941,0.00550553,-3.97169e-05,-3.14155,2.6388e-05,
45.6343,-0.329167,0.0430889,0.00548665,0.000111721,3.1415,-1.30351e-05,
45.6397,-0.329195,0.0430995,0.00550732,1.65244e-05,-3.14156,-3.90276e-05,
45.6428,-0.32922,0.0431091,0.00551341,4.45129e-06,-3.1415,-3.42054e-05,
45.6491,-0.32916,0.0430885,0.00548987,6.65722e-05,3.14153,-5.02942e-06,
45.6553,-0.329201,0.0430934,0.00549941,-4.20449e-05,-3.14155,5.80236e-05,
45.6584,-0.329184,0.0431156,0.00550796,3.692e-05,3.14159,1.6283e-05,
45.6646,-0.329199,0.0431014,0.0055023,4.39198e-05,-3.14158,2.63821e-05,
45.6728,-0.329179,0.0430917,0.00549501,4.04688e-05,3.14157,-2.01691e-05,
45.6761,-0.329185,0.0430899,0.0055012,-2.49321e-05,3.14159,8.73534e-05,
45.6818,-0.329204,0.043106,0.00551952,-3.99267e-05,-3.14146,-0.000121952,
45.6865,-0.329185,0.0430914,0.0055081,-8.00435e-05,-3.14153,3.19332e-05,
45.6897,-0.329186,0.0430955,0.00550177,-2.5403e-05,-3.14156,1.73859e-05,
45.6958,-0.329192,0.0430884,0.00551846,8.16566e-05,-3.14153,-4.00962e-05,
45.702,-0.329187,0.0430828,0.00549874,-8.14873e-05,-3.14158,-1.00426e-05,
45.7052,-0.329175,0.0430758,0.00549418,-4.32779e-05,-3.14159,4.22202e-05,
45.7113,-0.329211,0.0431069,0.00553082,4.91732e-08,-3.14146,-8.00311e-05,
45.7195,-0.329194,0.0430992,0.00550053,-7.23857e-05,-3.14157,-6.89857e-05,
45.7227,-0.329222,0.043114,0.005513,-5.26379e-05,-3.14153,-4.24761e-05,
45.7288,-0.329201,0.0430763,0.0055172,2.41554e-05,-3.1415,-6.01273e-05,
45.7319,-0.329182,0.0430948,0.0055138,1.13057e-05,-3.14157,-7.40107e-05,
45.7382,-0.329191,0.0430937,0.0055169,-0.000119698,-3.1415,-1.56166e-05,
45.7443,-0.329181,0.0431009,0.00550256,0.000151523,3.14158,-2.91621e-05,
45.7473,-0.329204,0.0431056,0.00551252,-7.34886e-05,-3.14154,-4.49982e-05,
45.7536,-0.329192,0.0430715,0.0055091,0.000118069,-3.14157,4.88336e-05,
45.7589,-0.329183,0.0430978,0.00549996,6.14699e-05,3.14157,2.98584e-05,
45.7622,-0.329188,0.0430886,0.00549788,-7.34228e-05,-3.14159,1.67519e-05,
45.7676,-0.329185,0.0430882,0.00550674,-3.9558e-05,-3.14157,-3.98359e-05,
45.7722,-0.329175,0.0430897,0.00549931,7.27526e-05,3.14156,1.37168e-07,
45.7755,-0.329183,0.043098,0.0055198,8.1859e-05,-3.14154,-0.000103704,
45.7817,-0.329202,0.0430945,0.00551871,4.85003e-05,-3.14153,-1.3264e-05,
45.7878,-0.329167,0.0430772,0.00548982,-8.8458e-05,3.14155,-4.31188e-05,
45.7909,-0.329188,0.0430725,0.00550001,-9.12252e-06,-3.14159,3.88348e-05,
45.7962,-0.329197,0.0431142,0.00551521,4.54663e-06,-3.14156,-0.000124875,
45.8023,-0.329201,0.0430974,0.00552227,-6.62055e-05,-3.14154,-2.87957e-05,
45.8056,-0.329177,0.0430918,0.00549989,-1.34646e-05,-3.14159,2.97022e-05,
45.8102,-0.329183,0.0430784,0.00550676,8.31915e-05,-3.14157,-1.96979e-05,
45.8162,-0.329165,0.0430844,0.00548342,-1.35487e-05,3.14151,-1.09789e-05,
45.8193,-0.329196,0.0430928,0.00551717,1.14031e-05,-3.1415,-3.04681e-05,
45.8256,-0.329206,0.0431058,0.00551584,1.85678e-05,-3.14154,-4.20659e-05,
45.8287,-0.329184,0.0430987,0.00550392,3.53508e-05,3.14156,5.71298e-05,
45.8339,-0.329178,0.0430936,0.00551765,3.74444e-05,-3.14159,-9.75874e-05,
45.8402,-0.329207,0.0430886,0.00550547,0.000143808,-3.14155,-3.10221e-05,
45.8433,-0.329179,0.0430735,0.00549697,1.14328e-05,3.14157,-5.47016e-05,
45.8494,-0.329164,0.0430804,0.00549873,1.04401e-05,3.14155,1.9722e-05,
45.8539,-0.329189,0.0430845,0.00551507,-3.53605e-05,-3.14156,-9.72768e-06,
45.8571,-0.329171,0.0430981,0.00549909,-4.63665e-06,3.14157,4.62081e-05,
45.8633,-0.32917,0.043096,0.00551179,-5.79856e-06,3.14158,2.11864e-06,
45.8695,-0.329169,0.0431077,0.00550684,1.95376e-05,3.14158,1.5461e-05,
45.8727,-0.32921,0.0431057,0.00551746,-3.28377e-05,-3.14151,-0.00010066,
45.8778,-0.329221,0.0431117,0.00551457,-4.53266e-05,-3.14146,-9.32989e-05,
45.8841,-0.329211,0.0431079,0.00551931,4.94045e-05,-3.14148,-1.74703e-05,
45.8872,-0.329188,0.043096,0.00550565,-2.9105e-05,-3.14158,-6.16368e-05,
45.8933,-0.329206,0.0430954,0.00551789,2.5495e-05,-3.14151,-5.54627e-05,
45.8965,-0.329194,0.0430863,0.00551769,6.93007e-05,-3.14157,-1.40524e-05,
45.9037,-0.329185,0.0430896,0.00550336,6.37754e-05,-3.14157,-1.44098e-05,
45.9098,-0.329188,0.0431009,0.00549973,-0.000101054,-3.14156,2.24669e-05,
45.913,-0.329206,0.0431097,0.00552113,1.90726e-05,-3.1415,-0.000160505,
45.9183,-0.329181,0.0430823,0.00550468,1.73087e-05,-3.14159,-3.17055e-05,
45.9245,-0.329205,0.0431006,0.00550415,-9.2266e-05,-3.14155,1.60363e-05,
45.9276,-0.329196,0.0431055,0.00549632,-2.08782e-05,-3.14158,-2.27803e-05,
45.9338,-0.32917,0.043096,0.0054939,5.58795e-05,3.14156,5.93051e-05,
45.937,-0.329171,0.0430686,0.00549407,-1.14457e-05,3.14158,-8.87046e-06,
45.9432,-0.329228,0.0431067,0.00551707,7.07034e-05,-3.14142,-3.7353e-05,
45.9493,-0.329204,0.0430932,0.00550776,2.9935e-05,-3.14155,-4.18156e-05,
45.9525,-0.329223,0.0431121,0.00552528,-2.61096e-05,-3.14144,-7.01993e-05,
45.9577,-0.329203,0.0431044,0.00551058,-8.0616e-06,-3.14154,-0.000108061,
45.9638,-0.329195,0.0430796,0.00549295,-2.46656e-05,-3.14156,6.66804e-05,
45.9668,-0.329197,0.0431013,0.00550307,-7.21898e-05,-3.14153,-8.37565e-05,
45.9731,-0.32919,0.0431089,0.00550477,-8.73537e-05,-3.14158,-0.000123607,
45.9793,-0.329206,0.0430992,0.00552618,-5.49625e-05,-3.14143,-9.90757e-05,
45.9824,-0.329233,0.0431063,0.00553058,6.30439e-05,-3.14143,-0.000125803,
45.9907,-0.329213,0.0431028,0.00551975,6.82914e-06,-3.14149,-7.17421e-05,
45.9977,-0.329167,0.0430887,0.00549578,-1.18797e-05,3.14154,-1.27541e-05,
46.0008,-0.329165,0.0430642,0.00550411,-0.000113844,3.14156,1.66878e-05,
46.0068,-0.329188,0.0431114,0.00550135,-9.35982e-05,-3.14158,-2.4875e-05,
46.01,-0.329208,0.0431055,0.00552204,-3.20804e-05,-3.14147,-4.57357e-05,
46.0162,-0.329175,0.0430978,0.0054996,-2.52675e-05,-3.14159,-2.05778e-05,
46.0223,-0.329155,0.0430804,0.00549344,-6.36099e-05,3.14153,-4.20212e-05,
46.0254,-0.329182,0.0430942,0.00551409,5.69738e-05,-3.14155,-2.98734e-05,
46.1097,-0.329189,0.0430884,0.00551345,8.93525e-05,-3.14152,-3.18893e-05,
46.1138,-0.329197,0.0431114,0.00550919,-5.93159e-06,-3.14154,-3.77074e-05,
46.1168,-0.329222,0.0431102,0.0055254,-0.00011096,-3.14146,-2.36886e-05,
46.1251,-0.329203,0.0431145,0.0055091,-4.16763e-05,-3.14153,-0.000110135,
46.1303,-0.329201,0.0430857,0.0055039,0.000121504,-3.14155,-4.18698e-05,
46.1334,-0.329191,0.0431084,0.0055005,-3.22017e-05,-3.14159,-2.93921e-05,
46.1396,-0.329187,0.0431049,0.00549226,-8.49112e-07,3.14157,3.24224e-05,
46.1458,-0.329184,0.0431,0.00550853,-3.22562e-05,-3.14158,-3.40654e-05,
46.2273,-0.329171,0.043078,0.00549412,4.8843e-05,3.14156,-7.63109e-05,
46.2316,-0.329208,0.0431016,0.00551553,-7.59098e-06,-3.14153,-4.15061e-05,
46.2378,-0.329207,0.043095,0.00550869,0.000110264,-3.14151,-2.05644e-05,
46.2409,-0.329174,0.0430897,0.00550581,4.2927e-05,3.14158,-4.08937e-05,
46.2471,-0.329194,0.0431105,0.0055019,-3.42404e-05,-3.14157,-6.90648e-05,
46.2533,-0.329188,0.0430727,0.00549492,7.64247e-05,-3.14159,3.09438e-05,
46.2565,-0.329207,0.0430998,0.00550694,-2.9955e-05,-3.14156,-6.40988e-05,
46.2627,-0.329191,0.0430993,0.00550526,-0.000146202,-3.14158,-4.46363e-06,
46.3106,-0.32919,0.0430918,0.00550473,0.000116829,-3.14158,-2.30177e-05,
46.3139,-0.329217,0.0431119,0.00552121,-6.00302e-05,-3.1415,-6.94817e-05,
46.3192,-0.329204,0.0431048,0.00550953,-2.04816e-06,-3.14153,-7.84132e-05,
46.3252,-0.329202,0.0431246,0.00551006,-5.74029e-05,-3.14156,-0.000165547,
46.3283,-0.329212,0.043107,0.00550103,-1.20727e-06,-3.14151,-3.29842e-05,
46.3346,-0.329214,0.0431104,0.00552455,-1.35221e-05,-3.1415,-9.47208e-05,
46.3377,-0.329182,0.0430928,0.00549761,-4.09387e-05,-3.14158,-3.76934e-05,
46.3438,-0.329181,0.0431049,0.00551035,-9.14869e-05,-3.14159,-3.08671e-05,
46.3516,-0.329212,0.0431029,0.00552108,-2.28086e-06,-3.14149,-4.2494e-05,
46.3548,-0.329187,0.0430861,0.00548245,2.04387e-05,3.14155,-9.84531e-05,
46.3605,-0.32917,0.0430841,0.00549336,0.000113192,3.14156,-7.14626e-05,
46.365,-0.329154,0.043091,0.00549692,2.01442e-05,3.14154,9.1025e-06,
46.3713,-0.329192,0.0430917,0.00551009,0.000109634,-3.14155,-9.8949e-05,
46.3744,-0.329187,0.0430886,0.00549875,-0.000107331,3.14159,6.94035e-05,
46.3806,-0.329209,0.0431094,0.00551251,-2.78069e-05,-3.14152,-2.19825e-05,
46.3837,-0.329195,0.0431032,0.00549443,7.06414e-05,-3.14158,-4.48984e-05,
46.3899,-0.329196,0.0430947,0.00550706,-2.25391e-05,-3.14157,-2.49034e-05,
46.3954,-0.329219,0.0431147,0.005522,-1.16732e-05,-3.14147,-0.000140664,
46.3986,-0.329216,0.043104,0.00551169,7.72507e-05,-3.14149,-2.33843e-05,
46.4048,-0.329209,0.0430926,0.00550066,6.99054e-05,-3.14153,-4.74499e-05,
46.4108,-0.32919,0.0430854,0.00551465,6.95932e-05,-3.14156,-3.96126e-05,
46.4138,-0.329186,0.0430868,0.00550939,9.61048e-05,-3.14153,-1.75858e-05,
46.4201,-0.329187,0.0430877,0.00551132,-6.50566e-05,-3.14155,-4.49906e-05,
46.4263,-0.329188,0.0430975,0.00551058,8.28467e-05,-3.14158,2.17138e-05,
46.4294,-0.329212,0.04311,0.00550426,-2.19299e-06,-3.14152,-4.98584e-06,
46.4347,-0.329184,0.0430894,0.00550965,-3.44402e-05,-3.14156,-1.95282e-05,
46.4378,-0.329201,0.0431092,0.00552244,-7.51983e-05,-3.14154,-4.58511e-05,
46.4441,-0.329166,0.043093,0.00550041,2.09525e-05,3.14156,1.85431e-05,
46.4503,-0.329176,0.0430781,0.00549951,-5.10607e-05,3.14159,2.972e-06,
46.4534,-0.329172,0.0430939,0.00550651,7.36082e-05,3.14156,1.29339e-05,
46.4596,-0.329195,0.0431044,0.00551759,-8.693e-05,-3.14153,-3.87382e-05,
46.4658,-0.3292,0.0431054,0.00550406,-9.424e-05,-3.14154,-3.54711e-05,
46.4689,-0.32918,0.0430996,0.00550226,9.35573e-07,-3.14156,-3.36035e-06,
46.4742,-0.329178,0.0431005,0.00550447,4.60039e-06,3.14157,2.55291e-05,
46.4822,-0.329177,0.0430704,0.00548215,1.73674e-05,3.14152,-7.46483e-05,
46.4852,-0.32918,0.0430872,0.00550673,-6.15795e-05,-3.14156,6.78036e-05,
46.4913,-0.329215,0.0430977,0.00551224,3.66821e-05,-3.14151,-2.752e-05,
46.4944,-0.329222,0.0431021,0.00552875,8.17988e-05,-3.14143,-6.82138e-05,
46.5006,-0.329215,0.0431062,0.00551694,-4.10707e-05,-3.1415,-8.75324e-05,
46.5067,-0.329189,0.0431112,0.0055074,2.50413e-06,3.14156,6.72356e-05,
46.5099,-0.329182,0.0430759,0.00550574,-4.63498e-05,-3.14158,-3.81967e-05,
46.5152,-0.329192,0.0430794,0.00549135,-5.07857e-05,3.14158,-5.77014e-05,
46.5213,-0.329189,0.0430977,0.00551875,-0.000106273,-3.14151,-1.2758e-05,
46.5244,-0.329175,0.0430969,0.00550416,-3.20978e-05,-3.14157,1.34299e-05,
46.5309,-0.329204,0.0430922,0.00550297,7.72764e-05,-3.14153,-1.6907e-06,
46.5354,-0.329165,0.0430749,0.00549903,-2.17277e-06,-3.14158,9.33039e-05,
46.5386,-0.329205,0.0431007,0.00551123,4.96715e-05,-3.14149,-2.19958e-05,
46.5448,-0.329176,0.0430894,0.00550381,-2.07035e-05,-3.14158,-4.80324e-05,
46.5903,-0.329189,0.0431076,0.00552085,6.87809e-05,-3.14157,-9.81979e-05,
46.5934,-0.329189,0.0430814,0.00550108,6.61815e-05,-3.14153,1.52119e-05,
46.5977,-0.329159,0.043082,0.00548306,-1.17749e-05,3.1415,-0.000104116,
46.6007,-0.329168,0.043072,0.00549026,-8.83454e-05,3.14157,-9.81557e-05,
46.6068,-0.329192,0.043082,0.00549813,-3.12912e-05,3.14157,-2.83961e-06,
46.6131,-0.329189,0.0430906,0.00551107,2.60621e-05,-3.14155,2.53762e-05,
46.6163,-0.329188,0.0430874,0.00550022,5.63169e-05,-3.14157,-1.31735e-05,
46.6217,-0.329193,0.0430908,0.0055176,-2.91822e-05,-3.14153,-4.67327e-05,
46.7037,-0.329192,0.0430957,0.00550548,-1.51297e-05,-3.14159,-2.01429e-05,
46.7069,-0.329196,0.0431069,0.00551183,2.62608e-05,-3.14155,-6.75314e-05,
46.7112,-0.329174,0.0430877,0.00549361,7.42551e-05,3.14156,-5.03956e-05,
46.7173,-0.3292,0.0430927,0.00550212,8.85587e-05,-3.14159,-0.000123006,
46.7204,-0.329218,0.0431106,0.00550562,1.60402e-05,-3.1415,-7.8439e-05,
46.7267,-0.329167,0.0430865,0.005492,-1.20696e-05,3.14155,-8.47986e-06,
46.7328,-0.329167,0.0430939,0.00549854,-9.72927e-05,3.14155,-7.78233e-06,
46.7359,-0.329184,0.0431081,0.00550206,-7.60534e-05,-3.14155,-3.965e-05,
46.7563,-0.329192,0.0430959,0.0055075,3.97286e-06,-3.14156,-9.04603e-05,
46.7595,-0.329213,0.0431295,0.00550955,-9.79484e-05,-3.14152,-0.000103048,
46.7648,-0.329188,0.0430951,0.00552688,-2.92027e-06,-3.14152,-8.86731e-05,
46.7711,-0.329198,0.0430817,0.00549227,0.000107865,-3.14157,5.40847e-05,
46.7742,-0.329203,0.0431069,0.00551305,5.70748e-05,-3.1415,-3.29879e-05,
46.7803,-0.329188,0.043092,0.00550999,9.65798e-05,-3.14157,-1.85888e-05,
46.7834,-0.329187,0.0430965,0.00549776,-0.000110207,3.14159,3.09796e-05,
46.7896,-0.329199,0.0430852,0.00550465,2.00614e-05,-3.14155,4.5218e-05,
46.8758,-0.329218,0.0431146,0.00553187,-1.43569e-05,-3.14148,-9.86548e-05,
46.8789,-0.329213,0.0431186,0.00551451,3.55728e-05,-3.14151,-0.000167585,
46.8832,-0.32918,0.0431056,0.00551874,-2.09598e-05,-3.14157,-8.55212e-05,
46.8864,-0.329211,0.0431001,0.00551287,5.34049e-05,-3.14149,-5.14346e-05,
46.8897,-0.329192,0.043087,0.00550294,-3.4277e-05,3.14159,2.26416e-06,
46.8961,-0.329191,0.0430994,0.00550333,3.09191e-05,-3.14156,-5.24906e-05,
46.9023,-0.329219,0.0431095,0.0055028,-9.65105e-05,-3.14151,-1.76597e-05,
46.9054,-0.329193,0.043101,0.0054955,2.14246e-05,3.14155,-5.28581e-05,
46.9518,-0.3292,0.0430958,0.00550553,-3.25598e-05,-3.14152,-7.15541e-05,
46.9561,-0.329209,0.0431109,0.00552148,-9.87443e-05,-3.14147,-5.14176e-05,
46.9592,-0.329188,0.0430898,0.00552019,1.1254e-05,-3.14154,-6.3573e-05,
46.9653,-0.329203,0.0431233,0.00551717,-0.000125308,-3.14156,-7.15081e-05,
46.9715,-0.329203,0.0431094,0.0055082,-8.45238e-05,-3.14152,-2.48383e-05,
46.9746,-0.329171,0.0430966,0.00549849,-3.29888e-05,3.14157,-9.8037e-06,
46.9789,-0.329206,0.0431071,0.0055191,4.50011e-05,-3.14152,-8.9047e-05,
46.9845,-0.329203,0.0431017,0.00551056,1.85554e-05,-3.14155,-2.02895e-05,
46.9878,-0.329179,0.0430896,0.00549552,-1.6496e-05,3.14157,4.96874e-06,
46.9962,-0.329179,0.0430738,0.00550375,-1.46854e-05,3.14158,-5.34373e-05,
47.0045,-0.329187,0.0430935,0.00551746,5.11523e-06,-3.14155,-1.02306e-05,
47.0077,-0.329197,0.0430916,0.00550095,3.96324e-05,-3.14157,4.54013e-06,
47.0128,-0.329221,0.0431128,0.00551859,-6.91416e-05,-3.14151,-5.09887e-05,
47.0158,-0.329188,0.0431056,0.00550579,7.1402e-05,-3.14157,-9.96848e-05,
47.0221,-0.329206,0.0431093,0.00551872,6.28964e-05,-3.14154,-0.000108243,
47.0283,-0.329189,0.0431019,0.00550257,5.64399e-05,-3.14158,-9.14228e-05,
47.0314,-0.329199,0.0430941,0.00551765,8.82724e-05,-3.14154,-4.09281e-05,
47.0367,-0.329188,0.0430846,0.00550291,6.15248e-06,-3.14157,-2.61067e-05,
47.0428,-0.329197,0.0430987,0.00552037,-5.43221e-05,-3.14151,-0.00015463,
47.0458,-0.32921,0.0431043,0.00551268,3.01634e-05,-3.14154,-0.000144984,
47.0521,-0.329187,0.0430805,0.00549612,-7.0627e-05,3.14159,4.58336e-05,
47.0582,-0.32921,0.0431111,0.00552039,-5.24403e-05,-3.1415,-7.54395e-05,
47.0613,-0.329182,0.0430908,0.00550809,-7.36205e-05,-3.14158,4.19827e-05,
47.0696,-0.329201,0.0431045,0.00550838,-4.62832e-05,-3.14151,-8.87583e-06,
47.0729,-0.329192,0.0431109,0.00551471,-4.63892e-05,-3.14151,-2.19388e-06,
47.0776,-0.329191,0.043104,0.00550515,-0.000132341,-3.14157,-0.000100598,
47.082,-0.329193,0.0430979,0.00550833,-3.35803e-05,-3.14154,-2.99317e-05,
47.0882,-0.329196,0.0430988,0.00550489,-1.96409e-06,-3.14155,-7.58985e-05,
47.0913,-0.329186,0.0430926,0.00549653,-8.07552e-05,-3.14157,1.73422e-05,
47.0975,-0.3292,0.0430997,0.00550586,4.52102e-06,-3.14155,-2.35141e-05,
47.1007,-0.32921,0.0431218,0.00553099,-9.95829e-05,-3.14148,-0.000134591,
47.1068,-0.3292,0.0430908,0.00550184,2.5658e-05,-3.14155,-3.34282e-05,
47.1112,-0.329191,0.0430921,0.00550176,-5.55334e-05,-3.14159,1.08627e-06,
47.1145,-0.329186,0.0431093,0.00551363,-3.94225e-05,-3.14153,-7.64244e-05,
47.1219,-0.329198,0.0430995,0.00551186,-6.22429e-05,-3.14155,-3.72681e-05,
47.1282,-0.329166,0.0430871,0.00549991,5.50566e-05,3.14152,-3.27837e-05,
47.1313,-0.329186,0.0431087,0.00550549,-9.8868e-05,-3.14157,-7.27012e-06,
47.1375,-0.329171,0.043099,0.00549053,1.31945e-05,3.14158,2.95238e-07,
47.1438,-0.329189,0.0430791,0.00550872,1.46223e-05,-3.14159,3.70685e-05,
47.1468,-0.329208,0.0431076,0.00552066,0.00011564,-3.14149,-0.000131629,
47.1531,-0.329202,0.0430966,0.00550911,0.000115265,-3.14155,-2.85797e-05,
47.1613,-0.329206,0.0430903,0.00550356,0.000143144,-3.14155,-2.95226e-05,
47.1646,-0.329203,0.0431002,0.00550409,1.19066e-05,-3.14154,3.39568e-05,
47.1698,-0.329196,0.0431021,0.0055182,-9.0718e-06,-3.14155,-6.42824e-05,
47.1729,-0.32919,0.0430906,0.00549613,-1.33841e-05,-3.14156,4.2462e-05,
47.1792,-0.329193,0.0430813,0.00550003,-2.70846e-06,3.14158,-2.52923e-05,
47.1853,-0.329213,0.0431037,0.00553566,-4.51027e-05,-3.14148,-0.000103066,
47.1884,-0.329206,0.0430875,0.00550464,6.30116e-05,-3.14154,-3.69754e-05,
47.1947,-0.329178,0.0430931,0.00551235,-6.88858e-05,-3.14157,-4.25225e-05,
47.1999,-0.329185,0.0430885,0.00550757,-2.23949e-05,3.14159,3.51487e-05,
47.2031,-0.329191,0.0430881,0.00551394,7.04261e-05,-3.14153,-9.17638e-06,
47.2075,-0.329197,0.0431076,0.00551068,2.38508e-05,-3.14156,-2.51352e-05,
47.2137,-0.32919,0.0430907,0.00551787,5.17749e-05,-3.14154,-8.31868e-05,
47.2168,-0.329205,0.0431084,0.00551892,-5.46315e-05,-3.14153,-0.000111389,
47.2231,-0.329208,0.0431054,0.00552427,7.73554e-05,-3.14147,-9.90267e-05,
47.2293,-0.329173,0.0430903,0.00548803,3.29904e-05,3.14154,-4.24359e-05,
47.2324,-0.329174,0.0431041,0.0054968,4.6449e-05,3.14157,-3.0258e-06,
47.2377,-0.329205,0.0431113,0.00552247,3.72995e-05,-3.14151,-4.73891e-05,
47.2408,-0.329213,0.0431244,0.00552048,-1.50689e-06,-3.14152,-0.000112298,
47.2472,-0.329156,0.0430855,0.0055057,9.52248e-05,3.14155,5.8298e-06,
47.2533,-0.329199,0.0430991,0.00550508,-1.41981e-05,-3.14153,1.41444e-05,
47.2563,-0.329167,0.0430837,0.00548978,4.05165e-05,3.14154,-4.89484e-05,
47.2626,-0.329183,0.0430929,0.00549028,-2.81841e-05,3.14156,-8.97201e-05,
47.2688,-0.329183,0.0430929,0.00549028,-2.81841e-05,3.14156,-8.97201e-05,
47.2719,-0.32917,0.0431007,0.00549197,3.20062e-05,3.14159,-3.69954e-05,
47.2772,-0.329181,0.0431209,0.00551778,-8.61673e-05,-3.14159,-0.000117314,
47.2833,-0.329191,0.0430886,0.00550152,1.58582e-05,-3.14156,-1.18604e-05,
47.2863,-0.329158,0.0430721,0.00549032,7.20406e-05,3.14153,-8.48322e-05,
47.2926,-0.329193,0.043104,0.00551787,7.61638e-05,-3.14151,-0.00015922,
47.2957,-0.329184,0.0430878,0.00550134,5.53627e-05,-3.14159,2.68558e-05,
47.3018,-0.329182,0.0430824,0.00551698,6.97133e-05,-3.14153,-1.47223e-05,
47.3078,-0.329194,0.0430814,0.00550455,5.58863e-05,-3.14159,3.02382e-05,
47.3109,-0.329204,0.04308,0.00550363,3.20554e-05,-3.14153,8.36156e-05,
47.3173,-0.329192,0.043108,0.00549761,-3.88553e-05,-3.14157,-1.05198e-05,
47.3233,-0.329187,0.0431089,0.00549459,6.16189e-05,3.14154,3.05285e-05,
47.3264,-0.329176,0.0430914,0.00550136,-3.01282e-05,3.14157,8.09083e-05,
47.3326,-0.329199,0.0431068,0.00550932,-4.10071e-05,-3.14156,-0.000119432,
47.3358,-0.32921,0.0431119,0.00551503,-1.441e-05,-3.14152,-2.19343e-05,
47.3441,-0.32922,0.0431074,0.00550225,-6.18581e-05,-3.14153,-0.000124389,
47.3493,-0.329198,0.0430984,0.00551959,-0.000137233,-3.14152,-1.44696e-05,
47.3924,-0.329201,0.0430949,0.00550649,1.17547e-05,-3.14157,2.644e-06,
47.3966,-0.329184,0.0430838,0.00549093,-0.000129115,3.14159,2.2516e-05,
47.4027,-0.329182,0.0430725,0.00550691,-8.3774e-05,3.14159,1.35701e-05,
47.4058,-0.329175,0.0430802,0.00549608,-4.48243e-05,3.14154,4.93894e-06,
47.4121,-0.329215,0.0430845,0.00551037,7.4477e-05,-3.14149,-8.35179e-05,
47.4183,-0.32917,0.0430821,0.00549756,3.59829e-05,3.14157,-2.5573e-05,
47.4214,-0.329172,0.0430886,0.00550835,-5.4145e-05,-3.14158,6.26859e-05,
47.4277,-0.329176,0.0431021,0.00549216,-4.63858e-06,3.14157,-5.00253e-06,
47.4324,-0.329198,0.0431304,0.00551687,-7.84179e-05,-3.14154,-0.000146782,
47.4358,-0.329179,0.0430841,0.00550413,0.000135564,-3.14158,1.18745e-05,
47.4403,-0.329192,0.0430974,0.00550234,4.57184e-06,-3.14155,2.43517e-05,
47.4465,-0.329196,0.043107,0.00550222,-4.18537e-05,-3.14156,-2.38595e-05,
47.4497,-0.32921,0.043112,0.0055226,-5.18409e-05,-3.14151,-5.17482e-05,
47.4557,-0.329181,0.0431013,0.00550455,8.91374e-06,3.14158,7.47049e-05,
47.4588,-0.329176,0.0431001,0.00549287,8.73014e-05,3.14158,5.74836e-05,
47.4651,-0.329181,0.0430821,0.00549946,-3.53472e-05,-3.14157,0.000108882,
47.5498,-0.32918,0.0430898,0.00549868,6.75609e-06,3.14158,-1.09774e-05,
47.5529,-0.329186,0.0430983,0.0055,7.4239e-05,3.14159,-1.33966e-05,
47.5572,-0.329181,0.0430861,0.00551363,-4.86796e-05,3.14159,0.000103247,
47.5652,-0.329182,0.0430829,0.00550056,-2.86799e-05,-3.14159,8.21824e-05,
47.5683,-0.329168,0.043081,0.0054994,-9.89339e-06,3.14159,-7.94702e-06,
47.5743,-0.329178,0.0430937,0.00548985,3.28311e-05,3.14157,-1.31678e-05,
47.5805,-0.329186,0.0431047,0.00550775,-9.22005e-05,-3.14159,-3.85531e-05,
47.5837,-0.329167,0.0431067,0.0055021,0.000136272,3.14158,2.72062e-06,
47.5898,-0.329201,0.0431265,0.00551543,-5.54685e-05,-3.14154,-7.01533e-05,
47.5951,-0.329189,0.0430916,0.00549959,5.33534e-06,-3.14156,2.89189e-05,
47.5982,-0.329206,0.0431044,0.00550388,-0.000113103,-3.14156,-4.03024e-05,
47.6043,-0.329181,0.0431111,0.00551572,-3.5099e-05,-3.14156,-9.39776e-05,
47.6076,-0.329178,0.0430836,0.00550721,-8.53259e-05,-3.14155,3.59793e-05,
47.6157,-0.329166,0.0430858,0.00550051,7.36262e-05,3.14156,-6.52178e-05,
47.6208,-0.329213,0.0431048,0.00551199,-2.17734e-05,-3.14152,-3.78822e-05,
47.6239,-0.329184,0.0430994,0.00550584,5.49128e-06,-3.14154,-1.05781e-05,
47.6302,-0.329175,0.0430875,0.0055005,-1.87634e-05,3.14158,3.2068e-06,
47.6353,-0.329173,0.043078,0.00549593,1.36852e-05,3.14159,-0.000135583,
47.6385,-0.329146,0.0430975,0.00548567,4.69954e-05,3.1415,-7.83091e-07,
47.6447,-0.329186,0.043084,0.00550586,3.85325e-06,-3.14158,-5.16451e-05,
47.6478,-0.329181,0.0430808,0.00550097,-2.52328e-05,3.14158,-4.55759e-05,
47.6562,-0.32921,0.0431079,0.00551776,9.1676e-05,-3.1415,-0.00013151,
47.6627,-0.329191,0.0430911,0.00549649,-7.40815e-06,-3.14157,1.73027e-05,
47.6658,-0.329205,0.0431135,0.00551682,-5.9247e-05,-3.14154,-8.75422e-05,
47.6721,-0.329157,0.0430698,0.00549836,-3.04021e-05,3.14154,-0.000112951,
47.6774,-0.329185,0.0430951,0.00551156,5.15947e-06,-3.14157,-2.25333e-05,
47.6805,-0.329191,0.0431003,0.00551306,-1.3501e-05,-3.14154,-2.07407e-05,
47.6867,-0.329202,0.0431001,0.00550636,-7.35963e-05,-3.14154,5.85225e-05,
47.6928,-0.329179,0.0430739,0.00551887,5.53388e-05,-3.14151,6.53771e-05,
47.6961,-0.329194,0.0431032,0.00552611,2.82942e-05,-3.14155,-0.000102551,
47.7006,-0.329182,0.0430836,0.00550329,4.42402e-05,-3.14159,-1.6956e-05,
47.7052,-0.329179,0.0430933,0.00550189,-6.27235e-05,3.14156,7.28019e-06,
47.7085,-0.329161,0.0430795,0.00549586,4.28332e-05,3.14155,-7.41578e-05,
47.7152,-0.32918,0.0430725,0.00549186,-7.63103e-05,3.14156,-4.62245e-05,
47.7195,-0.329216,0.0431185,0.00552045,1.95273e-05,-3.14148,-6.65244e-05,
47.7227,-0.329179,0.0430853,0.00549779,9.60741e-05,-3.14156,3.82105e-05,
47.7288,-0.329221,0.0431035,0.00551084,-7.40254e-05,-3.14149,-5.52961e-05,
47.735,-0.329176,0.0430876,0.0054861,-1.86864e-05,3.14154,-3.8583e-05,
47.7382,-0.32918,0.043087,0.00550193,-1.84462e-05,3.14157,-4.21356e-05,
47.7453,-0.329201,0.0431047,0.00551693,6.81715e-05,-3.14152,-5.37949e-05,
47.7516,-0.329177,0.0430914,0.00550435,-1.64803e-05,3.14157,5.74559e-05,
47.7547,-0.329194,0.0431089,0.00551504,-0.000105967,-3.14156,2.64037e-05,
47.7599,-0.329188,0.0430959,0.00550242,6.3782e-05,-3.14157,-1.65755e-05,
47.7662,-0.329205,0.0431245,0.00549879,-0.000112273,-3.14156,-4.40356e-05,
47.7692,-0.329179,0.0431026,0.00550467,5.98875e-05,3.14156,0.000102262,
47.7752,-0.3292,0.0431079,0.00552619,-4.72959e-05,-3.14153,-9.95128e-05,
47.7783,-0.329192,0.0431087,0.00550301,-3.51363e-05,-3.14158,-5.01327e-05,
47.7846,-0.329204,0.0431036,0.00550067,-1.65077e-05,-3.14153,5.03869e-05,
47.7918,-0.329212,0.0431019,0.00550608,-6.01888e-05,-3.14154,3.06357e-05,
47.795,-0.329199,0.0431019,0.00550716,7.04608e-05,-3.14155,-3.35406e-05,
47.8003,-0.329189,0.043094,0.00550019,-1.24993e-05,-3.14156,-3.49312e-05,
47.8063,-0.329188,0.0430967,0.00550492,-5.0868e-06,-3.14158,-7.94221e-05,
47.8094,-0.329196,0.043079,0.00551201,8.37043e-05,-3.14155,2.39397e-05,
47.8156,-0.32919,0.0430861,0.00551104,6.31084e-05,-3.14152,-6.86105e-06,
47.8187,-0.329174,0.0430875,0.00549168,-1.94906e-05,3.14157,-4.46022e-05,
47.8248,-0.329194,0.0430885,0.00551793,2.29407e-05,-3.14156,-1.53357e-05,
47.8703,-0.329187,0.0430899,0.00551481,4.42181e-05,-3.14155,-4.61285e-05,
47.8734,-0.329167,0.0431036,0.00549205,6.45509e-05,3.14154,-5.32563e-05,
47.8817,-0.329202,0.0431098,0.00551788,-7.54741e-05,-3.14149,-5.27369e-05,
47.8867,-0.329185,0.0430892,0.00549644,-2.14493e-05,-3.14157,-7.39486e-06,
47.8898,-0.329172,0.0430933,0.00549921,-7.03793e-05,3.14155,3.82802e-05,
47.8961,-0.329197,0.0431074,0.00551875,1.66642e-05,-3.14151,-8.50218e-05,
47.9022,-0.3292,0.0430854,0.00550452,-0.000102279,3.14159,-1.83418e-05,
47.9053,-0.32918,0.0430917,0.00550812,2.71041e-05,3.14158,3.24368e-05,
47.9116,-0.329194,0.0430866,0.00553204,8.17643e-05,-3.14151,-0.000140721,
47.9147,-0.329171,0.043098,0.00549071,6.05218e-05,3.14158,-3.95883e-05,
47.92,-0.329177,0.0430855,0.00549431,-6.29488e-05,3.14159,-4.64456e-05,
47.9244,-0.329161,0.0430817,0.005499,1.36846e-06,3.14154,4.56914e-05,
47.9277,-0.329191,0.0431109,0.00551758,-2.75902e-05,-3.14151,-2.82936e-05,
47.9322,-0.329204,0.043112,0.00551875,-6.13092e-05,-3.14151,-9.69243e-05,
47.9401,-0.329166,0.0430896,0.00549606,-3.5312e-05,3.14156,1.265e-05,
47.9462,-0.329203,0.0430936,0.0055015,-1.50713e-05,-3.14155,3.82891e-05,
47.9493,-0.329198,0.0431014,0.00551755,-3.51011e-05,-3.1415,-3.29659e-05,
47.9547,-0.329186,0.043091,0.00550841,6.31514e-05,-3.14157,-9.72119e-05,
47.9577,-0.329194,0.0430863,0.00550959,-2.2722e-05,-3.14156,2.615e-05,
47.9638,-0.329184,0.0430855,0.00549585,2.71698e-05,3.14157,-4.55172e-05,
47.9684,-0.329167,0.043104,0.00550208,0.00013178,3.14158,2.51126e-06,
47.9716,-0.329202,0.0430853,0.00551456,4.95262e-05,-3.14149,9.30344e-06,
47.9778,-0.329206,0.0431002,0.00551411,8.26033e-05,-3.1415,-6.29576e-05,
47.9838,-0.329194,0.0430875,0.00549636,7.50188e-05,-3.14157,1.18564e-05,
47.9869,-0.329181,0.043093,0.005514,-8.08425e-05,-3.14155,-2.97853e-05,
47.9922,-0.329196,0.0430843,0.00552036,6.97213e-05,-3.14152,-6.36483e-05,
47.9982,-0.329199,0.0431031,0.00550677,1.15328e-05,-3.14154,-9.27676e-05,
48.0013,-0.329174,0.0430891,0.00549762,6.06649e-05,3.14159,-3.8249e-05,
48.0076,-0.329195,0.043085,0.00549565,-8.17777e-06,-3.14156,4.43637e-05,
48.0108,-0.329152,0.0430796,0.00548664,3.37062e-05,3.14149,-1.17466e-05,
48.016,-0.329189,0.0430923,0.00552004,2.59268e-05,-3.14158,-6.33621e-05,
48.0205,-0.329174,0.0430962,0.00549675,-9.01693e-06,3.14158,-2.58211e-05,
48.0237,-0.329208,0.0431055,0.00551524,0.000114625,-3.14153,-9.15569e-05,
48.0288,-0.329189,0.0430908,0.00551705,-1.47833e-05,-3.14154,-9.82844e-05,
48.0351,-0.329197,0.0430984,0.00551865,6.37039e-06,-3.14157,-2.92664e-05,
48.0382,-0.329191,0.0430974,0.00550451,-2.84132e-05,-3.14157,-4.08744e-05,
48.0443,-0.329206,0.0430779,0.00551565,0.000102629,-3.14151,-3.19127e-05,
48.0505,-0.329176,0.0430816,0.00550541,-5.87915e-05,3.14156,-3.27439e-05,
48.0537,-0.32919,0.0430807,0.005501,2.93363e-05,-3.14159,-5.1209e-05,
48.0589,-0.329207,0.043112,0.00551666,-0.000138569,-3.14151,-4.09108e-05,
48.0655,-0.329168,0.0430983,0.00551431,-0.000112989,-3.14157,-4.8415e-05,
48.0686,-0.329203,0.0430863,0.00551637,3.20278e-05,-3.14153,2.24317e-06,
48.0739,-0.329174,0.0430866,0.00549541,-9.59992e-05,3.14157,1.41095e-05,
48.0802,-0.329215,0.0431209,0.00551683,-0.000143649,-3.1415,-0.000103867,
48.0832,-0.329215,0.0431051,0.00551101,-2.91021e-05,-3.14152,-8.81867e-05,
48.0893,-0.32919,0.043074,0.00551208,8.89401e-05,-3.14156,2.49754e-05,
48.0923,-0.329202,0.043092,0.00550765,2.26458e-05,-3.14155,-8.88652e-05,
48.0986,-0.3292,0.0431123,0.00552446,4.20999e-05,-3.14154,-0.000195387,
48.1048,-0.329213,0.0431135,0.00552127,-3.29653e-05,-3.14151,-9.65203e-05,
48.108,-0.329193,0.043102,0.00551297,-2.59483e-06,-3.14158,3.16549e-06,
48.1133,-0.329178,0.0430751,0.00551025,-2.95917e-05,-3.14157,0.00010364,
48.1195,-0.329201,0.0431143,0.00552882,-3.95156e-05,-3.14147,-9.52217e-05,
48.1226,-0.329176,0.0430923,0.00549512,3.99081e-05,3.14156,-6.06923e-05,
48.1287,-0.329201,0.0430868,0.00551745,2.76646e-05,-3.14154,-5.84231e-05,
48.1318,-0.32915,0.0430721,0.00550506,-3.50276e-05,3.14152,4.83031e-06,
48.1381,-0.329186,0.0430962,0.00550943,4.61689e-06,-3.14155,-3.08791e-05,
48.1443,-0.329207,0.0431015,0.00552307,-8.49796e-07,-3.14153,-0.000111507,
48.1477,-0.329204,0.0431147,0.00551586,-7.42655e-05,-3.14156,-9.62616e-05,
48.1532,-0.329205,0.0430885,0.00551044,2.33007e-05,-3.14153,-4.73449e-05,
48.1577,-0.329191,0.043089,0.00550287,-3.95863e-05,-3.14156,-1.58857e-05,
48.1609,-0.329188,0.0430903,0.00550353,-1.88849e-05,-3.14156,7.08282e-05,
48.1672,-0.329198,0.0430991,0.00550729,-4.04943e-05,-3.14156,-1.82935e-05,
48.1733,-0.329179,0.0430959,0.00550336,-5.16095e-05,3.14159,-6.12508e-06,
48.1764,-0.329184,0.0430957,0.00549836,-1.41657e-05,-3.14156,4.79095e-05,
48.1827,-0.329182,0.0430852,0.00550988,-2.85577e-05,-3.14156,3.33164e-05,
48.1878,-0.329182,0.0431076,0.00549919,9.85839e-05,3.14159,8.7671e-05,
48.1911,-0.329174,0.0430959,0.00549574,4.02878e-05,3.14158,7.93871e-06,
48.1973,-0.329213,0.0430894,0.0055208,9.78911e-05,-3.14148,3.24281e-05,
48.2033,-0.32919,0.0430954,0.00552149,1.10143e-05,-3.14155,-3.11969e-05,
48.2064,-0.329199,0.0431124,0.00551046,-2.84076e-05,-3.14156,-8.45665e-05,
48.2126,-0.329204,0.0431033,0.00551881,2.33022e-05,-3.14153,-0.000123722,
48.2157,-0.329194,0.0431089,0.00552237,-0.000125043,-3.1415,-2.88258e-05,
48.2218,-0.329186,0.0430783,0.00551358,1.76945e-05,-3.14155,6.88061e-05,
48.2271,-0.329184,0.0430749,0.00550506,3.05731e-05,-3.14157,4.67641e-05,
48.2302,-0.329192,0.0430899,0.00552565,3.76726e-05,-3.1415,-0.000101926,
48.2364,-0.329194,0.0430878,0.00550863,-1.52118e-05,-3.14157,1.50685e-05,
48.241,-0.329203,0.0430877,0.00551147,4.48661e-06,-3.14152,-7.33388e-06,
48.2441,-0.329188,0.0430953,0.00549877,8.805e-05,3.14158,-8.87878e-05,
48.2503,-0.329196,0.0430988,0.005515,-4.50782e-05,-3.14153,1.66837e-05,
48.2565,-0.329188,0.0431036,0.00552058,1.22281e-05,-3.14151,-9.03126e-05,
48.3379,-0.329217,0.0431161,0.00550611,-1.42274e-05,-3.14152,-3.16593e-05,
48.3421,-0.329184,0.0430917,0.00551708,2.9901e-05,-3.14157,-7.14264e-05,
48.3482,-0.329186,0.0430941,0.00549739,-3.67935e-05,3.14159,1.68158e-05,
48.3513,-0.329205,0.0431158,0.00551967,-9.82868e-05,-3.14151,-7.49134e-06,
48.3576,-0.329201,0.043115,0.00550619,-7.26852e-05,-3.14155,-2.77854e-05,
48.3607,-0.329194,0.0430968,0.00551092,-7.43302e-06,-3.14152,1.85459e-06,
48.3668,-0.329186,0.0431097,0.00550404,8.53891e-05,3.14159,5.8835e-05,
48.3721,-0.329176,0.0430864,0.00550635,-0.000121168,3.14157,-1.65173e-06,
48.4573,-0.32918,0.0431022,0.00550243,4.19604e-05,3.14158,2.59031e-05,
48.4605,-0.329216,0.0431184,0.00550506,-3.94924e-05,-3.14152,-7.64862e-05,
48.4648,-0.329187,0.04308,0.00550188,-4.4081e-05,3.14159,-6.70627e-06,
48.4678,-0.32921,0.0430808,0.00553238,4.86824e-05,-3.14144,-2.40801e-05,
48.4741,-0.329197,0.0430836,0.00551097,-3.30626e-06,-3.14157,1.05105e-05,
48.4803,-0.329209,0.0431141,0.00551279,-7.42321e-05,-3.14154,-7.28287e-05,
48.4834,-0.329184,0.0430981,0.00549578,-5.15971e-05,3.14157,-1.90995e-05,
48.4897,-0.329183,0.043088,0.00550638,-4.14251e-05,-3.14159,3.04141e-05,
48.5993,-0.329189,0.0430735,0.00551242,-0.000114211,3.14159,-6.99548e-06,
48.6027,-0.329198,0.0430695,0.00550994,8.14027e-05,-3.14156,2.62686e-05,
48.6079,-0.329189,0.043088,0.00550557,6.28348e-05,-3.14157,2.35849e-05,
48.6142,-0.32919,0.0430999,0.00550911,-5.90667e-05,-3.14155,-3.35483e-05,
48.6172,-0.329199,0.0430989,0.00550591,-3.83445e-05,-3.14157,-7.52535e-06,
48.6233,-0.3292,0.0431027,0.00551627,-3.53436e-05,-3.14152,5.05856e-07,
48.6263,-0.32922,0.0431119,0.00551476,-2.36577e-05,-3.14151,-0.000178269,
48.6326,-0.329226,0.04309,0.00552787,9.51807e-05,-3.14146,-0.000116,
48.6787,-0.329186,0.0430849,0.0055132,6.3674e-05,-3.14153,2.51856e-05,
48.6817,-0.329207,0.0431004,0.00550909,-3.10727e-06,-3.14155,-4.30552e-05,
48.6859,-0.32918,0.043099,0.00550143,-5.05232e-06,3.14158,-3.98427e-05,
48.6925,-0.329208,0.0431057,0.00550092,-0.00010191,-3.14155,9.09762e-06,
48.6958,-0.329209,0.043099,0.00551636,-5.54489e-05,-3.1415,-2.39757e-05,
48.7037,-0.329174,0.043092,0.00549865,-3.98684e-05,3.14159,5.12648e-06,
48.7087,-0.329176,0.0430945,0.00550343,-5.15578e-05,3.14158,-1.33391e-05,
48.7118,-0.329187,0.0431006,0.0055109,1.57673e-05,-3.14157,-5.33427e-05,
48.7181,-0.329195,0.0431143,0.005524,-3.94842e-05,-3.14151,-0.000135577,
48.7233,-0.329185,0.0430932,0.00550465,-7.24366e-05,-3.14158,-8.10799e-05,
48.7265,-0.329164,0.0430828,0.00549364,-1.10047e-05,3.14154,-9.00595e-05,
48.7346,-0.329163,0.0430826,0.00549492,0.000120024,3.14155,-8.06703e-05,
48.7377,-0.329168,0.0430997,0.00549421,-1.88075e-05,3.14151,8.66854e-05,
48.7428,-0.329178,0.0430941,0.00549624,-4.50999e-05,3.14159,1.28395e-05,
48.749,-0.329177,0.0430825,0.00549837,3.47519e-05,3.14156,-6.62569e-05,
48.7522,-0.329177,0.0430787,0.005504,2.24549e-05,3.14157,5.58615e-05,
48.7583,-0.329182,0.0430951,0.00550684,-1.41724e-05,-3.14157,-1.52047e-05,
48.7636,-0.329199,0.0431075,0.00551821,-6.15391e-05,-3.14154,-5.47805e-05,
48.7667,-0.329203,0.0430977,0.00551601,5.18673e-05,-3.14151,-8.97601e-05,
48.7728,-0.329204,0.0430953,0.00550954,3.77453e-05,-3.14152,-9.05647e-05,
48.7782,-0.32918,0.0430992,0.00551021,2.10156e-05,3.14159,5.47461e-05,
48.7813,-0.329193,0.0430801,0.00550519,5.63306e-05,-3.14153,1.21526e-05,
48.7875,-0.329188,0.0431156,0.00551399,-1.35496e-05,-3.14156,-3.44443e-05,
48.7906,-0.329183,0.0431037,0.0055152,3.09449e-05,-3.14155,-0.000104484,
48.7968,-0.329219,0.0431065,0.00553075,-3.87828e-05,-3.14147,-0.000164124,
48.8022,-0.329179,0.0430827,0.00549862,-9.48468e-05,3.14157,-7.70709e-05,
48.8052,-0.329189,0.0430949,0.00551179,3.41391e-05,3.14158,8.08596e-07,
48.8113,-0.329211,0.0430959,0.00552735,-2.81187e-05,-3.1415,1.25228e-05,
48.8175,-0.329196,0.0431063,0.00550222,7.1279e-05,3.14159,2.67224e-05,
48.8207,-0.329177,0.0430911,0.00551146,-5.39832e-05,-3.14159,-3.20665e-05,
48.8253,-0.329168,0.0430932,0.00550568,-1.13206e-05,3.14158,3.47096e-05,
48.8315,-0.329171,0.0430864,0.00549359,-3.69312e-05,3.14158,4.55528e-06,
48.8761,-0.329201,0.0430989,0.00551835,3.66732e-05,-3.14154,-8.29012e-05,
48.8803,-0.329189,0.0431089,0.00549886,-9.80863e-05,-3.14157,1.49872e-05,
48.8865,-0.32917,0.0430788,0.00548415,-3.52555e-05,3.14152,-1.5668e-05,
48.8896,-0.329189,0.043102,0.00549918,4.73506e-05,3.14158,-7.11855e-06,
48.8957,-0.3292,0.0431094,0.00551893,-9.87025e-05,-3.1415,-6.50993e-05,
48.8988,-0.329173,0.0430919,0.00551429,7.51358e-05,3.14159,2.85691e-06,
48.9051,-0.329201,0.0430965,0.00551692,1.89351e-05,-3.14147,-1.63758e-05,
48.9132,-0.329178,0.0431071,0.00551112,-7.27051e-05,-3.14159,-4.39021e-05,
48.9167,-0.32917,0.0430905,0.00549466,0.000136434,3.14156,-6.45603e-05,
48.9211,-0.329186,0.0431004,0.00550041,-2.08454e-05,-3.14156,1.43647e-05,
48.9273,-0.329161,0.0431031,0.00549965,7.25531e-06,3.14157,3.72154e-05,
48.9304,-0.329193,0.0431123,0.00550174,-5.52855e-05,3.14155,8.53196e-05,
48.9366,-0.329161,0.0430793,0.00551249,6.17942e-05,3.14156,-3.78503e-05,
48.9427,-0.329165,0.0431028,0.0054948,5.89798e-05,3.14154,5.89847e-05,
48.9458,-0.329178,0.0431034,0.00551927,3.22266e-06,-3.14155,-0.000117269,
48.9521,-0.329192,0.0431,0.00550388,5.41389e-05,-3.14157,-7.50973e-05,
49.0348,-0.329188,0.0431016,0.00551006,-1.41832e-05,-3.14157,-5.54243e-05,
49.0379,-0.329197,0.0431037,0.00552241,-5.3495e-08,-3.14151,-4.41394e-05,
49.0421,-0.329194,0.0430878,0.00550989,7.62697e-05,-3.14158,-4.37494e-05,
49.0464,-0.329187,0.0430799,0.0054926,-9.28261e-05,3.14157,-2.69637e-05,
49.0496,-0.329172,0.0430867,0.0054877,6.58052e-05,3.14156,-4.77989e-05,
49.0557,-0.329198,0.0431036,0.00552731,3.66284e-05,-3.14153,-0.000107534,
49.0588,-0.329176,0.043099,0.00549331,-3.00822e-05,3.14157,1.34553e-06,
49.0651,-0.329198,0.043086,0.00551731,0.00011611,-3.14151,-7.81885e-06,
49.144,-0.329192,0.0430969,0.00550538,4.35423e-05,-3.14158,-7.37852e-05,
49.1482,-0.329184,0.0431024,0.00551128,3.01474e-05,-3.14157,-9.25401e-05,
49.1513,-0.329184,0.0430995,0.00551026,6.89256e-06,-3.14155,-3.91681e-05,
49.1575,-0.329184,0.04309,0.00551032,5.83581e-05,-3.14157,-1.33352e-05,
49.1607,-0.329186,0.0430933,0.0055072,6.31e-05,-3.14158,-8.45799e-05,
49.1668,-0.329209,0.0431165,0.00551246,-0.000124298,-3.1415,-2.32047e-05,
49.173,-0.329182,0.0430824,0.00551662,-2.76691e-05,-3.14156,-6.16425e-05,
49.1762,-0.329164,0.0430811,0.00549611,-1.12544e-05,3.14157,-5.3407e-05,
49.2227,-0.329218,0.0430964,0.0055219,4.8549e-05,-3.14151,-7.9132e-05,
49.2307,-0.329179,0.0431088,0.00549869,-7.25749e-05,-3.14159,1.05589e-06,
49.2338,-0.329207,0.043114,0.00551186,5.06811e-05,-3.14157,-5.92059e-05,
49.2388,-0.329164,0.043093,0.0054946,8.69768e-05,3.14153,-1.14695e-05,
49.2419,-0.329206,0.0431031,0.00550519,2.77401e-05,-3.14153,1.97938e-06,
49.2481,-0.329173,0.0430866,0.00549904,4.76063e-05,3.14156,-0.000108405,
49.2542,-0.329197,0.0431028,0.00549663,-1.92646e-05,-3.14157,-3.75727e-05,
49.2574,-0.329183,0.0430852,0.00550755,1.63418e-05,-3.14158,1.54117e-05,
49.3223,-0.329188,0.0430804,0.00550468,1.87816e-05,-3.14155,2.01839e-05,
49.3256,-0.329182,0.0430954,0.00550141,-5.4441e-05,-3.14157,-4.02318e-05,
49.331,-0.329203,0.0431036,0.00550633,6.89902e-05,-3.14152,-6.35008e-06,
49.3372,-0.329199,0.0431076,0.00551407,-3.31122e-05,-3.14154,-1.12328e-05,
49.3403,-0.329189,0.0430883,0.00550319,6.97266e-05,-3.14156,6.17198e-07,
49.3466,-0.329178,0.0430958,0.00550589,-7.25537e-05,-3.14158,-3.45441e-05,
49.3497,-0.329188,0.0431103,0.00551492,1.13264e-05,-3.14154,-5.36484e-05,
49.3558,-0.329195,0.0431045,0.00551237,-3.27329e-05,-3.14152,-6.74124e-05,
49.3632,-0.329193,0.0431089,0.00550239,-1.12836e-05,3.14159,7.5079e-05,
49.3665,-0.3292,0.0430912,0.0055099,-0.000105542,-3.14151,6.38e-06,
49.372,-0.329186,0.0430973,0.00550409,4.07793e-05,3.14154,3.75321e-05,
49.3782,-0.3292,0.0431145,0.00550054,0.000110313,3.14159,1.1368e-05,
49.3813,-0.329173,0.0431002,0.0054957,6.04867e-05,3.14159,-2.47543e-07,
49.3876,-0.329185,0.0430928,0.00549762,-1.64688e-05,-3.14156,7.98322e-05,
49.3937,-0.329229,0.0430958,0.0055116,-6.61076e-06,-3.14147,-3.16303e-05,
49.3968,-0.329165,0.0430901,0.00548408,6.0649e-05,3.14152,-4.35051e-05,
49.4446,-0.329196,0.0430907,0.00549831,-4.41961e-05,-3.14157,1.51447e-05,
49.4487,-0.329192,0.0431076,0.005535,5.09113e-05,-3.14151,-0.00013565,
49.452,-0.329186,0.0430936,0.00550891,-7.22008e-07,-3.14157,-2.68925e-05,
49.4576,-0.329201,0.0431071,0.00551679,-5.92991e-05,-3.14155,-6.90988e-05,
49.4637,-0.329194,0.0431157,0.00551235,-2.8271e-05,-3.14151,-2.1618e-05,
49.4668,-0.329199,0.0431001,0.00551351,-8.43319e-05,-3.14147,-8.16223e-07,
49.4731,-0.329207,0.043101,0.00550035,-2.83718e-05,-3.14155,-2.96151e-05,
49.4792,-0.329193,0.0431017,0.00550417,1.14386e-05,-3.14155,-3.40501e-05,
49.5232,-0.329198,0.0430904,0.00550759,-1.44583e-05,-3.14155,4.52106e-05,
49.5272,-0.329203,0.0430877,0.00550983,4.95385e-05,-3.14152,-2.5814e-05,
49.5332,-0.329171,0.0430922,0.00549872,9.21171e-05,3.14159,-4.67329e-05,
49.5363,-0.329193,0.0431018,0.00551059,-2.31948e-05,-3.14155,-3.78187e-05,
49.5445,-0.329186,0.0430964,0.00550662,2.9793e-05,-3.14159,-5.19803e-06,
49.5476,-0.329199,0.0431072,0.00550244,-8.01168e-05,-3.14156,-2.16928e-05,
49.5527,-0.329191,0.0430919,0.00550064,4.34594e-05,-3.14157,1.95332e-05,
49.559,-0.329175,0.0430853,0.00549848,-5.8519e-05,3.14159,-1.09399e-05,
49.6024,-0.329193,0.0431047,0.00551877,3.53219e-06,-3.14155,-2.51603e-05,
49.6066,-0.32919,0.0431046,0.00550756,-9.78521e-05,-3.14156,-9.26302e-05,
49.6127,-0.329198,0.043105,0.00551504,-9.653e-06,-3.14151,-3.54031e-05,
49.6158,-0.329216,0.0431132,0.00552057,-2.59996e-05,-3.14148,-0.000116778,
49.6221,-0.329188,0.0431026,0.00550542,-0.000114478,-3.14156,-2.54313e-05,
49.6282,-0.329196,0.0430956,0.00552305,2.33738e-05,-3.14151,-9.87609e-05,
49.6315,-0.329201,0.0431069,0.00550933,-2.03978e-05,-3.1415,-0.000128259,
49.6371,-0.329197,0.0430879,0.00551326,6.29634e-05,-3.14154,-4.74984e-05,
49.6448,-0.329194,0.0430987,0.00552411,4.19788e-05,-3.14152,-9.05472e-05,
49.6482,-0.329202,0.0430828,0.00551135,4.39632e-05,-3.14155,7.38198e-06,
49.6562,-0.329194,0.043082,0.00549559,0.000102769,-3.14158,-2.00739e-05,
49.6612,-0.329189,0.0430777,0.00551103,0.000107157,-3.14154,-8.46061e-06,
49.6643,-0.329228,0.0431327,0.00551516,-0.000112171,-3.14148,-0.000110443,
49.6706,-0.329188,0.0430777,0.00551548,3.14197e-05,-3.14154,-9.47769e-06,
49.6736,-0.32918,0.0430888,0.00551024,2.3142e-05,-3.14158,-8.19597e-06,
49.68,-0.329173,0.0430861,0.00549918,-9.1268e-05,-3.14159,2.34868e-05,
49.6863,-0.329188,0.0430992,0.00550496,-9.43697e-06,-3.14154,-3.91502e-05,
49.6894,-0.329201,0.0431133,0.0055117,-4.01322e-05,-3.1415,-7.49476e-05,
49.6947,-0.329195,0.0430972,0.00551087,-2.70007e-05,-3.14156,-4.55446e-05,
49.7007,-0.329217,0.043119,0.0055132,-2.31048e-05,-3.1415,-7.76247e-05,
49.7038,-0.329209,0.0431139,0.00550733,-6.528e-05,-3.14155,-3.07211e-05,
49.7101,-0.329204,0.0430989,0.00549634,5.11358e-05,-3.14157,-6.97034e-05,
49.7162,-0.329205,0.0430941,0.00550021,2.35028e-05,-3.14152,-7.40976e-06,
49.7194,-0.329203,0.0431037,0.00551587,-4.5029e-05,-3.14154,-6.07464e-05,
49.7251,-0.329197,0.0430935,0.00550738,8.04717e-05,3.14159,1.44768e-05,
49.7303,-0.329196,0.0431306,0.005518,-0.000157222,-3.14155,-0.000121808,
49.7335,-0.329189,0.0430983,0.00550799,4.41092e-05,-3.14158,-3.24162e-05,
49.7397,-0.329187,0.0430937,0.00551841,-2.91744e-05,-3.14156,-0.000106251,
49.7428,-0.329172,0.0430844,0.00550467,-2.1661e-06,-3.14157,2.47048e-05,
49.7491,-0.329217,0.0431172,0.00552253,-4.10175e-05,-3.14149,-0.000145679,
49.7552,-0.329191,0.0430977,0.0055136,-1.92031e-05,-3.14154,-0.000111336,
49.7584,-0.329166,0.0431014,0.00549136,3.52691e-05,3.14153,-1.86889e-05,
49.7647,-0.329191,0.0431112,0.00550692,-5.23817e-05,-3.14155,-2.04869e-05,
49.7692,-0.329176,0.0430858,0.00551085,-3.17379e-05,3.14157,-3.98086e-05,
49.7726,-0.329171,0.0430889,0.00549796,4.73684e-05,3.14154,-9.09788e-06,
49.7772,-0.329176,0.0430936,0.00551044,-0.000124819,-3.14155,-4.53815e-05,
49.7832,-0.329199,0.0430993,0.00551536,-6.54663e-06,-3.14152,-9.07914e-05,
49.7863,-0.329181,0.0430892,0.00549962,-4.68601e-05,-3.14159,-7.54267e-05,
49.7926,-0.329214,0.0431173,0.00550679,-0.000110904,-3.14151,1.1872e-05,
49.7987,-0.329179,0.0430922,0.00549477,-6.28819e-05,3.14157,-3.13826e-05,
49.8018,-0.329188,0.0430949,0.00550296,-4.1823e-05,-3.14157,-2.36189e-05,
49.8072,-0.329179,0.0430869,0.005503,1.50091e-05,3.14158,1.70056e-05,
49.8152,-0.329208,0.0430904,0.00551148,5.09009e-05,-3.14152,-2.30698e-05,
49.8183,-0.32919,0.0430999,0.00550162,1.57922e-05,3.14158,3.27637e-05,
49.8235,-0.329182,0.0430953,0.00550408,-4.09931e-05,-3.14159,-8.14213e-05,
49.8266,-0.329195,0.0430997,0.00550867,-6.06826e-05,-3.14157,-5.2865e-05,
49.8328,-0.329202,0.043101,0.00551793,-2.19264e-05,-3.14156,-7.99922e-05,
49.839,-0.329179,0.043101,0.00550272,-7.91296e-05,-3.14156,-1.66361e-05,
49.8422,-0.329172,0.0430896,0.00550072,7.54823e-06,3.14157,-1.26021e-05,
49.8473,-0.329215,0.0431068,0.00552229,-1.9133e-06,-3.14147,-0.000139569,
49.8535,-0.329168,0.0430863,0.0055036,-6.11168e-05,-3.14159,-5.07874e-05,
49.8568,-0.329217,0.043093,0.00550872,8.19193e-05,-3.1415,-8.44651e-05,
49.8633,-0.329193,0.0431106,0.00551153,-0.000104879,-3.14154,-1.18879e-05,
49.8696,-0.329173,0.0430817,0.00550137,-8.8406e-05,3.14157,1.10067e-05,
49.8727,-0.329197,0.0430992,0.00551703,3.24131e-05,-3.1415,-6.07363e-05,
49.8787,-0.329214,0.0431025,0.0055165,4.89744e-05,-3.14148,-8.94877e-05,
49.8819,-0.329191,0.0430938,0.00551359,2.31053e-05,-3.14157,-5.66995e-05,
49.8871,-0.329166,0.0430803,0.00548535,9.1983e-05,3.14152,5.88461e-07,
49.8932,-0.32918,0.0431013,0.00550023,9.96597e-05,3.14158,2.8118e-06,
49.8964,-0.329194,0.0430969,0.00550187,-7.3401e-05,-3.14156,8.59359e-06,
49.9028,-0.329175,0.0430883,0.00549946,-1.6529e-05,3.14158,7.98328e-06,
49.9093,-0.329182,0.0431041,0.00551817,-0.000112266,-3.14153,-4.37119e-05,
49.9125,-0.329194,0.0430922,0.00551701,3.74255e-05,-3.14153,-3.65214e-05,
49.9187,-0.329193,0.043098,0.00550593,-1.44842e-05,-3.14158,2.78831e-05,
49.9248,-0.329168,0.0430952,0.00550689,-0.000142664,-3.14157,-8.25671e-05,
49.9279,-0.329197,0.0431067,0.00549802,1.30401e-05,3.14157,-1.3343e-05,
49.9332,-0.329177,0.0430725,0.0054969,-0.000173668,3.14157,-5.06839e-05,
49.9392,-0.329204,0.0431132,0.00551592,-6.04468e-05,-3.14148,-4.1856e-05,
49.9423,-0.329206,0.043095,0.00551612,0.000132718,-3.14153,-0.0001247,
49.9505,-0.329183,0.0430878,0.00551331,-2.9149e-05,-3.14156,-4.58654e-05,
49.9536,-0.329195,0.0430912,0.00549711,-3.73522e-05,3.14159,-1.02955e-06,
49.9588,-0.329187,0.0430922,0.00550687,7.42646e-05,-3.14158,-7.25287e-05,
49.965,-0.329206,0.043106,0.00552343,-3.53316e-05,-3.14151,-6.11946e-05,
49.9682,-0.329213,0.0430955,0.00551387,-2.94431e-05,-3.14153,-4.79224e-06,
49.9733,-0.329183,0.0431099,0.00550131,0.00018304,3.14156,-1.33279e-06,
49.9796,-0.329198,0.0431104,0.00550754,3.68187e-05,-3.14154,-3.99281e-05,
49.9827,-0.329201,0.0430944,0.00551929,5.38147e-06,-3.1415,-6.84358e-05,
49.9887,-0.329196,0.0430901,0.0055065,8.83181e-05,-3.14156,2.91724e-06,
49.9964,-0.329189,0.0431021,0.00551794,1.11501e-05,-3.14156,-6.80327e-05,
49.9996,-0.329203,0.043089,0.00550999,1.87378e-05,-3.14153,-1.21732e-05,
50.0058,-0.329197,0.0430958,0.00551706,-3.37146e-05,-3.14153,-4.68328e-05,
50.0111,-0.329194,0.0431077,0.00549549,-3.26683e-05,-3.14156,-2.82261e-05,
50.0142,-0.329194,0.0431109,0.00550558,-0.000116729,-3.14155,-3.75627e-05,
50.0202,-0.329197,0.04308,0.00550513,6.28323e-05,-3.14156,7.4493e-06,
50.0233,-0.329202,0.0431027,0.00551747,-4.04555e-05,-3.14153,-7.52244e-05,
50.0296,-0.329212,0.0431059,0.00551794,4.6115e-06,-3.1415,-8.60387e-05,
50.0358,-0.329187,0.0431051,0.0055065,7.67815e-05,-3.14157,-0.00012609,
50.0392,-0.3292,0.0430982,0.00550948,1.06087e-05,-3.14157,-0.000119164,
50.0468,-0.32918,0.0430845,0.00550367,3.67825e-05,-3.14158,-6.99157e-06,
50.0521,-0.329197,0.0430989,0.00552543,-6.75527e-05,-3.1415,-1.88743e-05,
50.0552,-0.329178,0.0430947,0.00549744,4.02245e-05,3.14158,4.77237e-05,
50.0613,-0.329185,0.0431072,0.00552224,-1.64226e-05,-3.14155,-0.000110165,
50.0675,-0.329184,0.0430991,0.00550334,-2.58916e-05,-3.14156,-5.88581e-05,
50.0706,-0.329214,0.0430992,0.00551735,2.55426e-05,-3.14146,1.26141e-06,
50.0767,-0.329188,0.0430784,0.00549023,-0.000114586,3.14157,-3.39735e-05,
50.0841,-0.329227,0.0431102,0.0055155,-2.681e-05,-3.14149,-0.000110191,
50.0872,-0.329204,0.0431199,0.0055116,1.66342e-05,-3.14154,-0.000116638,
50.0923,-0.329203,0.0431052,0.0055045,-7.31375e-05,-3.14152,-4.51069e-05,
50.0955,-0.329216,0.0431019,0.00552129,4.41763e-05,-3.1415,-7.96556e-05,
50.1017,-0.329208,0.0430987,0.00549917,4.40881e-06,-3.14155,3.41041e-05,
50.1077,-0.329233,0.0431155,0.00551872,6.31092e-05,-3.14145,-9.1337e-05,
50.1108,-0.32918,0.0430718,0.00550385,-6.91158e-05,-3.14159,5.92773e-05,
50.1171,-0.329198,0.0430915,0.00551447,2.34701e-05,-3.1415,-4.91424e-05,
50.1232,-0.329193,0.043107,0.00551178,-4.73125e-05,-3.14155,-1.16058e-05,
50.1658,-0.329217,0.0431184,0.00553262,-6.58357e-05,-3.14147,-0.000153127,
50.1702,-0.329206,0.0431026,0.0055299,2.5424e-05,-3.14149,-8.22861e-05,
50.1768,-0.329199,0.0430999,0.00551504,-4.23582e-05,-3.14151,-0.000111374,
50.1802,-0.329185,0.0430773,0.00549738,-4.96257e-05,-3.14158,0.000113342,
50.1878,-0.329169,0.0430839,0.00552007,-8.8943e-05,3.14159,5.04726e-05,
50.1932,-0.329196,0.043104,0.00550766,-0.000136328,-3.14156,-3.1988e-05,
50.1962,-0.329184,0.0430873,0.00550731,4.38356e-06,-3.14158,1.33246e-05,
50.2023,-0.329181,0.0431049,0.00550316,-0.000103846,-3.14155,-9.19243e-06,
50.2085,-0.329172,0.0430716,0.00549463,-7.03152e-05,3.14156,-6.34003e-05,
50.2116,-0.329198,0.0431039,0.00551876,-7.73393e-05,-3.14155,-4.24722e-05,
50.2197,-0.329183,0.0430936,0.00550995,7.72472e-06,3.14158,3.0497e-05,
50.2227,-0.329195,0.0430862,0.00550561,4.86353e-05,-3.14158,-3.09942e-05,
50.2278,-0.329157,0.0430851,0.00549018,7.05224e-05,3.1415,-2.60692e-05,
50.234,-0.329207,0.0430998,0.00551591,-8.23319e-06,-3.14153,-7.77606e-05,
50.2371,-0.329191,0.0430899,0.00550498,-5.47132e-05,-3.14156,2.01639e-05,
50.2433,-0.329207,0.0431035,0.00551337,-4.74055e-05,-3.14155,-2.81203e-05,
50.2495,-0.329156,0.0430817,0.00549542,-8.84045e-05,3.14154,-2.99891e-05,
50.2527,-0.329181,0.0430943,0.00549234,3.28603e-05,3.14159,-2.5525e-05,
50.2578,-0.329182,0.0430726,0.00551184,6.30419e-05,-3.14155,-2.3817e-05,
50.2632,-0.329168,0.0430837,0.0054982,-5.54841e-05,3.14155,1.8978e-05,
50.2665,-0.329185,0.0431104,0.00551228,-6.59283e-05,-3.14156,-2.97166e-05,
50.2741,-0.329165,0.0430836,0.00549847,8.02904e-05,3.14158,-9.03453e-05,
50.2802,-0.329193,0.0431065,0.00550778,4.66356e-06,-3.14153,-2.79749e-05,
50.2833,-0.32919,0.0430942,0.00551286,-9.8963e-05,-3.14157,-4.06575e-05,
50.2896,-0.329175,0.0430826,0.0054913,3.26669e-05,3.14158,1.46783e-05,
50.2927,-0.329191,0.043089,0.00550161,-4.9502e-05,-3.14158,1.50438e-05,
50.2979,-0.329191,0.0431037,0.00550253,-6.80224e-06,-3.14159,-2.14666e-05,
50.3042,-0.329195,0.043102,0.00550934,4.86976e-05,-3.14158,-9.33009e-05,
50.3074,-0.329184,0.0431033,0.00551561,-3.52406e-05,-3.14156,-4.66256e-05,
50.314,-0.32917,0.0430956,0.00549807,3.43808e-05,3.14156,1.62427e-05,
50.3202,-0.329195,0.0430876,0.00551271,2.55077e-05,-3.14154,-3.34021e-05,
50.3233,-0.32918,0.0430787,0.00550305,-2.16069e-05,-3.14158,-1.37398e-05,
50.3293,-0.329229,0.0431052,0.00551721,5.08076e-05,-3.14149,-5.91639e-05,
50.3346,-0.329191,0.0431051,0.00550624,-3.50441e-05,-3.14155,-3.83944e-05,
50.3377,-0.32919,0.0431015,0.00549971,4.05045e-05,3.14156,6.14487e-05,
50.3438,-0.329173,0.0430871,0.00549282,-7.62513e-05,3.14154,-4.26619e-05,
50.3468,-0.329182,0.0430796,0.00551016,0.000114514,-3.14157,6.62481e-06,
50.3541,-0.329196,0.0430894,0.00550464,-2.05212e-05,-3.14157,5.88844e-05,
50.3602,-0.329202,0.0431017,0.0055185,-0.000104068,-3.14151,-5.1038e-05,
50.3633,-0.329177,0.0430956,0.00549318,-5.07872e-05,3.14153,-2.34426e-06,
50.3696,-0.329196,0.043102,0.00550193,4.46315e-05,-3.14154,-8.83514e-05,
50.3748,-0.329185,0.0430866,0.00550132,-2.9805e-05,3.14158,-1.63719e-05,
50.378,-0.329184,0.0430924,0.00550251,-3.63488e-05,3.14156,-2.18065e-05,
50.3842,-0.329165,0.0430759,0.00549715,1.01641e-05,3.14154,-0.000118151,
50.3902,-0.329191,0.0430996,0.00549786,6.73302e-06,-3.14159,-5.4015e-06,
50.3933,-0.3292,0.0430869,0.00551388,7.93745e-05,-3.14151,9.76337e-06,
50.3976,-0.329188,0.0430859,0.00548923,3.85001e-06,3.14154,-5.06308e-06,
50.4009,-0.329171,0.0430889,0.00550834,3.05782e-07,3.14157,-3.5314e-05,
50.4053,-0.329185,0.0431083,0.00550663,3.98456e-05,-3.14154,-9.45016e-07,
50.4106,-0.329204,0.0430859,0.00551883,7.64758e-05,-3.14148,-1.70384e-05,
50.4137,-0.329182,0.0430906,0.00549101,6.89253e-05,3.14156,-1.03811e-05,
50.4198,-0.329202,0.0431129,0.00551474,-4.7041e-05,-3.14151,-6.24681e-05,
50.426,-0.329173,0.0430847,0.00549647,-4.38974e-05,3.14154,-5.89743e-05,
50.4291,-0.329174,0.04311,0.00551378,-0.000119142,-3.14159,-5.80749e-05,
50.4352,-0.329186,0.0431008,0.00548943,3.96557e-05,3.14156,1.40055e-05,
50.4415,-0.329209,0.0431076,0.00551218,2.55132e-05,-3.14152,-6.03745e-05,
50.5242,-0.3292,0.0431054,0.00551132,-6.56805e-05,-3.14152,-6.5262e-05,
50.5282,-0.329197,0.0430803,0.00550291,0.000119354,-3.14155,-5.82642e-05,
50.5348,-0.329172,0.0430993,0.00550581,-4.60893e-06,3.14155,0.000117963,
50.5382,-0.32917,0.043094,0.00550059,4.66881e-05,3.14153,-4.12217e-06,
50.5446,-0.329195,0.0431118,0.00550357,-2.83518e-05,-3.14155,-2.83483e-05,
50.55,-0.3292,0.0431011,0.00551267,3.7708e-05,-3.14153,-0.000100453,
50.5531,-0.329151,0.0430867,0.00548422,1.72366e-05,3.14148,-2.3721e-05,
50.5593,-0.32921,0.043112,0.00550997,-7.25945e-05,-3.14153,-5.81432e-05,
50.5655,-0.329188,0.0430931,0.00549749,6.31324e-05,-3.14155,2.30553e-05,
50.5686,-0.32919,0.0431021,0.0055105,2.31822e-05,-3.14155,-8.5246e-06,
50.5739,-0.329192,0.0431005,0.0055088,-0.000112013,-3.14154,-9.24617e-05,
50.5822,-0.329208,0.0431028,0.00552049,0.000107458,-3.14147,-0.000112651,
50.5853,-0.329176,0.0430998,0.00549722,2.34546e-05,-3.14158,-4.30192e-06,
50.5913,-0.32921,0.0430976,0.00551791,2.32414e-05,-3.14149,-2.25556e-05,
50.5944,-0.329205,0.0431164,0.00551693,4.89005e-05,-3.1415,-9.23574e-05,
50.6006,-0.32918,0.0430954,0.00550027,-9.82336e-06,3.14159,2.89106e-05,
50.6068,-0.329204,0.0430913,0.00551699,-7.9559e-05,-3.1415,4.28873e-05,
50.6099,-0.329186,0.0431031,0.00549181,0.000152645,3.14159,7.65202e-06,
50.6152,-0.329213,0.0431129,0.00551019,-9.87216e-05,-3.1415,-4.81101e-05,
50.6231,-0.329173,0.0430791,0.00549786,1.26089e-05,3.14159,-2.07136e-05,
50.6262,-0.329207,0.0430956,0.0055137,-3.42867e-05,-3.14149,-3.32784e-05,
50.6322,-0.329176,0.0430946,0.00550832,1.21537e-05,-3.14156,-2.19891e-05,
50.6354,-0.329193,0.0430983,0.0055193,-2.11376e-06,-3.14151,-6.05181e-05,
50.6416,-0.329199,0.043115,0.0055226,1.15347e-05,-3.14148,-0.000105441,
50.6478,-0.329193,0.0431084,0.00550244,1.90636e-05,-3.14153,-4.26369e-05,
50.6509,-0.329205,0.0431055,0.00551793,4.48942e-06,-3.14152,-6.4279e-05,
50.6562,-0.329165,0.043084,0.00550014,4.69118e-06,-3.14159,1.69013e-05,
50.6622,-0.329185,0.0430976,0.00550948,5.84992e-05,-3.14157,-5.30393e-05,
50.6655,-0.329186,0.0431029,0.00552355,2.51733e-05,-3.14157,-5.95077e-05,
50.6717,-0.329213,0.0431205,0.00552474,-8.59805e-05,-3.14148,-0.000124215,
50.6748,-0.329205,0.0431046,0.00550896,2.62146e-05,-3.14154,-3.36415e-05,
50.6811,-0.329203,0.0431004,0.00551566,-4.04836e-05,-3.14153,-4.78988e-05,
50.6873,-0.329195,0.0430947,0.00549086,-6.95037e-05,3.14156,-1.41656e-05,
50.6904,-0.329205,0.0431023,0.00551407,-6.60694e-05,-3.14152,4.58483e-06,
50.6957,-0.329189,0.0430877,0.00551094,-1.41357e-05,-3.14152,1.87579e-05,
50.7017,-0.329189,0.0431135,0.00551223,-8.58501e-05,-3.14154,-9.82922e-05,
50.7048,-0.329198,0.0430889,0.00552034,-4.04826e-05,-3.14152,-4.62927e-05,
50.7112,-0.3292,0.0430905,0.00551985,0.000102719,-3.14151,-8.11698e-05,
50.7195,-0.329181,0.0430927,0.00550135,1.18482e-05,-3.14159,5.03753e-05,
50.7227,-0.329225,0.0431062,0.00551525,-7.30565e-06,-3.14146,-5.90892e-05,
50.7278,-0.329218,0.0431051,0.00553061,-7.43079e-06,-3.14144,-7.1951e-05,
50.7331,-0.329229,0.0431187,0.00552362,-0.000110436,-3.14149,-4.77527e-05,
50.7362,-0.329186,0.0431121,0.00550014,3.54756e-05,3.14158,-3.24127e-05,
50.7422,-0.3292,0.0431202,0.00550907,-9.05002e-05,-3.14155,-8.98721e-05,
50.7454,-0.329181,0.0430988,0.00550394,-7.93676e-05,3.14156,6.87905e-05,
50.7516,-0.329199,0.0431052,0.00551552,-3.30548e-05,-3.14154,-3.92096e-05,
50.7596,-0.329172,0.0430805,0.00549661,2.49208e-06,3.14154,-4.9616e-05,
50.7627,-0.329207,0.0431042,0.00549596,-3.36505e-05,-3.14158,-4.31486e-05,
50.8464,-0.329208,0.0430979,0.00551801,8.84301e-05,-3.1415,-4.42606e-05,
50.8528,-0.329212,0.0431181,0.0055159,-2.55137e-05,-3.14149,-1.68702e-05,
50.8559,-0.329205,0.0431096,0.00552089,-1.41112e-05,-3.1415,-8.17832e-05,
50.8621,-0.329175,0.0430901,0.00550442,2.22306e-06,-3.14158,2.51828e-05,
50.8682,-0.329182,0.0431091,0.0055149,1.17081e-05,-3.14158,-5.88199e-06,
50.8713,-0.32917,0.0430899,0.0054987,-4.63767e-06,3.14159,-7.16045e-06,
50.8775,-0.3292,0.0430879,0.00550682,6.46871e-05,-3.14152,-4.54311e-05,
50.8807,-0.329196,0.0430885,0.00550301,3.13542e-05,-3.14159,-2.60485e-05,
50.9436,-0.329214,0.0431041,0.00552432,2.28088e-05,-3.14153,-5.1651e-05,
50.9469,-0.329169,0.0430733,0.00550501,-6.95195e-05,3.14157,-2.15032e-05,
50.9516,-0.329198,0.0431094,0.00551089,-4.50643e-05,-3.14153,2.58074e-05,
50.957,-0.329194,0.0431094,0.00550578,2.32471e-05,-3.14157,-5.11547e-05,
50.9603,-0.329181,0.0430973,0.0055006,-1.56508e-05,-3.14158,2.86673e-06,
50.9665,-0.329221,0.0430982,0.00552038,6.27916e-05,-3.14147,-9.52025e-07,
50.9727,-0.329192,0.043103,0.00551483,4.41462e-05,-3.14155,-3.99745e-05,
50.9758,-0.329178,0.0430903,0.00550036,-2.56902e-05,3.14159,5.8905e-05,
50.9841,-0.329216,0.0431104,0.00550358,-1.45563e-05,-3.14153,-0.000148556,
50.9893,-0.329157,0.0430638,0.00548859,-9.58211e-05,3.1415,-3.00561e-05,
50.9925,-0.329176,0.043075,0.00551178,-2.17809e-05,-3.14159,-2.9888e-05,
50.9987,-0.329186,0.043102,0.00551135,-3.28793e-05,-3.14154,-2.11876e-05,
51.0018,-0.329182,0.0430745,0.00550101,0.000100522,-3.14159,-2.37105e-05,
51.0078,-0.329218,0.0431102,0.00551882,-2.83944e-05,-3.1415,-0.000106414,
51.0141,-0.329175,0.0430949,0.00550273,3.69557e-05,-3.14158,-4.29956e-05,
51.0172,-0.329196,0.0430838,0.00550182,2.31411e-05,-3.14158,-5.09548e-06,
51.0233,-0.329184,0.0431007,0.00549833,6.67235e-06,3.14159,2.14715e-05,
51.0278,-0.329186,0.0430908,0.00550664,2.56134e-05,-3.14155,-1.63335e-05,
51.0311,-0.329185,0.0431053,0.00550291,-7.91016e-05,-3.14154,-2.07965e-05,
51.0367,-0.329159,0.0431082,0.00549633,7.93518e-05,3.14152,5.25419e-05,
51.0427,-0.329182,0.0430877,0.0054996,-8.66305e-05,-3.14156,-1.0814e-05,
51.0458,-0.329191,0.0431066,0.00551349,-4.69476e-05,-3.14152,-5.05064e-05,
51.0521,-0.329161,0.0430851,0.00550211,-1.20042e-05,3.14157,-9.84305e-06,
51.0582,-0.3292,0.0431083,0.00551644,-3.73331e-05,-3.14152,-7.18497e-05,
51.0613,-0.329194,0.0430941,0.00550716,0.000102686,-3.14156,-4.48802e-05,
51.0666,-0.329185,0.0430963,0.00550876,-6.71982e-06,-3.14157,-2.49101e-05,
51.0698,-0.329206,0.043106,0.00550216,6.92997e-06,-3.14153,-3.68674e-05,
51.0774,-0.329177,0.0430879,0.00551423,-8.09402e-05,-3.14156,5.60191e-06,
51.0836,-0.329198,0.043101,0.00551266,-6.83962e-07,-3.14153,-5.06715e-05,
51.0867,-0.329196,0.0431062,0.00550399,-3.41873e-05,-3.14156,-8.8751e-05,
51.0927,-0.329198,0.0431139,0.00550802,-4.69499e-05,-3.14155,-0.000105311,
51.099,-0.329185,0.0431,0.00550325,3.14377e-05,-3.14157,2.32501e-05,
51.1022,-0.329169,0.0430871,0.00550241,2.8595e-05,3.14155,1.7391e-05,
51.1074,-0.329193,0.0430812,0.00549473,5.47898e-05,-3.14158,2.3977e-06,
51.1136,-0.329202,0.0431187,0.00551072,-2.2544e-05,-3.14156,-6.23922e-05,
51.1168,-0.329179,0.0430847,0.00550023,-6.97425e-05,3.14159,9.25904e-06,
51.121,-0.329181,0.0431003,0.00551858,8.78876e-05,3.14159,6.2096e-05,
51.1272,-0.329169,0.0430901,0.00550034,8.79047e-05,3.14154,-2.47674e-05,
51.1303,-0.329182,0.0431065,0.00550281,0.000131143,3.14157,4.94098e-05,
51.1365,-0.329211,0.0431076,0.00552083,-4.6237e-05,-3.14146,-4.76441e-05,
51.1397,-0.329196,0.0430922,0.00551116,-8.20605e-06,-3.14154,-4.16091e-05,
51.1449,-0.329178,0.0430943,0.00550126,-8.67914e-05,-3.14158,1.24165e-05,
51.1511,-0.329219,0.0431197,0.00553274,-3.4948e-05,-3.14144,-0.000165133,
51.1542,-0.329196,0.0431052,0.00551033,3.01332e-05,-3.14155,-9.92585e-05,
51.1603,-0.329167,0.0430803,0.00550937,-3.55203e-06,3.14156,9.20258e-06,
51.1669,-0.329181,0.0430854,0.00548726,7.53739e-06,3.14156,-6.38517e-05,
51.1702,-0.329183,0.0430919,0.00552364,6.26836e-05,-3.14155,-2.78025e-05,
51.1762,-0.329204,0.0431048,0.00551451,0.000121957,-3.14152,8.64596e-06,
51.1823,-0.329182,0.0430793,0.00550664,2.9135e-05,-3.14158,1.91416e-05,
51.1854,-0.329197,0.0431084,0.00551667,-4.644e-05,-3.14154,-7.12707e-05,
51.1918,-0.329191,0.0431039,0.0055029,2.10716e-05,3.14159,2.43546e-05,
51.1949,-0.329193,0.0430727,0.00551642,8.2226e-05,-3.14154,4.7244e-06,
51.2012,-0.329191,0.0431062,0.00550712,-7.99492e-05,-3.14156,-7.97309e-05,
51.2063,-0.329218,0.0431073,0.00551254,-5.41359e-05,-3.14152,-1.06305e-06,
51.2095,-0.329194,0.0430958,0.00550974,0.000109564,-3.14155,-8.84866e-05,
51.2157,-0.329179,0.0430921,0.00549669,1.94316e-05,3.14158,-1.07612e-05,
51.2218,-0.329158,0.043085,0.00547802,3.29101e-05,3.1415,-5.2379e-05,
51.2249,-0.329185,0.0430817,0.00551243,0.000179883,-3.14155,-4.50671e-05,
51.2302,-0.329201,0.0431121,0.00549892,-9.85342e-05,-3.14154,-5.44908e-05,
51.2362,-0.329206,0.0431139,0.00551321,-6.62954e-05,-3.14152,-0.000148537,
51.2393,-0.329185,0.0430771,0.00549756,-9.64068e-06,3.14159,-3.79413e-05,
51.2456,-0.329189,0.0430845,0.00549701,9.07603e-05,3.14159,-4.63957e-05,
51.2487,-0.329167,0.0430908,0.0054923,-4.52324e-06,3.14156,-5.11508e-05,
51.2551,-0.329177,0.0430968,0.00549912,2.78544e-05,3.14156,-1.87887e-06,
51.2618,-0.329189,0.0431049,0.00549554,6.07551e-05,3.14158,-1.76923e-05,
51.2672,-0.329212,0.0431145,0.00552145,-0.000143281,-3.14151,-3.86979e-05,
51.2703,-0.329211,0.0431124,0.00551926,-9.36208e-05,-3.1415,-6.39702e-05,
51.2765,-0.329181,0.0431036,0.00549233,7.71377e-05,3.14158,-2.50506e-05,
51.2797,-0.329181,0.0430849,0.00550852,-8.37841e-06,-3.14158,1.50678e-05,
51.2857,-0.329199,0.0431023,0.00551327,-7.32782e-05,-3.14152,-5.34199e-05,
51.292,-0.329174,0.0430975,0.00550155,-5.82972e-05,-3.14159,-1.28072e-05,
51.2952,-0.329189,0.0430842,0.0055058,3.73908e-05,-3.14157,6.65605e-06,
51.2995,-0.329201,0.0431177,0.00552201,-6.44137e-05,-3.1415,-6.01404e-05,
51.3048,-0.329176,0.0430917,0.00549927,-8.38713e-05,3.14155,4.84307e-05,
51.308,-0.329194,0.0431098,0.00550407,-2.07615e-05,-3.14156,-7.81774e-05,
51.3142,-0.329192,0.0431091,0.00550332,-9.39964e-05,-3.14156,-0.00011033,
51.3202,-0.329172,0.0430863,0.00550978,-1.35923e-05,-3.14157,5.02365e-05,
51.3233,-0.329197,0.0430986,0.00550602,1.10833e-05,-3.14155,3.02986e-05,
51.3295,-0.329176,0.043088,0.0055018,-3.29581e-05,3.14159,-1.60835e-06,
51.3326,-0.329199,0.0430976,0.00550151,5.84858e-05,-3.14155,-5.91547e-06,
51.3388,-0.329174,0.0430882,0.00552481,6.90151e-05,-3.14156,-0.000123529,
51.3442,-0.329187,0.0430911,0.00550311,6.54353e-05,-3.14155,-3.52182e-05,
51.3473,-0.329196,0.0430964,0.00551444,1.66189e-05,-3.14152,-5.89544e-05,
51.3535,-0.329209,0.0431043,0.00551993,9.44508e-08,-3.14148,-4.51947e-05,
51.3597,-0.329219,0.043093,0.00551585,7.67415e-05,-3.14147,-9.67346e-05,
51.3628,-0.329172,0.0430935,0.00549671,-9.09269e-06,3.14156,3.43618e-05,
51.369,-0.329174,0.0431027,0.00550324,-7.86672e-05,-3.14159,2.86877e-05,
51.3752,-0.329176,0.0430882,0.00549942,9.40514e-05,3.14157,-0.000117321,
51.4179,-0.329201,0.0431153,0.00550374,-7.09301e-05,-3.14155,-8.68509e-05,
51.4221,-0.329202,0.0431092,0.0055167,-4.46954e-05,-3.14151,-0.000112877,
51.4282,-0.329163,0.0430803,0.00549149,-4.47828e-05,3.14154,-7.72323e-05,
51.4314,-0.329169,0.0430914,0.00549597,7.33991e-06,3.14156,3.41685e-05,
51.4368,-0.329189,0.0431168,0.00549975,-4.55734e-05,-3.14157,-9.69805e-06,
51.4436,-0.329207,0.0430911,0.00550194,3.22925e-05,-3.14153,1.35075e-05,
51.4468,-0.329191,0.0431046,0.00551247,-9.89876e-05,-3.14155,-2.22786e-06,
51.452,-0.329203,0.0430902,0.00551465,1.59028e-05,-3.14151,-7.29572e-05,
51.4582,-0.329186,0.0430821,0.00550067,1.04995e-05,-3.14157,2.50399e-05,
51.4614,-0.329187,0.0430858,0.00551815,1.04587e-05,-3.14154,-3.68834e-05,
51.4677,-0.329194,0.0431036,0.00550296,5.71907e-05,-3.14155,-6.39065e-05,
51.4708,-0.329183,0.0431058,0.0055214,-5.92346e-05,-3.14157,-0.000102346,
51.477,-0.32917,0.043092,0.00550776,-2.76414e-05,-3.14158,-6.10491e-06,
51.4832,-0.329189,0.0430936,0.00550787,5.10767e-06,-3.14156,2.79616e-05,
51.4863,-0.329185,0.0430831,0.00551137,-0.000107069,-3.14154,1.1478e-05,
51.4926,-0.329171,0.043079,0.00550557,-8.8824e-05,3.14157,-5.26891e-05,
51.538,-0.329202,0.0430945,0.00551439,5.15761e-05,-3.14153,-9.68127e-06,
51.5411,-0.329187,0.0430959,0.00550271,-2.1033e-06,-3.14158,-3.98126e-05,
51.5452,-0.329156,0.0430889,0.00549432,-2.63635e-05,3.14154,1.64401e-05,
51.5512,-0.329203,0.043107,0.00550645,-2.79899e-05,-3.14151,-0.000109097,
51.5543,-0.329214,0.0431089,0.00549801,-8.38534e-05,-3.14154,-7.94408e-06,
51.5606,-0.329194,0.0430975,0.00550246,-9.89234e-05,-3.14156,1.67584e-05,
51.5637,-0.329187,0.0430968,0.00551134,-2.17787e-05,-3.14158,-5.29112e-05,
51.5719,-0.329183,0.0430939,0.00550065,1.47702e-05,3.14159,6.87906e-05,
51.5763,-0.329191,0.0430857,0.00551355,0.000100473,-3.14154,-4.18938e-05,
51.5795,-0.329168,0.0430841,0.00549034,-9.58223e-05,3.14153,-2.93027e-05,
51.5848,-0.329197,0.0431017,0.0055192,1.19006e-05,-3.14153,-5.19043e-05,
51.591,-0.329205,0.0430946,0.00552498,0.000146922,-3.14152,-0.000151405,
51.5941,-0.3292,0.0431017,0.00552108,3.89125e-05,-3.14154,-0.000102727,
51.6002,-0.329208,0.043097,0.00552348,4.43073e-06,-3.14149,-4.65463e-05,
51.6065,-0.329166,0.0430716,0.00549872,1.66496e-06,3.14156,-6.5608e-05,
51.6096,-0.329175,0.0430935,0.00550576,2.13273e-05,3.14156,-2.92008e-05,
51.6552,-0.329211,0.0431115,0.00551509,-7.51171e-05,-3.14153,-2.56184e-05,
51.6596,-0.329172,0.043083,0.00551236,-7.33165e-06,-3.14155,-1.55849e-05,
51.6628,-0.329187,0.0431242,0.00551601,-0.00014692,-3.14155,-2.43395e-05,
51.6713,-0.329188,0.043102,0.0055044,4.28111e-05,-3.14157,-4.76082e-05,
51.677,-0.329171,0.0430657,0.00549701,-2.06367e-06,3.14157,-8.19054e-05,
51.6802,-0.329148,0.0430847,0.00548822,4.08148e-05,3.14155,-1.14531e-05,
51.6862,-0.329192,0.0430869,0.00550283,1.53066e-05,-3.14156,-8.03938e-05,
51.6924,-0.32918,0.0431098,0.00551285,-5.89216e-05,-3.14153,-5.05745e-05,
51.6956,-0.334635,0.043067,0.0054735,1.19377e-05,3.14146,-5.57477e-05,
51.701,-0.334844,0.0430636,0.00550015,7.8777e-05,3.14152,1.22488e-05,
51.7054,-0.334942,0.0430533,0.00547878,-6.89129e-05,3.14144,-7.33702e-05,
51.7086,-0.335145,0.0430827,0.00549313,4.54944e-05,3.14149,2.72749e-05,
51.7147,-0.335266,0.0430825,0.00548807,3.45431e-05,3.14153,2.17648e-05,
51.7178,-0.335444,0.0430503,0.00548033,-4.56069e-05,3.14149,-3.72392e-05,
51.7241,-0.335578,0.0430815,0.00549875,4.04013e-05,3.14156,2.6637e-05,
51.7302,-0.335788,0.0430841,0.0054976,2.66675e-06,-3.14156,-5.5297e-05,
51.7334,-0.343955,0.0430543,0.00547931,-3.46515e-05,3.14145,-6.17613e-05,
51.7387,-0.344063,0.0430762,0.00547331,4.21315e-05,3.14147,-0.000124514,
51.7448,-0.344252,0.043048,0.00546827,-8.89204e-05,3.14141,-7.9858e-05,
51.748,-0.344352,0.0430534,0.00547962,-2.45993e-05,3.14145,-0.000154541,
51.7542,-0.344529,0.0430594,0.00546858,7.61044e-06,3.14135,-9.19059e-05,
51.7602,-0.344625,0.0430368,0.00546001,-7.56496e-05,3.14133,-0.000207138,
51.7633,-0.344848,0.0430484,0.00548151,-5.38321e-05,3.1414,-0.000125733,
51.7695,-0.344932,0.043044,0.00546643,-0.000112221,3.14137,-0.000107327,
51.7727,-0.345139,0.0430525,0.00548235,-6.94992e-05,3.14144,-0.000112647,
51.7779,-0.345236,0.0430588,0.00547959,-0.000105136,3.14143,-8.53802e-05,
51.7841,-0.345447,0.0430451,0.00547253,-0.000183885,3.14143,-6.59573e-05,
51.7872,-0.345655,0.0430632,0.00549305,-0.000114332,3.14147,7.31599e-05,
51.7952,-0.345738,0.0430526,0.00547609,-7.46643e-05,3.14139,-3.33325e-05,
51.8012,-0.345959,0.0430504,0.00548263,-3.64185e-05,3.14149,-0.000122827,
51.8043,-0.34603,0.0430348,0.00546909,-0.000152664,3.14136,-0.000126839,
51.8106,-0.346266,0.0430676,0.00549045,-5.83741e-06,3.14148,-6.65396e-05,
51.8137,-0.34637,0.0430579,0.00550135,-0.000158857,3.14148,-3.43841e-05,
51.8189,-0.346558,0.0430538,0.00548879,-0.000204704,3.14147,-8.84184e-05,
51.8251,-0.34667,0.0430468,0.00549436,-0.000102378,3.14149,-4.86818e-05,
51.8282,-0.346867,0.0430614,0.0054773,-9.04194e-06,3.1415,-0.000106661,
51.8343,-0.346977,0.0430697,0.00548939,-0.000146201,3.14149,-4.24606e-05,
51.8409,-0.347164,0.0430622,0.00547729,-6.31144e-05,3.14145,-6.9825e-05,
51.8441,-0.347361,0.0430554,0.00546743,-0.00019658,3.14145,-8.67718e-05,
51.8502,-0.347481,0.0430681,0.00547934,-0.000111664,3.14151,-2.29414e-05,
51.9331,-0.350603,0.0430872,0.00549906,4.94897e-05,-3.14156,-4.10063e-05,
51.9362,-0.3507,0.043105,0.00549927,-3.39563e-05,3.14159,7.86195e-05,
51.9402,-0.350883,0.0430779,0.0054894,-5.25946e-05,3.14158,-5.63887e-05,
51.9464,-0.350988,0.0430785,0.00547291,-1.14183e-05,3.14158,-3.73895e-05,
51.9496,-0.351205,0.04308,0.00549769,0.000116411,-3.14151,-5.41481e-05,
51.9557,-0.351295,0.0430865,0.00549136,-4.47289e-07,-3.14157,9.94304e-06,
51.9588,-0.351502,0.0430985,0.00548733,-9.74276e-05,3.14158,1.39751e-05,
51.9651,-0.351609,0.0431016,0.00549579,6.70368e-05,-3.1415,-9.25156e-05,
52.1038,-0.351816,0.0430973,0.00551497,0.000134275,-3.14145,-0.000117647,
52.107,-0.351911,0.0430908,0.00550626,3.78052e-05,-3.14149,-5.63878e-05,
52.1112,-0.352127,0.0431165,0.00550739,0.000100791,-3.14148,-0.000146291,
52.1172,-0.352217,0.0430914,0.00549503,6.21383e-05,-3.14152,-7.41835e-05,
52.1204,-0.3524,0.0430811,0.00550773,8.91691e-05,-3.14151,-0.000120798,
52.1266,-0.352611,0.0430975,0.00548882,0.000164039,-3.14154,-7.18633e-05,
52.1297,-0.35271,0.0430853,0.00550527,5.32997e-05,-3.14151,-5.38055e-05,
52.1357,-0.352882,0.0430871,0.00549104,-0.000106984,3.14156,4.05957e-05,
52.2473,-0.352984,0.0430696,0.0055073,0.000120021,-3.14157,-3.85322e-05,
52.2507,-0.353176,0.0430823,0.00548895,3.22575e-05,-3.14156,-6.45493e-05,
52.2583,-0.353253,0.0430667,0.00547282,-0.000115384,3.14148,5.35836e-05,
52.2645,-0.353465,0.0430679,0.00547884,-8.68893e-05,3.14154,2.01603e-05,
52.2676,-0.353572,0.0430575,0.00549739,0.000127782,-3.14157,-2.56651e-05,
52.2737,-0.353775,0.0430656,0.00548543,-0.000120273,3.14158,3.25956e-05,
52.2769,-0.353877,0.0430824,0.00548667,-0.00012366,3.14158,8.21953e-05,
52.2831,-0.354101,0.0430783,0.00549447,0.000137178,-3.14152,-6.2106e-05,
52.2873,-0.354268,0.0430745,0.00547316,-9.10407e-05,3.14154,-5.96135e-05,
52.2906,-0.354361,0.0430654,0.00548073,-2.50201e-05,3.14156,1.41084e-05,
52.2987,-0.354591,0.0430572,0.00549305,0.000211513,-3.14154,-3.13228e-05,
52.3037,-0.354689,0.0430624,0.00547862,-0.000190071,3.14159,2.06681e-05,
52.3068,-0.354893,0.0430712,0.00549438,-0.000180092,3.14159,8.71652e-05,
52.313,-0.354972,0.0430907,0.00549518,-8.01496e-05,3.14158,6.13688e-05,
52.3192,-0.355173,0.0430689,0.00549457,0.000161028,-3.14159,-3.18514e-05,
52.3223,-0.355284,0.0431006,0.00548708,1.62878e-05,-3.14159,-8.70197e-05,
52.3701,-0.355477,0.0430844,0.00548928,-0.000105252,3.14159,6.0858e-05,
52.3762,-0.355555,0.0430705,0.00548512,7.88254e-06,3.14155,-8.79102e-05,
52.3796,-0.355785,0.0430909,0.00548903,-1.85397e-05,-3.14159,9.25155e-05,
52.3873,-0.355972,0.04308,0.00548437,-0.000148632,3.14153,2.79883e-05,
52.3929,-0.356069,0.0430717,0.00547319,-0.000154377,3.14154,-3.15493e-05,
52.3961,-0.356257,0.0430885,0.00548078,-8.83513e-05,3.14153,-1.33701e-05,
52.4022,-0.356389,0.0431083,0.00550239,3.92897e-05,-3.14156,-6.69442e-05,
52.4084,-0.356573,0.0430871,0.00549076,-4.03029e-05,3.14155,-6.72225e-05,
52.4116,-0.359502,0.0430903,0.00551524,5.15694e-05,-3.14158,2.90825e-05,
52.4168,-0.359701,0.0430935,0.00551801,-1.10459e-05,3.14157,6.95385e-05,
52.4222,-0.359757,0.0430858,0.00549774,-1.82016e-05,3.14148,-3.49587e-05,
52.4255,-0.359977,0.0431218,0.00550872,6.99311e-05,3.14155,8.63812e-05,
52.4311,-0.360078,0.0430888,0.00551693,-6.47531e-05,3.14154,4.3157e-06,
52.4372,-0.36028,0.043091,0.00552123,-7.44553e-06,3.14158,7.96027e-05,
52.4403,-0.360383,0.0431049,0.0054974,-4.91498e-05,3.1415,-9.34121e-05,
52.4465,-0.360576,0.0430876,0.00550181,-2.49619e-05,3.14155,-8.59784e-06,
52.4497,-0.361769,0.0430877,0.00550715,5.8894e-05,3.14149,1.04543e-05,
52.4549,-0.361892,0.0431039,0.00550595,-4.88171e-05,3.14154,3.59586e-05,
52.4611,-0.362062,0.0430879,0.00550874,-3.89776e-05,3.14151,1.58058e-05,
52.4642,-0.362183,0.0430871,0.00550982,-5.07048e-05,3.14155,3.23915e-05,
52.4725,-0.362386,0.0430824,0.0055161,-0.000113257,3.14156,-1.81492e-05,
52.4777,-0.362483,0.0430952,0.00551648,2.86553e-05,3.14157,-4.12362e-05,
52.4808,-0.362671,0.0430698,0.00549794,-4.31176e-05,3.1415,-8.5525e-05,
52.487,-0.362764,0.0430576,0.00549647,2.24415e-07,3.14153,-4.0185e-05,
52.4932,-0.366275,0.0430739,0.00549132,8.60465e-05,3.14156,-7.03623e-05,
52.4963,-0.366377,0.0430805,0.0055106,2.34254e-05,-3.14154,-4.889e-05,
52.5016,-0.366587,0.0431017,0.00550685,-5.68582e-05,-3.14152,1.25702e-05,
52.5047,-0.36666,0.0430809,0.00548633,7.09661e-06,3.14157,-5.60978e-05,
52.5108,-0.366858,0.0430672,0.00548891,5.98599e-05,-3.14158,2.65373e-05,
52.5171,-0.366986,0.0430942,0.00550388,-4.23131e-05,-3.14158,4.7023e-06,
52.5202,-0.367165,0.0430919,0.00549093,6.65896e-05,3.14156,8.66829e-05,
52.5262,-0.367279,0.0430768,0.00550543,-4.14621e-05,-3.14152,-7.51233e-06,
52.5325,-0.367473,0.0430854,0.00550426,0.000142227,3.14159,4.63637e-05,
52.5356,-0.367546,0.0430733,0.00550251,4.45001e-05,3.14155,2.11687e-05,
52.5408,-0.367777,0.0430882,0.00551129,-0.000108689,-3.14155,-9.73061e-05,
52.547,-0.367947,0.0430706,0.00548418,5.09621e-05,3.1415,-0.000109991,
52.5501,-0.368056,0.0430819,0.00549738,9.91383e-05,3.14156,-5.85984e-05,
52.5582,-0.368285,0.0430872,0.00549488,-7.97501e-05,-3.14155,-7.70275e-05,
52.5616,-0.368393,0.0431098,0.00552525,-9.65037e-05,-3.14153,-9.52842e-05,
52.566,-0.36857,0.043079,0.00549429,2.97557e-05,3.14156,4.95411e-05,
52.5722,-0.370976,0.0430931,0.0054898,-1.53122e-06,3.14153,2.2184e-05,
52.5754,-0.371088,0.0430983,0.00551028,-4.18788e-05,-3.14158,4.62219e-05,
52.5807,-0.371288,0.0430711,0.00550233,5.2149e-05,-3.14158,-3.22866e-05,
52.5867,-0.371367,0.0431006,0.00550294,5.93063e-05,3.14154,4.85956e-05,
52.5898,-0.371568,0.0431043,0.00550587,4.69757e-05,3.14154,-2.59848e-05,
52.5961,-0.371671,0.0431011,0.00550974,9.38174e-05,3.14154,5.77702e-06,
52.5992,-0.37189,0.0431096,0.00550641,-7.01444e-05,-3.14157,-4.99719e-05,
52.6025,-0.371962,0.0430649,0.00550888,-0.00011672,3.14151,-5.00743e-05,
52.607,-0.372174,0.0430951,0.00550321,7.90717e-05,3.14156,1.42224e-05,
52.6123,-0.372277,0.0430786,0.00551232,8.41903e-05,3.14158,-2.83132e-05,
52.6155,-0.372483,0.0430805,0.00551684,1.42427e-05,3.14156,-4.51542e-05,
52.6217,-0.37259,0.0430929,0.00551997,-5.56019e-05,-3.14158,2.84758e-05,
52.6248,-0.372791,0.04308,0.00549266,-0.000105003,3.14156,-2.24088e-05,
52.6311,-0.37301,0.0431192,0.00553141,-0.000108968,-3.14156,-6.11011e-05,
52.6372,-0.373093,0.0431054,0.00552423,-7.76527e-07,3.14158,5.50864e-05,
52.6403,-0.373308,0.0431012,0.00552628,7.7533e-05,-3.14152,-6.29041e-05,
52.6861,-0.373433,0.0430934,0.00552246,4.69372e-05,-3.14151,-2.96576e-05,
52.6942,-0.373619,0.0431079,0.00552668,-7.21096e-05,-3.14153,-9.24963e-05,
52.6975,-0.37372,0.0430865,0.0055184,1.50489e-05,-3.14154,-1.73553e-05,
52.7051,-0.373927,0.0431093,0.00553439,8.46816e-05,-3.1415,-9.67373e-05,
52.7112,-0.374012,0.0430941,0.00552127,-4.16067e-05,-3.14155,-3.99473e-05,
52.7143,-0.3742,0.043105,0.00551657,2.05585e-05,-3.14157,-2.37248e-05,
52.7206,-0.374299,0.0431095,0.00552619,-3.09516e-05,3.14157,7.01274e-05,
52.7267,-0.3745,0.0430939,0.00550364,2.36025e-05,3.14155,1.05161e-06,
52.7298,-0.37469,0.0430976,0.0055002,3.85667e-05,3.14155,-2.87195e-05,
52.7352,-0.374828,0.0431065,0.0055398,-1.00596e-05,-3.14152,-2.93319e-05,
52.7412,-0.375031,0.0431129,0.00552898,4.41105e-08,-3.14154,-0.000153041,
52.7443,-0.375087,0.0430939,0.00550128,7.1028e-05,3.14154,-5.57986e-05,
52.7505,-0.37532,0.0430961,0.00551566,6.30713e-05,-3.14158,-5.23835e-05,
52.7536,-0.375383,0.0430855,0.00552039,-9.87013e-05,3.14158,3.78316e-05,
52.7597,-0.375602,0.0431111,0.00552067,0.000106742,3.14159,4.66962e-05,
52.766,-0.375701,0.0430619,0.00552095,8.6979e-05,-3.14157,1.59082e-06,
52.7692,-0.375902,0.0430949,0.00551572,8.33902e-05,-3.14157,-4.49135e-05,
52.7743,-0.376005,0.0430869,0.00551805,-3.12433e-05,-3.14159,2.21837e-06,
52.7816,-0.376167,0.0430835,0.00549592,2.73975e-05,3.1415,-3.3344e-05,
52.7849,-0.376374,0.0430717,0.00550271,-4.76095e-05,3.14156,-4.68096e-05,
52.7925,-0.37648,0.0430856,0.00549817,-7.30352e-05,3.14158,1.29165e-05,
52.8007,-0.376649,0.0430616,0.00548337,-0.000125466,3.14144,-0.000103017,
52.804,-0.376773,0.0430744,0.00548619,-7.49061e-05,3.14148,-7.47154e-05,
52.8092,-0.376993,0.0430668,0.00548196,-6.70353e-05,3.14155,-7.02412e-05,
52.8153,-0.377557,0.0430905,0.00548392,-2.49289e-05,3.14148,-3.38392e-07,
52.8184,-0.377756,0.0430706,0.00549203,-9.29062e-05,3.1415,-2.98609e-05,
52.8237,-0.377868,0.0430735,0.00548559,-6.42519e-05,3.14153,-4.43011e-05,
52.832,-0.378041,0.0430683,0.00547801,-1.28604e-05,3.14145,-0.000130174,
52.8351,-0.378142,0.0430542,0.0054863,-0.000115805,3.14144,-5.74029e-05,
52.8402,-0.378344,0.0430664,0.00548458,-3.88915e-05,3.14148,-4.97225e-05,
52.8433,-0.37843,0.0430699,0.00546892,2.63642e-05,3.14146,-5.8148e-05,
52.8495,-0.378647,0.043076,0.00547478,-3.71068e-05,3.14148,-3.99169e-05,
52.8557,-0.382066,0.0430524,0.00547006,-0.000229054,3.14156,-1.98254e-05,
52.8589,-0.382267,0.0430762,0.00547455,-5.74567e-05,3.14153,8.07355e-05,
52.8642,-0.382382,0.0430634,0.0054967,4.27937e-05,-3.14152,3.59192e-05,
52.8722,-0.382574,0.0430675,0.00549174,6.67714e-05,-3.14156,-1.58333e-05,
52.8754,-0.38269,0.0430659,0.00548986,0.00012166,-3.14156,-1.9198e-05,
52.8806,-0.382904,0.0430951,0.00549468,8.706e-05,-3.14153,-3.31101e-05,
52.8837,-0.382981,0.0430669,0.00548079,9.36683e-05,-3.14156,7.39383e-06,
52.8897,-0.383173,0.0430623,0.00547589,-0.000180911,3.14158,-5.9929e-05,
52.896,-0.384294,0.0431048,0.00547769,-7.13397e-05,-3.14158,-3.04384e-05,
52.8991,-0.384415,0.0431031,0.00547174,-2.10042e-05,3.14159,8.17983e-05,
52.9043,-0.384596,0.0431062,0.00547059,6.58876e-05,3.14159,2.10814e-05,
52.9106,-0.384707,0.0431115,0.00546811,2.17475e-05,-3.14157,-9.97024e-05,
52.9137,-0.384882,0.0430686,0.00547659,3.10264e-05,-3.14159,1.89499e-05,
52.92,-0.384962,0.0430918,0.00544482,9.20178e-05,3.14151,-3.89694e-05,
52.9244,-0.385224,0.0431103,0.00547268,-3.78922e-05,-3.14158,-1.489e-05,
52.9276,-0.385319,0.0431023,0.00548641,4.66719e-05,-3.14152,-5.75156e-05,
52.9338,-0.386582,0.0430906,0.0054618,-7.61554e-05,3.14151,5.09526e-06,
52.9391,-0.38677,0.0430955,0.0054657,1.81179e-05,3.14154,-3.28701e-05,
52.9422,-0.38687,0.0430886,0.00548021,-9.77045e-05,3.1415,-3.41823e-05,
52.9482,-0.387074,0.0430922,0.00545705,-2.01634e-05,3.1415,-5.01008e-05,
52.9513,-0.387159,0.043083,0.00546366,-2.0434e-05,3.14149,-4.55188e-05,
52.9576,-0.387404,0.0430958,0.005493,5.02486e-05,-3.14155,3.4608e-05,
52.9637,-0.387474,0.0430845,0.00548085,2.24867e-05,3.14149,-2.31321e-05,
52.9668,-0.387636,0.0430698,0.00545576,-1.2152e-05,3.14144,-0.000134229,
52.9731,-0.387779,0.0430624,0.00549299,-8.97644e-05,3.14158,-1.58222e-05,
52.9783,-0.387978,0.043098,0.00548616,7.73693e-05,3.14156,-1.96027e-05,
52.9814,-0.388078,0.0430967,0.00548104,1.43001e-05,3.14153,-3.74669e-05,
52.9877,-0.388282,0.0431005,0.00548826,-2.43679e-05,3.1415,3.00932e-05,
52.9908,-0.388486,0.0430637,0.00549586,1.2787e-05,3.14158,2.33275e-05,
52.997,-0.388534,0.0430605,0.00547426,-9.10794e-05,3.1414,-6.54008e-05,
53.0032,-0.388777,0.0430875,0.00549976,2.31417e-05,3.14158,-2.60233e-05,
53.0065,-0.38885,0.0430722,0.00547388,-2.74701e-05,3.14152,-0.000125399,
53.0121,-0.389065,0.0430836,0.00550501,-9.38235e-05,3.14156,-1.12941e-05,
53.0174,-0.389141,0.0430764,0.00546727,4.05421e-06,3.14142,-7.25953e-05,
53.0205,-0.389356,0.0430965,0.00548439,2.59052e-05,3.14148,-4.48715e-05,
53.0267,-0.389454,0.0430957,0.00547402,-3.44069e-05,3.14146,-5.64787e-05,
53.0329,-0.38968,0.043099,0.00549468,0.000102588,3.14158,-6.72031e-05,
53.0361,-0.389749,0.0430752,0.00547432,-4.41413e-06,3.14143,-0.000104811,
53.0422,-0.389953,0.0430808,0.00549639,-2.86844e-05,3.14151,2.25046e-07,
53.0482,-0.390077,0.0430857,0.00546619,-0.000131681,3.14149,-7.43739e-05,
53.0515,-0.39097,0.0430855,0.00547387,-2.13303e-05,3.14149,-0.000117502,
53.0591,-0.391173,0.0430845,0.00547908,-3.14673e-06,3.14148,-8.51549e-05,
53.0652,-0.39128,0.0431124,0.00548939,-9.66258e-05,3.14152,1.3907e-05,
53.0683,-0.391482,0.0431003,0.00547233,1.49429e-05,3.1415,-1.12017e-05,
53.0746,-0.391572,0.0430955,0.00546945,-4.65591e-06,3.14147,-7.10427e-05,
53.0777,-0.391754,0.043092,0.00546829,7.83566e-06,3.14141,-0.000129056,
53.0837,-0.391856,0.0430738,0.0054812,-9.65284e-05,3.1415,-4.71461e-05,
53.09,-0.392064,0.0430776,0.00549337,-3.28266e-05,3.14146,-6.06853e-05,
53.0931,-0.397883,0.0431256,0.00550315,-0.000170694,-3.14155,-8.00262e-05,
53.1013,-0.397962,0.04309,0.005505,-3.29503e-05,-3.14159,2.92125e-05,
53.1097,-0.398146,0.0430848,0.00549344,-8.84546e-06,3.14153,-3.89124e-05,
53.1131,-0.398259,0.0431026,0.00549659,0.000105917,3.14157,2.45372e-05,
53.1206,-0.398463,0.0430912,0.00549851,-4.99492e-05,-3.14158,7.10491e-05,
53.1267,-0.398563,0.0431064,0.00552079,-9.14944e-05,-3.14154,-1.94194e-05,
53.1298,-0.398757,0.0430985,0.00550022,-7.39524e-06,3.14157,6.07736e-05,
53.1361,-0.398857,0.0430858,0.00548684,-2.17755e-05,3.14154,-1.60605e-05,
53.1392,-0.399952,0.0431018,0.00550661,-2.75472e-05,-3.14159,-6.49159e-05,
53.1425,-0.400165,0.0430879,0.0055213,-0.000134698,-3.14151,-2.32962e-05,
53.1478,-0.400247,0.0430904,0.00550778,-1.68315e-05,-3.14158,-1.95974e-05,
53.1541,-0.400461,0.0430948,0.00550622,-7.69612e-05,-3.14158,-2.34293e-05,
53.1572,-0.400567,0.0431091,0.00550923,-7.51884e-05,-3.14156,-5.60768e-06,
53.1632,-0.40077,0.0430925,0.00552172,-1.76993e-05,-3.14156,-6.67202e-05,
53.1663,-0.400855,0.0430855,0.00551794,-4.27659e-06,-3.14156,-0.00010662,
53.1725,-0.401086,0.0431168,0.00551673,-0.000124747,-3.14149,-0.000120217,
53.1787,-0.401158,0.0430834,0.00550435,7.65993e-06,-3.14159,3.40877e-06,
53.1819,-0.401388,0.0430818,0.00553294,2.25579e-05,-3.1415,-0.000103528,
53.1872,-0.401589,0.0431037,0.00553204,-7.5459e-05,-3.14148,-0.000120568,
53.1932,-0.401683,0.0430869,0.00554395,-0.000105497,-3.1415,-9.73829e-05,
53.1963,-0.401859,0.0430881,0.00551664,-5.36855e-05,-3.14155,-2.12463e-05,
53.2025,-0.401974,0.0430994,0.00552412,2.0128e-05,-3.14152,-8.59255e-05,
53.2057,-0.402205,0.0431158,0.0055304,-0.000116183,-3.14144,-8.28182e-05,
53.2117,-0.402255,0.0430823,0.00551543,-9.30914e-05,-3.14159,-3.86808e-06,
53.2586,-0.402487,0.0431134,0.00552373,-0.000115957,-3.14151,-0.000138227,
53.2617,-0.40258,0.0431015,0.00550947,4.42839e-05,3.14159,4.16814e-05,
53.2657,-0.402782,0.0431005,0.00549885,-0.00015797,-3.14156,1.49333e-05,
53.2717,-0.402868,0.0430801,0.00549271,-7.27879e-06,3.14152,-5.37547e-05,
53.275,-0.403104,0.0430984,0.00550993,-5.57382e-06,-3.14151,-5.6356e-05,
53.2815,-0.403168,0.0430777,0.00549362,4.34191e-05,3.14153,-5.70873e-05,
53.2877,-0.403401,0.0431206,0.00552541,-0.000112553,-3.1415,-9.40588e-05,
53.2908,-0.403478,0.0430865,0.00552025,-2.40994e-05,-3.14155,-2.41079e-05,
53.2971,-0.404613,0.0431046,0.00551614,-8.70885e-05,-3.14154,-0.000145521,
53.3023,-0.404794,0.0430983,0.00551981,-2.07754e-05,-3.14155,-4.47372e-05,
53.3054,-0.404905,0.0431015,0.0055096,7.14799e-05,-3.14152,-0.000120754,
53.3116,-0.405119,0.0431227,0.00551378,-3.69349e-05,-3.14155,-0.000138158,
53.3147,-0.40519,0.0430894,0.00550975,-3.88557e-05,-3.14157,-3.70558e-05,
53.3208,-0.405368,0.0430665,0.00550226,-6.19884e-05,3.14158,-6.86251e-05,
53.3292,-0.405476,0.0430811,0.00550057,2.01991e-05,3.14156,-4.10388e-05,
53.3324,-0.405675,0.0430827,0.00551411,4.51e-05,3.14156,3.61699e-05,
53.3377,-0.405792,0.0430853,0.00551744,8.27897e-05,-3.14157,-4.80585e-05,
53.3428,-0.405991,0.0430847,0.00552585,-4.53432e-05,-3.14152,8.95848e-06,
53.346,-0.40608,0.04309,0.00549817,-4.56011e-05,3.14155,6.26329e-05,
53.3522,-0.406276,0.0430814,0.00549807,-5.43773e-05,3.14155,5.10502e-06,
53.3582,-0.406463,0.0430719,0.00547341,2.58767e-05,3.14147,-3.29217e-05,
53.3613,-0.406569,0.0431047,0.00550927,7.69682e-05,3.14149,5.44994e-05,
53.3657,-0.40677,0.043075,0.00548186,5.01961e-05,3.14145,-5.92742e-05,
53.3722,-0.406865,0.0430872,0.00550328,4.83426e-05,3.14147,2.29013e-05,
53.3756,-0.407081,0.0431049,0.00549625,9.32536e-05,3.14151,3.74413e-06,
53.3831,-0.40718,0.04306,0.00549849,-0.000119104,3.14153,-4.73757e-05,
53.3892,-0.407393,0.0430921,0.00550529,5.38513e-06,3.14157,-4.18684e-05,
53.3923,-0.407471,0.0430886,0.0055086,-4.96104e-05,3.14152,1.86412e-05,
53.3985,-0.407693,0.0430937,0.00550228,8.36888e-05,3.14158,-4.35794e-05,
53.4016,-0.407792,0.0430846,0.00551272,-2.65042e-05,3.14158,-6.27049e-05,
53.4077,-0.407972,0.0430913,0.00550641,2.95979e-06,3.14151,-3.03777e-05,
53.4134,-0.408137,0.0431061,0.00553949,8.77877e-05,-3.14148,-0.000117656,
53.4166,-0.411399,0.0431096,0.00552159,-5.49765e-05,-3.1415,-5.77068e-06,
53.4219,-0.411611,0.0430913,0.00553241,0.00010051,-3.14153,-0.000137865,
53.4281,-0.411733,0.0430916,0.0055231,0.000101801,-3.14147,-7.22641e-05,
53.4312,-0.411926,0.0431045,0.00553093,-7.81275e-08,-3.14147,-0.000155375,
53.4372,-0.411995,0.0430941,0.00551518,1.93081e-05,-3.14158,-6.93053e-05,
53.4435,-0.412204,0.0430736,0.00551936,9.41889e-05,-3.14154,-4.90576e-05,
53.4466,-0.412288,0.0430879,0.00550775,-6.14578e-05,3.14158,5.01873e-05,
53.4527,-0.41252,0.043111,0.00553425,-8.67786e-05,-3.14148,-0.000115376,
53.4593,-0.415884,0.0430875,0.00550944,-7.50585e-06,-3.14151,-3.43518e-05,
53.4626,-0.416014,0.0431174,0.00551006,-7.46901e-05,-3.14152,-0.000145951,
53.4702,-0.416178,0.0430912,0.00547296,-7.78442e-05,-3.14158,9.85879e-05,
53.4744,-0.416274,0.0430726,0.00548761,1.03314e-05,-3.14157,-2.42542e-05,
53.4776,-0.4165,0.0431038,0.00549971,-5.40703e-05,-3.1415,-8.36598e-05,
53.4837,-0.416566,0.0430722,0.00549408,2.7126e-05,3.14159,3.58443e-05,
53.4868,-0.416797,0.0430697,0.00550619,0.000145725,-3.14154,-8.73844e-05,
53.4931,-0.416869,0.0430911,0.00548757,4.43218e-06,3.14158,4.67293e-05,
53.4992,-0.422586,0.0430923,0.00548069,7.76089e-08,3.14147,2.2418e-05,
53.5024,-0.422753,0.0430752,0.00544559,1.69953e-05,3.14134,-0.000129382,
53.5077,-0.422862,0.043078,0.0054636,-9.89489e-05,3.14142,-7.7261e-05,
53.514,-0.423066,0.0430902,0.00546623,0.000124382,3.14145,-0.000105079,
53.5171,-0.423163,0.0430811,0.00545852,-8.17788e-05,3.14139,-5.88367e-05,
53.5232,-0.423342,0.0430963,0.00546455,-2.22568e-05,3.14137,-0.000114298,
53.5295,-0.423447,0.0430994,0.00545595,9.54366e-05,3.14138,-6.08525e-05,
53.5326,-0.423669,0.0431022,0.00546386,0.000169028,3.14144,-0.000102519,
53.5387,-0.423748,0.0430941,0.00547501,5.65734e-05,3.14142,-0.000113766,
53.5441,-0.423951,0.0430944,0.00546329,-2.30341e-05,3.14143,-9.12497e-05,
53.5473,-0.424141,0.0430707,0.00547748,6.91047e-05,3.14147,-8.73397e-05,
53.5536,-0.424215,0.043079,0.00545656,8.79135e-05,3.14133,-9.3742e-05,
53.5566,-0.424443,0.0430536,0.0054689,-3.48007e-05,3.14141,-0.00010653,
53.5627,-0.424522,0.0430841,0.00546102,0.000117948,3.14131,-5.18374e-05,
53.569,-0.424765,0.043083,0.00546951,-4.90099e-05,3.14141,-7.6022e-05,
53.5721,-0.424842,0.0430883,0.00547217,-1.36953e-05,3.1414,-1.50691e-06,
53.5783,-0.425049,0.0430709,0.00547969,-7.43893e-05,3.14148,-7.5409e-05,
53.5836,-0.425237,0.0430734,0.00546998,-5.07351e-05,3.1414,-8.31438e-05,
53.5867,-0.425357,0.0430854,0.00546588,-5.81099e-05,3.14146,-7.5019e-05,
53.5947,-0.425554,0.0430869,0.00548127,-1.5488e-05,3.1414,1.31488e-05,
53.6023,-0.425658,0.043065,0.00547373,-1.37167e-09,3.14143,-0.000119037,
53.6054,-0.425835,0.0430595,0.00544817,-0.000140503,3.14134,-0.000205356,
53.6116,-0.425928,0.0430708,0.00546607,-7.70791e-05,3.14139,-1.90005e-05,
53.6147,-0.426164,0.0430931,0.00548616,-2.20094e-05,3.14148,-4.1473e-05,
53.6601,-0.426237,0.0430863,0.00546417,1.13984e-05,3.14141,-0.000121704,
53.6642,-0.426454,0.0430851,0.00545999,-8.97419e-05,3.14142,-5.74689e-05,
53.6673,-0.426674,0.0431074,0.00547529,1.07355e-05,3.14147,6.7006e-06,
53.6735,-0.426782,0.0430795,0.00548598,-0.000107174,3.14151,6.31622e-06,
53.6797,-0.426988,0.0431036,0.00548758,-7.2922e-05,3.1415,-5.78504e-05,
53.683,-0.427085,0.0430688,0.0054754,-0.000102167,3.14153,-7.40786e-05,
53.6905,-0.427269,0.0430853,0.00547304,-4.71183e-05,3.14147,-6.27741e-05,
53.6967,-0.427377,0.0430923,0.00549471,5.61687e-05,3.14152,-8.57435e-05,
53.7777,-0.429381,0.0430948,0.00546531,-6.41564e-05,3.14157,7.43661e-06,
53.7817,-0.429498,0.0431062,0.00548928,4.14714e-06,-3.14159,-5.8829e-05,
53.788,-0.429684,0.043087,0.00549059,-3.65405e-05,-3.14158,2.74685e-05,
53.7911,-0.429768,0.0430825,0.00546434,2.99213e-05,3.14154,5.09538e-06,
53.7972,-0.429982,0.0430989,0.00549067,7.53738e-05,3.14157,3.619e-05,
53.8034,-0.430071,0.0431005,0.00549564,1.90033e-05,3.14154,7.76948e-05,
53.8066,-0.430296,0.0430899,0.00550298,4.48602e-05,-3.14152,-2.42873e-05,
53.8127,-0.430494,0.0430981,0.0054907,-7.55272e-05,-3.14158,4.22348e-05,
53.8203,-0.435977,0.0431178,0.00551704,-4.76168e-05,-3.14158,-8.81494e-05,
53.8236,-0.436188,0.0430719,0.0055196,4.04523e-05,-3.14156,-2.7587e-05,
53.8291,-0.436288,0.0430961,0.00550849,-3.31723e-05,-3.14158,-9.96103e-05,
53.8352,-0.436523,0.043102,0.00553425,-5.02471e-07,-3.14146,-4.71612e-05,
53.8383,-0.436605,0.043109,0.00552589,-0.000100766,-3.14153,-6.42939e-05,
53.8445,-0.436797,0.0431031,0.00551378,-0.00013605,-3.14156,-6.6966e-05,
53.8476,-0.437003,0.0430836,0.00551038,5.90344e-05,-3.14157,-1.52409e-05,
53.8537,-0.437097,0.0431082,0.00552745,5.87341e-05,-3.14156,-0.000124071,
53.862,-0.437343,0.0431016,0.00553994,-9.59614e-06,-3.14145,-9.23129e-05,
53.8652,-0.437398,0.0431105,0.00552695,-0.000105723,-3.14151,-7.33007e-05,
53.873,-0.437609,0.0431139,0.00551443,-0.000103335,-3.14156,-2.85387e-05,
53.8774,-0.437716,0.0431024,0.0055245,-8.59875e-05,-3.14148,-7.47602e-05,
53.8806,-0.437916,0.0431209,0.00553692,-5.91993e-05,-3.14152,-3.85882e-05,
53.8867,-0.438019,0.0431117,0.00551376,-2.36933e-05,-3.14153,6.11012e-05,
53.893,-0.438205,0.0430803,0.00550543,-4.23882e-05,-3.14155,5.61201e-05,
53.8961,-0.438394,0.0431261,0.00551439,-4.53667e-05,-3.14156,-5.53915e-05,
53.9023,-0.438496,0.0431074,0.00549587,-0.000124983,-3.14156,-7.98276e-06,
53.9097,-0.438709,0.0431053,0.00554825,-8.2691e-05,-3.14148,-0.000140759,
53.9128,-0.438813,0.0431027,0.00551127,7.7723e-05,-3.14155,-2.08007e-05,
53.9191,-0.439005,0.0430987,0.00552643,3.17803e-06,-3.14155,-5.27605e-05,
53.9252,-0.439092,0.0430958,0.0055186,2.43929e-06,-3.14154,-6.16355e-05,
53.9283,-0.439299,0.0431098,0.00552845,-1.3175e-05,-3.14154,-2.85143e-05,
53.9345,-0.439405,0.0431131,0.00552702,-8.63332e-05,-3.14156,-7.53162e-05,
53.9376,-0.439591,0.0430915,0.00551585,-9.30043e-05,-3.14158,-6.22354e-05,
53.9437,-0.439686,0.0430875,0.00551572,9.39715e-05,3.14157,-1.60473e-05,
53.9491,-0.4399,0.0431156,0.00554061,1.23404e-05,-3.14155,-8.32522e-05,
53.9524,-0.440069,0.0431037,0.00551418,1.42943e-05,3.14153,5.2115e-06,
53.9588,-0.440176,0.0430948,0.00548852,5.56582e-05,3.14152,-2.00708e-05,
53.9651,-0.440376,0.0430985,0.0055064,0.000115901,3.14153,2.96032e-05,
53.9682,-0.440469,0.0431049,0.00552508,1.85164e-05,3.14153,2.92161e-05,
53.9742,-0.440705,0.0430958,0.00551651,0.000124138,3.14159,1.4781e-05,
53.9804,-0.440803,0.043119,0.00553106,-6.66853e-05,-3.14153,-2.39532e-05,
54.0631,-0.440987,0.0431117,0.00552462,4.24994e-05,3.14158,-9.7708e-06,
54.0672,-0.441081,0.0430963,0.00550345,5.02804e-05,3.14153,9.69683e-06,
54.0732,-0.441281,0.0430895,0.00552099,-3.37287e-06,3.14157,5.33922e-06,
54.0763,-0.441389,0.0431075,0.00550327,0.000153495,3.14154,3.8088e-05,
54.0826,-0.441601,0.0431103,0.00553677,-0.000100724,-3.14156,-3.22022e-05,
54.0858,-0.441769,0.0431158,0.00550796,9.06717e-05,3.14155,7.04594e-05,
54.0925,-0.441877,0.0430735,0.00552579,4.65464e-06,3.14157,1.58652e-05,
54.098,-0.442066,0.04306,0.00549949,-4.82698e-05,3.14152,-7.85894e-05,
54.1045,-0.442973,0.0430738,0.00551585,4.07531e-05,3.14154,-4.41575e-05,
54.1077,-0.443094,0.0431017,0.00552639,-8.86273e-05,-3.14153,1.41299e-05,
54.1129,-0.443297,0.0431258,0.00551043,0.000102448,3.14158,5.84149e-05,
54.1191,-0.443368,0.0430912,0.00550035,9.68942e-05,3.14153,2.08072e-05,
54.1222,-0.443586,0.0430847,0.00552593,-2.15417e-05,-3.14158,-7.99727e-06,
54.1282,-0.443653,0.0430732,0.00548302,2.25581e-05,3.14148,-2.91738e-06,
54.1315,-0.443909,0.0430922,0.00552395,7.20408e-06,-3.14153,-1.36416e-05,
54.1396,-0.443986,0.043103,0.0055186,9.0513e-05,3.14155,-1.79413e-06,
54.1447,-0.444212,0.0431173,0.00554338,-0.000132776,-3.14149,-7.40667e-05,
54.1479,-0.444287,0.0431069,0.00552995,-0.000107739,-3.14155,-4.98507e-05,
54.1532,-0.444508,0.0430992,0.00552128,4.33054e-05,-3.14154,-1.59424e-05,
54.1592,-0.444607,0.0430672,0.00554604,4.93565e-05,-3.1415,2.70268e-06,
54.1623,-0.44479,0.0430667,0.00551216,8.00551e-05,-3.14159,-1.54153e-05,
54.1686,-0.444887,0.0430936,0.00553779,-5.81372e-05,-3.14151,1.01522e-05,
54.1716,-0.445085,0.0430791,0.00551452,-4.21207e-05,-3.14158,5.28826e-05,
54.179,-0.445296,0.0430718,0.00551779,5.37673e-05,-3.14156,-1.21521e-05,
54.1835,-0.445374,0.043077,0.00549644,-1.16384e-06,3.14153,-9.80651e-05,
54.1866,-0.445588,0.0430879,0.00550457,-7.01619e-05,3.14158,-2.64515e-05,
54.1919,-0.44568,0.0431023,0.00549803,4.00573e-05,3.14158,1.13167e-05,
54.1981,-0.445862,0.0430735,0.00549838,-7.13792e-05,3.14157,-8.22083e-06,
54.2012,-0.446002,0.0431005,0.00549329,-5.64899e-05,-3.14157,4.04144e-05,
54.2072,-0.44619,0.0430924,0.00549256,1.03661e-05,-3.14158,-7.30404e-05,
54.2134,-0.446258,0.0430973,0.0054938,2.28471e-05,3.1415,6.59494e-05,
54.2166,-0.446507,0.0431165,0.00551493,-0.00010056,-3.14153,-0.00012119,
54.223,-0.446577,0.0430894,0.0054667,-2.79727e-05,3.14155,-8.76363e-08,
54.2275,-0.4468,0.0430744,0.00550189,-6.3301e-05,-3.14156,2.13944e-05,
54.2308,-0.446964,0.0430965,0.00547429,1.13532e-05,3.14149,-5.35338e-05,
54.2383,-0.447064,0.0430959,0.00548506,8.95678e-05,3.14152,-2.23218e-05,
54.2446,-0.447264,0.0430951,0.00546733,3.18043e-05,3.14147,9.88825e-05,
54.2476,-0.447385,0.0430985,0.00548936,2.38246e-05,3.14154,-2.48895e-05,
54.2537,-0.447608,0.0430819,0.00550439,9.04002e-05,-3.14155,-7.57147e-05,
54.2568,-0.447699,0.043107,0.00550899,-5.11953e-05,-3.14158,-6.73811e-05,
54.2631,-0.449493,0.0430788,0.00549929,4.90806e-05,-3.14155,-5.88186e-06,
54.2685,-0.449655,0.0430811,0.00547264,-0.000105782,3.1415,4.28645e-05,
54.2718,-0.449747,0.0430692,0.00545956,-4.05981e-05,3.14146,-6.32912e-05,
54.2782,-0.449978,0.0430749,0.00547231,-2.53171e-05,3.14153,-8.73855e-05,
54.2842,-0.450098,0.0430754,0.00547821,-0.000137985,3.14158,-8.94624e-05,
54.2873,-0.450259,0.0430625,0.00544393,-0.000136066,3.14149,-4.41907e-05,
54.2936,-0.450402,0.0431036,0.00548888,-2.86023e-06,-3.14156,-0.000105593,
54.2997,-0.450585,0.0430797,0.00545975,-4.85811e-05,3.14154,5.2315e-05,
54.3028,-0.450677,0.0430651,0.00546577,-0.000131488,3.14151,-7.57711e-06,
54.3081,-0.450898,0.0430786,0.00546618,-6.7063e-05,3.14157,-1.38456e-05,
54.3162,-0.451061,0.0430818,0.00543674,3.04142e-06,3.14145,-9.00913e-05,
54.3192,-0.451215,0.0431036,0.00547545,-3.91364e-06,3.14157,2.40993e-05,
54.3245,-0.451402,0.0430846,0.00547872,-9.17138e-05,3.14159,5.74355e-05,
54.3276,-0.451487,0.0430859,0.00544905,-4.70694e-05,3.14154,-4.38369e-05,
54.3337,-0.451718,0.0430816,0.00547905,0.000134949,-3.14151,-4.02071e-05,
54.34,-0.451795,0.0430864,0.00547685,8.05041e-06,3.14155,-2.24052e-05,
54.3431,-0.451966,0.0430865,0.00545159,9.41767e-05,3.14149,-5.69271e-05,
54.3483,-0.452098,0.0430838,0.00544912,-7.69651e-05,3.14155,-8.01677e-05,
54.3546,-0.452294,0.0431311,0.00546151,6.06633e-05,3.14153,-4.52418e-05,
54.3579,-0.452392,0.0430899,0.00545361,-2.44481e-05,3.14151,1.23595e-05,
54.3655,-0.452598,0.0430855,0.00547755,-4.06201e-05,3.14159,-6.75285e-05,
54.3717,-0.452792,0.0430821,0.00546707,-5.16907e-05,3.14155,-1.57393e-05,
54.3748,-0.452881,0.0430883,0.0054439,3.93523e-06,3.14151,-2.06601e-05,
54.3811,-0.45309,0.0430813,0.00546492,-3.2669e-05,3.14149,1.12923e-05,
54.3872,-0.458545,0.0430525,0.00547225,-4.85961e-05,3.14144,-0.000135339,
54.3904,-0.45871,0.043072,0.00547258,-1.1283e-05,3.14143,-0.000103105,
54.3957,-0.458852,0.043089,0.00549311,-2.86838e-05,3.14151,-3.38498e-05,
54.3988,-0.459028,0.0430741,0.00546754,1.19254e-05,3.14144,-8.32615e-05,
54.4063,-0.459134,0.0430677,0.00549013,7.85521e-05,3.14148,-0.000117029,
54.4115,-0.459338,0.0430721,0.00548588,-4.11363e-05,3.14148,-9.98188e-05,
54.4146,-0.459452,0.0430575,0.00550419,-0.000188995,3.14153,-2.6432e-05,
54.4207,-0.459657,0.0430896,0.005478,6.06074e-06,3.14148,-5.28552e-05,
54.427,-0.459776,0.0430902,0.00550384,1.23023e-05,3.14158,-2.52863e-05,
54.4301,-0.459956,0.0430962,0.00550757,7.60539e-05,3.14151,-6.13945e-05,
54.4353,-0.460161,0.0430611,0.0055078,-0.000111395,3.14155,-1.37917e-05,
54.4416,-0.460256,0.0430651,0.00549508,-0.00011689,3.14154,-8.60971e-05,
54.4447,-0.460447,0.0430679,0.00547126,6.25268e-05,3.14145,-7.93388e-05,
54.449,-0.460537,0.0430662,0.00546713,1.8489e-05,3.14138,-8.88548e-05,
54.4552,-0.460747,0.0430759,0.00548043,-2.6366e-05,3.14143,-5.13557e-05,
54.4583,-0.46086,0.0430716,0.00551076,-9.90436e-05,3.14152,-9.85614e-05,
54.4646,-0.461075,0.0431068,0.00550717,-1.07486e-05,3.14154,-1.86069e-05,
54.4676,-0.461159,0.0430791,0.00548911,-1.58809e-05,3.14151,-2.45554e-07,
54.4728,-0.461362,0.0431008,0.00548184,5.95724e-05,3.14153,5.02972e-05,
54.479,-0.461459,0.0430918,0.00550064,4.76325e-05,3.14156,-4.64259e-06,
54.4821,-0.461635,0.0430464,0.00547329,-7.39681e-05,3.14146,-0.000100086,
54.4882,-0.461878,0.0430969,0.00548832,-3.95271e-05,-3.14159,-1.99547e-06,
54.4945,-0.461977,0.0430743,0.00549795,-0.000180489,3.14157,-2.46647e-05,
54.4976,-0.462186,0.0431195,0.00548816,4.12472e-05,3.14156,6.93178e-05,
54.5037,-0.462299,0.0431006,0.00549729,-7.5233e-05,-3.14154,-1.80118e-05,
54.5091,-0.462519,0.043102,0.0055285,7.92553e-05,-3.14147,-6.15981e-06,
54.5122,-0.462589,0.043078,0.0054939,0.000103633,-3.14158,-1.35645e-06,
54.5182,-0.46281,0.0431084,0.00552064,3.6347e-06,-3.1415,-2.60193e-05,
54.5213,-0.4629,0.043091,0.00551261,3.02369e-05,-3.14153,-6.36996e-05,
54.5276,-0.463117,0.0431069,0.00552391,2.8501e-05,-3.1415,-0.00011094,
54.5337,-0.463215,0.0431013,0.00552396,-5.82451e-06,-3.14148,-2.19914e-05,
54.537,-0.463348,0.0430993,0.00548579,2.9395e-05,3.14153,-2.89858e-05,
54.5427,-0.463582,0.0430766,0.00551226,5.14319e-06,-3.14153,-1.89088e-05,
54.5493,-0.463705,0.0430994,0.00553537,2.56738e-05,-3.14146,-0.000105551,
54.5527,-0.46389,0.0431212,0.00550546,-4.90943e-05,-3.14158,-5.56484e-05,
54.5607,-0.463992,0.0430843,0.00551408,5.90644e-05,-3.14157,-0.000102186,
54.5657,-0.464162,0.0430896,0.00550915,-3.46728e-05,-3.14159,-5.33097e-05,
54.5688,-0.464316,0.0431053,0.00554238,4.88479e-05,-3.1415,-5.0022e-05,
54.575,-0.464507,0.0430963,0.00552029,4.75852e-05,-3.14151,-5.0161e-05,
54.5831,-0.464626,0.0431013,0.00556035,0.000138173,-3.14142,-6.67001e-05,
54.5863,-0.464791,0.0430857,0.00553524,5.70922e-05,-3.14151,-3.06159e-05,
54.5906,-0.464998,0.0431266,0.0055214,-8.75463e-05,-3.14151,-4.42382e-05,
54.5937,-0.465082,0.0430846,0.00551747,-1.24312e-05,-3.14156,-6.89757e-05,
54.5997,-0.465294,0.0430969,0.00555935,2.18889e-05,-3.14143,-4.97451e-05,
54.6059,-0.465388,0.0431193,0.00554119,1.33971e-05,-3.14147,-0.000130472,
54.6091,-0.465591,0.0431185,0.00555145,6.91026e-05,-3.14145,-9.5209e-05,
54.6152,-0.465684,0.0431174,0.00551925,-6.09535e-05,-3.14152,-4.44944e-05,
54.6215,-0.465895,0.0430994,0.00553407,-5.48673e-05,-3.14141,1.82702e-05,
54.6247,-0.465987,0.0431077,0.00552192,-3.42701e-05,-3.14152,-2.61589e-06,
54.6302,-0.466197,0.0430968,0.00554403,2.24189e-05,-3.14149,-0.000108839,
54.6359,-0.466362,0.0431026,0.00552222,-1.99335e-05,-3.14157,-1.04885e-05,
54.6391,-0.466475,0.0430982,0.00552056,1.97765e-05,-3.14149,1.1224e-05,
54.6452,-0.466663,0.0430952,0.00552157,3.56643e-05,-3.14155,-1.3585e-05,
54.6515,-0.466805,0.0431039,0.00554274,-8.22557e-05,-3.14144,-4.80758e-05,
54.6546,-0.466991,0.0430879,0.00552721,-2.71422e-05,-3.14149,-2.68416e-05,
54.6607,-0.467081,0.0430995,0.00553098,6.2221e-05,-3.14149,4.38851e-06,
54.6639,-0.467682,0.0431081,0.00550545,-0.000104745,-3.14155,-5.47659e-05,
54.6692,-0.467863,0.0430898,0.00550885,-7.54006e-06,3.14157,2.24768e-05,
54.6774,-0.467996,0.0431069,0.00552694,-3.3702e-05,-3.14149,-6.71208e-05,
54.6806,-0.468169,0.0430845,0.0055043,8.92167e-05,-3.14152,7.46288e-06,
54.6857,-0.468274,0.0430806,0.00551535,5.3563e-05,-3.14156,6.56419e-06,
54.6919,-0.468477,0.043102,0.0055182,-3.7051e-05,-3.14154,-5.39689e-05,
54.6951,-0.468599,0.0431106,0.00553516,8.45812e-05,-3.14146,-6.06407e-05,
54.7012,-0.468779,0.0431125,0.00552595,-9.14023e-05,-3.14151,-0.00014221,
54.7075,-0.478859,0.0430804,0.00547708,-5.19173e-05,3.14148,-1.33671e-05,
54.7106,-0.478925,0.043087,0.0054361,8.57245e-05,3.14136,-8.3079e-05,
54.7188,-0.479186,0.0431069,0.00545664,3.57298e-05,3.14152,-0.000114287,
54.7241,-0.479264,0.0431036,0.00546322,0.000154253,3.14145,-8.86375e-05,
54.7271,-0.479474,0.0430821,0.00545839,-1.31183e-06,3.14152,-1.27812e-05,
54.7332,-0.479565,0.0430986,0.00547808,4.76721e-05,3.14151,-6.40214e-05,
54.7363,-0.479775,0.0431008,0.0054591,-3.41596e-05,3.14153,-5.03443e-05,
54.7425,-0.479837,0.0430765,0.00543508,-5.74635e-06,3.14143,-0.000127983,
54.7487,-0.481001,0.0431028,0.00547641,-7.90088e-05,-3.14156,-2.98529e-06,
54.7519,-0.481091,0.0430812,0.00547418,-6.3642e-06,-3.14158,4.75651e-05,
54.7572,-0.481285,0.0430876,0.00547654,-2.61872e-06,3.14155,-3.46236e-05,
54.7637,-0.48136,0.0431114,0.00544729,0.000121523,3.14152,5.05196e-06,
54.7667,-0.481572,0.0430891,0.0054535,1.43211e-05,3.14152,-3.11412e-05,
54.773,-0.481653,0.0430598,0.00544077,2.75507e-05,3.14147,-4.89663e-05,
54.7792,-0.481836,0.0430618,0.00543392,-1.66313e-06,3.14142,-0.000134869,
54.7823,-0.481969,0.0430736,0.00543896,-1.07111e-05,3.14151,-4.78957e-05,
54.7886,-0.485717,0.0430936,0.0055105,-4.08364e-05,-3.1415,-8.83995e-05,
54.7916,-0.485897,0.0430935,0.00546274,3.06105e-05,3.14158,1.5836e-05,
54.7968,-0.485996,0.0430941,0.00546902,-4.3381e-05,-3.14155,-4.1432e-05,
54.8031,-0.486198,0.0430873,0.00546483,-0.000119091,-3.14159,2.42681e-06,
54.8063,-0.486302,0.0430786,0.0055002,-9.79023e-05,-3.14152,-2.70322e-05,
54.8125,-0.486494,0.0430974,0.00547875,-4.88843e-05,-3.14157,1.42539e-05,
54.8187,-0.48661,0.0430971,0.00549027,-6.00845e-05,-3.14155,-1.26115e-05,
54.8218,-0.486804,0.0431085,0.00546898,-7.06167e-05,-3.14157,-4.16382e-06,
54.8281,-0.486998,0.0430997,0.00547963,-3.58571e-05,-3.14156,-7.68237e-06,
54.8333,-0.487124,0.0431113,0.00550266,-8.17165e-05,-3.14152,-7.9786e-06,
54.8364,-0.487296,0.043092,0.00548328,-2.97836e-05,3.14155,-3.67663e-05,
54.8427,-0.487414,0.0431102,0.00548765,-7.34913e-05,-3.14154,2.91464e-05,
54.8457,-0.487635,0.0430975,0.00552827,3.46894e-05,-3.14146,-6.94278e-05,
54.8521,-0.48771,0.0431,0.00550897,-3.02482e-05,-3.14152,-1.9254e-05,
54.8592,-0.487908,0.0431004,0.00550488,-3.18211e-05,-3.14156,4.79819e-05,
54.8624,-0.487978,0.0430906,0.00549518,4.10282e-05,3.14158,1.66614e-05,
54.9087,-0.488218,0.0431136,0.00549873,-0.00010375,-3.14157,-1.29739e-05,
54.913,-0.488296,0.0431021,0.00550225,-8.50795e-05,-3.14154,-3.29071e-05,
54.9161,-0.488488,0.0431005,0.0054881,2.93381e-05,3.14159,4.07391e-05,
54.9222,-0.488688,0.0430739,0.00549742,-0.00011394,3.14159,2.49281e-05,
54.9284,-0.488803,0.0430957,0.00552282,-2.70507e-05,-3.14155,-7.7368e-06,
54.9316,-0.488998,0.0431102,0.00551679,-2.56101e-05,-3.14155,-3.46253e-05,
54.9377,-0.489094,0.0431072,0.00548916,3.66665e-05,3.14157,2.09797e-05,
54.9443,-0.489269,0.0430693,0.00546554,5.10611e-05,3.14151,-6.08703e-06,
54.9477,-0.492378,0.0430535,0.00552571,-5.72146e-05,3.14155,-7.3322e-05,
54.9529,-0.492473,0.0430887,0.00551893,8.40196e-05,3.14153,-1.41642e-05,
54.9591,-0.492695,0.0430799,0.00552768,1.02587e-05,-3.14159,-2.25307e-05,
54.9622,-0.492777,0.0430654,0.00552341,-8.39978e-05,3.14156,5.49286e-05,
54.9684,-0.49298,0.0430905,0.00551192,4.41745e-05,3.14154,-7.26521e-05,
54.9716,-0.493076,0.043058,0.00552658,-7.54086e-05,3.14155,4.7239e-05,
54.9777,-0.493277,0.0430672,0.00552178,-2.85781e-05,3.14157,-4.63989e-05,
54.984,-0.493492,0.0430855,0.00554574,2.0018e-05,-3.14155,-1.82095e-05,
55.0702,-0.493562,0.0430701,0.00552898,4.51683e-05,3.14153,2.34777e-05,
55.0734,-0.493833,0.0430851,0.00556138,1.68138e-05,-3.14148,-5.41539e-05,
55.0797,-0.493904,0.0430622,0.00552949,9.00538e-05,-3.14158,9.69191e-05,
55.0882,-0.494124,0.0430628,0.00555994,7.62395e-06,-3.14148,-4.2388e-06,
55.0915,-0.494211,0.0430672,0.00555482,5.18682e-05,-3.14153,-2.82752e-05,
55.0996,-0.494403,0.0430706,0.00554444,4.16808e-05,-3.14159,-5.82101e-05,
55.1027,-0.494494,0.043077,0.00553307,5.30503e-05,3.14159,5.91745e-05,
55.1077,-0.494675,0.0430716,0.00551753,-0.000104291,3.14152,-3.59855e-05,
55.1138,-0.494812,0.0430686,0.00553755,5.89206e-05,-3.1415,-4.41253e-05,
55.1169,-0.495009,0.0430689,0.0055573,7.97364e-05,-3.14153,-7.33508e-05,
55.1212,-0.495209,0.043083,0.00553718,2.9313e-05,-3.14156,-7.35464e-05,
55.1275,-0.495282,0.0430891,0.00554468,-3.35916e-05,-3.14158,-9.80082e-06,
55.1306,-0.495507,0.0430725,0.00554172,6.93932e-05,-3.14156,-3.61425e-05,
55.1367,-0.495579,0.0431011,0.00552069,1.56009e-05,-3.14156,-2.72591e-05,
55.1398,-0.495806,0.0430868,0.00554076,7.70029e-09,-3.14151,-2.97024e-05,
55.1461,-0.495891,0.0430952,0.00552826,5.95496e-05,-3.14154,-5.49268e-05,
55.1522,-0.496099,0.0430659,0.00552615,3.56635e-05,-3.14155,2.22832e-05,
55.1554,-0.496191,0.0431006,0.00553492,-3.86678e-06,-3.14155,-1.97318e-05,
55.1607,-0.496406,0.0430871,0.00550939,4.64786e-05,3.14159,-5.54827e-05,
55.1686,-0.496524,0.0431137,0.0055571,1.93352e-05,-3.14145,-5.0189e-05,
55.1717,-0.496699,0.0430646,0.00554882,2.32521e-05,-3.14151,7.5722e-06,
55.1767,-0.496905,0.0430771,0.00554643,6.57651e-05,-3.14149,-2.33264e-05,
55.1798,-0.497,0.0430771,0.00553568,0.000107799,-3.14152,6.47067e-07,
55.1861,-0.497222,0.0430857,0.0055569,-8.04579e-05,-3.14146,-8.56798e-05,
55.1922,-0.498983,0.0430766,0.00552295,9.63889e-05,-3.14159,-5.47587e-06,
55.1954,-0.49918,0.0430852,0.00552311,-6.44364e-05,3.14159,1.31652e-05,
55.2007,-0.499257,0.0430775,0.00551143,9.06419e-05,-3.14159,1.00698e-05,
55.2067,-0.499458,0.0430536,0.00550886,9.50897e-05,-3.14156,2.46803e-05,
55.2098,-0.499565,0.043065,0.00552016,8.61455e-05,-3.14157,-6.90255e-05,
55.2152,-0.499754,0.0430587,0.00549231,-5.75334e-05,3.14153,-4.77011e-05,
55.2221,-0.499901,0.0430741,0.00551632,4.5984e-05,-3.14147,-7.8698e-05,
55.2255,-0.500083,0.0430968,0.0055228,3.53049e-05,-3.14151,8.30077e-06,
55.2331,-0.508001,0.043094,0.00546055,-5.14737e-05,3.14155,-2.98142e-05,
55.2383,-0.5081,0.0430716,0.00546918,-3.23054e-05,3.14159,-3.48688e-05,
55.2415,-0.508253,0.0430933,0.0054351,3.64334e-06,3.14141,-1.07648e-05,
55.2477,-0.508357,0.04306,0.00543219,-3.30484e-05,3.14139,-3.24265e-05,
55.2537,-0.508575,0.0430624,0.00546902,-8.31812e-05,3.14149,-0.000120223,
55.257,-0.508749,0.0430745,0.00543137,0.000106251,3.1414,-4.96807e-05,
55.2625,-0.508853,0.0430834,0.00543094,2.97266e-05,3.14141,-5.42256e-05,
55.2687,-0.509038,0.0430816,0.00543574,-9.17314e-06,3.14136,-6.15327e-05,
55.2719,-0.510271,0.0430666,0.005432,-0.00010649,3.14143,-7.36136e-05,
55.2772,-0.510365,0.0430625,0.00546191,1.91737e-05,3.14148,-4.85292e-05,
55.2832,-0.510566,0.0430381,0.00544906,-0.00023275,3.14145,-6.79748e-05,
55.2863,-0.510668,0.0430705,0.00544571,-8.02405e-05,3.14147,-6.76264e-05,
55.2925,-0.510846,0.0430848,0.0054332,7.21179e-06,3.14141,-0.000107314,
55.2956,-0.510975,0.0430604,0.00543478,-5.21829e-05,3.14146,-0.000121395,
55.3036,-0.511189,0.0430779,0.00547202,1.36734e-05,3.1415,-2.36382e-05,
55.3097,-0.511354,0.0430906,0.00543408,6.21914e-05,3.14146,-7.06102e-05,
55.3128,-0.511467,0.0430609,0.00545537,-1.38465e-05,3.14146,-8.0836e-05,
55.3181,-0.511673,0.0430738,0.00548008,-6.02188e-05,3.14147,-2.22386e-05,
55.3242,-0.511766,0.0430662,0.00543936,-9.40693e-06,3.14146,-7.07209e-05,
55.3273,-0.511956,0.043119,0.00545809,5.79493e-05,3.14144,2.04285e-05,
55.3335,-0.512057,0.0430966,0.00545416,8.48772e-05,3.14144,-6.86898e-05,
55.3366,-0.512291,0.0430721,0.00546891,-4.56148e-05,3.14152,-0.000100558,
55.3427,-0.512363,0.043074,0.00544609,-3.11257e-06,3.14143,-8.84962e-05,
55.351,-0.512563,0.0430961,0.00547631,-4.91412e-06,3.14147,2.03859e-06,
55.3541,-0.514893,0.0430814,0.00552376,1.78452e-06,-3.14154,6.99919e-05,
55.3594,-0.514983,0.0430709,0.00549766,-4.45459e-05,3.14156,-2.37074e-05,
55.3656,-0.515183,0.0431087,0.00550089,-5.44063e-06,3.14157,7.16499e-05,
55.3687,-0.515283,0.0431115,0.00549819,-1.68981e-05,3.14159,2.20333e-05,
55.3747,-0.515501,0.0431145,0.00550832,-6.19796e-05,-3.14152,-4.48123e-06,
55.3778,-0.515676,0.0430877,0.00549304,1.47542e-05,3.14157,8.32267e-06,
55.384,-0.515775,0.043113,0.00548838,-0.000104469,-3.14158,-0.000111299,
55.3922,-0.515987,0.0431283,0.00550242,-0.000126094,-3.14155,-0.000112444,
55.4718,-0.516972,0.0430997,0.00548542,-6.15479e-05,-3.14157,-4.58935e-05,
55.4761,-0.517176,0.0430982,0.00548168,0.000102148,3.14158,9.33764e-06,
55.4822,-0.51727,0.0431055,0.00547036,0.000130667,3.14154,-3.5247e-05,
55.4854,-0.517469,0.0431043,0.00550146,-0.000144152,-3.14156,-6.11321e-05,
55.4916,-0.517601,0.0431051,0.00552365,-8.12723e-05,-3.1415,-9.37781e-05,
55.4977,-0.517805,0.0430985,0.00551044,-2.0745e-05,-3.14153,3.45053e-05,
55.5008,-0.517976,0.0431078,0.00550516,-5.99705e-05,-3.14158,-5.5118e-05,
55.507,-0.518067,0.0430986,0.00550645,-9.6371e-05,-3.14156,-4.27249e-06,
55.531,-0.518263,0.0431235,0.00550147,-5.86182e-05,-3.14152,-7.20848e-05,
55.5341,-0.518375,0.0431248,0.00551196,-0.000137764,-3.14153,-3.79493e-05,
55.5393,-0.51857,0.043101,0.00550791,-1.32277e-05,-3.14155,-2.14841e-05,
55.5425,-0.518689,0.0431052,0.00552943,2.39076e-05,-3.14154,-5.23104e-05,
55.5487,-0.518877,0.0430922,0.00549903,-4.29531e-05,3.14159,-1.83321e-05,
55.5547,-0.519025,0.0431152,0.00556403,-8.22682e-05,-3.14139,-0.000148628,
55.5578,-0.519193,0.0431117,0.00553184,-1.61583e-05,-3.14151,-0.000133624,
55.564,-0.519377,0.0431032,0.00552002,-2.36514e-05,-3.14156,-4.30584e-05,
55.5703,-0.519487,0.0431265,0.00555457,-0.000134968,-3.14146,-5.84362e-05,
55.5736,-0.519703,0.04312,0.00554493,-3.99411e-05,-3.1415,-6.86872e-05,
55.5818,-0.519823,0.0431103,0.00556617,-2.8992e-05,-3.1414,-7.07721e-05,
55.5871,-0.519991,0.0430868,0.00554608,2.08154e-05,-3.14147,-6.50922e-05,
55.5901,-0.52009,0.043097,0.00553322,-3.70434e-05,-3.14152,-2.08461e-05,
55.5962,-0.520303,0.0431005,0.0055319,-3.50426e-05,-3.14148,-3.95186e-05,
55.5993,-0.520419,0.043115,0.00558423,-0.000154325,-3.14138,-1.72995e-05,
55.6056,-0.520621,0.0431016,0.00555012,6.57994e-05,-3.14143,-9.58882e-05,
55.6522,-0.520803,0.0431074,0.00554017,-8.85438e-06,-3.14145,-2.50515e-05,
55.6554,-0.520901,0.043106,0.005536,-8.93587e-05,-3.14146,-0.000101242,
55.6596,-0.521092,0.0431151,0.00555982,-3.87068e-05,-3.14148,-8.42514e-05,
55.6662,-0.521204,0.0430864,0.0055321,1.24041e-05,-3.14151,-6.90867e-05,
55.6695,-0.521385,0.0430806,0.00553241,0.000123548,-3.14152,-2.9719e-05,
55.6757,-0.521499,0.0430912,0.0055307,0.000118677,-3.14148,-2.68571e-05,
55.6817,-0.521719,0.0431249,0.00556216,-0.000125089,-3.14146,-6.09263e-05,
55.6848,-0.521815,0.0430994,0.00555852,2.35635e-06,-3.14147,-5.86296e-05,
55.6911,-0.525965,0.043108,0.00551107,-3.12015e-05,3.14153,-1.79473e-05,
55.6963,-0.526194,0.0430914,0.00552117,2.05621e-05,-3.14158,-5.55658e-05,
55.6994,-0.526265,0.0430878,0.00549797,-7.35452e-06,3.14149,-3.80958e-05,
55.7076,-0.526445,0.043107,0.00550271,3.2844e-05,3.14146,-1.87545e-05,
55.716,-0.526679,0.0430854,0.00553449,5.0046e-07,3.14157,-3.31351e-05,
55.7192,-0.526765,0.0430675,0.00550504,-0.000188203,3.14155,-4.85903e-05,
55.7258,-0.526966,0.0431114,0.00552594,-7.56132e-05,3.14152,3.14904e-05,
55.732,-0.52707,0.0430818,0.00551489,2.94632e-05,3.14153,-0.000156392,
55.7352,-0.532656,0.0430945,0.00547046,3.53698e-05,3.1415,2.85052e-05,
55.7403,-0.532875,0.0430916,0.00547904,7.1925e-05,3.14154,2.60172e-05,
55.7435,-0.532953,0.0430819,0.00544792,2.87848e-05,3.14151,-4.5429e-05,
55.7497,-0.533136,0.0430925,0.0054351,6.90683e-05,3.14144,-8.18324e-06,
55.7539,-0.533325,0.043086,0.00540065,0.000122641,3.14139,-5.59825e-05,
55.7571,-0.533469,0.0431061,0.00546864,-3.11924e-05,3.14153,-5.78261e-05,
55.7632,-0.53363,0.0430933,0.00543823,4.3629e-05,3.14139,-3.94077e-05,
55.7694,-0.53375,0.0430987,0.00544161,5.64907e-05,3.14151,-0.000137077,
55.7726,-0.537484,0.0431121,0.00547032,1.85613e-06,-3.14156,-0.000115604,
55.7778,-0.537551,0.0430804,0.00544215,2.80087e-05,3.14149,-1.89446e-05,
55.784,-0.537805,0.0431269,0.00547751,-3.6906e-05,-3.14151,-5.49326e-05,
55.7871,-0.537893,0.0430809,0.00546469,-1.93015e-05,-3.14156,7.21497e-05,
55.7932,-0.53807,0.0431025,0.00544431,4.80074e-05,3.14158,-6.31857e-05,
55.7964,-0.538297,0.0430963,0.00547841,7.60132e-05,-3.14151,-7.0138e-05,
55.8017,-0.538394,0.043119,0.00549894,-6.59712e-05,-3.14153,-7.69148e-05,
55.808,-0.538583,0.0430976,0.00548476,8.86235e-07,3.14158,8.71181e-05,
55.8111,-0.546166,0.0430719,0.00550051,-1.74248e-05,3.14148,-7.85752e-06,
55.8163,-0.546276,0.0430752,0.00553633,-2.09522e-05,-3.14158,-1.98417e-05,
55.8226,-0.546412,0.0430771,0.00550986,2.99436e-05,3.14153,2.59125e-05,
55.8257,-0.54657,0.0430773,0.00550628,3.47477e-05,3.1415,-1.83335e-05,
55.8317,-0.546651,0.0430883,0.00550053,7.57722e-05,3.14149,-6.15414e-05,
55.8348,-0.546798,0.0430872,0.00550019,3.23417e-06,3.14146,-4.03618e-05,
55.8411,-0.546859,0.0430864,0.00548512,-9.8111e-05,3.14146,-4.4394e-05,
55.8472,-0.547017,0.0430846,0.0055051,1.54704e-05,3.1415,6.67221e-05,
55.8503,-0.547066,0.043086,0.00546839,1.62779e-05,3.14145,-6.17834e-05,
55.8556,-0.547227,0.0430927,0.00551732,9.27308e-05,3.14155,-8.24623e-05,
55.8617,-0.547357,0.0430934,0.0055233,-4.69561e-05,3.14154,7.26352e-06,
55.8648,-0.547413,0.0430812,0.0055023,-4.81387e-07,3.14151,-4.55114e-05,
55.871,-0.54755,0.0430843,0.0055003,8.8833e-06,3.14153,-7.14717e-05,
55.8772,-0.54759,0.0430706,0.00548437,-6.30461e-05,3.14148,-7.25138e-05,
55.8803,-0.54771,0.043075,0.00547772,-6.64067e-05,3.14145,-7.24729e-05,
55.8885,-0.547769,0.0430786,0.00549733,-3.54497e-06,3.1415,-5.7291e-05,
55.9712,-0.547907,0.0430713,0.00552942,5.926e-05,-3.14156,2.2816e-05,
55.9744,-0.54794,0.0430688,0.00549306,-2.68448e-05,3.1415,6.3923e-06,
55.9796,-0.548051,0.0430834,0.0054959,-1.84549e-05,3.14152,-6.81984e-05,
55.9827,-0.548142,0.0430859,0.00553421,-1.58691e-05,-3.14154,1.54324e-05,
55.9887,-0.548216,0.0430671,0.00549651,3.54164e-05,3.14153,-2.87139e-05,
55.995,-0.548278,0.0430746,0.00547574,-2.6465e-05,3.14147,-1.72024e-05,
55.9981,-0.548366,0.0430758,0.00553339,1.21048e-05,-3.14156,3.93617e-05,
56.0042,-0.548422,0.0430771,0.00549777,-8.07712e-05,3.14152,1.03507e-05,
56.0637,-0.54846,0.0430673,0.00550392,-8.90923e-05,3.14153,-3.84762e-06,
56.0669,-0.548541,0.0430733,0.00550188,3.69275e-05,3.14148,-4.27812e-05,
56.0711,-0.54859,0.0431062,0.00551178,9.8756e-05,3.14158,3.63221e-05,
56.0772,-0.548624,0.043096,0.00548543,0.000114709,3.14151,-4.43161e-05,
56.0803,-0.548713,0.043096,0.00549879,5.61454e-05,3.14152,-2.28566e-05,
56.0865,-0.548734,0.0430983,0.00550788,4.94599e-05,3.14157,-4.74704e-05,
56.0896,-0.548794,0.0430627,0.00549851,-9.25344e-05,3.14153,-7.15798e-05,
56.0957,-0.548858,0.043094,0.00551188,-0.000110045,3.14158,1.46604e-05,
56.1569,-0.54885,0.0430979,0.0054556,1.50649e-05,3.14142,-0.000101132,
56.16,-0.548928,0.0431111,0.00550763,5.78169e-05,3.14159,4.42192e-05,
56.1642,-0.548961,0.0430944,0.00548593,-6.56703e-06,3.14154,-4.56251e-05,
56.1704,-0.548985,0.0431119,0.00550214,4.79157e-05,3.14154,-2.97023e-05,
56.1736,-0.548997,0.0431119,0.00547765,-5.49994e-05,3.14154,1.59808e-06,
56.1797,-0.549064,0.04314,0.00550851,-7.87802e-05,-3.14156,-6.5969e-05,
56.1828,-0.549098,0.0431387,0.00551688,-1.44782e-05,-3.14151,-7.69636e-05,
56.189,-0.549105,0.0431575,0.00551308,-1.5046e-05,-3.14156,-9.67925e-05,
56.299,-0.549086,0.0431437,0.00549316,-2.41294e-05,3.14153,6.50216e-06,
56.3023,-0.549134,0.043135,0.00551112,-4.004e-05,-3.14152,2.63812e-05,
56.31,-0.549137,0.0431532,0.00550729,-8.15621e-06,-3.14157,-2.22537e-05,
56.3162,-0.549174,0.0431771,0.00552218,5.60168e-05,-3.14151,-2.68625e-05,
56.3192,-0.549152,0.0431905,0.00551835,-0.000136726,-3.14152,-9.26299e-05,
56.3255,-0.549166,0.0431767,0.00551518,-5.9543e-05,-3.14149,-6.90623e-05,
56.3286,-0.549153,0.0431886,0.00554581,-0.000169446,-3.1415,-5.30754e-05,
56.3347,-0.549164,0.0431723,0.00553301,-3.44422e-05,-3.1415,-7.33603e-05,
56.3402,-0.549125,0.04316,0.0055216,-5.95144e-05,-3.14153,-3.30946e-05,
56.3436,-0.54918,0.0431894,0.00554254,-0.000117211,-3.14142,-5.60396e-05,
56.3481,-0.549165,0.0432005,0.0055506,-0.000154086,-3.14144,-6.61001e-05,
56.3526,-0.549164,0.0431785,0.00555277,-5.25964e-05,-3.14142,-0.000108521,
56.3557,-0.549127,0.0431533,0.00553013,-0.000110525,-3.14152,-5.4303e-05,
56.361,-0.549136,0.0431437,0.00552208,-1.85262e-05,-3.14152,2.43876e-05,
56.3672,-0.549167,0.0431677,0.00554637,-3.39858e-05,-3.14143,-9.37153e-05,
56.3703,-0.549165,0.0431716,0.00554596,-0.000219126,-3.1415,-1.14775e-05,
56.3766,-0.549147,0.0431505,0.00554043,-0.000160441,-3.14152,-5.0634e-05,
56.3831,-0.549161,0.0431542,0.00554387,-7.13487e-05,-3.1415,-2.87675e-05,
56.3862,-0.549177,0.0431673,0.00555176,-0.000249303,-3.14144,-9.34312e-05,
56.3922,-0.549138,0.0431655,0.00553137,-0.000229176,-3.14155,-0.000100209,
56.3984,-0.549139,0.0431511,0.00550152,0.000151601,3.14157,2.01267e-05,
56.4016,-0.54916,0.0431562,0.00552445,-0.000235957,-3.14151,-2.05097e-05,
56.4077,-0.54915,0.0431498,0.00555045,-0.00022446,-3.14152,2.29994e-05,
56.4108,-0.549162,0.0431342,0.00553252,-0.000157275,-3.14155,4.31752e-05,
56.4171,-0.549145,0.0431599,0.00551086,0.000140188,3.14156,-2.74798e-05,
56.4223,-0.549158,0.0431561,0.00554551,-0.000120903,-3.14151,-4.79042e-05,
56.4256,-0.549157,0.0431511,0.00555112,-0.000153718,-3.14149,-3.96419e-05,
56.4309,-0.54914,0.043189,0.00552372,-0.000230075,-3.14156,-6.3496e-05,
56.4354,-0.549148,0.0431527,0.00552438,-0.000174823,-3.14155,-1.34398e-06,
56.4385,-0.549166,0.0431655,0.00556621,-0.000200398,-3.14154,-1.52107e-05,
56.4447,-0.549166,0.043177,0.00555905,-0.00023637,-3.14149,-7.72921e-05,
56.4509,-0.549126,0.0431559,0.00551226,0.000148176,3.14154,3.79743e-05,
56.4541,-0.549122,0.0431313,0.00551964,0.000187179,3.14157,-6.43592e-05,
56.4593,-0.549187,0.0431666,0.0055909,-0.000127443,-3.14147,-0.000140076,
56.4655,-0.549148,0.0431403,0.00552006,0.000224814,3.14159,-7.96733e-05,
56.4686,-0.549156,0.0431597,0.00554183,-0.000269894,-3.14157,8.22237e-06,
56.4737,-0.549148,0.0431387,0.00551626,0.000212688,3.14158,1.74071e-06,
56.4768,-0.549187,0.0431543,0.00555997,-0.000252587,-3.14147,8.09672e-05,
56.483,-0.549162,0.0431414,0.00553519,-0.000185713,-3.14155,2.32283e-05,
56.4892,-0.549157,0.0431623,0.00555337,-0.000231908,-3.1415,-1.00653e-05,
56.4924,-0.54919,0.0431088,0.00554669,3.04582e-06,-3.14151,-4.53598e-05,
56.4976,-0.549169,0.0431038,0.00553058,-3.06788e-05,-3.14155,1.35365e-05,
56.5037,-0.549185,0.0430947,0.00556418,1.09449e-05,-3.14152,-6.40388e-05,
56.5068,-0.549174,0.0430889,0.00553986,1.62661e-05,-3.14158,-8.87406e-05,
56.513,-0.549218,0.0430942,0.0055789,4.18575e-05,-3.14142,-3.70109e-05,
56.5192,-0.549211,0.0431092,0.0055869,-9.82256e-06,-3.14141,-2.66083e-05,
56.5226,-0.549173,0.0430767,0.00552249,-3.65039e-05,-3.14153,6.6218e-05,
56.5302,-0.549176,0.043099,0.0055345,2.07425e-06,-3.14158,-5.95985e-05,
56.5365,-0.549202,0.043093,0.00558061,3.52095e-05,-3.14144,-7.02944e-05,
56.5396,-0.549182,0.0431021,0.00555002,1.91709e-05,-3.14151,7.62273e-05,
56.5448,-0.549191,0.0430812,0.0055404,8.99762e-05,-3.14151,-2.87795e-05,
56.5511,-0.549191,0.0431018,0.00555222,-3.95841e-06,-3.14147,-0.000118396,
56.5542,-0.549173,0.0430772,0.00553624,4.0239e-05,-3.14156,1.51154e-05,
56.5621,-0.549201,0.0430818,0.00555487,4.05484e-05,-3.14147,-1.5568e-05,
56.5652,-0.54919,0.0430927,0.00554968,1.4166e-05,-3.1415,4.92332e-06,
56.5702,-0.54915,0.0430708,0.00550449,-7.29091e-05,3.14151,-4.43571e-05,
56.5765,-0.549179,0.0430764,0.00551179,-2.88873e-06,-3.14158,-2.38931e-05,
56.5796,-0.549197,0.0431022,0.00553195,-2.81395e-06,-3.14152,-5.47077e-05,
56.5848,-0.549164,0.0430958,0.00548246,6.14836e-05,3.14153,-1.44566e-05,
56.591,-0.549149,0.0430828,0.00548374,-3.21473e-05,3.14151,-4.29224e-05,
56.5941,-0.549159,0.0430949,0.00548719,-8.76991e-06,3.14152,-3.31103e-05,
56.6002,-0.549158,0.0430882,0.00548006,-9.1493e-06,3.14155,-5.94873e-05,
56.6033,-0.549179,0.0430685,0.00551051,4.94389e-05,-3.14158,2.9995e-05,
56.6096,-0.54917,0.0430588,0.00549558,-8.52968e-05,3.14156,-5.84136e-05,
56.6157,-0.549168,0.0430735,0.00550473,-3.58794e-05,3.14155,4.4422e-05,
56.6188,-0.549159,0.043082,0.00547903,1.66112e-05,3.14152,-8.48434e-05,
56.6241,-0.549174,0.0430672,0.00549224,-9.22881e-06,3.14157,5.10846e-05,
56.6302,-0.549172,0.0430894,0.0055007,-5.07164e-05,-3.14158,2.83581e-05,
56.6333,-0.549194,0.043104,0.00551707,-6.76151e-06,-3.14156,-2.59672e-05,
56.6396,-0.549188,0.0430754,0.00552043,6.05129e-05,-3.14155,6.05457e-05,
56.6426,-0.54917,0.0430904,0.00549678,4.39509e-05,3.14159,-1.81882e-05,
56.6487,-0.549149,0.0430936,0.00545705,0.000102199,3.14152,-6.77414e-05,
56.6542,-0.549159,0.0430996,0.0055014,4.68971e-05,3.14158,1.64708e-05,
56.6575,-0.549185,0.0430801,0.00552019,3.22286e-06,-3.14155,-5.59194e-05,
56.6658,-0.549159,0.0430878,0.00548921,-4.01609e-05,3.14151,-1.57219e-05,
56.6711,-0.549163,0.0431184,0.00547879,8.214e-05,3.14154,3.04405e-05,
56.6742,-0.549169,0.0430834,0.00548022,4.79376e-05,3.14154,-2.41581e-05,
56.6802,-0.549189,0.0430951,0.00549909,2.12644e-05,-3.14157,-2.1406e-05,
56.6862,-0.549154,0.0430696,0.00548267,-8.0039e-05,3.14151,-1.9038e-05,
56.6893,-0.549153,0.0430805,0.00546796,4.8342e-05,3.14153,-3.64849e-05,
56.6975,-0.549206,0.0430769,0.00551309,6.21509e-06,-3.14154,-6.91279e-05,
56.7006,-0.549186,0.0430754,0.00550997,5.49804e-05,-3.14155,-8.05983e-06,
56.7058,-0.549184,0.0430997,0.00551127,0.000106939,-3.14155,-0.000104619,
56.7121,-0.549175,0.0430971,0.00550857,-8.82259e-05,-3.14159,-3.90669e-05,
56.7152,-0.549156,0.0430724,0.00547698,6.6811e-05,3.14152,-0.000106214,
56.7212,-0.54918,0.0430881,0.0055097,-6.63666e-05,-3.14156,-2.17527e-05,
56.7274,-0.549192,0.0430667,0.0055025,2.26225e-05,-3.14155,7.20017e-05,
56.7306,-0.54918,0.0430752,0.00550181,1.73263e-06,-3.14158,2.98431e-06,
56.7752,-0.549155,0.0430921,0.0054854,9.33626e-05,3.14155,-4.0236e-06,
56.7794,-0.549172,0.0430964,0.00551579,1.89934e-05,3.14156,4.85577e-05,
56.7826,-0.549154,0.043089,0.00547216,8.45555e-05,3.14153,-0.000107486,
56.7891,-0.549179,0.0430699,0.00549869,4.29437e-05,-3.14158,1.19725e-05,
56.7956,-0.549143,0.0430779,0.00548511,-2.72199e-05,3.14148,-8.52587e-05,
56.7988,-0.549159,0.0430814,0.0054982,4.75728e-05,3.14158,9.87568e-06,
56.8051,-0.549183,0.0430657,0.00549925,-1.14746e-05,-3.14158,0.000143688,
56.8112,-0.549184,0.0430676,0.0055024,-3.14449e-05,-3.14157,8.67218e-05,
56.8143,-0.549173,0.0430764,0.00548428,9.10301e-06,3.14154,-1.77268e-05,
56.8196,-0.549143,0.0430809,0.0054857,4.43697e-05,3.14149,-1.95506e-05,
56.8227,-0.549172,0.0431107,0.005516,-4.92662e-05,-3.14158,-5.00232e-05,
56.8287,-0.549185,0.0430877,0.00551794,-4.43824e-06,-3.14157,-4.10899e-05,
56.836,-0.549157,0.0430933,0.00547482,6.93603e-05,3.14154,-3.61308e-05,
56.8391,-0.549133,0.0431085,0.0054826,0.000117316,3.14144,-2.17374e-05,
56.8452,-0.549169,0.0430846,0.00549644,-9.79734e-06,3.14155,5.78624e-05,
56.8514,-0.549194,0.0430947,0.00551961,-4.37017e-05,-3.14151,-4.87468e-05,
56.9328,-0.549156,0.043073,0.00551555,-4.77369e-05,3.14154,4.08368e-05,
56.9371,-0.549187,0.0430998,0.00552382,-4.30581e-05,-3.14157,4.2002e-05,
56.9432,-0.549163,0.0430784,0.00548516,-1.34974e-05,3.14155,-5.8592e-05,
56.9462,-0.549164,0.0430543,0.00549743,-0.000117369,3.14154,-3.1131e-05,
56.9525,-0.549174,0.043091,0.00548602,-4.23996e-05,3.14159,8.42236e-06,
56.9556,-0.549182,0.0431037,0.0055007,-6.34845e-05,-3.14158,9.7725e-06,
56.9617,-0.549162,0.0430962,0.00550478,1.85498e-05,3.14158,9.51894e-06,
56.9679,-0.549184,0.043072,0.00550738,3.96882e-06,-3.14157,-1.46685e-05,
57.1042,-0.549186,0.0430946,0.00551902,3.98424e-05,-3.14154,1.43784e-06,
57.1076,-0.549171,0.0430828,0.00549798,-8.09713e-05,3.14157,1.71167e-05,
57.1158,-0.549167,0.0430936,0.005506,-5.38326e-05,3.14157,-4.5876e-06,
57.1223,-0.549158,0.0430908,0.00548649,4.93583e-05,3.14155,-7.05651e-05,
57.1255,-0.549167,0.0430868,0.00549719,-5.0527e-05,-3.14159,-1.78035e-05,
57.1317,-0.549181,0.0431058,0.00550827,-5.95454e-06,3.14157,9.21773e-05,
57.1349,-0.549163,0.0430901,0.00547555,0.000116585,3.14155,-5.15767e-05,
57.1411,-0.54918,0.0430944,0.00550134,7.1875e-05,3.14159,7.43058e-07,
57.1491,-0.549178,0.0430716,0.00550367,-3.00417e-05,3.14158,3.84882e-05,
57.1522,-0.549188,0.0431059,0.00552275,-4.84472e-05,-3.14155,-9.63021e-05,
57.1566,-0.549161,0.0430843,0.00549212,8.80191e-05,3.14157,1.26551e-05,
57.1627,-0.549152,0.0430827,0.00548296,7.1772e-05,3.14152,1.38184e-05,
57.1658,-0.549193,0.0430826,0.00551794,5.99319e-05,-3.14157,-5.63018e-05,
57.172,-0.549157,0.0430768,0.00548569,-2.77457e-05,3.14154,-6.32314e-05,
57.1782,-0.549175,0.043107,0.00549921,-2.12718e-06,3.14157,-9.86638e-06,
57.1812,-0.549193,0.0430829,0.00551037,2.15209e-05,-3.14159,-5.3527e-06,
57.1875,-0.549158,0.0430721,0.00547625,3.33579e-06,3.14156,-3.67037e-05,
57.1907,-0.549179,0.0430933,0.00550075,-1.35794e-05,3.14159,-4.20203e-06,
57.199,-0.549162,0.0430864,0.00551683,-1.33317e-05,3.14156,4.16311e-05,
57.2042,-0.549155,0.0430779,0.0054996,2.33464e-05,3.14155,-7.10721e-05,
57.2072,-0.549159,0.0430724,0.00549068,-6.06456e-05,3.14154,-3.65886e-05,
57.2135,-0.54918,0.0430967,0.00551159,9.2301e-06,-3.14156,6.8055e-07,
57.2197,-0.549188,0.0430936,0.00553199,0.000119964,-3.14153,-5.25635e-05,
57.2228,-0.549178,0.0430842,0.00551371,6.81941e-05,-3.14158,-2.61236e-05,
57.2291,-0.549176,0.0430775,0.00550122,-2.99069e-05,-3.14159,4.30635e-05,
57.2342,-0.549189,0.0431039,0.00551733,-6.31539e-05,-3.14159,-2.54441e-05,
57.2374,-0.549155,0.0430699,0.00547476,-9.82122e-05,3.14153,-7.08367e-05,
57.2437,-0.549163,0.0430923,0.00549487,4.44067e-05,3.14153,-1.69867e-06,
57.2467,-0.549181,0.0431029,0.00551067,-1.64156e-05,-3.14159,-5.78323e-05,
57.253,-0.549206,0.0430904,0.00552422,0.000120589,-3.14155,-8.66203e-05,
57.2592,-0.549161,0.0430906,0.00548618,4.40468e-05,3.14154,1.86185e-05,
57.2623,-0.549179,0.0430935,0.0054872,5.6873e-05,-3.14157,-5.70091e-05,
57.3477,-0.54917,0.0431091,0.00550458,1.82021e-05,3.14155,4.15225e-06,
57.352,-0.549157,0.0430972,0.00548093,-1.62084e-05,3.14151,-8.95864e-05,
57.3551,-0.54919,0.0430998,0.00550204,-3.0402e-05,-3.14155,1.63043e-05,
57.3612,-0.54916,0.0431073,0.00548225,-3.66912e-06,3.14158,2.39913e-05,
57.3672,-0.549167,0.043105,0.00549279,4.95479e-05,3.14155,-2.55403e-05,
57.3704,-0.54917,0.0431076,0.0055014,4.73924e-06,3.14155,7.1186e-06,
57.3759,-0.54918,0.0430893,0.0054902,1.55396e-05,3.14158,1.53016e-05,
57.3822,-0.549157,0.0430842,0.00548011,2.38769e-05,3.14153,-4.71921e-05,
57.4246,-0.549156,0.0431255,0.00547473,8.81675e-05,3.14151,4.54114e-05,
57.4287,-0.549189,0.0430951,0.00548572,1.62745e-05,3.14158,1.83238e-05,
57.4317,-0.54918,0.043063,0.00550672,-1.4824e-05,3.14157,1.28729e-05,
57.438,-0.54918,0.0430966,0.00549531,4.1615e-05,-3.14158,-2.91498e-05,
57.4442,-0.549179,0.0430815,0.00551632,0.000112663,-3.14155,-2.29202e-05,
57.4473,-0.549171,0.0430588,0.00549094,-2.21192e-05,3.14154,-7.40931e-05,
57.4535,-0.54916,0.0430651,0.00546592,-4.15224e-05,3.14153,-3.45694e-05,
57.4597,-0.549189,0.0430902,0.00550432,-8.16643e-05,-3.14156,7.85175e-05,
57.4682,-0.549194,0.0431061,0.00553461,-3.02834e-05,-3.14149,-6.88642e-05,
57.4716,-0.549166,0.0430963,0.00549749,4.89904e-05,3.14153,1.19975e-05,
57.476,-0.54916,0.0430565,0.00549377,-0.000165451,3.14157,-0.000125576,
57.4822,-0.549159,0.0430981,0.00551118,5.65203e-05,3.14155,-4.34121e-05,
57.4852,-0.549179,0.0430863,0.0055289,-1.87527e-05,-3.14154,4.87137e-05,
57.4915,-0.549176,0.0430949,0.00549831,-1.50022e-05,3.14158,-3.01511e-05,
57.4946,-0.549177,0.043079,0.00550481,-2.18775e-05,3.14159,4.63816e-05,
57.5007,-0.549182,0.0430777,0.00550232,-8.03059e-05,3.14155,-6.07438e-05,
57.5855,-0.54917,0.0430721,0.00550878,4.57428e-05,-3.14159,2.39421e-05,
57.5886,-0.549161,0.0430969,0.00549986,1.55475e-05,3.14157,3.27353e-07,
57.5927,-0.54919,0.0431027,0.00553573,4.49061e-06,-3.14152,2.67707e-06,
57.5979,-0.549183,0.0431006,0.00549588,6.26629e-05,3.14159,4.18975e-05,
57.6011,-0.549181,0.0431088,0.00549592,-8.77642e-05,-3.14155,-2.22466e-05,
57.6072,-0.549164,0.0430924,0.00550039,-2.87378e-05,3.14157,5.38813e-05,
57.6132,-0.549184,0.0430865,0.00552091,-4.81055e-05,-3.14157,2.13769e-05,
57.6163,-0.549172,0.0430974,0.00548369,2.27659e-05,3.14158,2.28654e-05,
57.6847,-0.549171,0.043092,0.00549752,1.4472e-06,3.14156,4.06665e-05,
57.6879,-0.54916,0.0430846,0.00548963,-6.50921e-06,3.14154,-9.23995e-05,
57.6921,-0.549169,0.0430917,0.00548861,8.22032e-05,3.14158,-4.66011e-05,
57.6982,-0.549156,0.0430928,0.00548825,1.63445e-05,3.14154,3.44512e-06,
57.7013,-0.549205,0.0430962,0.00552684,-1.63389e-05,-3.14151,-2.19509e-05,
57.7075,-0.549151,0.0430795,0.0054847,-2.09113e-05,3.14152,-4.05911e-05,
57.7106,-0.549191,0.0430769,0.00549774,7.5492e-06,-3.14157,4.36659e-05,
57.7167,-0.549164,0.0430705,0.00547253,-6.59503e-05,3.14152,-3.26631e-05,
57.8187,-0.54917,0.0430928,0.00549797,8.90663e-06,3.14157,4.8242e-07,
57.8219,-0.549161,0.0430792,0.0054886,6.27982e-05,3.14156,-5.90143e-05,
57.8261,-0.549168,0.0430878,0.00551921,8.41345e-05,3.14158,-4.19766e-06,
57.8322,-0.549154,0.0430796,0.00546799,3.33254e-05,3.14146,-4.08624e-05,
57.8353,-0.549166,0.0430972,0.00550789,-7.69191e-05,-3.14159,-5.62395e-06,
57.8415,-0.549172,0.043107,0.00548725,0.000109741,3.14159,-1.36314e-05,
57.8446,-0.549203,0.0430984,0.00551146,1.5478e-05,-3.14152,-7.00332e-05,
57.8507,-0.549192,0.0430982,0.00550996,-2.77009e-05,-3.14157,-1.39529e-05,
58.0085,-0.549184,0.0430783,0.00550744,2.17693e-05,-3.14159,-3.5461e-05,
58.0118,-0.549181,0.0430799,0.00548618,-1.98832e-05,3.14159,3.24477e-05,
58.0185,-0.549156,0.0430853,0.00549241,4.62085e-06,3.14152,-1.05881e-05,
58.0239,-0.549155,0.0430915,0.00548527,-5.47978e-05,3.14152,4.11263e-05,
58.0271,-0.549158,0.0431075,0.00548048,6.79821e-05,3.14153,9.31622e-07,
58.0332,-0.549158,0.043081,0.00548384,4.40011e-05,3.14155,-3.95994e-05,
58.0394,-0.549172,0.0430967,0.00547876,4.49751e-05,3.14155,-8.52571e-05,
58.0426,-0.54915,0.0430731,0.00548598,-3.54097e-05,3.14153,6.92132e-06,
58.048,-0.549166,0.0430716,0.00549647,3.0257e-05,3.14154,-6.7331e-05,
58.0532,-0.549183,0.0430969,0.00550392,4.13046e-05,3.14158,1.61836e-05,
58.0564,-0.549195,0.0431094,0.00552671,-4.19307e-05,-3.14156,-0.000106691,
58.0626,-0.549177,0.0430762,0.00551376,1.49637e-05,-3.14159,-9.87374e-06,
58.0657,-0.54917,0.0430634,0.00549999,6.13316e-05,3.14157,7.35877e-07,
58.0717,-0.549191,0.043092,0.00549614,1.78396e-05,3.14158,9.12888e-05,
58.078,-0.549196,0.0430732,0.00550371,4.09692e-05,-3.14159,3.6495e-05,
58.0811,-0.549177,0.0431034,0.00550429,-6.91541e-05,-3.14157,-7.51072e-05,
58.0872,-0.549177,0.043092,0.00550333,-1.83542e-05,-3.14157,-3.79336e-05,
58.0937,-0.549185,0.0431162,0.00551944,-7.75204e-05,-3.14154,-6.3329e-05,
58.0971,-0.549171,0.0430702,0.00549525,-1.44537e-05,3.14151,-1.63467e-05,
58.1025,-0.549172,0.0430765,0.00548733,-9.32489e-05,3.14157,5.18599e-05,
58.1087,-0.54919,0.0430773,0.00551688,0.000142589,-3.14155,-5.12351e-05,
58.1118,-0.549192,0.043088,0.00550295,5.92156e-05,-3.14157,2.15502e-05,
58.118,-0.549166,0.0431088,0.00550263,0.000100881,3.14155,-0.000123516,
58.1242,-0.549186,0.0430997,0.00550473,2.26359e-06,-3.14158,-4.38304e-07,
58.1273,-0.549179,0.0430855,0.00550224,-4.94046e-05,3.14159,-1.51705e-05,
58.1326,-0.549192,0.0430995,0.00551899,-4.08775e-05,-3.14153,-5.08668e-05,
58.1357,-0.549178,0.0431039,0.00549261,2.42144e-05,-3.14158,5.27018e-05,
58.142,-0.549176,0.0431099,0.00549846,-2.8553e-06,3.14156,-1.06489e-05,
58.1482,-0.549177,0.0431072,0.00551253,8.93303e-05,3.14158,2.20506e-05,
58.1513,-0.549163,0.0430958,0.00549926,7.04646e-05,3.14156,-2.1234e-05,
58.1576,-0.549201,0.0430953,0.00555174,-5.518e-05,-3.14148,-8.53043e-05,
58.1637,-0.549163,0.0430896,0.00550118,3.7115e-06,3.14157,-1.57718e-05,
58.1668,-0.549192,0.0430892,0.00549668,-2.00591e-05,-3.14158,-1.56336e-05,
58.1721,-0.549162,0.0430945,0.00548069,9.47504e-06,3.1415,-0.000101947,
58.1782,-0.549179,0.0430856,0.00549802,-5.52112e-05,-3.14159,1.25578e-06,
58.1813,-0.549177,0.043075,0.00551523,1.55942e-05,-3.14154,-8.0516e-05,
58.1875,-0.549171,0.0431058,0.00550726,3.12142e-05,3.14155,-3.94194e-05,
58.1906,-0.549151,0.0430841,0.00547969,9.30866e-05,3.14157,-3.73141e-05,
58.1967,-0.54918,0.0430685,0.00550976,4.93065e-05,-3.14153,-2.40775e-05,
58.203,-0.549177,0.0430895,0.0055416,2.84181e-05,-3.14155,-6.7534e-05,
58.2061,-0.549173,0.0430762,0.00548716,1.77942e-05,3.14157,-3.02822e-06,
58.2113,-0.549164,0.043089,0.00548206,4.85965e-05,3.14155,-5.09076e-05,
58.2176,-0.549196,0.0430941,0.00553927,-2.27949e-05,-3.14155,-4.24868e-05,
58.2207,-0.549177,0.0430893,0.00551205,2.86175e-05,-3.14157,5.69901e-06,
58.2287,-0.54918,0.0431031,0.00551049,-3.5718e-05,3.14157,3.36513e-05,
58.2344,-0.549179,0.0431031,0.00553647,-5.41856e-05,-3.14156,-9.92023e-06,
58.2377,-0.54919,0.0430742,0.00550551,3.39055e-05,-3.14156,-9.95792e-06,
58.2421,-0.549172,0.0430954,0.00551586,-2.15066e-06,3.14159,-4.05178e-06,
58.2482,-0.54918,0.0430618,0.00551374,-7.83177e-05,3.14159,-7.15901e-05,
58.2513,-0.549182,0.0430912,0.00548833,-1.07523e-05,-3.14158,-1.00513e-05,
58.2566,-0.549184,0.0431046,0.00551505,-3.72724e-05,-3.14156,-2.65847e-05,
58.2597,-0.549149,0.0431073,0.00550251,8.69377e-05,3.14153,1.63775e-05,
58.2657,-0.54916,0.0430856,0.00550566,-9.91965e-05,-3.14158,-1.71908e-06,
58.271,-0.549159,0.0431228,0.00547969,3.06292e-05,3.14153,-8.75068e-06,
58.2743,-0.549158,0.0430853,0.00550284,2.04998e-06,3.14158,-1.13032e-05,
58.2826,-0.549184,0.0430762,0.00552877,0.000119433,-3.14158,3.57862e-05,
58.2877,-0.549169,0.0430674,0.00549895,-6.22676e-05,3.14158,-2.41489e-05,
58.2909,-0.549176,0.0431034,0.00552119,-1.58763e-05,-3.14159,-3.04008e-05,
58.2962,-0.549159,0.0430948,0.00548883,-1.38549e-05,3.14151,-4.457e-05,
58.3022,-0.549154,0.0430817,0.00548695,6.72084e-05,3.14154,1.6658e-05,
58.3053,-0.549179,0.0430886,0.00551843,-6.18857e-05,3.14158,1.35125e-05,
58.3115,-0.549161,0.0430928,0.00548876,-6.28393e-05,-3.14157,-6.04983e-06,
58.3147,-0.549179,0.0431352,0.00549006,-2.58441e-05,-3.14158,-7.75277e-07,
58.3226,-0.54918,0.0431024,0.00551395,-8.24543e-05,-3.14157,2.99144e-05,
58.3287,-0.549186,0.0430797,0.00551871,4.69781e-05,-3.14158,1.07815e-05,
58.3319,-0.549159,0.0430972,0.00549898,-6.10233e-05,3.14158,3.57275e-05,
58.3372,-0.549184,0.0430861,0.00549746,-4.25319e-06,-3.14158,-2.12733e-05,
58.3434,-0.549191,0.043081,0.00549949,-6.03813e-05,-3.14155,4.46309e-05,
58.3466,-0.549148,0.043094,0.00547721,7.72293e-05,3.14149,-1.89095e-05,
58.3527,-0.549167,0.043088,0.00549384,4.49452e-05,3.14156,-2.09614e-05,
58.3558,-0.54917,0.0430833,0.00549114,5.62876e-05,3.14156,-7.99511e-05,
58.3639,-0.549172,0.0430803,0.00549701,-7.35165e-05,3.14159,-3.61117e-05,
58.3702,-0.549151,0.0430828,0.00547523,1.66906e-06,3.1415,-8.31676e-05,
58.3733,-0.549192,0.0431134,0.00550516,-2.84456e-06,-3.14157,-2.96695e-05,
58.3786,-0.549171,0.0431167,0.00549982,4.19044e-05,3.14157,1.88893e-05,
58.3847,-0.549166,0.0430847,0.0054766,-3.28001e-05,3.14152,-4.849e-05,
58.3878,-0.549182,0.0431025,0.00551758,-5.98674e-05,-3.14157,-2.68381e-05,
58.3941,-0.549162,0.0430982,0.00548312,-2.15292e-06,3.14152,-6.07354e-06,
58.4002,-0.549162,0.0430739,0.00550018,1.09983e-05,3.14159,-4.44763e-05,
58.4033,-0.549147,0.0430879,0.00547156,1.88511e-05,3.1415,-0.000103249,
58.4097,-0.549174,0.0430895,0.00548986,4.25675e-06,3.14158,2.26606e-06,
58.4153,-0.549187,0.0430906,0.00551128,6.10924e-05,-3.14155,-8.25948e-05,
58.4184,-0.549188,0.0430998,0.0055228,1.34384e-05,-3.14157,-4.95703e-05,
58.4246,-0.549182,0.0430951,0.00549159,2.94191e-05,-3.14158,4.58914e-05,
58.4277,-0.549147,0.0430645,0.00549543,-9.29041e-05,3.14153,-1.43652e-05,
58.434,-0.549188,0.0430783,0.00551796,3.60816e-05,-3.14154,3.88968e-05,
58.4402,-0.549199,0.043123,0.00554584,-7.66982e-05,-3.14147,-9.50912e-05,
58.4433,-0.549187,0.0430907,0.0054991,-2.21001e-05,-3.14157,-2.80207e-05,
58.4867,-0.549151,0.0430817,0.00548117,-3.29195e-06,3.14154,-1.7778e-05,
58.491,-0.549196,0.0431092,0.00550248,2.97844e-06,-3.14157,3.35086e-05,
58.4941,-0.549187,0.0430987,0.00550979,-3.6744e-05,-3.14159,-3.18696e-05,
58.5003,-0.549186,0.0430958,0.00551533,-3.5905e-06,-3.14157,-8.01199e-05,
58.5086,-0.549184,0.0431125,0.00551119,-5.12128e-05,-3.14155,-6.59651e-05,
58.512,-0.549182,0.043102,0.00551384,1.99037e-05,-3.14155,-7.09863e-05,
58.5172,-0.549159,0.0430824,0.00546827,4.93124e-05,3.14155,-0.000142673,
58.5234,-0.549177,0.0430918,0.00550752,-6.89504e-05,3.14159,2.74811e-05,
58.5266,-0.549181,0.0430838,0.00549847,-2.70028e-05,3.14158,1.61318e-05,
58.5318,-0.549174,0.0431043,0.00550658,-0.000118893,-3.14157,2.17729e-05,
58.5381,-0.549178,0.0430982,0.00551456,-1.21969e-05,-3.14159,4.75419e-05,
58.5412,-0.549162,0.0430929,0.00548728,-9.70713e-06,3.14152,2.97106e-05,
58.5478,-0.549175,0.0430974,0.00549065,4.17503e-05,3.14158,-1.01881e-05,
58.554,-0.549137,0.0430505,0.00548146,-4.98938e-05,3.14148,-8.67169e-05,
58.5571,-0.549162,0.043082,0.00551346,-6.65607e-05,3.14157,1.02847e-05,
58.5632,-0.549181,0.0430966,0.00550074,-4.22477e-06,-3.14157,7.34079e-06,
58.5663,-0.549147,0.0430764,0.00549242,1.54512e-05,3.14154,2.60697e-05,
58.5716,-0.549151,0.0430972,0.00549438,-2.03571e-05,3.14148,-5.08711e-05,
58.5777,-0.549193,0.0431084,0.00551687,4.77185e-07,-3.14151,-1.5755e-05,
58.5808,-0.549169,0.0431015,0.00549651,-2.15226e-06,3.14155,2.16295e-05,
58.587,-0.549181,0.0430933,0.00550385,9.05032e-06,3.14156,7.64114e-05,
58.5932,-0.549179,0.0430874,0.00549136,-1.07611e-05,-3.14157,2.00061e-05,
58.5962,-0.549163,0.0430868,0.0054997,-9.75144e-06,3.14155,2.43108e-05,
58.6025,-0.54917,0.043094,0.00550583,-4.80228e-05,3.14157,4.68887e-05,
58.6056,-0.549164,0.0430902,0.00549397,4.38941e-05,3.14158,2.49802e-06,
58.6108,-0.549187,0.043095,0.00551602,2.34812e-05,3.14159,2.79597e-05,
58.617,-0.549172,0.0430928,0.00551416,3.55124e-05,-3.14158,-7.50987e-05,
58.6201,-0.549175,0.0430962,0.00550338,-1.86252e-05,-3.14158,2.7891e-05,
58.6262,-0.549156,0.0430905,0.00546817,3.52436e-05,3.1415,-3.67805e-05,
58.6314,-0.549168,0.0430748,0.00547826,-0.000105784,3.14156,-4.97662e-05,
58.6347,-0.549173,0.0430969,0.0055085,-2.96723e-05,-3.14158,-2.98832e-05,
58.6432,-0.549205,0.043095,0.00554319,-4.1836e-05,-3.14148,-1.01793e-05,
58.6498,-0.549173,0.0430579,0.00548672,-0.000134781,3.14154,-8.94737e-06,
58.653,-0.549188,0.0430949,0.00551417,3.56011e-05,-3.14154,-3.47424e-05,
58.6583,-0.549193,0.0431043,0.00552673,2.86208e-05,-3.14152,-1.61672e-05,
58.6645,-0.549168,0.0430934,0.00549511,-3.2421e-05,-3.14158,-2.63061e-05,
58.6676,-0.549187,0.0430979,0.00550948,3.6315e-05,-3.14152,6.60844e-05,
58.6737,-0.549178,0.0430998,0.00549376,8.90861e-05,3.14157,1.19098e-05,
58.6768,-0.549177,0.0431126,0.00551356,-3.71013e-05,-3.14156,-5.87132e-05,
58.6841,-0.549142,0.0430915,0.00548312,-2.13951e-06,3.14149,-2.50576e-05,
58.6902,-0.549186,0.0430762,0.00551467,5.55895e-05,-3.14151,0.000136213,
58.6934,-0.549206,0.0430888,0.00552045,6.69901e-05,-3.14149,4.67867e-06,
58.6987,-0.549183,0.0430999,0.00548922,-1.9402e-05,3.14156,6.23019e-06,
58.7047,-0.549171,0.0430876,0.00548789,-2.21449e-05,3.14158,1.75329e-05,
58.7077,-0.549152,0.0430733,0.0054963,-3.2689e-05,3.14153,-6.2388e-05,
58.714,-0.549171,0.0430911,0.00551259,-1.33854e-05,-3.14158,5.6182e-06,
58.7202,-0.549182,0.0430947,0.00553254,2.41925e-06,-3.14154,-6.23571e-05,
58.7236,-0.549183,0.043122,0.00551655,-2.48995e-05,-3.14153,-9.12891e-05,
58.728,-0.549179,0.0431048,0.00550881,-6.3141e-05,-3.14154,-1.34385e-05,
58.7357,-0.549162,0.0431031,0.00551673,-1.60301e-05,-3.14156,-2.56013e-05,
58.7388,-0.549168,0.0431063,0.00548519,0.000107779,3.14154,3.02319e-05,
58.745,-0.549164,0.0430913,0.00547889,4.13749e-05,3.14151,-1.5989e-05,
58.7511,-0.549144,0.0430639,0.00547818,-0.000146006,3.14148,9.6523e-06,
58.7542,-0.549155,0.0431087,0.00550039,6.34915e-05,3.14158,-3.8763e-05,
58.7605,-0.549184,0.04312,0.00550153,6.2866e-05,3.14159,2.84827e-05,
58.7636,-0.549175,0.0430821,0.00549155,9.0036e-06,3.14157,-5.40511e-05,
58.7689,-0.549155,0.0430873,0.00547445,2.76754e-05,3.14151,-3.09544e-05,
58.7742,-0.549159,0.0430865,0.00549975,2.53831e-05,3.14158,-5.8618e-05,
58.7774,-0.549176,0.0430944,0.00551366,6.23744e-05,-3.14159,-9.82174e-05,
58.7836,-0.549174,0.0430734,0.00551632,-6.65488e-05,-3.14156,4.30644e-05,
58.7897,-0.549198,0.0431123,0.00550018,-1.09909e-05,-3.14155,-7.59395e-06,
58.7928,-0.54919,0.0431079,0.00550709,-0.000116318,-3.14154,-7.89913e-05,
58.799,-0.549169,0.0430849,0.00548125,3.1967e-05,3.14156,-3.1366e-05,
58.8052,-0.549158,0.0430867,0.00547407,-0.000120754,3.14152,-1.18198e-05,
58.8083,-0.549172,0.0431364,0.00550153,0.000128547,3.14159,6.83514e-05,
58.8166,-0.549173,0.0430828,0.00551058,4.55413e-06,3.14159,-6.49418e-06,
58.8197,-0.549174,0.043107,0.0054856,4.2459e-05,3.14157,1.07045e-05,
58.825,-0.549178,0.0430897,0.00550473,4.88689e-05,3.14157,-6.20681e-07,
58.8312,-0.549152,0.0430934,0.00549419,-6.05134e-05,3.14152,-1.22842e-05,
58.8343,-0.549188,0.0431342,0.00552005,-5.42824e-05,-3.14153,-6.01542e-05,
58.8405,-0.549163,0.0430746,0.0054878,4.30356e-06,3.14155,2.73108e-06,
58.8466,-0.5492,0.0430939,0.00549365,2.85543e-05,-3.14158,2.6175e-06,
58.8498,-0.549181,0.0431086,0.0055222,1.66577e-05,-3.14155,-1.78712e-05,
58.8552,-0.549195,0.0430915,0.00550245,-1.56041e-05,-3.14157,-3.17412e-05,
58.8618,-0.54918,0.0430985,0.00549569,7.02585e-05,3.14159,-4.88094e-06,
58.865,-0.54917,0.0430892,0.00549937,3.41288e-05,-3.14156,4.51374e-05,
58.8712,-0.549181,0.0431025,0.00552399,-6.33416e-05,-3.14154,-6.09165e-05,
58.8772,-0.549182,0.0430887,0.00547865,-7.52422e-06,3.14155,7.26906e-06,
58.8802,-0.549173,0.0430878,0.00550931,6.23683e-06,3.14159,-9.27223e-05,
58.8865,-0.549183,0.043099,0.0055099,0.000107314,3.14158,2.92641e-05,
58.9322,-0.549175,0.0431255,0.0055178,0.000159967,3.14157,-7.80285e-07,
58.9354,-0.549195,0.0431059,0.00551852,-3.74307e-05,-3.14156,-6.40115e-05,
58.9396,-0.54918,0.0431032,0.00551661,-2.3425e-05,-3.14159,1.4635e-05,
58.9426,-0.549162,0.0430923,0.00550305,1.65501e-05,3.14156,-1.31973e-05,
58.9489,-0.549174,0.0430971,0.00550085,1.91789e-05,3.14154,-4.11117e-05,
58.9545,-0.549167,0.0430883,0.00550436,-4.15448e-05,-3.14158,-1.00637e-05,
58.9578,-0.549177,0.0430863,0.00549724,-3.61807e-05,3.14158,3.95757e-05,
58.9623,-0.549147,0.0430807,0.00549776,-4.17626e-05,3.14153,-4.89585e-05,
58.9706,-0.549152,0.0430854,0.00548073,5.31892e-05,3.14151,-5.11669e-06,
58.9737,-0.549155,0.0430896,0.00549426,1.68689e-05,3.14151,-4.37984e-05,
58.9791,-0.549148,0.0431064,0.00549155,3.00607e-05,3.14153,-4.36204e-05,
58.9852,-0.549168,0.0431071,0.0055256,-8.19764e-05,-3.14154,-2.24441e-05,
58.9882,-0.549148,0.0431223,0.00548887,0.00014561,3.14148,1.24574e-05,
58.9946,-0.54919,0.0431141,0.00551286,-4.27387e-05,-3.14158,-5.01794e-05,
59.0007,-0.549172,0.0430714,0.00549539,-9.51074e-06,3.14156,-6.78951e-05,
59.0037,-0.549177,0.0430932,0.00548771,3.63228e-05,3.14159,2.23149e-06,
59.01,-0.54917,0.0430874,0.00550469,2.73163e-06,3.14153,-1.01474e-06,
59.0152,-0.549152,0.0430869,0.00548026,-3.66297e-05,3.14151,-4.88014e-05,
59.0184,-0.549184,0.0430665,0.00550648,-2.89003e-05,-3.14155,2.62077e-05,
59.0246,-0.54917,0.0430696,0.00547566,3.00075e-05,3.14154,-7.71573e-05,
59.0277,-0.549169,0.0431121,0.00547817,6.80152e-05,3.14154,1.76794e-05,
59.0337,-0.549185,0.0431049,0.00549899,-0.000128359,-3.14156,-5.51155e-05,
59.0401,-0.549179,0.0431036,0.00548958,5.18139e-05,3.14156,-2.7971e-05,
59.0432,-0.549168,0.0431163,0.00548711,0.000140797,3.14154,1.11432e-05,
59.0495,-0.549182,0.0431058,0.00551049,-8.51802e-06,-3.14156,-8.15035e-05,
59.0547,-0.549164,0.0430905,0.00550499,-0.000100119,-3.14157,6.87604e-05,
59.0579,-0.549194,0.043098,0.00553617,6.43149e-06,-3.14155,-1.63501e-05,
59.0641,-0.549134,0.0430672,0.0054646,-7.61728e-05,3.14145,-7.90589e-05,
59.0701,-0.549198,0.0431165,0.00552178,-8.87317e-05,-3.14152,-9.67053e-05,
59.0732,-0.549182,0.043095,0.00551021,-4.91796e-05,-3.14154,3.61394e-05,
59.0795,-0.54919,0.0431024,0.00548921,-8.80926e-05,-3.14159,-4.49247e-05,
59.0829,-0.549177,0.0430925,0.00550817,-4.40751e-05,-3.14157,2.85597e-05,
59.0907,-0.549196,0.0430961,0.00552411,4.80742e-05,-3.14153,-2.06341e-05,
59.0961,-0.549179,0.0431097,0.00550925,-9.37951e-05,-3.14153,-1.79518e-05,
59.1022,-0.549164,0.0430878,0.00549176,-3.53713e-05,3.14156,-5.15269e-06,
59.1052,-0.549148,0.0430824,0.00548262,5.05117e-06,3.14154,-4.47107e-05,
59.1115,-0.549175,0.0431007,0.00551331,9.22615e-06,3.14157,3.69103e-05,
59.1146,-0.54917,0.0430899,0.00550849,-2.0845e-05,3.14158,-2.41981e-05,
59.1207,-0.549197,0.0430975,0.00551864,-2.51703e-05,-3.14151,-2.91184e-07,
59.1279,-0.549153,0.0431014,0.00548766,3.81515e-05,3.14152,1.5299e-05,
59.1311,-0.549175,0.0431042,0.00551038,-6.72043e-05,-3.14158,-3.56868e-05,
59.1363,-0.549152,0.0430879,0.00548328,6.27031e-05,3.14154,-2.28997e-05,
59.1425,-0.549178,0.0430679,0.00547726,9.34922e-05,-3.14158,4.43842e-05,
59.1456,-0.549168,0.0431052,0.00549773,0.000107655,3.14157,3.48245e-05,
59.1517,-0.549173,0.043105,0.00549966,1.86983e-05,3.14158,-2.21993e-05,
59.1548,-0.549179,0.0430976,0.00551513,2.90654e-05,-3.14151,6.89391e-06,
59.161,-0.549184,0.0430922,0.00551214,3.07589e-05,3.14159,6.1026e-05,
59.1672,-0.549164,0.0431005,0.00549279,-0.000103065,-3.14159,5.86705e-05,
59.2096,-0.549164,0.0430787,0.00547449,3.0101e-05,3.14152,-7.42669e-05,
59.2137,-0.549174,0.0430876,0.00550931,4.3156e-05,-3.14155,-2.07335e-05,
59.2212,-0.549151,0.0430829,0.00547511,-2.87841e-05,3.14152,3.41766e-06,
59.2245,-0.549171,0.0430968,0.00549492,2.72425e-06,-3.14157,9.06212e-06,
59.2328,-0.549167,0.0430942,0.00549284,9.704e-06,3.14157,-6.80069e-05,
59.2381,-0.549182,0.0431087,0.00553135,-8.17983e-05,-3.14158,-8.45632e-05,
59.2412,-0.549174,0.0431018,0.00549223,2.79907e-06,-3.14158,-3.5276e-05,
59.2475,-0.549204,0.0431208,0.00550534,-5.64928e-05,-3.14153,-4.83348e-05,
59.2537,-0.54916,0.0430893,0.00548025,1.20887e-05,3.14153,-8.81529e-05,
59.2568,-0.549164,0.0430659,0.00551048,3.58144e-05,3.14159,1.26729e-05,
59.2646,-0.549185,0.0430732,0.00552931,8.45419e-06,-3.14153,-3.86977e-05,
59.2707,-0.549178,0.0430936,0.00550529,-0.000128699,-3.14158,2.35947e-05,
59.2737,-0.549166,0.0430873,0.00548605,-9.1838e-05,3.14152,-5.7323e-05,
59.28,-0.549183,0.0430985,0.00550261,-9.68717e-06,-3.14156,0.000102844,
59.2861,-0.549157,0.043104,0.00550946,2.577e-05,3.14156,-6.78432e-05,
59.2892,-0.549162,0.0430534,0.00548288,-8.39854e-06,3.14156,-6.85726e-05,
59.2955,-0.549209,0.0431163,0.00551632,-1.57621e-05,-3.14147,-5.3024e-05,
59.2986,-0.549159,0.0430925,0.00550413,-4.15188e-05,-3.14159,-2.39296e-05,
59.3038,-0.549167,0.0430851,0.00550737,2.55854e-05,3.14157,-2.14088e-05,
59.3085,-0.549165,0.0430974,0.00548071,5.77976e-05,3.14159,1.29188e-06,
59.3116,-0.549166,0.0430864,0.00549549,-2.85036e-05,3.14156,4.78173e-06,
59.3177,-0.549159,0.043062,0.0054852,-1.29819e-05,3.1415,-0.000102075,
59.324,-0.549184,0.0431172,0.00550511,8.39046e-05,3.14159,2.26222e-05,
59.3271,-0.549164,0.0430973,0.00548851,-2.84444e-05,3.14155,-4.52528e-05,
59.3332,-0.544448,0.0430732,0.00552079,3.9442e-05,-3.14141,-9.31142e-05,
59.3385,-0.544348,0.0430563,0.0055111,0.000140053,-3.14139,-4.49432e-05,
59.3416,-0.544162,0.0430656,0.00551553,2.23089e-05,-3.14139,-0.000151184,
59.3477,-0.543948,0.0430518,0.0055189,8.20033e-05,-3.14139,-7.40883e-05,
59.3508,-0.543844,0.0430663,0.00550496,8.0132e-05,-3.14144,-4.18693e-05,
59.3583,-0.543662,0.0430506,0.00553983,0.000183054,-3.14132,-8.0363e-05,
59.3646,-0.543578,0.0430368,0.00553214,0.000143686,-3.14126,-6.84905e-05,
59.3677,-0.543314,0.0430669,0.00551239,3.83611e-05,-3.14142,-7.273e-05,
59.3737,-0.539872,0.0430725,0.00547701,-8.22198e-05,3.14156,-8.37415e-05,
59.3791,-0.539768,0.0430507,0.0054634,-0.000145314,3.14154,-6.44434e-05,
59.3821,-0.539561,0.0431165,0.00545794,-3.37847e-08,3.14154,-2.8893e-05,
59.3882,-0.53939,0.0430601,0.00548749,3.62769e-05,-3.14158,2.69148e-05,
59.3945,-0.539264,0.0430613,0.00547446,-3.49522e-05,3.14156,4.39039e-06,
59.3977,-0.539087,0.0430847,0.00548194,4.45847e-05,-3.14157,7.88211e-06,
59.4021,-0.538966,0.0430674,0.00547854,4.44337e-05,3.14155,-7.73364e-05,
59.4082,-0.538776,0.0430768,0.00548242,7.43272e-05,-3.14157,2.10291e-05,
59.4113,-0.538567,0.0430646,0.0054746,-6.83826e-05,3.14153,-2.05756e-05,
59.4166,-0.538452,0.0430675,0.00545186,-5.93606e-05,3.14149,-9.51205e-05,
59.4197,-0.538256,0.0430981,0.00545852,8.0297e-05,3.1415,-9.41984e-05,
59.4257,-0.538161,0.043078,0.00545963,5.28183e-05,3.14149,-9.81746e-05,
59.432,-0.537974,0.0430807,0.00547965,1.77041e-05,3.14153,-1.81403e-05,
59.4351,-0.53788,0.043095,0.00547402,4.1679e-05,3.14155,-5.67466e-05,
59.4431,-0.537667,0.0430966,0.00546604,5.33101e-05,3.14149,-4.07548e-05,
59.4482,-0.537582,0.0431058,0.00549605,3.02445e-05,3.14155,9.23801e-06,
59.4513,-0.533112,0.0430684,0.00551878,5.82404e-05,-3.14155,-1.88818e-05,
59.4566,-0.532881,0.043086,0.00552195,-6.08842e-05,3.14159,2.21568e-06,
59.4597,-0.532796,0.0430568,0.00551682,4.34367e-05,-3.14158,7.67543e-05,
59.466,-0.532613,0.0431259,0.00555805,-5.76642e-05,-3.14148,-4.98447e-05,
59.4721,-0.5324,0.0430835,0.00551671,-2.5139e-05,-3.14158,4.27526e-05,
59.4752,-0.532302,0.0430591,0.00551698,-0.000119603,3.14157,-8.49353e-05,
59.4815,-0.532076,0.0430913,0.00551154,-6.28334e-05,3.14155,-4.2561e-05,
59.4896,-0.531998,0.0430829,0.00551186,4.64715e-05,-3.14158,2.68004e-05,
59.5311,-0.53179,0.0430882,0.00550775,7.78193e-05,-3.14159,2.54667e-05,
59.5352,-0.531683,0.0430854,0.0054927,2.76448e-05,3.1415,-6.9273e-06,
59.5414,-0.531522,0.0431118,0.0055535,6.32044e-05,-3.14148,-5.22119e-05,
59.5446,-0.53131,0.0430752,0.00552309,5.21045e-05,-3.14151,4.70728e-06,
59.5507,-0.531175,0.0430796,0.00549719,-8.56092e-07,3.14156,-3.36118e-05,
59.5537,-0.53097,0.0430714,0.00548776,-0.000166326,3.14152,5.96485e-05,
59.56,-0.530884,0.0430926,0.00549855,-3.45575e-05,3.14153,-2.81853e-05,
59.5662,-0.530671,0.0430685,0.0054776,8.0139e-06,3.1415,-8.35851e-06,
59.6677,-0.530596,0.0430945,0.00550531,-5.39292e-06,-3.14157,-6.94495e-05,
59.6709,-0.530405,0.04308,0.00552323,8.93575e-05,-3.14153,-4.48236e-05,
59.6751,-0.530173,0.043075,0.00550185,7.33432e-06,-3.14155,-3.1065e-05,
59.6812,-0.530079,0.0430871,0.00548859,-3.72617e-05,-3.14158,3.59195e-05,
59.6843,-0.529888,0.0430825,0.00550396,-7.88547e-05,-3.14157,-1.78452e-05,
59.6905,-0.5298,0.0430793,0.0055085,-3.9972e-05,-3.14153,2.07175e-06,
59.6936,-0.529595,0.0430787,0.00553257,-1.60479e-05,-3.14147,2.19708e-05,
59.6997,-0.529489,0.043081,0.00550381,8.18332e-05,-3.14157,-6.17317e-05,
59.7142,-0.529324,0.043107,0.00555891,2.3246e-06,-3.14141,-9.37352e-05,
59.7176,-0.529184,0.043099,0.00551761,5.63391e-05,-3.14153,-0.000107603,
59.7252,-0.528963,0.0430964,0.00550015,7.41142e-05,3.14157,-4.97024e-05,
59.7312,-0.528862,0.0430964,0.00549879,-2.69166e-05,-3.14157,-6.60152e-05,
59.7343,-0.528689,0.0430755,0.00552271,5.94086e-05,-3.14149,1.43529e-05,
59.7405,-0.528465,0.0430842,0.00552288,3.8887e-05,-3.14154,-8.60725e-06,
59.7436,-0.52836,0.0430871,0.0055036,-1.89134e-05,-3.14152,-5.01553e-05,
59.7497,-0.528191,0.0430954,0.00554736,3.39102e-05,-3.14143,-0.000140702,
59.8336,-0.528103,0.0431023,0.00554578,9.63163e-05,-3.14143,-6.42443e-05,
59.8367,-0.527875,0.0430722,0.00550132,0.000113409,-3.14154,-1.67913e-05,
59.8407,-0.527791,0.0430892,0.00552835,4.84157e-05,-3.14143,-1.54028e-05,
59.8469,-0.527578,0.0430807,0.00551412,-7.49564e-06,-3.14151,-2.87787e-05,
59.8502,-0.527458,0.0430859,0.00549075,1.852e-05,-3.14157,3.27715e-05,
59.8559,-0.527272,0.0430868,0.00550126,0.000172512,-3.14156,-2.49307e-05,
59.8615,-0.527072,0.0431026,0.00549772,6.64974e-05,-3.14151,-6.35244e-05,
59.8647,-0.527023,0.0430928,0.00552753,0.000129112,-3.14139,-2.07909e-05,
59.8702,-0.526375,0.0430955,0.00550931,-3.44783e-05,-3.14148,-0.000101056,
59.8756,-0.526296,0.0431071,0.00551029,6.0654e-05,-3.14143,-9.834e-05,
59.8787,-0.526079,0.0431068,0.00552213,-8.02473e-06,-3.14147,-0.000132561,
59.8847,-0.525972,0.0430804,0.00550356,7.91257e-06,-3.14152,5.33758e-06,
59.8928,-0.525774,0.0431135,0.00548959,-4.10136e-05,-3.14154,1.62648e-05,
59.896,-0.525652,0.0431052,0.00549512,3.97614e-06,-3.14157,-8.81974e-05,
59.9012,-0.525481,0.0431255,0.00552159,-6.36232e-05,-3.14147,-0.000100678,
59.9074,-0.525367,0.0430807,0.0054769,0.000140906,-3.14155,-2.15847e-05,
59.9106,-0.517374,0.0430901,0.00548595,-2.8401e-05,3.14152,-6.07572e-05,
59.9157,-0.517271,0.0430893,0.00548356,4.78965e-05,3.14148,-0.00011074,
59.922,-0.51709,0.0431256,0.00552143,-8.24615e-05,-3.14154,-1.25345e-05,
59.9251,-0.516966,0.0431142,0.00549097,5.35274e-05,3.14155,-3.6481e-05,
59.9312,-0.516757,0.0431029,0.0054777,7.97155e-05,3.14146,-2.91394e-05,
59.9343,-0.516656,0.0430904,0.00546932,3.72517e-05,3.14146,-0.000125971,
59.9407,-0.516459,0.0430976,0.0054744,2.77991e-05,3.14154,-7.03711e-05,
59.9472,-0.516258,0.0430704,0.00547781,3.20163e-05,3.14154,-0.000143846,
59.9504,-0.515164,0.0430982,0.00547392,2.49914e-05,3.14149,-9.51436e-05,
59.9557,-0.514966,0.0430944,0.00546941,6.05554e-05,3.1415,-0.000172205,
59.962,-0.514902,0.0431159,0.00550809,2.3003e-05,-3.14156,-4.41383e-05,
59.9651,-0.514639,0.0430945,0.00546248,1.90865e-05,3.14148,-3.8798e-05,
59.9712,-0.514592,0.0430979,0.00553063,1.95258e-05,-3.14154,-3.99823e-05,
59.9774,-0.514366,0.0430774,0.00549005,-0.000126343,3.14156,-6.33982e-05,
59.9806,-0.514276,0.0430936,0.00549396,-6.31843e-05,3.14155,9.0122e-07,
59.989,-0.51408,0.0430851,0.00552876,-5.42194e-05,3.14158,2.23723e-06,
59.9952,-0.513883,0.0430869,0.00548811,-7.98438e-05,3.14155,-3.13849e-06,
59.9984,-0.513783,0.0430938,0.00547978,2.0067e-05,3.14154,-4.77398e-05,
60.0037,-0.513582,0.0430661,0.00551495,-8.809e-05,3.14158,-2.41701e-05,
60.0067,-0.513488,0.0431068,0.00550996,-5.53219e-05,-3.14155,-1.1451e-05,
60.013,-0.513278,0.0430782,0.0054978,-7.27947e-05,3.14157,-6.89116e-05,
60.0192,-0.513165,0.0430945,0.00547982,8.69756e-06,3.14154,-3.20057e-05,
60.0223,-0.512952,0.0430938,0.0054897,-2.07244e-06,3.14152,-3.99524e-05,
60.0305,-0.512787,0.0431152,0.00551678,2.99166e-05,-3.14155,-7.90686e-05,
60.0357,-0.512693,0.0430881,0.00549794,0.000116711,-3.14156,-2.27962e-05,
60.0388,-0.512481,0.04309,0.00550321,0.000100532,-3.14158,-1.79412e-05,
60.0441,-0.512378,0.0431034,0.00549543,4.59487e-05,3.14159,-7.40532e-05,
60.0501,-0.512177,0.0430876,0.00550064,4.75921e-05,-3.14159,4.45302e-06,
60.0532,-0.512098,0.0431014,0.00550593,-3.88366e-05,-3.14155,2.36786e-05,
60.0595,-0.511877,0.0430961,0.00549419,0.000101103,3.14159,1.02803e-05,
60.0626,-0.511772,0.0430782,0.00547477,-3.51096e-05,3.14155,-1.6572e-05,
60.0687,-0.511591,0.0430767,0.00548874,5.18251e-05,-3.14159,4.70308e-05,
60.1142,-0.511378,0.0430885,0.00549227,2.28887e-05,-3.14157,-4.73189e-05,
60.1174,-0.511271,0.0430909,0.00550399,-4.90553e-05,3.14158,-6.84716e-06,
60.1216,-0.511085,0.0430843,0.0055023,-4.01756e-05,-3.14157,9.41564e-06,
60.1276,-0.510976,0.0430823,0.00550292,5.31919e-05,-3.14158,2.70778e-05,
60.1307,-0.510749,0.0431031,0.0054648,1.68722e-05,3.14153,6.82063e-05,
60.137,-0.510674,0.0430814,0.00550148,5.10911e-06,-3.14155,4.71387e-05,
60.1432,-0.510438,0.0430708,0.00545231,7.766e-05,3.14148,-6.54441e-05,
60.1462,-0.510369,0.0430649,0.00549615,-4.47162e-05,3.14156,-1.26729e-06,
60.1672,-0.510164,0.0430762,0.00547715,2.89839e-05,3.14155,-0.00010317,
60.1704,-0.50993,0.0430839,0.00546854,8.33941e-05,3.14146,-5.73983e-05,
60.1757,-0.509838,0.0430774,0.00546848,0.000114525,3.14151,-3.13745e-05,
60.1788,-0.509666,0.0430712,0.00548418,-8.34995e-05,3.14157,-5.63411e-05,
60.185,-0.509561,0.0430793,0.00548862,1.46557e-05,3.14158,-1.5043e-05,
60.1912,-0.509376,0.0430658,0.00549286,7.65977e-05,-3.14158,-3.40903e-05,
60.1943,-0.509265,0.0430666,0.00547253,-6.68693e-05,3.14151,-3.83498e-05,
60.2006,-0.509064,0.0430725,0.00548445,7.91125e-06,3.14157,3.3002e-06,
60.2067,-0.501769,0.0430684,0.00550628,-0.000139339,3.14156,-9.14375e-05,
60.2101,-0.501548,0.0430697,0.0054996,-2.19567e-05,3.1415,-0.00012329,
60.2156,-0.501446,0.0430852,0.0054828,-4.67514e-05,3.14146,-2.22049e-05,
60.2202,-0.501254,0.0430587,0.00549439,-0.000169543,3.14154,-8.19436e-05,
60.2235,-0.501084,0.0430945,0.00550502,-6.79017e-05,3.14158,-3.20473e-05,
60.2318,-0.50095,0.043072,0.00550479,-3.19435e-05,3.14156,-7.72891e-05,
60.2371,-0.500749,0.0430673,0.00546517,-9.30911e-05,3.14147,-3.89302e-05,
60.2401,-0.500652,0.0431036,0.00548641,-2.84388e-05,3.1415,2.35408e-05,
60.2462,-0.499482,0.043101,0.00550383,-8.7948e-05,3.14154,-5.3164e-05,
60.2529,-0.499394,0.0431294,0.00552876,-8.46094e-05,-3.14153,-4.50589e-05,
60.256,-0.499192,0.0430878,0.00553033,9.21774e-05,-3.14156,1.79846e-05,
60.2622,-0.499099,0.0431018,0.00550899,-7.2552e-05,3.14159,1.38677e-05,
60.2682,-0.498891,0.0431152,0.00550787,-1.94518e-05,-3.14156,-1.83654e-05,
60.2713,-0.498767,0.043095,0.00550345,-3.83733e-05,3.14153,2.42725e-05,
60.2776,-0.498601,0.0430939,0.00553421,1.43574e-05,-3.14158,-4.50429e-06,
60.2806,-0.498374,0.0431137,0.00550801,5.38666e-05,3.14155,1.13132e-05,
60.2867,-0.498297,0.0431191,0.00551874,-3.40755e-05,-3.14155,-7.1892e-05,
60.2921,-0.498144,0.0430757,0.00554293,1.57995e-05,-3.14141,7.32945e-06,
60.2952,-0.498015,0.0430889,0.00552972,5.83415e-05,-3.14152,9.12907e-05,
60.3005,-0.497802,0.0431244,0.00551173,-7.98412e-05,-3.14154,-6.17165e-05,
60.3067,-0.497731,0.0430989,0.00554233,-1.95468e-05,-3.14141,-0.000138083,
60.3098,-0.49752,0.0430802,0.00550167,0.000140198,-3.14157,-1.7188e-05,
60.316,-0.497396,0.0431074,0.00551079,4.72257e-06,3.14157,7.29214e-05,
60.3221,-0.4972,0.0430959,0.00550135,-5.18723e-05,-3.14157,-1.02985e-06,
60.3253,-0.497,0.0430941,0.00552126,-6.29332e-05,-3.14154,2.2138e-05,
60.3306,-0.496932,0.0431088,0.00551963,-8.15304e-05,-3.14157,-4.58784e-05,
60.3337,-0.496704,0.0431193,0.00550922,-3.50784e-05,-3.14159,-4.1843e-05,
60.3397,-0.496596,0.0431106,0.00551176,-5.24664e-06,-3.14158,-1.68543e-05,
60.346,-0.496394,0.0431051,0.00550068,0.000127973,3.14157,-2.63245e-05,
60.3491,-0.49631,0.0431188,0.00551684,-0.000102394,-3.14155,-3.67665e-05,
60.3552,-0.496106,0.0430972,0.00551041,-2.11132e-05,-3.14156,-1.87726e-05,
60.3614,-0.496,0.043108,0.0055297,4.54822e-05,-3.14153,-5.64986e-05,
60.4048,-0.495812,0.0431069,0.00552759,2.29659e-05,-3.14149,-6.91418e-05,
60.4091,-0.495598,0.0430828,0.00551875,3.68481e-05,-3.14152,-6.25108e-05,
60.4151,-0.495493,0.0430914,0.00549591,2.63473e-06,3.14159,6.95912e-06,
60.4182,-0.495323,0.0431281,0.00553001,-0.000134135,-3.14149,-3.02552e-05,
60.4245,-0.495157,0.0431004,0.00548042,6.14727e-05,3.14155,-7.88609e-05,
60.4276,-0.494963,0.0431062,0.00548303,3.00943e-05,3.14156,2.87366e-05,
60.4338,-0.4949,0.0430835,0.00549787,5.53816e-06,3.14157,7.6337e-07,
60.4401,-0.494693,0.0431131,0.00550822,-6.82911e-05,-3.14156,-5.53938e-05,
60.4782,-0.481246,0.043107,0.0054829,6.58811e-05,3.14147,-3.29509e-05,
60.4816,-0.481162,0.0430789,0.00550879,-9.86829e-05,3.14155,-3.89248e-05,
60.4868,-0.480961,0.0430518,0.00550108,-0.000151389,3.14148,-0.000148379,
60.4931,-0.480768,0.043112,0.00550002,9.67179e-05,3.14154,2.82289e-05,
60.4961,-0.480665,0.0430987,0.005528,3.75769e-05,-3.14159,8.09713e-05,
60.5022,-0.480452,0.0430748,0.00549927,-9.5894e-05,3.14151,4.62658e-05,
60.5052,-0.480376,0.0430594,0.00551086,-0.000141774,3.14155,-3.19738e-05,
60.5115,-0.480163,0.0430733,0.00550615,-3.27687e-05,3.14154,-6.86387e-05,
60.5177,-0.479278,0.0431067,0.00552727,7.42136e-05,3.14157,2.56266e-05,
60.5209,-0.479066,0.0430861,0.00551401,-8.59472e-05,3.14156,-3.5348e-06,
60.5256,-0.478965,0.0430796,0.00550019,-0.000170014,3.14159,-5.75963e-05,
60.534,-0.478793,0.0430947,0.00553136,9.9159e-06,-3.14152,-3.67194e-06,
60.5371,-0.478696,0.0431064,0.00552489,5.0954e-05,-3.14153,-1.72596e-05,
60.5422,-0.478442,0.0430721,0.00549302,-8.62939e-06,3.14154,-7.42236e-05,
60.5482,-0.478272,0.0430595,0.0055338,6.2093e-05,-3.14152,4.56248e-05,
60.5513,-0.478184,0.0430863,0.00552215,2.42698e-05,-3.14155,4.42698e-05,
60.5576,-0.477987,0.0430834,0.00553789,5.84711e-05,-3.14151,-3.35063e-05,
60.5606,-0.477876,0.0430952,0.00551841,4.71316e-05,-3.14155,-2.29438e-05,
60.5659,-0.477677,0.043102,0.0055065,-2.12476e-05,-3.14154,2.64526e-05,
60.5704,-0.477579,0.0431082,0.00552433,-2.6112e-05,-3.14153,-3.94129e-05,
60.5737,-0.477364,0.0430982,0.00551941,-4.52454e-05,-3.14156,-2.40153e-05,
60.5801,-0.477294,0.0431148,0.00553689,3.97538e-05,-3.14151,-7.62636e-05,
60.5862,-0.477093,0.0431202,0.00555507,6.30735e-05,-3.14145,-0.000201036,
60.5893,-0.476962,0.0431092,0.00550841,-1.93878e-07,3.14159,2.51477e-05,
60.5956,-0.476798,0.0431,0.00553012,3.60487e-05,-3.14148,-9.69065e-05,
60.6007,-0.476593,0.0430778,0.00553785,0.000123794,-3.14147,-8.45495e-06,
60.6039,-0.476502,0.0431101,0.00554488,2.77844e-05,-3.14145,-9.09608e-05,
60.6102,-0.476264,0.0430707,0.00550359,0.000114909,-3.14157,3.23139e-05,
60.6162,-0.476222,0.0431206,0.00554234,-1.97656e-05,-3.14139,-7.92531e-05,
60.6193,-0.476008,0.0431177,0.00553379,5.27262e-07,-3.14146,-8.18925e-05,
60.6255,-0.475874,0.04311,0.00551805,-0.000145675,-3.1415,1.16854e-05,
60.6286,-0.475697,0.0430936,0.00552126,2.2311e-05,-3.14149,-5.05494e-05,
60.7143,-0.475598,0.0430978,0.00553173,5.16491e-05,-3.14144,-7.94896e-05,
60.7186,-0.475408,0.0430954,0.00554302,0.000119368,-3.14141,-0.000102562,
60.7216,-0.475296,0.0431242,0.00551031,-9.91131e-05,-3.1415,-3.27442e-05,
60.7277,-0.475074,0.0431154,0.00552568,-4.87241e-05,-3.14151,-3.45677e-05,
60.734,-0.474897,0.0430836,0.00551234,3.42877e-05,-3.14148,-5.40967e-05,
60.7371,-0.474805,0.0431096,0.00553801,-5.39272e-05,-3.14145,-3.29005e-05,
60.7432,-0.474616,0.0430928,0.00552334,3.12887e-05,-3.14144,-4.32402e-05,
60.7485,-0.474517,0.0430886,0.00552144,4.44707e-05,-3.14143,4.35748e-06,
60.8862,-0.474303,0.0430969,0.00548794,4.21777e-05,-3.14148,6.51098e-06,
60.8895,-0.474225,0.043083,0.00555012,3.05893e-05,-3.14137,-0.000133494,
60.8948,-0.474009,0.0431203,0.00550902,-2.7345e-05,-3.14145,-8.60594e-05,
60.9011,-0.473918,0.0431111,0.00552624,3.88077e-05,-3.14144,-0.000117329,
60.9042,-0.473716,0.0431036,0.00550401,3.56512e-05,-3.14143,-4.61286e-05,
60.9102,-0.473618,0.0431223,0.0055131,2.19649e-05,-3.14144,-0.000162475,
60.9133,-0.473405,0.0431273,0.00550529,-9.88381e-05,-3.14149,-1.36588e-05,
60.9196,-0.473346,0.0431101,0.00552737,-1.26569e-05,-3.14137,-5.73992e-05,
60.9277,-0.473152,0.0431253,0.00554734,-3.71291e-05,-3.14131,-4.39534e-05,
60.9311,-0.472918,0.0431225,0.00552404,-8.32193e-05,-3.14141,-6.87195e-05,
60.9386,-0.472805,0.0430978,0.00550271,2.21759e-05,-3.14148,-6.51574e-05,
60.9443,-0.472578,0.0430941,0.00551202,7.33973e-06,-3.14151,-4.82875e-05,
60.9476,-0.472511,0.043117,0.00552956,-3.69824e-05,-3.14141,-4.73596e-05,
60.9519,-0.472301,0.0431152,0.00550416,-5.89359e-05,-3.14145,-4.00795e-05,
60.9582,-0.472166,0.0430773,0.00549295,0.000110381,-3.14158,-3.06281e-05,
60.9613,-0.471999,0.0431029,0.00549427,-1.23672e-06,-3.14149,-4.59734e-05,
60.9676,-0.47191,0.0431084,0.00552697,-1.36907e-05,-3.14144,-0.000101355,
60.9729,-0.471697,0.0430754,0.00549735,0.00013024,-3.14153,-5.91514e-05,
60.9761,-0.47161,0.0430965,0.00552626,-1.82076e-05,-3.14149,1.72107e-05,
60.9822,-0.471386,0.0430879,0.00549644,2.30833e-05,-3.14154,2.46903e-06,
60.9882,-0.471286,0.0430876,0.0054799,8.85968e-05,-3.14158,5.39659e-05,
60.9913,-0.471093,0.0430865,0.00549362,5.00799e-05,-3.14152,6.44067e-05,
60.9976,-0.47088,0.0431001,0.00549208,0.000103412,-3.14158,-1.84814e-05,
61.0006,-0.470774,0.043061,0.00547672,-8.70799e-05,3.14156,-0.00010136,
61.0067,-0.46773,0.0430709,0.00544755,-2.31778e-05,3.14146,-0.000170726,
61.012,-0.467666,0.0430891,0.00549502,-5.72531e-05,3.14156,-3.88998e-05,
61.0152,-0.467418,0.0431034,0.00546239,8.21345e-05,3.1414,-9.56102e-05,
61.0216,-0.467367,0.0430889,0.00548931,2.28991e-05,3.14155,-5.39109e-05,
61.0262,-0.46711,0.0430573,0.00542699,-9.47953e-05,3.14134,-0.000168513,
61.0294,-0.467056,0.0430698,0.00549477,-3.77964e-05,3.14152,2.44494e-05,
61.0356,-0.466834,0.0430884,0.00547098,1.08235e-05,3.14145,-0.00010851,
61.0416,-0.46675,0.0430824,0.00546156,-1.5931e-05,3.14145,-8.36794e-05,
61.0448,-0.466557,0.0430884,0.00547876,-8.14687e-05,3.1415,-4.00544e-05,
61.0501,-0.466459,0.0430857,0.00548965,-4.61566e-06,3.1415,-3.2096e-05,
61.0561,-0.466249,0.0430713,0.00548768,-8.50642e-05,3.14148,-1.9325e-05,
61.0593,-0.466055,0.0430852,0.00545783,5.43239e-05,3.14143,-0.000159854,
61.0675,-0.465968,0.043097,0.00547265,8.39957e-05,3.14152,-0.000107722,
61.0706,-0.46577,0.0430726,0.00547991,-1.25648e-06,3.14148,-7.57317e-05,
61.0757,-0.465662,0.0430917,0.00549088,9.98667e-05,3.14151,-2.3031e-05,
61.0819,-0.465472,0.0430949,0.00548606,7.66477e-05,3.1415,-6.08567e-05,
61.0851,-0.465368,0.043081,0.005505,0.000103818,3.14153,-2.93111e-05,
61.0903,-0.465174,0.0430916,0.00548857,5.65002e-05,3.14149,-4.76536e-05,
61.0965,-0.465047,0.0430795,0.00546523,6.27443e-05,3.14143,-0.000151271,
61.0996,-0.464836,0.043067,0.00546433,-0.000102625,3.14142,-8.17985e-05,
61.1058,-0.464763,0.0431089,0.00549234,4.28378e-05,3.14153,-6.26894e-05,
61.112,-0.464575,0.043099,0.00549898,-3.44646e-05,3.14155,-4.65261e-05,
61.1151,-0.464475,0.043097,0.00550031,6.07757e-05,3.14156,-4.64498e-05,
61.1212,-0.464249,0.0430644,0.00547737,2.0591e-05,3.14149,-4.12533e-05,
61.1243,-0.464064,0.0430692,0.00548907,-2.85063e-05,3.14157,-6.45656e-05,
61.1296,-0.463969,0.0431136,0.00548124,9.97212e-05,3.14155,-4.62457e-06,
61.1356,-0.463776,0.0430843,0.00550607,5.88166e-05,3.14157,-4.1058e-05,
61.1387,-0.463677,0.0430548,0.00550889,-0.000106945,3.14155,-6.01764e-05,
61.145,-0.463464,0.0430837,0.00548182,8.79043e-05,3.14152,-7.93846e-05,
61.1512,-0.463345,0.043052,0.00545328,-2.21763e-05,3.14139,-0.000170863,
61.1545,-0.463156,0.0430515,0.00548098,-4.30473e-05,3.14147,-3.27818e-05,
61.1601,-0.46306,0.0430741,0.00548428,-7.17996e-05,3.14149,-0.000124642,
61.1648,-0.462861,0.0430595,0.00548897,-9.35759e-05,3.14154,-4.68717e-05,
61.1681,-0.462782,0.0430661,0.00549019,-9.99984e-05,3.14158,-0.000103274,
61.1723,-0.462589,0.043084,0.00549645,-5.07934e-06,-3.14159,-1.1752e-05,
61.1786,-0.462367,0.043068,0.00549225,-5.47477e-05,3.14153,-1.0036e-05,
61.1816,-0.462274,0.0430995,0.005512,0.000131935,3.14159,-7.69961e-06,
61.1877,-0.462078,0.0430799,0.00549281,2.78467e-05,3.14154,-8.00717e-05,
61.1908,-0.461954,0.0430606,0.00548315,-1.30854e-05,3.14151,-0.000151911,
61.1972,-0.461759,0.0430643,0.00548856,-4.11435e-05,3.14152,-9.74774e-05,
61.2039,-0.452298,0.0430974,0.00551865,-6.04334e-05,-3.14152,-3.04965e-05,
61.2092,-0.452081,0.0430909,0.00551535,6.53912e-06,-3.14156,-7.96932e-05,
61.2124,-0.452001,0.0431218,0.00551965,-2.28561e-05,-3.14152,-0.000116175,
61.2186,-0.451735,0.043067,0.00548005,2.92781e-05,3.14147,-8.04371e-05,
61.2216,-0.45167,0.0430726,0.00550355,4.91295e-06,-3.14156,-1.67797e-05,
61.2277,-0.451465,0.0430764,0.00551328,4.92603e-05,3.14159,1.0655e-05,
61.234,-0.451261,0.0430718,0.00549853,9.17547e-05,3.14156,-2.5663e-05,
61.2371,-0.451176,0.0430737,0.00550902,1.16512e-05,-3.14156,-3.17799e-05,
61.2453,-0.447658,0.0430537,0.00552078,4.38403e-05,-3.14158,4.49415e-05,
61.2497,-0.447477,0.0430601,0.00553168,6.05882e-05,-3.14153,2.58769e-05,
61.2527,-0.447356,0.0430822,0.00550624,-6.89571e-05,-3.14158,2.85437e-05,
61.259,-0.447134,0.0430344,0.00548256,-7.61014e-05,3.14148,-0.000104366,
61.2651,-0.446979,0.0430779,0.00551614,-5.85695e-05,-3.14155,0.000127513,
61.2682,-0.446847,0.043076,0.00548965,-2.29787e-07,3.14153,-0.0001798,
61.2745,-0.446652,0.0430717,0.00550105,-5.50981e-05,3.14151,-4.00542e-05,
61.2776,-0.446552,0.0430814,0.00551271,3.34203e-05,3.14153,4.59011e-05,
61.2837,-0.440776,0.0431086,0.00552132,-0.000103413,-3.14151,-6.39819e-06,
61.2893,-0.440705,0.0430969,0.00553312,-7.59149e-05,-3.14144,-3.29188e-05,
61.2925,-0.440462,0.0430888,0.00548693,-5.20502e-05,3.14155,-1.1425e-05,
61.2987,-0.44038,0.0430922,0.00550789,-6.08351e-05,-3.14153,-6.05638e-05,
61.3049,-0.44018,0.0431118,0.00549309,-0.000138996,-3.14153,-7.87518e-05,
61.3081,-0.440103,0.0431231,0.00551836,-9.19021e-06,-3.14146,-6.22605e-05,
61.3142,-0.439882,0.0430998,0.00547904,2.65397e-05,-3.14153,4.24016e-06,
61.3204,-0.439689,0.0431103,0.0055177,-4.34669e-05,-3.1415,-5.82044e-05,
61.3235,-0.439577,0.0430969,0.00549448,0.000107437,-3.14157,1.64656e-05,
61.3288,-0.439362,0.0430949,0.00550196,6.18104e-05,-3.14159,3.90143e-06,
61.3351,-0.439279,0.0431324,0.00551435,-8.4816e-05,-3.1415,-5.46539e-05,
61.3382,-0.439065,0.0430986,0.0055077,5.71291e-05,-3.14156,5.48871e-05,
61.3445,-0.438977,0.0431046,0.00550629,-6.92483e-05,-3.14151,4.98509e-06,
61.3476,-0.438792,0.0431023,0.00550989,2.49841e-05,-3.14152,1.05485e-05,
61.3537,-0.438682,0.0431051,0.00551767,5.85431e-05,-3.14149,2.44447e-05,
61.3599,-0.438493,0.0430865,0.00550824,2.34657e-06,-3.14152,4.698e-05,
61.4452,-0.438369,0.0430938,0.00551099,2.94484e-05,-3.14154,-7.59961e-05,
61.4483,-0.438176,0.0430995,0.0054974,-1.29897e-06,-3.14155,2.64324e-05,
61.4525,-0.437981,0.0431276,0.00549209,-7.76264e-05,-3.14158,-2.52339e-05,
61.4556,-0.437875,0.0430987,0.00550817,5.53394e-05,-3.14156,-2.41926e-05,
61.4617,-0.437651,0.0431168,0.00549013,0.000136959,3.14156,-1.47414e-05,
61.4691,-0.437578,0.0430911,0.00548857,-1.85089e-05,-3.14156,-2.80038e-05,
61.4722,-0.437354,0.0431,0.00547613,7.50788e-05,3.14151,-3.88658e-05,
61.4785,-0.437281,0.0431203,0.00550503,-5.94332e-05,-3.14155,-5.71587e-06,
61.5227,-0.437076,0.0431004,0.0055071,8.52344e-05,3.14158,-1.19046e-05,
61.5259,-0.436973,0.0431043,0.00549177,-1.54095e-06,3.14157,-4.68816e-05,
61.5301,-0.436765,0.0430946,0.00550849,-5.62136e-05,3.14157,-2.21183e-05,
61.5361,-0.436672,0.0430936,0.00549451,-6.48293e-05,-3.14158,1.47209e-05,
61.5392,-0.436436,0.0430764,0.00549164,-7.0571e-05,3.14154,-0.000109714,
61.5455,-0.436347,0.0431182,0.00548819,-1.35939e-05,3.14153,3.47045e-05,
61.5486,-0.436131,0.0430856,0.00548987,-1.59841e-05,3.14151,-5.65502e-06,
61.5547,-0.435969,0.0431024,0.00550209,-6.38842e-05,-3.14158,-1.52823e-06,
61.6037,-0.435848,0.04309,0.00547868,-1.01987e-06,3.14154,-4.30618e-05,
61.6069,-0.43562,0.043068,0.00546523,-0.000157189,3.14149,-5.47856e-05,
61.6111,-0.435564,0.0431118,0.0055087,-3.52341e-06,3.14157,1.56381e-05,
61.6171,-0.435386,0.0430861,0.00551223,3.17696e-05,-3.14155,-5.85287e-05,
61.6203,-0.435255,0.0430734,0.00548352,-0.000128699,3.14155,-7.25024e-05,
61.6265,-0.43503,0.0430525,0.00547074,-6.51692e-05,3.14149,-0.000130415,
61.6296,-0.43497,0.0430606,0.00550596,5.28319e-05,-3.14158,6.26859e-05,
61.6357,-0.434736,0.0430795,0.00549066,-4.30248e-05,3.1415,-7.52784e-05,
61.6962,-0.431863,0.0430878,0.00549258,-3.83484e-05,3.14154,-8.6724e-05,
61.6995,-0.431777,0.0430923,0.00550193,-4.69932e-05,3.14155,6.91735e-06,
61.706,-0.431578,0.0430936,0.00548958,5.65312e-05,3.14152,-0.000104312,
61.7116,-0.431481,0.0431048,0.00549499,7.2974e-05,3.14155,-2.0125e-05,
61.715,-0.43128,0.0430838,0.00548247,-7.78161e-05,3.14153,-5.34514e-05,
61.7225,-0.431071,0.0431023,0.005474,-8.60571e-06,3.14153,-3.18114e-05,
61.7286,-0.430983,0.0431051,0.00547867,2.8152e-05,3.1415,-6.0923e-05,
61.7318,-0.430772,0.0430912,0.00549299,2.25905e-05,3.14153,-1.6155e-05,
61.74,-0.425149,0.0430836,0.00546647,0.000112727,3.14152,-8.51458e-05,
61.7452,-0.424968,0.0430885,0.00549718,-4.40924e-05,-3.14157,-4.6253e-05,
61.7484,-0.424878,0.0430971,0.00548866,-7.45732e-05,-3.14156,6.46751e-05,
61.7546,-0.424657,0.0430934,0.00547575,5.05924e-05,3.14152,1.27321e-05,
61.7577,-0.424459,0.0430753,0.00548041,3.24497e-05,3.14155,-3.94959e-05,
61.764,-0.424364,0.0430908,0.00547581,1.05574e-05,3.14159,-1.78024e-06,
61.7701,-0.424162,0.0430888,0.00548118,8.52419e-06,3.14155,1.83249e-05,
61.7732,-0.424091,0.0431059,0.00550551,-5.34303e-05,-3.14151,-6.88988e-05,
61.7796,-0.423846,0.0430875,0.00548052,6.26631e-05,3.14152,2.3081e-05,
61.7848,-0.423711,0.0431137,0.00551021,-1.12694e-05,-3.14146,-3.60168e-05,
61.7879,-0.423594,0.0430985,0.0055005,-2.62367e-05,-3.14148,-5.71666e-05,
61.7941,-0.423386,0.0431013,0.00549083,-0.000129512,-3.14152,-5.28747e-05,
61.8002,-0.423296,0.0431048,0.00550051,-9.59891e-05,-3.14148,-7.59178e-05,
61.8033,-0.423105,0.0431001,0.00550246,-8.78006e-05,-3.14147,-2.46288e-05,
61.8095,-0.423003,0.0431146,0.00550344,-0.000137119,-3.14144,-0.000101308,
61.8126,-0.422769,0.0430798,0.00548198,-7.88165e-05,-3.14157,-4.86349e-05,
61.8187,-0.413944,0.0430603,0.00549017,-3.8603e-07,3.14147,-0.00010681,
61.8241,-0.413854,0.0430863,0.0054824,2.44662e-05,3.14147,-6.58023e-05,
61.8274,-0.41369,0.0430965,0.00553033,-5.01199e-06,-3.14157,5.7667e-06,
61.8316,-0.413549,0.043089,0.00548225,1.39015e-06,3.14147,-7.02971e-05,
61.8377,-0.413359,0.0430946,0.00549871,-2.63236e-05,3.14149,-4.20198e-06,
61.8408,-0.413182,0.043092,0.00551711,-5.41008e-05,-3.14155,4.52885e-05,
61.8471,-0.413096,0.0431058,0.00552862,6.22679e-05,-3.14156,-6.79943e-05,
61.8531,-0.412865,0.0430993,0.00551015,-2.02003e-05,3.14157,-0.000115719,
61.8563,-0.41158,0.043103,0.00552169,-2.75702e-05,-3.14157,-6.73529e-05,
61.8616,-0.411387,0.0431062,0.0055225,1.38076e-06,-3.14158,1.29383e-05,
61.8647,-0.411254,0.043089,0.00549282,-2.4458e-05,3.14149,8.42518e-06,
61.8708,-0.411077,0.0430946,0.00551441,-0.000105986,3.14158,-5.22072e-05,
61.8791,-0.410971,0.0430907,0.00550886,-4.90641e-05,3.14158,-3.38034e-05,
61.8822,-0.410785,0.0431171,0.00550562,4.89967e-05,3.14157,1.98029e-05,
61.8872,-0.410696,0.0430969,0.00550929,8.87961e-07,3.14159,-3.99423e-05,
61.8934,-0.410481,0.0431161,0.00550188,3.48667e-05,3.14158,-4.89277e-06,
61.9757,-0.410296,0.0431001,0.00550785,-8.4039e-05,-3.14155,5.26071e-06,
61.98,-0.410206,0.0431169,0.00553326,-3.79411e-05,-3.14151,-9.78449e-05,
61.9861,-0.409986,0.0430945,0.00551242,6.69753e-05,-3.14157,-1.02761e-05,
61.9892,-0.40983,0.0430922,0.00549457,6.48094e-05,3.14147,-9.29052e-05,
61.9955,-0.409665,0.0430747,0.00552092,-1.11509e-06,3.14158,-8.00473e-05,
61.9986,-0.409571,0.0431002,0.00550266,-5.77373e-05,-3.14159,2.70889e-05,
62.0047,-0.409381,0.043084,0.00551969,4.67374e-05,-3.14152,-2.10391e-05,
62.0124,-0.409288,0.0431063,0.00552966,-3.68823e-05,-3.14149,-7.84067e-06,
62.0157,-0.409059,0.0430944,0.00550797,7.93502e-05,-3.14158,2.12206e-05,
62.0212,-0.408876,0.0430757,0.00549724,0.000115803,-3.14155,-1.34455e-05,
62.0272,-0.408808,0.043091,0.00552529,-4.29583e-06,-3.14145,-9.72934e-05,
62.0303,-0.408558,0.0430907,0.0054898,6.08218e-05,3.14155,-2.63056e-05,
62.0366,-0.408491,0.043111,0.00550875,-0.000110101,-3.14148,-4.40383e-06,
62.0426,-0.408304,0.0430936,0.00550564,7.44184e-05,-3.14147,-4.82408e-05,
62.0457,-0.40819,0.0430748,0.00549752,0.0001208,-3.14153,7.0598e-05,
62.052,-0.407992,0.0430811,0.00551567,5.26626e-05,-3.14154,-6.40471e-05,
62.1359,-0.407888,0.0430856,0.00551071,2.17267e-05,-3.14152,2.13786e-05,
62.1391,-0.407665,0.0430994,0.00550175,3.6481e-05,-3.14156,-8.62229e-05,
62.1463,-0.40742,0.0430735,0.00547206,-2.34271e-05,3.14149,-0.000105812,
62.1525,-0.407365,0.0431045,0.00550204,-9.44613e-05,-3.14157,1.166e-05,
62.1556,-0.407162,0.0430833,0.00549852,-8.0489e-06,-3.14159,-3.05503e-05,
62.1617,-0.407041,0.0430815,0.00549331,4.53225e-05,3.14155,-4.69805e-05,
62.1648,-0.406869,0.0430889,0.0055065,-9.29665e-05,-3.14153,5.84988e-05,
62.1711,-0.406753,0.043097,0.00549481,-0.000135114,-3.14156,7.61619e-05,
62.2732,-0.404949,0.0430904,0.00550557,-0.000118285,-3.14156,-2.20074e-05,
62.2764,-0.404873,0.0430995,0.00552211,-2.73324e-05,-3.14149,-2.56268e-05,
62.2809,-0.404675,0.0431043,0.00551708,8.15232e-06,-3.14152,-0.000131488,
62.2853,-0.404533,0.0430996,0.00549424,-2.36336e-05,3.14157,5.92759e-05,
62.2886,-0.404341,0.0430771,0.00548846,-0.000185152,3.14156,-3.81193e-05,
62.2932,-0.404266,0.043102,0.00550727,-1.87686e-05,-3.14156,-5.623e-05,
62.2978,-0.404046,0.0430495,0.0054692,-0.000132416,3.14152,-9.14248e-05,
62.301,-0.403969,0.0430765,0.0055106,-1.54127e-05,-3.14153,4.91662e-05,
62.3072,-0.400238,0.0430909,0.00548634,6.42131e-05,3.14148,-0.00014624,
62.3125,-0.400154,0.0430963,0.00548911,-2.22149e-05,3.14148,-0.000110734,
62.3156,-0.39996,0.0430878,0.00549361,4.53035e-05,3.14152,1.17628e-05,
62.323,-0.399884,0.0430994,0.00550116,-2.29707e-06,-3.14159,6.13276e-05,
62.3293,-0.399719,0.0431051,0.00552512,-5.33341e-06,-3.14148,8.30847e-05,
62.3325,-0.399568,0.0430998,0.005506,9.8825e-05,3.14151,-1.88643e-05,
62.3387,-0.399368,0.0431011,0.00550345,-5.68034e-06,3.14155,-3.98878e-05,
62.3417,-0.399305,0.0431091,0.00551454,7.29711e-05,-3.14155,-3.02867e-05,
62.348,-0.398106,0.0430795,0.00551825,0.000168519,-3.14155,-8.18788e-06,
62.3533,-0.397907,0.043115,0.00551406,8.8728e-05,-3.14155,-8.18786e-05,
62.3564,-0.397806,0.0430867,0.00551568,3.60153e-05,-3.14159,5.30134e-05,
62.3626,-0.397635,0.0431127,0.00552942,8.45749e-05,-3.14147,-4.46853e-05,
62.3676,-0.397518,0.0430784,0.0055167,0.00016269,-3.14154,1.55601e-05,
62.3707,-0.397322,0.0430868,0.00551722,0.000122351,-3.14151,6.27126e-05,
62.377,-0.397216,0.043078,0.00553476,9.64583e-05,-3.14151,-1.77286e-05,
62.3831,-0.396994,0.0430871,0.00549179,-2.61215e-05,3.14154,-5.71644e-05,
62.3863,-0.396816,0.0430845,0.00549778,4.24192e-05,-3.14153,6.28577e-05,
62.3916,-0.396703,0.0430963,0.00551197,0.000129506,-3.14158,-5.10447e-05,
62.3947,-0.396502,0.0430791,0.00549133,-0.000131,3.14157,-4.20732e-05,
62.4009,-0.396407,0.043098,0.00551387,-2.82209e-05,-3.14157,3.58319e-06,
62.4072,-0.396221,0.0431271,0.00553189,2.65112e-06,-3.1415,-3.92859e-05,
62.4103,-0.396128,0.043106,0.00551067,1.67641e-06,-3.14154,-3.93849e-05,
62.4167,-0.395929,0.0431221,0.0055211,8.47283e-06,-3.14152,-5.83592e-05,
62.423,-0.39577,0.0430741,0.00548312,-7.43051e-05,3.14155,-8.54101e-05,
62.4261,-0.395595,0.0430896,0.00549716,1.89677e-05,-3.14158,3.50132e-05,
62.4313,-0.395393,0.0430921,0.00552608,-2.77929e-05,-3.14155,3.79926e-05,
62.4375,-0.395296,0.0430822,0.00551394,0.000126576,-3.14156,-3.09315e-05,
62.4406,-0.395102,0.0431058,0.00552234,5.89639e-05,-3.14154,-2.8548e-06,
62.4466,-0.394993,0.0430963,0.00552504,2.07355e-05,-3.14153,-3.4394e-05,
62.4497,-0.39481,0.0430983,0.0055239,5.67688e-05,-3.14148,3.02449e-05,
62.4561,-0.394681,0.0430807,0.00552039,3.2339e-05,-3.14158,-4.89053e-05,
62.4621,-0.394474,0.0430868,0.00550199,0.000100947,-3.14159,-2.04184e-05,
62.4653,-0.393674,0.0430857,0.00551336,1.07706e-05,-3.14154,-2.34078e-05,
62.4706,-0.393486,0.0430951,0.0055188,-1.09673e-05,-3.14151,-4.02434e-06,
62.4766,-0.393414,0.0431078,0.00551241,-2.66238e-05,-3.14147,-8.15621e-05,
62.4797,-0.393209,0.0431049,0.00551048,9.74792e-05,-3.14151,-5.04622e-05,
62.486,-0.393088,0.0430911,0.00550025,-4.59576e-05,-3.14156,-1.31524e-05,
62.4921,-0.392887,0.0430999,0.00550334,-6.77258e-05,-3.14156,5.49845e-06,
62.4953,-0.392805,0.0430948,0.00550168,6.63279e-05,-3.14153,-6.59204e-05,
62.5016,-0.392569,0.04308,0.00550396,7.31498e-05,-3.14156,-2.26422e-06,
62.51,-0.382432,0.0430599,0.00549433,-4.64816e-05,3.14149,-0.000176257,
62.5131,-0.382336,0.0430603,0.00548314,-2.98341e-06,3.14148,-0.000127053,
62.5183,-0.382127,0.0430665,0.00549154,-1.34324e-05,3.14144,-2.63566e-05,
62.5214,-0.382042,0.043065,0.00549078,-0.000119879,3.14152,-4.32748e-05,
62.5276,-0.381838,0.0430596,0.00550221,-7.81114e-06,3.1415,-8.3658e-05,
62.5336,-0.381756,0.0430852,0.00551292,4.63507e-05,3.14156,-5.54137e-05,
62.5367,-0.381535,0.043074,0.00548787,4.4129e-05,3.14145,-8.89413e-05,
62.543,-0.38134,0.0430796,0.00549937,3.51188e-05,3.14148,-5.49428e-05,
62.5472,-0.380168,0.0431058,0.00551529,-5.16527e-05,-3.14159,2.168e-05,
62.5505,-0.379946,0.0430674,0.00551407,-3.96255e-05,3.14155,-7.10706e-05,
62.556,-0.379855,0.0430892,0.00549587,0.000138515,3.14157,-6.09507e-05,
62.5643,-0.379666,0.0430725,0.00549754,7.11453e-05,3.14159,-9.48681e-05,
62.5676,-0.379567,0.043086,0.00550168,-5.33019e-05,3.14157,-0.000111798,
62.5726,-0.379361,0.0430928,0.00551118,7.99157e-05,3.14157,-4.56679e-05,
62.5757,-0.379174,0.043113,0.00552041,8.89885e-05,3.14159,-1.26091e-05,
62.582,-0.379078,0.0431006,0.0055094,-3.01048e-05,3.14159,2.74655e-05,
62.5882,-0.378854,0.0430822,0.0054898,-6.87208e-05,3.14147,-5.82793e-05,
62.5914,-0.378786,0.0430976,0.005517,-0.000122505,-3.14156,7.3318e-05,
62.5967,-0.378583,0.0430994,0.00550135,-6.31492e-05,3.14154,-4.37205e-05,
62.603,-0.37846,0.0430547,0.00550409,-0.000167842,3.14154,-7.35218e-05,
62.6061,-0.378261,0.0431161,0.00549799,2.30688e-05,3.14152,-2.40269e-05,
62.6121,-0.378173,0.043099,0.00548612,6.14074e-05,3.14153,-2.98412e-05,
62.6183,-0.378002,0.0430911,0.00551232,5.4218e-05,-3.14153,-3.51729e-05,
62.6215,-0.377763,0.0430876,0.00548766,-1.7292e-05,3.14153,-8.68385e-05,
62.6277,-0.37346,0.0431047,0.00548844,7.10578e-05,3.14158,-1.61931e-05,
62.6308,-0.37337,0.0430807,0.00549394,-4.1224e-05,-3.14157,-2.06769e-05,
62.6363,-0.37315,0.0431013,0.00548836,-0.000142073,-3.14159,-3.02923e-05,
62.6429,-0.373069,0.0430788,0.00549457,5.60585e-05,3.14159,-1.45035e-05,
62.6491,-0.37284,0.0430821,0.00547037,0.000110801,3.14151,-0.000144573,
62.6522,-0.372762,0.0430795,0.00549367,-3.89884e-05,-3.14158,4.72202e-05,
62.6584,-0.372567,0.0430788,0.00548509,-4.99615e-05,-3.14158,3.02794e-05,
62.6616,-0.372445,0.0430954,0.00547875,2.81484e-05,3.14152,-4.78725e-05,
62.7826,-0.368953,0.043112,0.00548773,8.06993e-05,3.14155,1.07816e-07,
62.7866,-0.368829,0.0430939,0.00549016,0.000132027,3.1415,2.17197e-05,
62.7897,-0.368642,0.0430809,0.00547055,9.51514e-05,3.14152,-9.52222e-05,
62.796,-0.368512,0.0430707,0.0054614,-7.5843e-05,3.14142,-9.78878e-05,
62.8021,-0.368318,0.0430462,0.00547943,-5.68752e-05,3.14147,-0.000152566,
62.8053,-0.368247,0.0430975,0.00550054,0.000153241,3.14154,-5.95994e-05,
62.8115,-0.368039,0.0430855,0.00547242,3.24194e-05,3.14145,-4.56568e-05,
62.8186,-0.367839,0.0430898,0.00548141,0.00011665,3.14147,-0.000131345,
62.8662,-0.367755,0.0430712,0.00547906,-5.93394e-05,3.14154,-0.000151381,
62.8694,-0.367524,0.0430867,0.00545953,6.77253e-05,3.1414,-3.07861e-05,
62.8747,-0.367442,0.0430972,0.00547409,8.39345e-05,3.14148,-7.97161e-05,
62.881,-0.367228,0.0430799,0.0054725,7.87197e-05,3.14148,-0.000165437,
62.884,-0.367155,0.0430762,0.0054938,-8.32622e-05,3.14151,-5.14135e-05,
62.8901,-0.366961,0.0431074,0.00550349,0.00010669,3.14156,2.34088e-05,
62.8932,-0.366839,0.0430815,0.00546922,6.75145e-05,3.14146,-0.000148286,
62.8995,-0.366651,0.0430745,0.00547697,-0.000154192,3.14147,-9.93197e-05,
62.9057,-0.366464,0.0430876,0.00549248,1.85931e-05,3.14155,-4.89883e-05,
62.9091,-0.366333,0.0430754,0.00546806,1.6002e-05,3.14143,-9.98623e-05,
62.9156,-0.366186,0.0431149,0.00549857,-4.48928e-05,-3.14159,-3.83742e-05,
62.9198,-0.366076,0.0430896,0.00549885,-5.18297e-05,3.14154,2.58607e-05,
62.923,-0.365874,0.0431027,0.00550351,-3.56289e-05,-3.14158,4.28457e-05,
62.9292,-0.365773,0.0430715,0.00549456,-0.000144434,3.14158,-9.33249e-05,
62.9354,-0.365593,0.0430969,0.0054915,2.41655e-05,3.14157,-6.28513e-05,
62.9385,-0.365508,0.0431105,0.00551464,0.000127956,-3.14152,-8.74164e-05,
63.0237,-0.365272,0.0430782,0.00549599,-1.51657e-05,3.14155,-7.41921e-05,
63.028,-0.365078,0.0431043,0.00550093,-1.75033e-06,-3.14158,5.68929e-05,
63.0311,-0.36497,0.043097,0.00550187,2.66198e-05,3.14153,-8.93022e-05,
63.0372,-0.364798,0.0431221,0.00551141,4.94933e-05,3.14158,7.8404e-05,
63.0436,-0.364659,0.0430874,0.00549232,-1.11246e-05,3.14156,-7.4492e-05,
63.0468,-0.364493,0.0430893,0.00549433,0.000122023,-3.14158,5.69731e-05,
63.053,-0.364378,0.043083,0.0054938,-0.000111681,3.14152,-4.63598e-07,
63.0591,-0.364203,0.0430862,0.00552117,3.99254e-06,-3.14151,1.38816e-05,
63.0997,-0.364087,0.0430831,0.00550404,0.000131009,-3.14158,3.6755e-05,
63.104,-0.363906,0.0430956,0.00550595,0.000115156,-3.14157,3.31198e-05,
63.1101,-0.363665,0.0430747,0.00548785,-3.57159e-05,3.14152,-0.000122172,
63.1132,-0.363582,0.0430881,0.00549108,2.57223e-06,3.14155,-2.12216e-05,
63.1195,-0.363413,0.043102,0.00549894,4.00489e-05,-3.14158,9.01249e-06,
63.1226,-0.363279,0.0431032,0.00550179,2.47687e-05,3.14156,-3.1702e-05,
63.1286,-0.363097,0.0430964,0.00548686,-4.56239e-05,3.14154,-4.20012e-05,
63.1331,-0.363011,0.0431135,0.00551151,5.16512e-05,-3.14151,-1.22603e-05,
63.1365,-0.362196,0.0431077,0.00550026,-7.10015e-05,3.14159,-3.12061e-05,
63.1432,-0.36199,0.0431171,0.00550464,6.90263e-05,3.14159,-3.09541e-05,
63.1507,-0.361886,0.0430893,0.00548974,6.56888e-05,-3.14159,0.000112023,
63.157,-0.361698,0.0431189,0.00549807,-3.82526e-05,-3.14155,2.82219e-05,
63.1601,-0.361605,0.0431215,0.0055193,3.29088e-06,-3.14151,-4.29588e-05,
63.1661,-0.361404,0.0431143,0.00550468,9.9463e-05,-3.14152,-3.30517e-05,
63.1692,-0.361284,0.0431059,0.00551147,-4.38918e-05,-3.14155,-7.80793e-05,
63.1756,-0.361113,0.0431224,0.00552303,-3.3634e-05,-3.14149,-5.80925e-05,
63.1839,-0.357773,0.0431065,0.0055116,-0.000115072,-3.14152,-6.80534e-05,
63.1871,-0.357557,0.0430912,0.00551121,-4.47223e-05,-3.14156,-5.82572e-05,
63.1923,-0.357504,0.0431019,0.00550319,-1.95732e-05,-3.14149,-2.35034e-05,
63.1985,-0.357245,0.0430707,0.00549124,3.01758e-05,3.14158,-7.18992e-05,
63.2016,-0.357171,0.0431106,0.00550476,-0.000117678,-3.14149,-3.05939e-05,
63.2076,-0.356992,0.0430995,0.00551252,-1.15345e-05,-3.14151,-0.000116474,
63.2108,-0.356758,0.0430862,0.00549056,-3.89822e-05,-3.14156,-9.43951e-06,
63.217,-0.356647,0.0430704,0.0054868,-3.33748e-05,3.14159,1.57991e-05,
63.2251,-0.356464,0.0430758,0.00548118,3.85681e-05,-3.14159,1.14273e-05,
63.2282,-0.35637,0.0431077,0.00551009,-0.000117069,-3.14155,-8.06739e-05,
63.2335,-0.356183,0.0430877,0.00550472,0.000100145,-3.14154,-5.86432e-05,
63.2396,-0.356078,0.0430947,0.00550511,-0.000118676,-3.1415,-3.27907e-05,
63.2427,-0.355864,0.0430939,0.0054879,-0.000158726,-3.14158,9.25882e-05,
63.249,-0.35575,0.0430788,0.00548294,8.53106e-05,3.14158,-1.58885e-05,
63.2551,-0.355598,0.0430891,0.00551403,5.01329e-05,-3.14149,-8.4413e-05,
63.2582,-0.355373,0.0430827,0.00551077,-8.85679e-07,-3.14153,-9.01203e-06,
63.2646,-0.355271,0.0430989,0.0055003,5.70203e-05,3.14159,-3.92379e-05,
63.2692,-0.355082,0.0430902,0.00549902,-4.44667e-05,-3.14153,-8.17396e-06,
63.2726,-0.354983,0.0430883,0.00549948,6.08394e-06,-3.14155,-3.29174e-05,
63.2786,-0.354795,0.0431111,0.00550612,-6.81613e-05,-3.14151,-7.87343e-06,
63.2817,-0.354672,0.0430883,0.00551173,-7.84109e-05,-3.14156,-3.18201e-05,
63.288,-0.35448,0.0430955,0.00550575,-8.06249e-05,-3.14156,-3.45306e-06,
63.2941,-0.354364,0.043074,0.00549406,7.48774e-05,3.14159,-2.78798e-05,
63.2973,-0.354167,0.0430884,0.00549728,-6.76759e-06,3.14158,1.79068e-05,
63.3035,-0.353997,0.0430893,0.00551491,6.26662e-05,-3.14154,-5.66224e-06,
63.3087,-0.353869,0.0430836,0.00549886,1.93512e-05,3.14155,-7.74398e-06,
63.312,-0.353683,0.0431042,0.00551375,-0.000124778,-3.14155,-9.19838e-06,
63.3181,-0.353572,0.0430931,0.00551024,-0.000165635,-3.14159,-2.36837e-05,
63.3242,-0.353395,0.0430944,0.00551873,-1.59295e-05,-3.14153,1.81377e-05,
63.3273,-0.353255,0.0430718,0.00548796,-3.08868e-05,3.14154,-0.0001391,
63.3335,-0.353059,0.0431091,0.00548818,0.000178778,3.1415,-2.62097e-05,
63.3366,-0.352864,0.043078,0.00549659,6.25371e-05,3.14157,-7.34056e-05,
63.3427,-0.352786,0.0430936,0.00551716,-5.85081e-05,-3.14154,3.36224e-05,
63.348,-0.352562,0.0430895,0.00548288,0.000104204,3.14151,-9.90139e-05,
63.3511,-0.352461,0.0430744,0.00550065,9.10752e-05,3.14156,-9.72858e-05,
63.3574,-0.352281,0.0431118,0.00550445,0.000131473,3.14157,3.37523e-06,
63.3619,-0.352198,0.0431013,0.00550003,-8.6051e-05,3.14156,1.31704e-05,
63.3652,-0.352027,0.0431106,0.00552613,4.85183e-06,-3.14145,-7.45361e-05,
63.3698,-0.351909,0.0431143,0.00552139,-0.000178078,-3.14155,-2.58204e-06,
63.3754,-0.351701,0.0431184,0.00551448,-0.000138882,-3.14155,-1.57156e-06,
63.3786,-0.350877,0.043091,0.00549731,0.000154395,3.14157,-6.8993e-05,
63.3828,-0.350765,0.0431075,0.00549323,0.000157741,3.14151,-1.75536e-05,
63.389,-0.350552,0.0430861,0.00549258,5.59687e-05,3.14149,-7.69765e-05,
63.3921,-0.350428,0.0430846,0.00547954,0.000121475,3.14142,-0.000100544,
63.3982,-0.350259,0.0430928,0.00548857,0.000189181,3.14154,-3.87367e-05,
63.4027,-0.350154,0.0430887,0.00548761,9.71353e-05,3.14147,-6.44598e-05,
63.406,-0.349963,0.0430554,0.00549286,-5.67354e-05,3.14154,-7.23749e-05,
63.4122,-0.349878,0.0430949,0.00549962,4.7573e-05,3.14159,-8.99593e-06,
63.4184,-0.349647,0.0430642,0.00548127,2.58493e-05,3.14152,-0.000131898,
63.4216,-0.349533,0.0430691,0.00548075,-2.73665e-05,3.14144,-0.00012256,
63.4268,-0.349354,0.0430688,0.00551594,0.000110319,3.14157,-4.57846e-05,
63.433,-0.34916,0.0430738,0.00550256,2.69202e-06,3.14159,-9.98706e-06,
63.4361,-0.349049,0.0430819,0.00550564,-7.23936e-05,3.14155,-9.80241e-06,
63.4421,-0.34882,0.0430559,0.00548153,-5.10479e-05,3.14143,-0.000169778,
63.4453,-0.348732,0.0430726,0.00548265,5.31284e-05,3.14144,-4.2957e-05,
63.4497,-0.348558,0.0430583,0.00547751,-4.11692e-05,3.14149,-0.000143972,
63.4561,-0.348441,0.043062,0.00547871,4.1998e-05,3.14151,-0.000138248,
63.4591,-0.348214,0.0430559,0.0054865,8.96331e-05,3.14144,-0.000174342,
63.4643,-0.348129,0.0430616,0.00548246,-3.06649e-06,3.14144,-0.00010144,
63.4705,-0.34795,0.0430593,0.00550824,-1.48132e-05,3.14159,-1.3345e-05,
63.4736,-0.34775,0.0431007,0.00550823,0.000127049,3.14156,-4.09531e-05,
63.4796,-0.347632,0.0430733,0.00549047,1.27349e-05,3.14149,-6.81772e-05,
63.4828,-0.347443,0.0430852,0.00549343,0.000134023,3.14154,-0.000106985,
63.4891,-0.347354,0.0430757,0.005491,1.62156e-06,3.14155,-5.344e-05,
63.4935,-0.344089,0.0431016,0.0055061,-0.000197136,-3.14153,-8.59453e-05,
63.4968,-0.343924,0.0431044,0.00551867,-9.29327e-05,-3.14141,-5.78132e-05,
63.5047,-0.343814,0.0431167,0.00552166,-4.38522e-05,-3.14143,-8.93505e-05,
63.51,-0.343587,0.0431134,0.00552608,-0.000147255,-3.14146,-7.89055e-05,
63.5161,-0.343493,0.0431089,0.0055203,4.94488e-05,-3.14148,-0.000107522,
63.5192,-0.343335,0.0431247,0.00553991,-1.34616e-05,-3.14137,-0.000166838,
63.5255,-0.343212,0.0431119,0.00551741,-1.87057e-05,-3.14143,-0.000146504,
63.5286,-0.343016,0.0431154,0.00552633,-2.4061e-06,-3.14143,-0.000169699,
63.5347,-0.341928,0.0431031,0.00552383,5.36312e-05,-3.14139,-0.000104829,
63.5402,-0.341801,0.0431258,0.00551938,-0.000139534,-3.1415,-0.000112189,
63.5434,-0.341624,0.0431215,0.00552495,-1.30279e-05,-3.14145,-0.00010244,
63.5496,-0.341508,0.0431286,0.00551722,-6.69058e-05,-3.14148,-0.000164396,
63.5556,-0.341299,0.0431062,0.00550487,4.66903e-05,-3.14153,-4.11158e-05,
63.5587,-0.341195,0.043114,0.00551739,-5.10028e-05,-3.14151,-9.24441e-05,
63.565,-0.341013,0.0431018,0.00552924,1.65399e-05,-3.14144,-0.000120457,
63.5711,-0.340914,0.0431286,0.00551192,-0.000105275,-3.1415,-0.000103151,
63.5742,-0.34069,0.043122,0.00550584,-9.02119e-05,-3.14151,-4.11306e-06,
63.5796,-0.340528,0.0431388,0.00550928,-0.000132062,-3.14146,-7.10663e-05,
63.5827,-0.340403,0.0431205,0.00551628,2.02697e-05,-3.14152,-0.000119305,
63.5897,-0.340206,0.0431206,0.00550286,9.58521e-07,-3.14152,-6.50702e-05,
63.596,-0.340114,0.0431112,0.00552639,2.35474e-05,-3.14146,-6.86482e-05,
63.5991,-0.339888,0.0431147,0.00552486,-2.74597e-05,-3.14151,-3.46025e-05,
63.6052,-0.339806,0.0431202,0.00551678,-7.74631e-05,-3.14152,1.67427e-05,
63.6114,-0.339595,0.0431133,0.00551557,-6.95648e-05,-3.14151,-3.71031e-05,
63.6146,-0.339499,0.0431152,0.0055055,-0.000129349,-3.14155,2.19688e-05,
63.6197,-0.339261,0.0430777,0.00547671,-1.46586e-05,3.14153,-0.000116662,
63.625,-0.33906,0.0430862,0.00548722,8.0648e-05,3.14152,-0.000100603,
63.6283,-0.338955,0.043102,0.00549689,6.45977e-05,3.14153,-7.60933e-05,
63.6339,-0.338764,0.0430876,0.00550432,-2.3e-05,3.14155,-5.44127e-05,
63.6401,-0.338672,0.0431116,0.00550006,6.39745e-05,3.14156,1.25302e-05,
63.6432,-0.338455,0.0430743,0.00548554,-0.000124979,3.14153,-7.1068e-05,
63.6495,-0.338339,0.0430749,0.00548522,-8.2775e-05,3.14151,-4.66361e-05,
63.6526,-0.337397,0.0430728,0.00548309,-1.60665e-05,3.14139,-0.000158866,
63.6578,-0.337347,0.0430719,0.00548851,-0.000147599,3.1415,-0.000149879,
63.664,-0.337112,0.0430814,0.00549853,-5.40278e-05,3.14145,-9.85116e-05,
63.6671,-0.337001,0.0430596,0.00545985,-3.64465e-05,3.14136,-0.000240952,
63.6733,-0.33681,0.0430609,0.00546838,-8.5316e-05,3.1414,-0.000190103,
63.6789,-0.336753,0.04308,0.00550029,-3.57916e-05,3.14157,-5.13075e-05,
63.6822,-0.336528,0.0430528,0.00549173,-7.51618e-05,3.14148,-0.000150817,
63.6904,-0.336439,0.0430977,0.00548359,-9.94253e-06,3.14148,-5.8234e-05,
63.6956,-0.332897,0.0431028,0.00550948,-3.34915e-05,3.14159,-2.22345e-05,
63.6988,-0.332808,0.0431009,0.00549401,-2.80864e-05,3.14156,2.78114e-06,
63.7041,-0.332601,0.0430935,0.00549481,-5.66331e-05,3.14157,-1.41101e-05,
63.7101,-0.332537,0.0430969,0.00550601,4.03379e-05,-3.14153,4.1505e-05,
63.7132,-0.33235,0.0431098,0.00551234,-0.00010803,-3.14153,-1.51793e-05,
63.7215,-0.332298,0.0430987,0.00549648,2.47617e-05,-3.14151,2.03836e-05,
63.7245,-0.332089,0.0431105,0.00548983,-3.49792e-05,3.14156,3.87661e-05,
63.7296,-0.332058,0.043118,0.00551619,4.87667e-05,-3.14142,-2.87006e-05,
63.7359,-0.331914,0.0431229,0.00552009,1.92821e-05,-3.14138,-7.17796e-05,
63.7391,-0.33179,0.0431116,0.00551272,-1.85291e-05,-3.14153,-1.50369e-05,
63.7442,-0.33166,0.0431173,0.00551022,5.51511e-05,-3.1415,-1.48907e-05,
63.7505,-0.331535,0.043132,0.00551358,3.22141e-05,-3.14143,-2.00018e-05,
63.7536,-0.331447,0.0431241,0.00551346,6.01415e-05,-3.14147,-7.74857e-05,
63.7597,-0.331309,0.04313,0.00550757,5.35282e-05,-3.14148,-6.17129e-05,
63.7653,-0.331237,0.0431205,0.0055072,5.05073e-05,-3.14148,-2.91415e-05,
63.7685,-0.33109,0.0431096,0.00551154,0.000102986,-3.1415,-6.78611e-05,
63.7747,-0.331026,0.0431212,0.00551001,-6.44429e-05,-3.14147,-0.000103523,
63.7778,-0.330884,0.043113,0.00551671,-8.62523e-06,-3.1415,-5.36389e-05,
63.7831,-0.330787,0.0430833,0.00549987,-7.75901e-06,-3.14158,-1.29147e-06,
63.7891,-0.330712,0.0431272,0.00551115,-6.37399e-05,-3.14143,-7.3879e-05,
63.7922,-0.330582,0.0431067,0.00550501,1.06855e-05,-3.14149,2.10195e-05,
63.7985,-0.330546,0.043127,0.00551636,-7.22966e-05,-3.14141,-7.82215e-05,
63.8047,-0.330419,0.0430888,0.00550023,2.38516e-06,-3.14149,-4.92065e-05,
63.8078,-0.330376,0.0431065,0.00550888,-1.34577e-05,-3.14145,-7.95524e-05,
63.8131,-0.329883,0.0431303,0.00551393,-2.51796e-05,-3.14147,-0.0001297,
63.8182,-0.329829,0.043101,0.00552035,8.44535e-05,-3.14149,-0.000103606,
63.8214,-0.329757,0.0430905,0.00550624,8.30712e-06,-3.14148,-6.39347e-06,
63.8276,-0.329705,0.043093,0.0055045,-1.96327e-05,-3.14153,-8.61226e-05,
63.8307,-0.329649,0.0430782,0.0055113,9.39614e-05,-3.1415,-2.12073e-05,
63.8369,-0.329598,0.0430788,0.00549862,9.8743e-06,-3.14156,-4.35453e-05,
63.8431,-0.329553,0.0430807,0.00550319,9.45458e-05,-3.14151,-4.30471e-05,
63.8462,-0.329536,0.0431057,0.00550625,5.06451e-05,-3.14151,-0.000109179,
63.8526,-0.329454,0.0430972,0.00549494,1.10815e-05,3.14159,5.50734e-05,
63.8594,-0.329451,0.0431109,0.00550722,-1.68e-05,-3.14152,-7.26242e-05,
63.8626,-0.329368,0.0430874,0.00547316,-9.13274e-06,3.14151,-4.10253e-05,
63.8669,-0.329343,0.0430922,0.00548013,4.80953e-05,3.14157,-5.90085e-05,
63.8731,-0.329305,0.0430725,0.00547061,-3.06364e-05,3.14151,-0.000119044,
63.8762,-0.329298,0.0431011,0.00547848,5.72837e-05,3.14154,8.73433e-06,
63.8824,-0.329282,0.0430954,0.00546874,2.78892e-05,3.14155,-9.26593e-05,
63.8886,-0.329247,0.0430949,0.00547511,5.88636e-05,3.14157,-5.20149e-05,
63.8918,-0.329218,0.0430697,0.00546716,0.000105235,3.14152,-0.000115665,
63.8972,-0.329222,0.0431008,0.00546883,0.000187924,3.14156,-2.89144e-06,
63.9049,-0.329177,0.0430856,0.00545388,0.000121359,3.14144,-8.50451e-05,
63.908,-0.329189,0.0430811,0.00546891,7.79738e-05,3.14149,-3.51306e-05,
63.9141,-0.329165,0.0430522,0.00544999,6.66369e-05,3.14144,-0.000142009,
63.9203,-0.329185,0.0430586,0.00545832,8.10474e-05,3.14146,-0.000109158,
63.9235,-0.329182,0.043052,0.00547455,0.000105277,3.14148,-0.000121209,
63.9296,-0.32916,0.0430454,0.00544038,-1.10013e-05,3.14138,-0.000192971,
63.9327,-0.329179,0.0430445,0.00542477,-2.95119e-05,3.14135,-0.000252674,
63.9381,-0.329193,0.0430515,0.00544273,3.63327e-05,3.14142,-0.000179704,
63.9422,-0.329202,0.0430722,0.00545959,-4.91765e-05,3.14146,-6.4114e-05,
63.9455,-0.329174,0.0430411,0.0054404,-5.09212e-06,3.14139,-0.000145496,
63.9522,-0.32917,0.0430513,0.00543164,6.90178e-05,3.14136,-0.000153092,
63.9605,-0.329182,0.0430592,0.00545075,-3.02977e-05,3.1414,-0.000135383,
63.9636,-0.329191,0.0430587,0.00546081,5.04873e-05,3.14146,-0.000116881,
63.9686,-0.32918,0.0430499,0.00543613,-4.17915e-06,3.14137,-0.000171104,
63.9747,-0.329199,0.0430632,0.00550616,0.000208257,-3.14159,-8.15776e-05,
63.9779,-0.329211,0.0431036,0.00549938,-4.40427e-05,-3.14156,-7.44467e-05,
63.9831,-0.329197,0.0430873,0.00548902,8.10263e-05,-3.14159,2.8275e-06,
63.9876,-0.329218,0.0430745,0.00548971,0.00013653,-3.14158,-7.31605e-05,
63.991,-0.329179,0.0430674,0.00549666,-5.30818e-05,3.14157,-3.81601e-05,
63.9972,-0.329199,0.0430832,0.00550361,-4.0489e-05,-3.14156,1.09695e-05,
64.0034,-0.329179,0.0430823,0.00548877,-7.53885e-05,3.14153,-7.05351e-05,
64.0065,-0.329193,0.0430678,0.00549817,0.000158989,-3.14155,2.03745e-05,
64.0127,-0.329211,0.0430865,0.00549777,0.000121514,-3.14153,-3.6249e-06,
64.0158,-0.329183,0.0430942,0.00550159,-6.87369e-05,-3.14157,-2.50821e-05,
64.0201,-0.329187,0.043098,0.00549634,6.19248e-06,3.14156,-1.31052e-05,
64.0261,-0.329177,0.0430838,0.00549255,-1.65823e-05,3.14158,-3.53055e-05,
64.0292,-0.329195,0.0430847,0.00548839,-4.93223e-05,3.14156,-2.79994e-05,
64.0338,-0.329188,0.0430791,0.00550091,5.34219e-05,-3.14157,-4.37919e-05,
64.04,-0.32917,0.0430606,0.00548419,-0.000102717,3.14156,-9.38577e-05,
64.0431,-0.329168,0.043069,0.00549127,-5.43491e-05,3.14154,-0.000115741,
64.0492,-0.329207,0.0431035,0.00551397,8.24843e-05,-3.14151,-6.0327e-05,
64.0545,-0.32919,0.0430946,0.0055036,8.98408e-05,-3.14158,-7.25538e-06,
64.0576,-0.329187,0.0430842,0.00549856,-7.57422e-05,-3.14159,4.39325e-05,
64.0636,-0.329193,0.04308,0.00550437,-0.000175058,3.14159,5.09451e-06,
64.0667,-0.329194,0.0430758,0.00547653,-0.000125674,3.14153,-8.22765e-05,
64.073,-0.329211,0.0431143,0.00550368,-7.25674e-05,-3.14155,-6.40087e-05,
64.0781,-0.329191,0.0430913,0.0054976,0.000103587,-3.14158,-4.87163e-05,
64.0813,-0.329181,0.0430792,0.00549514,-7.63089e-05,3.14156,-1.64684e-05,
64.0875,-0.329181,0.0430846,0.00549769,-8.16805e-05,3.14158,1.36193e-05,
64.0927,-0.329201,0.0430771,0.0055043,8.93489e-07,-3.14151,2.82544e-05,
64.0959,-0.329181,0.043079,0.00549326,-6.74135e-05,3.14156,-6.01586e-07,
64.1021,-0.329182,0.0430815,0.00549358,-1.75481e-05,-3.14157,-2.28274e-05,
64.1081,-0.329185,0.0430911,0.00548702,1.3824e-06,3.14157,-1.99778e-05,
64.1112,-0.329193,0.0431039,0.0054994,8.17618e-05,3.14159,-3.79235e-06,
64.1175,-0.329174,0.0430757,0.00548398,-1.22053e-05,3.14159,-8.65189e-05,
64.1206,-0.329201,0.0430788,0.00549196,7.28575e-05,-3.14155,2.88321e-05,
64.1661,-0.329188,0.0430854,0.00550319,-4.09413e-05,3.14155,3.38889e-05,
64.1701,-0.329167,0.0430767,0.00548443,-2.53605e-05,3.14152,-7.07222e-05,
64.1732,-0.329192,0.0430967,0.00548678,0.000101131,3.14157,-2.33238e-05,
64.1795,-0.329204,0.0430955,0.00549676,5.64491e-05,-3.14156,-5.61548e-05,
64.1856,-0.329173,0.0430859,0.00548863,-7.75037e-05,3.14157,3.37708e-05,
64.1887,-0.329197,0.0430795,0.00550079,0.000114058,-3.14156,-3.9995e-05,
64.195,-0.329192,0.043075,0.00550385,0.000107054,-3.14155,4.65692e-05,
64.2011,-0.329171,0.0430769,0.00548338,-7.50555e-05,3.14153,1.84939e-06,
64.3027,-0.329211,0.0431023,0.00550719,-6.12749e-05,-3.14149,2.96578e-06,
64.3059,-0.329182,0.0430806,0.00548946,-9.90429e-07,3.14157,2.46563e-05,
64.31,-0.329171,0.0430866,0.00550235,6.75029e-05,3.14156,3.235e-06,
64.3161,-0.329199,0.0430906,0.00549956,3.66451e-05,-3.14158,-1.27041e-05,
64.3192,-0.329192,0.0430943,0.00549493,4.29522e-05,-3.14157,-1.65461e-05,
64.3254,-0.329168,0.0430775,0.00548957,-1.54686e-05,3.1415,-4.38135e-05,
64.3285,-0.329181,0.043087,0.00549079,7.58128e-05,3.14157,-7.78963e-05,
64.3347,-0.329184,0.0430877,0.00549552,-1.07696e-05,3.14159,6.50545e-05,
64.3559,-0.329185,0.0430792,0.005502,0.000114672,-3.14159,-2.89937e-05,
64.359,-0.329207,0.0430949,0.00549425,0.000140269,-3.14156,-2.50661e-05,
64.3633,-0.329212,0.0430865,0.00550605,5.03873e-05,-3.14152,-5.51824e-05,
64.3664,-0.329169,0.0430914,0.00549305,-2.11328e-05,3.14157,-8.17459e-06,
64.3726,-0.329195,0.0431029,0.00549084,-3.49805e-05,-3.14158,-8.71773e-06,
64.3786,-0.329192,0.0431029,0.00549727,4.26946e-05,-3.14159,-9.79049e-07,
64.3817,-0.329205,0.0430982,0.00549601,-2.11347e-05,-3.14157,5.07708e-05,
64.388,-0.329206,0.0431095,0.00550434,-1.10177e-06,-3.14152,-8.80809e-05,
64.3924,-0.329199,0.0431045,0.00548812,4.96839e-05,-3.14158,-2.43972e-05,
64.3955,-0.329197,0.0430766,0.00551413,8.13725e-05,-3.14153,6.38089e-05,
64.4019,-0.32918,0.0430949,0.00547398,-9.66131e-06,3.14154,-0.000128014,
64.4081,-0.329208,0.0431079,0.00550456,-7.54975e-05,-3.14154,-6.78315e-05,
64.4112,-0.329168,0.0431001,0.00549109,-1.64347e-05,3.1415,4.46012e-05,
64.4174,-0.329173,0.0430765,0.00548606,-0.000114945,3.14155,4.73058e-05,
64.4205,-0.329201,0.0431044,0.00549129,8.02122e-05,-3.14159,-8.27012e-06,
64.4266,-0.329194,0.0430926,0.00549462,-3.67708e-05,3.14159,2.30408e-05,
64.4721,-0.329183,0.0430805,0.00549554,-5.31688e-05,3.14159,-4.21213e-05,
64.4753,-0.329196,0.0430944,0.00550061,-3.08723e-05,-3.14159,1.4627e-05,
64.4796,-0.329206,0.0431092,0.00549909,5.77026e-05,3.14159,7.44713e-05,
64.484,-0.329189,0.0430902,0.00549982,2.36397e-05,-3.14154,-3.73589e-05,
64.4874,-0.329197,0.0431147,0.00550689,5.43007e-06,-3.14153,-3.80306e-05,
64.4952,-0.329199,0.0430984,0.00550314,3.11673e-06,3.14159,3.9837e-05,
64.4997,-0.329174,0.0430697,0.00549424,1.57887e-05,3.14154,3.92481e-06,
64.5061,-0.329185,0.0430989,0.00550678,3.5891e-05,-3.14159,-2.39343e-05,
64.5092,-0.329164,0.0430753,0.00548038,-0.000113198,3.14153,-7.45054e-05,
64.5145,-0.329198,0.0431064,0.00550355,-2.2765e-05,-3.14153,-9.67984e-05,
64.5176,-0.329168,0.0430949,0.00550462,2.38692e-05,3.14154,0.000121586,
64.5236,-0.329203,0.0431132,0.0055065,-6.30339e-05,-3.14156,-2.27098e-05,
64.53,-0.329195,0.0431027,0.00550222,-6.12163e-05,-3.14156,-5.96398e-05,
64.5331,-0.329215,0.0431086,0.00551302,-4.41675e-06,-3.14151,-8.1392e-05,
64.5391,-0.329186,0.0431005,0.00549165,7.38006e-05,3.14159,5.45311e-05,
64.5453,-0.329185,0.0431095,0.0054833,4.1007e-05,3.14159,-5.76441e-05,
64.5485,-0.329167,0.043091,0.00549485,6.21859e-05,3.14154,1.033e-06,
64.5537,-0.329188,0.0431041,0.00550132,2.05275e-06,3.14159,9.10486e-05,
64.56,-0.329197,0.0430928,0.00549711,-6.12248e-05,-3.14156,-2.70875e-05,
64.5631,-0.329188,0.0430967,0.00550632,4.22205e-05,-3.14157,-0.000102251,
64.5692,-0.329181,0.0430886,0.00548314,-4.87934e-05,3.14156,-4.54374e-05,
64.5725,-0.329184,0.0430901,0.00549175,-2.85088e-05,3.14158,-2.84349e-05,
64.58,-0.329195,0.0430814,0.00548845,-2.17691e-05,3.14157,7.86401e-06,
64.5861,-0.329173,0.0430683,0.00548617,-1.49475e-05,3.14155,-7.02742e-05,
64.5893,-0.329179,0.0430773,0.00550927,6.22163e-05,-3.14159,-4.52505e-05,
64.5945,-0.32922,0.0431014,0.00549078,-3.67725e-06,-3.14157,-4.0918e-05,
64.6006,-0.329211,0.0431109,0.00548482,-9.57017e-06,-3.14159,-2.32427e-05,
64.6037,-0.329196,0.0430869,0.00550365,0.000101013,-3.14156,3.0812e-05,
64.61,-0.329197,0.0430876,0.00550913,6.80161e-05,-3.14156,-1.13981e-05,
64.6151,-0.329171,0.0430716,0.00549266,9.72967e-06,3.14154,3.14575e-06,
64.6182,-0.329199,0.043101,0.00548866,-7.23975e-05,-3.14157,3.81559e-06,
64.6244,-0.32918,0.0430856,0.00548516,-3.05668e-05,3.14154,-5.76268e-05,
64.6276,-0.329187,0.0430751,0.00549399,-7.70849e-05,3.14158,-2.96886e-05,
64.6327,-0.329157,0.0430847,0.00548316,2.11382e-05,3.14147,-3.91932e-05,
64.639,-0.329174,0.0430752,0.00547837,-3.76458e-05,3.14155,-5.67259e-05,
64.6421,-0.32919,0.0430922,0.00549687,-2.29769e-06,-3.14158,4.40887e-05,
64.6481,-0.329198,0.0430909,0.00549079,2.40554e-05,-3.14158,1.23807e-05,
64.6544,-0.329198,0.0430934,0.00550289,-2.90743e-05,-3.14155,-2.93728e-05,
64.6575,-0.329201,0.0430981,0.00550702,7.48039e-05,-3.14156,-2.13149e-05,
64.6656,-0.329209,0.0431087,0.0055106,-7.62498e-05,-3.14152,-6.9477e-05,
64.6703,-0.329196,0.0430846,0.00549927,0.000107891,-3.14157,-3.09489e-06,
64.6736,-0.329188,0.0430774,0.00549219,-0.00010247,-3.14156,6.32639e-05,
64.6782,-0.329182,0.0430927,0.00550455,0.000116238,3.14158,1.65792e-05,
64.6827,-0.329175,0.0431047,0.00549412,9.45403e-06,3.14157,6.41817e-05,
64.6859,-0.329213,0.043099,0.00549868,0.000107189,-3.14156,-4.73253e-05,
64.6921,-0.329185,0.0430857,0.00548137,-5.39365e-05,3.14155,-4.77526e-05,
64.6981,-0.329212,0.0431099,0.00550858,1.64689e-05,-3.14152,-2.80024e-05,
64.7012,-0.329221,0.0430854,0.00550791,7.42838e-05,-3.14148,-8.81912e-06,
64.7094,-0.329176,0.0430756,0.0054814,-5.10649e-05,3.14157,-8.89529e-05,
64.7125,-0.329168,0.0430878,0.0054832,-4.14119e-05,3.14153,-6.92483e-07,
64.7178,-0.329183,0.0430642,0.00549123,0.000126141,-3.14155,6.84369e-05,
64.724,-0.329155,0.0430686,0.00548644,-2.01931e-05,3.14149,-2.48171e-05,
64.7271,-0.3292,0.0430923,0.00550487,3.50246e-05,-3.14157,2.71616e-06,
64.7331,-0.329187,0.0430909,0.00549676,-0.000107664,3.14155,1.83247e-05,
64.7393,-0.329189,0.0430826,0.00548897,-1.03981e-05,3.14155,-8.85866e-06,
64.7425,-0.32919,0.043076,0.00549495,2.17616e-05,-3.14158,3.62415e-05,
64.7486,-0.329169,0.0430785,0.00548084,-8.18333e-05,3.14155,-5.96372e-05,
64.757,-0.329169,0.04309,0.0054909,1.55182e-05,3.14158,-2.5215e-05,
64.7602,-0.329203,0.0430952,0.00550458,-7.94248e-05,-3.14153,3.53993e-05,
64.7648,-0.329176,0.0430811,0.00550061,4.94048e-05,-3.14157,8.12522e-05,
64.7711,-0.32921,0.0430991,0.00550577,4.95623e-05,-3.14154,-6.30409e-05,
64.7742,-0.329186,0.0430929,0.00548103,9.4986e-06,3.14156,5.56687e-06,
64.7805,-0.329207,0.0430855,0.00549911,6.7777e-05,-3.14154,-8.17113e-05,
64.7836,-0.329183,0.0430785,0.00549171,-1.03938e-05,3.14157,-4.80713e-05,
64.7897,-0.329179,0.0430759,0.00549286,-0.000121298,3.14158,-6.44424e-05,
64.7974,-0.329199,0.0431062,0.00551397,6.90498e-06,-3.14154,-0.000105945,
64.8006,-0.329178,0.0430795,0.00549434,-2.55121e-05,3.14157,-1.87333e-05,
64.8056,-0.32919,0.0430763,0.00549085,-0.000113961,3.14159,-1.50931e-05,
64.8116,-0.32917,0.0430975,0.00548943,3.45027e-05,3.14152,2.23756e-06,
64.8148,-0.329186,0.0430994,0.0054822,8.0835e-05,3.14154,-1.26757e-05,
64.821,-0.329219,0.0430896,0.00550226,0.000126432,-3.14154,1.9424e-05,
64.8271,-0.329172,0.0430758,0.00549818,-6.74242e-05,3.14156,1.13022e-05,
64.8302,-0.329193,0.0430824,0.00550321,2.23653e-05,-3.14157,2.69594e-05,
64.8355,-0.329167,0.0430696,0.00547644,-0.000157309,3.14152,-9.26048e-05,
64.8386,-0.329206,0.0430841,0.00550633,8.92037e-05,-3.14153,-1.8022e-05,
64.8439,-0.329184,0.0430859,0.00549201,-2.41272e-05,3.14156,4.35947e-05,
64.8501,-0.329208,0.0431013,0.00550703,3.54221e-05,-3.14153,-8.85694e-05,
64.8533,-0.329177,0.0430671,0.00548525,-2.27218e-05,3.14156,-2.43396e-06,
64.8595,-0.329175,0.0430833,0.00548899,3.60349e-05,3.14155,-5.83907e-05,
64.8656,-0.329205,0.0430899,0.00549137,-6.37086e-06,-3.14156,-5.85105e-05,
64.8687,-0.32916,0.0430852,0.00548512,-3.03902e-05,3.14148,-6.60929e-05,
64.874,-0.329203,0.043097,0.00550866,3.71716e-05,-3.14158,-1.66967e-05,
64.8801,-0.329179,0.0430851,0.00549553,-1.63251e-05,3.14157,-4.63616e-05,
64.8833,-0.329191,0.0430966,0.00550991,-1.66439e-05,-3.14157,4.76391e-06,
64.8885,-0.329167,0.0430843,0.00549244,-3.56383e-05,3.14151,-5.4001e-05,
64.8916,-0.329153,0.043085,0.00547823,-2.38029e-06,3.14152,-8.15314e-05,
64.8976,-0.329167,0.0430556,0.00549058,-0.000140529,3.14154,-0.000131161,
64.9039,-0.329171,0.0430828,0.00548874,-0.00011237,3.14153,2.33636e-06,
64.9071,-0.329208,0.0431041,0.00551359,-0.000105612,-3.14151,-2.5321e-05,
64.9122,-0.329174,0.0430922,0.00549393,2.9873e-05,3.14158,-2.40144e-05,
64.9185,-0.329189,0.0430782,0.00550505,0.000133377,-3.14155,1.96689e-05,
64.9216,-0.329196,0.0431044,0.00549998,-2.28806e-05,-3.14154,-3.98248e-05,
64.9276,-0.329171,0.0430847,0.00548336,2.0514e-06,3.14154,-1.50537e-05,
64.9308,-0.329185,0.0430955,0.00548996,8.26173e-05,3.14157,-9.49372e-05,
64.937,-0.329174,0.0430705,0.00549836,-2.90698e-05,3.14156,-2.58591e-05,
64.9431,-0.329196,0.0430749,0.00550449,0.000111612,-3.14156,2.43e-06,
64.99,-0.329191,0.0430833,0.00548134,2.45482e-05,3.14158,-5.26964e-05,
64.9931,-0.329204,0.0430989,0.0054924,-9.85732e-05,-3.14153,1.43019e-05,
64.9971,-0.329172,0.0430702,0.00548094,1.70723e-05,3.14153,-2.39375e-05,
65.0002,-0.329206,0.0430985,0.00551232,3.1094e-05,-3.1415,-0.000110986,
65.0064,-0.329188,0.0430962,0.00549846,-6.41196e-05,3.14159,0.000146885,
65.0126,-0.329198,0.0431061,0.00550485,-2.77264e-05,-3.14153,3.45742e-05,
65.0157,-0.329194,0.0430862,0.00550176,4.10029e-06,3.14157,-1.62775e-05,
65.022,-0.329175,0.0431078,0.00549677,8.83513e-05,3.14157,-3.66145e-06,
65.1142,-0.329177,0.0430888,0.00550006,-9.29407e-05,-3.14158,6.16331e-05,
65.1175,-0.329177,0.0430776,0.00547766,-9.09682e-06,3.14156,-9.21024e-05,
65.1256,-0.329213,0.0431053,0.00550944,3.08709e-05,-3.14149,-2.68037e-05,
65.1287,-0.329212,0.0431063,0.00550844,2.32446e-05,-3.14151,-1.183e-05,
65.1339,-0.329188,0.0431099,0.00549369,7.47184e-05,3.14158,5.88532e-05,
65.1401,-0.329186,0.0430866,0.00550281,5.47425e-06,-3.14154,2.37364e-06,
65.1432,-0.329188,0.0431031,0.0054928,-1.58772e-05,-3.14154,-3.36336e-05,
65.1494,-0.329177,0.0430781,0.0054928,-7.4977e-05,3.14157,-8.73139e-06,
65.1557,-0.329194,0.0430797,0.00550432,0.000145473,-3.14156,-5.00076e-05,
65.1591,-0.329184,0.0430795,0.00548826,1.7261e-05,3.14158,-7.96503e-05,
65.1674,-0.3292,0.0430877,0.0055005,9.44603e-05,-3.14153,4.1002e-05,
65.1736,-0.329156,0.0430797,0.00548549,-4.40081e-05,3.14147,-2.25081e-05,
65.1767,-0.329198,0.0430872,0.00549775,0.000100458,-3.14158,-2.30636e-05,
65.183,-0.329201,0.0430857,0.0055035,8.92775e-05,-3.14155,-3.39194e-05,
65.1891,-0.329181,0.0430718,0.0054731,-6.72635e-05,3.14149,-6.37861e-05,
65.1922,-0.329183,0.0430885,0.00550158,-6.38113e-05,3.14156,0.000116072,
65.238,-0.329185,0.0430959,0.00549374,-1.20192e-05,-3.14159,5.95587e-05,
65.2421,-0.329165,0.0430862,0.00549367,7.64823e-05,3.14153,-2.21146e-05,
65.2453,-0.329171,0.0430915,0.00548849,6.74102e-05,3.14153,1.43212e-06,
65.2497,-0.3292,0.0430882,0.00549818,5.34399e-05,-3.14156,-5.05935e-05,
65.256,-0.329187,0.0430956,0.00549421,-1.64393e-05,3.14156,2.30339e-05,
65.2591,-0.329176,0.0430974,0.00549233,2.52508e-05,3.14156,4.29989e-05,
65.2651,-0.329187,0.0431033,0.00549949,-4.24825e-05,-3.14159,-6.62129e-05,
65.2682,-0.329176,0.0430766,0.00549596,-0.000107728,3.14156,-3.21629e-05,
65.3502,-0.329166,0.0430749,0.00548355,-4.48648e-06,3.14154,-8.55892e-05,
65.3545,-0.329181,0.0431007,0.00548842,0.000117528,3.14156,-1.83526e-05,
65.3576,-0.329153,0.0430854,0.00547459,3.53395e-05,3.14147,-0.000107165,
65.3636,-0.329179,0.0430873,0.005494,-3.05472e-05,3.14153,1.78441e-05,
65.3699,-0.329173,0.043076,0.0055045,-4.71364e-05,3.14158,-5.77222e-06,
65.373,-0.329172,0.0430937,0.00550106,7.4146e-05,3.14156,3.09446e-05,
65.3792,-0.329171,0.043088,0.00548525,-9.09136e-06,3.14154,-1.2015e-05,
65.3859,-0.329176,0.0430731,0.00547364,-7.05563e-05,3.14155,-0.000116204,
65.3892,-0.329163,0.0430832,0.00549443,-3.54243e-05,3.14154,5.11231e-05,
65.3949,-0.329179,0.0430782,0.00548603,-2.61472e-05,3.14156,-7.69135e-05,
65.3993,-0.329202,0.0430884,0.00549604,1.98979e-05,-3.14156,-9.01552e-05,
65.4025,-0.32919,0.043088,0.00551409,9.38044e-05,-3.14155,-8.47116e-05,
65.4086,-0.329173,0.0430856,0.00550395,0.000153756,-3.14159,-4.42199e-05,
65.4146,-0.329184,0.0430758,0.00547812,-4.87143e-05,3.14154,-4.93766e-05,
65.4178,-0.329197,0.0430698,0.00550574,4.77982e-05,-3.14156,3.92381e-05,
65.424,-0.329199,0.0430765,0.0054973,-4.07379e-05,3.14157,-7.31244e-05,
65.4302,-0.329182,0.0430857,0.00549271,7.54795e-05,3.14159,-6.0845e-06,
65.4333,-0.329188,0.0431037,0.00549171,-0.000106077,-3.14157,7.35811e-06,
65.4386,-0.3292,0.0430985,0.00549458,-3.50612e-05,3.14158,-9.63507e-06,
65.4417,-0.329194,0.0430996,0.00550105,4.50832e-05,-3.14157,-3.36154e-05,
65.448,-0.329173,0.0431,0.00549276,1.37549e-06,3.14157,-2.40591e-06,
65.4541,-0.329196,0.0430805,0.00549483,4.12418e-05,-3.14159,-6.09276e-06,
65.4573,-0.329196,0.0430787,0.00549507,7.20881e-05,-3.14158,-2.24187e-05,
65.4635,-0.329229,0.0430956,0.00550634,3.9321e-06,-3.14147,-1.96546e-05,
65.5092,-0.329177,0.0430698,0.00548015,-9.28452e-05,3.14153,-7.34163e-05,
65.5123,-0.329189,0.0430896,0.00549303,-2.77558e-05,3.14159,-9.39207e-06,
65.5167,-0.32918,0.0430851,0.00548828,3.59111e-05,3.14156,-3.48509e-05,
65.525,-0.329199,0.0430802,0.00550003,8.15406e-05,-3.14158,3.37e-06,
65.5281,-0.329213,0.0430988,0.00549856,3.46164e-05,-3.14153,-1.70918e-05,
65.5331,-0.329185,0.0430885,0.00549819,1.19013e-05,-3.14159,4.87868e-05,
65.5394,-0.329178,0.0430788,0.00549364,7.59819e-06,3.14155,-2.21858e-05,
65.5425,-0.329186,0.043081,0.00549696,0.000141059,-3.14158,-2.38797e-05,
65.5487,-0.329187,0.0430812,0.00549281,-2.46031e-05,3.14156,-2.63821e-05,
65.554,-0.329181,0.0430927,0.00549488,1.22159e-05,-3.14159,-1.8745e-05,
65.5571,-0.329178,0.0430634,0.00549676,5.55082e-05,-3.14158,5.93691e-05,
65.5612,-0.329182,0.043071,0.00549975,0.000101247,-3.14158,1.74891e-06,
65.5646,-0.329198,0.043107,0.00550087,3.61481e-05,-3.14155,-3.12103e-05,
65.5722,-0.329197,0.0430997,0.00549536,-3.5557e-05,-3.14154,-2.50206e-05,
65.5785,-0.329178,0.0430738,0.00549513,4.15795e-06,-3.14159,-5.16226e-05,
65.5816,-0.329196,0.0430923,0.00549612,-2.93104e-05,-3.14159,2.26566e-05,
65.5877,-0.329197,0.0430926,0.0054859,-3.75888e-05,3.14158,1.56778e-06,
65.593,-0.329162,0.0430803,0.00548802,-6.30841e-05,3.14154,-1.7194e-05,
65.5961,-0.329198,0.0430849,0.00550037,-4.77679e-05,3.14157,3.84477e-05,
65.6021,-0.329198,0.043103,0.00549935,6.83893e-05,3.14159,-1.34975e-05,
65.6054,-0.329192,0.0430994,0.00550017,-4.11613e-05,-3.14158,-1.55237e-05,
65.6087,-0.32918,0.0430967,0.00550916,-0.000119094,-3.14157,-2.51793e-06,
65.617,-0.329177,0.0430889,0.0054876,6.14403e-05,3.14155,-3.33105e-05,
65.6221,-0.32919,0.0430974,0.00549391,6.53369e-05,3.14156,-3.01724e-06,
65.6252,-0.329182,0.0430693,0.00548439,-4.15412e-05,3.14158,-1.21268e-05,
65.6305,-0.32918,0.0431008,0.00548702,3.56756e-05,3.14155,5.80527e-05,
65.6336,-0.32918,0.0430792,0.00549264,2.30664e-06,3.14153,2.79846e-05,
65.6396,-0.329188,0.0430751,0.00548456,-0.000144604,3.14155,-9.42219e-06,
65.6459,-0.329165,0.0430773,0.00547803,-7.52286e-05,3.14152,1.39617e-05,
65.649,-0.329198,0.0430769,0.00548758,9.59559e-05,-3.14157,6.91477e-05,
65.6522,-0.329197,0.043084,0.0055022,6.96149e-05,-3.14158,-9.81752e-06,
65.6584,-0.329205,0.0431035,0.00550486,-0.00011976,-3.14153,-1.66916e-05,
65.6616,-0.329179,0.04308,0.00549208,-5.5364e-05,3.14154,6.37612e-06,
65.6667,-0.329202,0.0430762,0.00550878,5.55853e-05,-3.14152,-2.59451e-05,
65.673,-0.329167,0.0430786,0.00548128,-3.78304e-05,3.14155,-8.24607e-06,
65.676,-0.329204,0.0430939,0.00549331,4.43595e-05,-3.14156,-6.03953e-06,
65.6821,-0.329193,0.0430792,0.00550684,2.7403e-05,-3.14159,2.43697e-05,
65.6853,-0.329188,0.0430701,0.00549934,5.53138e-05,-3.14159,3.85663e-05,
65.6915,-0.329186,0.0430931,0.00549721,-5.61878e-05,3.14158,5.63614e-06,
65.6956,-0.329203,0.0430991,0.00549958,-9.97886e-06,-3.14156,6.67804e-05,
65.7382,-0.32916,0.0430741,0.00548642,-0.00014763,3.1415,1.0586e-05,
65.7426,-0.32919,0.0430926,0.00549991,3.14752e-05,3.14157,5.43343e-05,
65.7489,-0.329172,0.043073,0.00548424,-0.000140389,3.14148,-8.23792e-05,
65.752,-0.329192,0.0430924,0.00549867,-0.000133363,3.14157,7.31331e-05,
65.7581,-0.329207,0.0430963,0.00549894,8.42766e-05,-3.14152,-5.19844e-05,
65.7643,-0.329215,0.0430901,0.00550874,-2.84469e-05,-3.14151,-1.66676e-05,
65.7675,-0.329215,0.0430996,0.00551795,4.19351e-05,-3.1415,-6.72042e-05,
65.7736,-0.32921,0.0430911,0.00547187,-0.000110149,3.14157,-5.65375e-05,
65.8742,-0.329181,0.043068,0.00549443,4.46365e-05,-3.14157,-2.29834e-05,
65.8773,-0.329185,0.0430849,0.00548813,-6.12121e-06,3.14157,8.30136e-08,
65.8816,-0.329196,0.043099,0.0055098,-0.000106196,-3.14155,-8.82412e-05,
65.8846,-0.329199,0.0430861,0.00549654,6.74027e-05,-3.14157,1.71829e-05,
65.8907,-0.329187,0.0430935,0.0055002,2.55609e-05,-3.14157,-3.20569e-06,
65.8969,-0.3292,0.0430887,0.00549863,-9.58746e-05,3.14158,6.67991e-05,
65.9,-0.329177,0.043077,0.00549437,-1.57271e-05,3.14158,-4.41285e-05,
65.9061,-0.329198,0.0430802,0.00549616,-2.91285e-05,-3.14158,-8.4461e-06,
66.1006,-0.329192,0.0430936,0.00549281,-3.05448e-05,-3.14157,1.28573e-05,
66.1038,-0.329194,0.0430875,0.00549326,3.52779e-05,3.14158,-1.96839e-05,
66.108,-0.329205,0.0431017,0.00550054,2.63104e-05,-3.14158,-8.23729e-05,
66.1141,-0.329183,0.0430882,0.00548754,-4.20629e-05,3.14157,-1.06813e-05,
66.1172,-0.329189,0.043083,0.00549277,-3.65425e-05,-3.14156,4.73287e-05,
66.1234,-0.329185,0.0430596,0.00549844,0.000102053,-3.14157,4.78152e-06,
66.1265,-0.329176,0.0430703,0.0054797,-9.35604e-05,3.14152,-6.26683e-05,
66.1326,-0.329216,0.0431076,0.00549867,-8.88235e-06,-3.14152,9.78562e-06,
66.2014,-0.329185,0.04309,0.00550409,-3.95763e-05,-3.14158,-4.49234e-05,
66.2047,-0.329195,0.0430993,0.0055013,-5.50865e-05,-3.14156,-8.36036e-05,
66.2132,-0.329183,0.0431012,0.00549313,4.88519e-06,-3.14156,-1.10928e-05,
66.2215,-0.329196,0.0430882,0.00549344,-8.00336e-05,-3.14156,3.27026e-05,
66.2246,-0.329185,0.0430864,0.00548356,9.53149e-06,3.14157,-1.497e-05,
66.2306,-0.329186,0.0430967,0.00550262,-5.53398e-05,-3.14158,-2.85805e-05,
66.2338,-0.329196,0.0431105,0.00550923,-1.62296e-05,-3.14155,-0.000100713,
66.2381,-0.329164,0.043076,0.00548138,-2.97093e-05,3.14148,-6.52452e-05,
66.2431,-0.329175,0.0430841,0.00549,4.18017e-05,3.14159,-5.34428e-05,
66.2463,-0.329206,0.0430942,0.00550527,0.000114806,-3.14154,-6.93365e-05,
66.2516,-0.329166,0.0430931,0.00549253,7.47476e-05,3.14157,-1.77609e-05,
66.2576,-0.32919,0.0430739,0.00550574,7.73782e-05,-3.14154,-1.47701e-05,
66.2607,-0.329178,0.0430895,0.00551583,-8.06927e-05,-3.14157,-0.000105887,
66.267,-0.329208,0.0430825,0.00550606,8.70672e-05,-3.14152,-3.3905e-05,
66.2731,-0.329207,0.0430928,0.0055144,-2.27342e-06,-3.14152,-2.88558e-05,
66.2762,-0.32921,0.0431027,0.0054971,4.18371e-05,-3.14158,-1.4755e-05,
66.2827,-0.329204,0.0430824,0.00549629,0.000100693,-3.14154,-2.03665e-05,
66.2881,-0.329174,0.0430945,0.00548864,7.09239e-05,3.14154,4.52687e-05,
66.2912,-0.329177,0.0430733,0.00550504,-2.92726e-05,3.14159,3.17976e-05,
66.2974,-0.32919,0.0431035,0.00550559,-5.36939e-05,-3.14154,-3.72423e-05,
66.3005,-0.329185,0.0430921,0.00547996,4.00089e-05,3.14153,-0.000118492,
66.3066,-0.32917,0.0430804,0.00550109,-0.000145248,3.14155,2.11498e-05,
66.3128,-0.329181,0.043075,0.0054897,-5.55097e-05,3.14159,-5.8312e-05,
66.316,-0.329177,0.0430908,0.00549791,-6.76664e-05,3.14157,8.71665e-05,
66.3221,-0.329186,0.0430821,0.00548803,-1.33798e-05,3.14155,-2.66818e-05,
66.3303,-0.329167,0.0430649,0.00549938,2.95363e-05,3.14151,-1.0373e-05,
66.3334,-0.3292,0.0430982,0.00549772,-5.44451e-05,-3.14158,-9.17123e-05,
66.3386,-0.329199,0.0430768,0.00549638,9.67994e-05,-3.14155,8.72524e-06,
66.3417,-0.329204,0.0430938,0.00550413,6.30104e-05,-3.14155,-4.02808e-05,
66.3479,-0.329214,0.0431074,0.00550946,-2.89177e-05,-3.14151,-0.000107636,
66.3541,-0.329161,0.0430736,0.0054779,3.58695e-05,3.14152,-8.89441e-05,
66.3573,-0.329199,0.0431036,0.00549635,-6.57991e-05,-3.14155,3.15772e-05,
66.4027,-0.329177,0.0430726,0.00548244,-9.36708e-05,3.14154,-5.2198e-05,
66.4069,-0.329212,0.0430876,0.00550272,7.4313e-05,-3.14152,-1.93008e-05,
66.41,-0.329171,0.0430876,0.00550507,8.85441e-05,3.14157,-1.84435e-05,
66.4163,-0.329183,0.0430752,0.00550002,-5.60699e-05,3.14158,-1.51505e-05,
66.4246,-0.329195,0.0430897,0.00549622,-7.40375e-05,-3.14158,-1.51238e-05,
66.4276,-0.329189,0.0430792,0.00548453,-1.74357e-05,3.14158,-2.40955e-05,
66.4329,-0.329201,0.0431128,0.00549658,6.20318e-05,3.14159,9.26563e-05,
66.4391,-0.329183,0.0430815,0.00549468,-3.51549e-05,3.14158,-3.23912e-05,
66.4813,-0.329183,0.0431003,0.00548748,7.33566e-05,3.14156,-1.98568e-05,
66.4855,-0.3292,0.0430841,0.00550212,-2.90521e-05,-3.14155,-3.64346e-05,
66.4886,-0.329198,0.0430916,0.00549883,8.63113e-05,-3.14155,-3.34719e-06,
66.4946,-0.329206,0.0431065,0.0055012,-3.59657e-05,-3.14158,-5.33211e-05,
66.5009,-0.329211,0.0430946,0.00551673,2.86282e-05,-3.1415,-8.03078e-05,
66.5041,-0.329197,0.0431043,0.00549502,-6.73312e-05,-3.14157,1.21512e-05,
66.5074,-0.329191,0.0430889,0.00549036,4.21611e-05,3.14156,-5.57011e-05,
66.5118,-0.3292,0.0430868,0.00550192,4.60506e-06,-3.14156,-3.21162e-05,
66.5926,-0.32918,0.0430806,0.00548264,-6.74371e-05,3.14158,-0.00011108,
66.5967,-0.329188,0.0430849,0.00549999,-2.00042e-05,3.14154,5.52911e-05,
66.603,-0.329178,0.0430593,0.00549279,-0.000108687,3.14159,-6.32641e-05,
66.606,-0.329169,0.0430813,0.0054877,2.12684e-05,3.14148,-1.41119e-05,
66.6121,-0.329187,0.0430671,0.00549698,0.00011396,-3.14157,3.03799e-05,
66.6183,-0.329182,0.0430736,0.00549965,3.37117e-05,3.14159,-7.70907e-06,
66.6215,-0.329164,0.0430798,0.00548002,-6.0951e-05,3.14152,3.6904e-06,
66.6276,-0.329211,0.04309,0.00549734,-2.19276e-06,-3.14155,-2.24568e-06,
66.8242,-0.32916,0.0430548,0.00547866,-1.54222e-06,3.14154,-0.000146158,
66.8275,-0.329201,0.0431005,0.00551662,5.40924e-05,-3.14154,-0.000129143,
66.832,-0.329224,0.0431103,0.00550816,-5.46965e-05,-3.14153,-6.67898e-05,
66.8404,-0.329167,0.0430753,0.00549003,-4.20081e-05,3.14156,-4.95149e-05,
66.8435,-0.329209,0.0430879,0.00550805,3.9795e-05,-3.14152,-3.06114e-05,
66.8486,-0.329167,0.0430979,0.00549498,5.39819e-05,3.14154,-7.74876e-06,
66.8517,-0.32917,0.0430741,0.00550229,-2.9707e-05,3.14157,-7.83219e-05,
66.858,-0.329166,0.043082,0.00548182,4.1138e-05,3.14155,-9.73183e-05,
66.8642,-0.329186,0.0430831,0.00550072,0.000105376,-3.14156,-0.000106595,
66.8674,-0.32917,0.0430771,0.00548622,-9.74574e-06,3.14154,-4.81216e-05,
66.8727,-0.329192,0.0430827,0.00548837,4.20672e-05,-3.14158,5.22377e-05,
66.8789,-0.329169,0.0430771,0.00548482,-8.16665e-05,3.14156,-0.000105939,
66.882,-0.329197,0.043097,0.00550924,-8.47438e-06,-3.14158,-2.26497e-05,
66.8881,-0.329194,0.0430961,0.00550402,2.33106e-05,-3.14158,-7.51765e-05,
66.8943,-0.329192,0.0431002,0.0054944,-6.11201e-05,-3.14157,-4.0789e-05,
66.8975,-0.329226,0.0431131,0.00551573,-3.57749e-05,-3.14147,-9.14866e-05,
66.9036,-0.329197,0.0431037,0.00550232,-2.14551e-05,-3.14158,-0.000112838,
66.9068,-0.329219,0.043096,0.00549831,8.4047e-05,-3.14152,-1.58532e-05,
66.9122,-0.329165,0.043076,0.00549124,-2.98644e-05,3.14154,-7.12681e-05,
66.9175,-0.329188,0.0430862,0.00548963,5.55133e-05,-3.14159,5.22705e-05,
66.9206,-0.329185,0.0431016,0.00549951,3.2835e-05,3.14159,3.94012e-05,
66.9266,-0.329187,0.0430795,0.00550282,-3.4663e-06,-3.14154,-8.21864e-06,
66.9326,-0.32918,0.0430931,0.00548622,-4.88494e-05,3.14156,-1.15949e-06,
66.9358,-0.329175,0.0430839,0.00548629,-1.66745e-05,3.14157,-3.14107e-05,
66.942,-0.329182,0.0430954,0.00550044,-0.000133127,-3.14158,-4.03534e-05,
66.9472,-0.329189,0.0430948,0.00550093,-7.18223e-05,-3.14158,-1.75828e-05,
66.9503,-0.329164,0.0430818,0.00550394,-1.41366e-05,-3.14158,3.25796e-05,
66.9567,-0.329188,0.0431076,0.00549808,1.43434e-05,3.14157,2.14655e-05,
66.9613,-0.329154,0.0430836,0.00549551,-1.53184e-05,3.14149,-5.74461e-05,
66.9644,-0.329181,0.0430874,0.00549671,9.07897e-06,3.14157,-2.071e-05,
66.9706,-0.329169,0.043062,0.00547742,-8.14844e-05,3.1415,-8.8933e-05,
66.9737,-0.329181,0.0430827,0.00549358,-7.40926e-05,3.14155,-3.55011e-06,
67.0202,-0.329206,0.0430985,0.00551008,8.19511e-05,-3.14149,-4.79788e-05,
67.0245,-0.329171,0.0430782,0.00548764,-3.525e-05,3.14155,-4.41747e-05,
67.0276,-0.329157,0.043071,0.00547761,-3.01252e-05,3.14149,-2.57208e-05,
67.0336,-0.329194,0.0431072,0.00550036,4.50845e-06,-3.14157,-1.08025e-05,
67.0399,-0.329208,0.0430938,0.00550971,3.61568e-06,-3.14157,-6.73092e-05,
67.043,-0.329211,0.0431041,0.00548332,1.70845e-05,3.14158,3.99284e-05,
67.0473,-0.329181,0.0430709,0.00548336,-0.00010292,3.14159,-5.59504e-05,
67.0519,-0.329192,0.0431046,0.00549578,2.78292e-05,-3.14158,-1.27248e-05,
67.0552,-0.329204,0.0430793,0.00550817,0.000107257,-3.14152,-1.6393e-05,
67.0605,-0.329181,0.0430872,0.00548938,-9.83159e-06,3.14157,-2.6278e-05,
67.0666,-0.329178,0.0430796,0.00548592,-6.22561e-05,3.14156,-3.31929e-05,
67.0697,-0.329165,0.0430813,0.00548539,1.66779e-05,3.14151,-8.22536e-05,
67.0759,-0.329185,0.043089,0.00549629,3.46585e-05,3.14158,-6.2802e-05,
67.0821,-0.329198,0.0430924,0.00548515,-9.69102e-06,3.14156,-1.97487e-05,
67.0852,-0.329176,0.0430967,0.0055054,6.07074e-05,3.14158,3.13646e-05,
67.0915,-0.329195,0.0430914,0.00547802,9.22535e-06,3.14153,-8.25588e-05,
67.2119,-0.329199,0.0430982,0.00549254,-1.80583e-05,3.14159,2.52104e-05,
67.215,-0.329193,0.0430734,0.00549572,0.000119026,-3.14158,4.64197e-05,
67.2191,-0.32917,0.0430914,0.00549441,2.30973e-05,3.14155,3.49144e-05,
67.2252,-0.329191,0.0430948,0.00551696,-4.92938e-05,-3.14153,-6.97003e-05,
67.2283,-0.329206,0.0430871,0.00550649,1.5858e-05,-3.14153,-3.84801e-05,
67.2346,-0.329211,0.043089,0.00550649,-8.73809e-06,-3.1415,-2.74092e-05,
67.2377,-0.329186,0.043089,0.00548593,-4.85533e-05,3.14156,-7.87096e-05,
67.244,-0.329192,0.0430793,0.00549846,9.29607e-05,-3.14158,-1.78606e-05,
67.3201,-0.329172,0.0430849,0.00549082,-8.84547e-05,3.14155,-1.96975e-05,
67.3233,-0.329189,0.0430827,0.00547593,-9.13727e-06,3.14155,-3.26084e-05,
67.3286,-0.329173,0.0430681,0.00549167,-8.16424e-05,3.14157,-7.5221e-05,
67.3317,-0.329178,0.0430788,0.00549089,-6.06343e-05,3.14157,-5.37092e-05,
67.338,-0.329193,0.0430823,0.00549699,-3.74078e-05,3.14159,-1.04427e-05,
67.3441,-0.329177,0.0430674,0.00548435,-0.000100522,3.14153,7.91419e-06,
67.3472,-0.32916,0.0430819,0.00550192,-4.2034e-05,3.14156,2.5376e-05,
67.3534,-0.329194,0.0430928,0.00549696,-9.3689e-05,-3.14158,3.44733e-05,
67.3597,-0.329194,0.0431006,0.00550281,4.95692e-05,3.14157,6.71171e-05,
67.3631,-0.329201,0.0430694,0.0054814,-6.06891e-05,3.14159,-8.4874e-05,
67.3686,-0.329186,0.0430862,0.00551179,6.76561e-05,-3.14154,-6.58219e-05,
67.3731,-0.329164,0.0430891,0.00549747,5.47493e-05,3.14153,7.29172e-06,
67.3763,-0.329188,0.0430898,0.00548705,0.000107535,-3.14158,-2.52041e-05,
67.3825,-0.329184,0.0430846,0.00548293,-6.7551e-05,3.14156,-2.8534e-05,
67.3886,-0.329205,0.0430943,0.00550083,-2.42505e-06,-3.14157,2.49736e-05,
67.3917,-0.329206,0.0430827,0.00550562,4.12028e-05,-3.14154,-2.14808e-05,
