time,CH1,CH2,CH3,CH4,CH5,CH6,
21.5134,2303.47,1933.5,2109.07,1614.91,1600.42,1581.13,
21.5195,2304.27,1933.83,2148.34,1615.06,1600.12,1581.17,
21.5225,2304.05,1933.62,2109.17,1614.71,1600.32,1581.25,
21.5288,2303.95,1933.68,2109.3,1614.71,1600.14,1581.16,
21.5349,2304.22,1933.65,2109.21,1614.96,1600.29,1581.42,
21.538,2303.91,1933.99,2109.6,1614.77,1600.12,1580.98,
21.5443,2304.12,1933.72,2109.5,1614.66,1600.2,1581.26,
21.5516,2304.29,1933.87,2109.28,1614.81,1600.26,1581.09,
21.5547,2303.94,1933.65,2109.43,1614.81,1600.28,1581.36,
21.561,2304.1,1933.76,2109.33,1615.07,1600.18,1581.12,
21.5641,2304.22,1933.7,2109.24,1614.93,1600.06,1580.99,
21.5704,2303.99,1933.48,2109.12,1615.22,1600.46,1581.13,
21.5764,2304.21,1933.99,2109.1,1615.03,1600.33,1581.11,
21.5795,2303.86,1934.05,2109.54,1614.89,1600.17,1581.41,
21.5858,2303.83,1933.72,2070.39,1615.14,1600.25,1581.04,
21.591,2303.96,1933.88,2109.58,1614.9,1600.28,1580.67,
21.5943,2266.23,1934.33,2109.23,1614.73,1600.2,1581.15,
21.6024,2303.79,1933.7,2109.38,1614.68,1600.29,1581.24,
21.6074,2304.32,1933.72,2109.24,1615.09,1600.18,1581.05,
21.6105,2304.05,1933.85,2109.33,1614.99,1600.23,1581.2,
21.6168,2304.06,1933.29,2109.15,1614.8,1600.18,1581.24,
21.6199,2304.24,1933.84,2109.14,1614.92,1600.25,1581.24,
21.626,2303.8,1933.83,2109.16,1614.8,1600.33,1581.07,
21.6313,2304,1933.71,2108.95,1614.62,1600.26,1580.99,
21.6344,2303.78,1933.69,2148.29,1614.83,1599.92,1581.83,
21.6405,2304.05,1933.73,2107.88,1615.19,1600.21,1581.4,
21.6489,2303.94,1934.05,2109.1,1614.73,1600.15,1581.1,
21.6519,2304.19,1933.74,2109.17,1614.85,1600.27,1581.26,
21.657,2303.81,1933.58,2109.16,1614.7,1600.19,1580.96,
21.6601,2303.96,1933.77,2109.22,1614.92,1600.17,1581.12,
21.6664,2303.87,1933.5,2109.06,1614.94,1600.32,1581.12,
21.6716,2303.83,1933.46,2109.13,1614.98,1600.24,1580.93,
21.6747,2304.31,1933.79,2109.36,1614.71,1600.28,1580.97,
21.6809,2304.04,1933.8,2109.1,1614.72,1600.38,1581.3,
21.686,2304.04,1933.7,2108.29,1615.38,1600.64,1581.36,
21.6894,2304.17,1933.87,2109.09,1614.09,1600.16,1581.23,
21.6939,2304.18,1934.17,2109.21,1614.85,1600.14,1581.26,
21.7,2304.07,1933.89,2109.07,1614.85,1600.26,1580.97,
21.7031,2303.93,1933.61,2070.45,1614.96,1600.28,1581.08,
21.7095,2304.07,1933.66,2109.64,1614.5,1600.18,1581.19,
21.7155,2304.28,1933.97,2109.48,1614.97,1600.28,1581.04,
21.7186,2303.9,1933.6,2109.12,1614.85,1599.92,1581.21,
21.7248,2303.98,1933.7,2109.28,1614.8,1600.13,1581.04,
21.7279,2304.38,1933.98,2109.3,1614.81,1600.05,1580.98,
21.7359,2304.06,1933.74,2109,1614.83,1600.14,1581.15,
21.742,2304.06,1933.8,2109.24,1614.7,1600.18,1581.01,
21.8639,2304.45,1934.13,2109.77,1613.98,1600.38,1581.4,
21.8721,2304.52,1934.02,2108.36,1614.86,1600.21,1581.32,
21.8777,2304.02,1933.69,2109.19,1614.99,1600.12,1581.07,
21.8808,2304.19,1933.7,2108.96,1614.71,1600.2,1581.06,
21.887,2303.88,1933.67,2108.96,1614.68,1600.11,1581.12,
21.8933,2304.18,1933.65,2109.22,1614.72,1600.1,1581.01,
21.8964,2303.8,1934.15,2148.38,1615.03,1600.12,1581.22,
21.9025,2303.94,1933.82,2148.34,1614.61,1599.89,1578.47,
21.9087,2302.2,1933.04,2107.44,1613.62,1600.22,1580.45,
21.912,2343.23,1933.82,2109.58,1614.26,1600.7,1581.23,
21.9178,2303.93,1933.5,2109.68,1614.75,1600.16,1581.84,
21.9232,2304.44,1933.76,2108.71,1615.45,1600.26,1581.2,
21.9265,2304.09,1930.77,2106.9,1613.75,1599.42,1580.55,
21.9317,2303.27,1933.28,2108.84,1614.38,1599.89,1581.14,
21.9379,2303.95,1933.89,2148.38,1614.69,1600.08,1581.09,
21.941,2303.92,1933.56,2109.54,1614.79,1600.25,1581.01,
21.9473,2303.97,1933.8,2108.98,1614.8,1600.08,1581.43,
21.9525,2304.02,1933.65,2109.2,1614.2,1600.1,1581.2,
21.9559,2303.69,1933.67,2109.41,1614.85,1600.19,1580.96,
21.9602,2304.03,1933.61,2109.11,1614.74,1600.19,1581.28,
21.9664,2303.83,1934.02,2109.44,1614.79,1600.21,1581.12,
21.9695,2304.03,1933.84,2109.07,1615.03,1600.06,1581.13,
21.9757,2303.98,1933.7,2109.03,1614.75,1600.11,1580.91,
21.9789,2304.23,1934.19,2109.04,1614.75,1600.06,1581.01,
21.985,2303.62,1933.61,2109.28,1614.72,1600.21,1581.31,
21.9903,2303.99,1933.6,2109.25,1614.8,1600.05,1581.1,
21.9934,2304.22,1933.88,2109.35,1614.89,1600.3,1581.29,
21.9994,2304.21,1934.52,2108.31,1613.94,1600.45,1581.2,
22.0048,2304.53,1933.89,2109.3,1614.98,1600.33,1581.05,
22.0079,2304.26,1933.69,2070.37,1614.97,1600.38,1581.15,
22.014,2304.31,1933.64,2070.46,1614.82,1600.04,1581.26,
22.017,2304.04,1933.74,2109.19,1614.97,1600.24,1581.23,
22.0233,2303.64,1933.66,2109.31,1614.72,1600.38,1581.05,
22.0285,2304.1,1933.97,2109.13,1615.02,1600.04,1581.18,
22.0317,2304.19,1933.78,2108.99,1614.78,1600.17,1580.99,
22.0379,2303.88,1933.47,2148.4,1614.78,1600.11,1581.12,
22.044,2303.54,1934.38,2107.85,1614.77,1600.18,1581.03,
22.0472,2303.97,1933.74,2109.09,1614.91,1600.18,1581.38,
22.0534,2304.04,1933.89,2109.09,1614.8,1600.19,1581.49,
22.0594,2304.25,1933.86,2108.95,1614.79,1599.91,1581.18,
22.0625,2303.72,1933.63,2109.06,1614.97,1600.25,1581.42,
22.0679,2303.84,1933.86,2148.37,1614.75,1600.33,1581.19,
22.0709,2304.15,1933.86,2109.11,1614.9,1600.46,1581.03,
22.077,2303.79,1933.7,2109.31,1614.78,1600.31,1581.17,
22.0832,2304.06,1933.78,2109.09,1614.89,1600.02,1581.02,
22.0863,2303.71,1934.21,2108.72,1614.45,1600.17,1581.91,
22.0945,2304.44,1933.97,2108.48,1614.83,1599.97,1582.12,
22.0992,2266.08,1933.82,2108.73,1615.32,1599.81,1581.65,
22.1025,2304.84,1933.97,2108.74,1615.3,1599.96,1581.78,
22.1092,2343.01,1934.09,2108.49,1615.39,1600.7,1581.19,
22.1138,2304.62,1933.87,2070.35,1614.95,1600.12,1581.11,
22.1169,2304.23,1934.01,2148.35,1614.93,1600.08,1581.08,
22.123,2304.05,1933.53,2108.93,1614.57,1600.12,1581.15,
22.1292,2304,1933.73,2109.18,1614.62,1600.1,1581.04,
22.1324,2303.71,1933.68,2109.22,1614.92,1599.93,1581.3,
22.1385,2303.67,1933.31,2109.02,1614.68,1600.12,1581.12,
22.1448,2303.84,1933.53,2109.01,1614.76,1600.15,1581.05,
22.1479,2303.88,1933.78,2109.48,1614.96,1600.32,1581.21,
22.153,2303.84,1933.55,2108.96,1614.77,1600.05,1581.22,
22.1593,2303.82,1933.8,2109.12,1614.69,1600.31,1581.24,
22.1624,2303.81,1933.63,2109.25,1614.88,1600.47,1581.24,
22.1684,2304.06,1933.79,2109.24,1614.86,1600.04,1580.97,
22.1716,2303.85,1933.79,2108.94,1614.98,1600.01,1581.13,
22.1778,2303.98,1933.38,2070.69,1613.9,1600.22,1581.69,
22.186,2305.17,1933.81,2108.69,1614.97,1600.25,1581.22,
22.1892,2304.18,1933.95,2070.43,1614.76,1600.07,1580.98,
22.1935,2303.97,1933.49,2109.11,1614.72,1600.07,1581.37,
22.1998,2303.93,1933.55,2109.16,1614.76,1600.06,1581.17,
22.2029,2303.88,1933.67,2109.15,1614.78,1600.2,1581.2,
22.209,2303.82,1933.53,2108.81,1614.9,1600.06,1581.09,
22.2121,2303.97,1933.66,2148.17,1614.57,1600.26,1581.39,
22.2183,2303.87,1933.74,2109.15,1614.97,1600.27,1581.48,
22.2245,2265.86,1932.93,2108.43,1614.96,1600.05,1580.96,
22.2277,2304.08,1933.92,2109.31,1615.12,1600.04,1581.17,
22.2332,2304.03,1933.61,2109.1,1614.82,1600.21,1580.99,
22.2395,2304,1933.82,2148.31,1614.62,1600.18,1580.98,
22.2426,2303.91,1933.93,2109.15,1614.83,1600.07,1581.09,
22.2488,2303.87,1933.77,2108.97,1614.74,1599.89,1581.26,
22.2549,2304.24,1933.62,2109.08,1614.81,1600.14,1581.15,
22.258,2303.94,1933.82,2070.46,1614.94,1600.31,1580.94,
22.2643,2304.05,1933.85,2109.28,1614.73,1600.17,1580.89,
22.2695,2305.06,1933.86,2070.6,1614.17,1600.17,1581.13,
22.2728,2304.29,1933.69,2109.35,1615.01,1600.29,1581.23,
22.2802,2303.96,1933.73,2109.03,1614.6,1600.29,1581.57,
22.2864,2304.31,1933.66,2109.13,1614.9,1600.27,1581.16,
22.2895,2304.18,1933.65,2109.08,1615.13,1600.17,1581.16,
22.2958,2304.06,1933.74,2109.04,1614.63,1600.13,1581.11,
22.2989,2304.3,1934.05,2109.2,1614.96,1600.18,1581.06,
22.305,2304.07,1933.58,2109.19,1614.61,1600.22,1581.26,
22.3104,2303.98,1933.72,2109.21,1614.59,1600.08,1581.16,
22.3134,2303.67,1930.91,2106.81,1613.75,1599.28,1580.66,
22.3187,2303.56,1933.24,2108.89,1614.67,1600.07,1581.22,
22.325,2304.21,1933.81,2109.18,1614.76,1600.08,1581.07,
22.3281,2303.91,1933.79,2148.38,1614.88,1600.34,1581.13,
22.3344,2303.8,1933.61,2109.26,1614.71,1600.07,1581.24,
22.3404,2303.9,1933.95,2109.16,1614.76,1600.32,1581.03,
22.4219,2304.22,1933.65,2109.3,1614.92,1600.31,1581.03,
22.4259,2304.17,1933.77,2109.11,1614.7,1600.08,1581.21,
22.429,2300.04,1931.27,2107.26,1613.75,1599.49,1580.56,
22.4353,2303.19,1933.36,2108.93,1614.94,1600.47,1581.14,
22.4415,2303.81,1933.78,2109.1,1614.9,1600.15,1581.05,
22.4446,2303.9,1933.97,2109.22,1615.45,1600.18,1581.17,
22.4509,2303.9,1933.68,2109.1,1615.12,1600.12,1581.51,
22.4569,2304.02,1933.61,2109.36,1614.62,1600.19,1581.19,
22.763,2304.1,1933.68,2108.18,1615.42,1599.8,1581.32,
22.7662,2304.41,1933.93,2109.5,1614.85,1600.25,1581.15,
22.7735,2303.78,1933.75,2109.24,1614.85,1600.07,1581.35,
22.7797,2304.32,1933.8,2109.3,1614.91,1600.15,1581.19,
22.7829,2304.02,1933.72,2109.19,1614.78,1600.48,1581.41,
22.7889,2304.17,1933.73,2148.31,1614.78,1600.24,1581.25,
22.792,2304.13,1933.82,2109.52,1614.89,1600.06,1581.26,
22.7983,2303.74,1933.68,2109.37,1614.86,1600.25,1581.41,
23.1295,2304.26,1933.96,2107.89,1615.36,1600.58,1580.83,
23.1329,2304.52,1934.01,2148.3,1615.09,1600.25,1580.87,
23.1382,2304.05,1933.78,2148.34,1614.97,1600.16,1581.31,
23.1444,2304.37,1933.74,2109.17,1615.13,1600.12,1581.14,
23.1475,2304.02,1933.5,2109.01,1614.96,1600.42,1581.38,
23.1537,2304.22,1933.68,2109.01,1615.09,1600.12,1581.06,
23.1569,2304.17,1933.91,2109.22,1615.08,1600.3,1581.24,
23.163,2304,1933.56,2109.15,1614.4,1600.33,1581.03,
23.1693,2342.54,1933.75,2108.45,1613.77,1600.14,1580.79,
23.1727,2266.04,1933.98,2109.17,1614.65,1600.08,1580.99,
23.1809,2303.87,1933.78,2109.08,1614.78,1600.12,1581.12,
23.1859,2304.2,1933.46,2070.41,1614.78,1600.11,1581.11,
23.1891,2303.83,1933.68,2109.21,1614.93,1600.34,1581.14,
23.1953,2303.99,1933.82,2109.18,1614.76,1600.31,1581.36,
23.2014,2304.25,1933.99,2109.03,1614.97,1600.08,1581,
23.2045,2304,1933.69,2109.06,1614.97,1600.3,1581.18,
23.251,2304,1933.64,2109.03,1614.67,1600.17,1580.81,
23.2552,2304.09,1933.69,2109.11,1614.63,1600.16,1581.16,
23.2583,2303.5,1934.3,2107.97,1615.18,1600.31,1581.16,
23.2636,2303.52,1934.24,2147.14,1615.31,1600.14,1581.01,
23.2669,2304.91,1934.13,2108.52,1614.95,1599.9,1581.73,
23.2726,2304.03,1933.86,2070.41,1615.04,1600.2,1581.16,
23.2788,2303.8,1933.79,2108.76,1614.93,1600.15,1580.97,
23.2819,2304.28,1933.79,2109.35,1615.03,1600.14,1581.07,
23.288,2303.85,1933.75,2109.19,1614.79,1600.35,1581.17,
23.2933,2303.96,1933.9,2109.11,1615.12,1600.07,1580.85,
23.2964,2303.77,1933.9,2109.67,1614.93,1600.28,1581.2,
23.3025,2303.93,1933.48,2108.81,1614.11,1600.4,1581.2,
23.3107,2304.09,1933.69,2070.37,1614.86,1600.05,1581.19,
23.3138,2304.06,1933.85,2109.47,1614.8,1600.32,1581.3,
23.3199,2304.17,1933.55,2109.33,1614.78,1600.23,1581.12,
23.323,2304.08,1933.61,2109.14,1614.89,1600.1,1581.18,
23.3293,2303.72,1933.52,2109.21,1614.92,1600.22,1581.28,
23.3345,2304.12,1933.87,2109.08,1614.81,1600.33,1581.21,
23.3377,2303.99,1933.6,2109.26,1614.69,1600.25,1581.12,
23.3439,2304.05,1934.01,2109.22,1614.85,1600.51,1580.78,
23.35,2343.43,1933.95,2108.52,1614.25,1600.11,1581.9,
23.3533,2343.29,1933.36,2108.71,1614.52,1600.14,1581.55,
23.3588,2303.96,1933.26,2109.19,1614.8,1600.34,1581.15,
23.3649,2303.96,1933.75,2109.2,1614.72,1600.09,1581.26,
23.368,2303.98,1933.76,2148.41,1614.98,1600.27,1581.24,
23.3734,2304.16,1933.78,2109.23,1614.53,1600.19,1581.14,
23.3794,2304.15,1933.91,2109.56,1614.8,1600.25,1581.23,
23.3825,2303.83,1933.76,2109.2,1614.85,1600.3,1581.23,
23.3887,2304.12,1933.8,2109.39,1614.85,1600.25,1580.99,
23.3919,2304.6,1933.92,2148.38,1614.96,1600.1,1581.13,
23.3999,2303.94,1933.61,2109.14,1614.96,1600.16,1581.14,
23.4059,2304.39,1933.61,2148.36,1614.81,1600.26,1580.89,
23.4091,2304.12,1933.75,2109.54,1614.95,1600.26,1581.19,
23.4144,2303.65,1933.86,2109.3,1614.83,1600.31,1581.35,
23.4204,2303.94,1933.99,2109.36,1614.53,1600.07,1581.15,
23.4235,2303.88,1933.83,2109.02,1615.1,1600.25,1581.03,
23.4298,2303.79,1933.75,2109.02,1614.8,1600.26,1581.1,
23.4329,2304.45,1933.76,2148.25,1614.88,1600.41,1580.98,
23.439,2303.99,1933.93,2108.56,1615.2,1600.46,1581.12,
23.4464,2304.06,1933.66,2070.4,1614.56,1600.2,1581.08,
23.5283,2303.97,1934.05,2109.91,1615.17,1600.27,1581.22,
23.5315,2303.33,1934.02,2110.02,1614.43,1600.25,1581.05,
23.5362,2303.57,1934.48,2146.97,1614.23,1600.2,1581.03,
23.5406,2343.73,1933.93,2108.71,1614.3,1599.91,1582.01,
23.544,2303.99,1933.53,2109.25,1614.75,1600.22,1581.39,
23.5482,2303.94,1933.59,2108.95,1614.81,1600.06,1581.23,
23.5544,2304.11,1933.72,2109.1,1614.87,1600.13,1581.21,
23.5575,2303.83,1933.44,2070.39,1614.86,1600.18,1581.19,
23.5638,2303.9,1933.61,2109.12,1614.6,1600.3,1580.99,
23.5669,2304.32,1933.87,2070.49,1615.08,1600.31,1581.04,
23.572,2304.03,1933.86,2109.12,1614.83,1600.46,1581.19,
23.5794,2303.95,1933.46,2109.19,1614.93,1599.98,1581.22,
23.5825,2303.67,1933.97,2109.2,1615.03,1600.26,1581.21,
23.5885,2303.97,1933.69,2109.37,1614.98,1600.15,1581.31,
23.5947,2304.1,1933.92,2109.09,1614.88,1600.1,1581.3,
23.5979,2303.64,1933.78,2109.54,1614.99,1600.33,1581.12,
23.604,2303.7,1933.7,2108.94,1614.58,1600.26,1581.19,
23.6093,2304,1933.84,2109.08,1614.51,1600.09,1580.87,
23.6124,2303.95,1933.66,2109.02,1615,1600.27,1581.28,
23.6184,2304.21,1933.19,2070.7,1613.88,1600.42,1581.26,
23.6218,2304.38,1933.96,2109.45,1614.74,1600.32,1581.06,
23.628,2303.82,1933.75,2109.07,1614.75,1600.33,1581.24,
23.6342,2304.15,1933.74,2109.34,1614.61,1600.16,1581.25,
23.6373,2303.83,1934.01,2109.34,1614.74,1600.11,1581.12,
23.6829,2304.13,1933.72,2108.97,1614.59,1600.02,1581.4,
23.6869,2303.99,1933.69,2109.28,1614.6,1600.2,1581.04,
23.69,2303.52,1933.67,2148.35,1614.95,1600.23,1581.37,
23.6963,2304.19,1933.61,2148.28,1614.94,1600.13,1581.31,
23.7024,2304.07,1934.14,2109.25,1614.96,1600.31,1581.4,
23.7055,2303.84,1933.67,2109.03,1614.86,1600.1,1581.97,
23.7118,2304.15,1934.05,2107.9,1615.04,1599.81,1581.16,
23.7197,2304.31,1933.68,2070.72,1614.04,1600.58,1581.19,
23.7231,2304.11,1934.04,2108.92,1614.31,1600.12,1580.83,
23.7288,2303.68,1933.74,2070.9,1614.31,1598.34,1580.58,
23.7334,2302.76,1932.92,2108.72,1614.38,1599.99,1581.09,
23.7365,2303.91,1930.49,2106.59,1613.35,1599.14,1580.47,
23.7427,2303.2,1933.39,2108.9,1614.67,1600.34,1581.38,
23.7489,2304.19,1933.75,2108.93,1614.71,1600.22,1580.98,
23.752,2303.85,1933.45,2109.46,1614.85,1600.21,1581.04,
23.7584,2304.07,1933.83,2109.46,1614.93,1600.12,1581.34,
23.7645,2304.2,1934.03,2109.04,1614.55,1600.13,1581.11,
23.7676,2303.96,1933.65,2108.94,1615.04,1600.34,1581.08,
23.7729,2304.24,1933.77,2109.25,1614.7,1600.3,1581.01,
23.776,2299.91,1931.36,2107.37,1613.77,1599.51,1580.81,
23.7823,2303.33,1933.35,2109.22,1615.14,1600.3,1581.4,
23.7884,2303.79,1933.62,2109.11,1614.95,1600.28,1581.27,
23.7915,2303.82,1933.95,2148.34,1614.89,1600.32,1581.13,
23.7978,2304.12,1933.66,2070.91,1614.87,1600.17,1581.4,
23.805,2304.07,1933.64,2109.14,1614.75,1600.08,1581.25,
23.8081,2303.85,1933.86,2109.45,1614.95,1600.1,1581.36,
23.8134,2304.12,1933.89,2109.28,1614.74,1600.14,1578.24,
23.8196,2301.1,1932.27,2108.2,1614.15,1599.84,1580.92,
23.8228,2303.67,1933.4,2109.28,1615.02,1600.43,1581.23,
23.8289,2303.95,1933.64,2109.17,1614.8,1600.14,1581.05,
23.8321,2304.05,1933.75,2148.3,1614.92,1600.24,1581.02,
23.8383,2304.22,1933.56,2148.4,1614.99,1600.2,1581.79,
23.8445,2304.51,1933.33,2108.55,1614.34,1600.22,1581.22,
23.8478,2304.36,1933.86,2109.37,1614.82,1600.32,1581.12,
23.8531,2303.77,1933.74,2109.3,1615.07,1600.4,1581.2,
23.8594,2304.04,1933.73,2109.13,1614.94,1600.44,1581.15,
23.8625,2304.03,1933.95,2109.67,1615.08,1600.26,1581.21,
23.8685,2303.94,1933.74,2109.27,1614.91,1600.31,1581.47,
23.8747,2304.14,1933.77,2109.21,1614.82,1600.06,1581.21,
23.8779,2303.53,1933.82,2109.25,1615.13,1600.22,1581.21,
23.884,2304.01,1933.85,2108.98,1614.57,1600.21,1581,
23.8893,2342.58,1934.03,2108.78,1613.77,1600.25,1580.63,
23.8927,2304.22,1934.79,2070.32,1614.93,1600.1,1581.19,
23.8972,2303.93,1933.86,2109.14,1614.71,1600.32,1581.53,
23.9034,2304.17,1933.96,2109.1,1614.84,1600.05,1581.13,
23.9065,2303.92,1933.74,2148.33,1614.87,1600.07,1581.19,
23.9127,2303.83,1933.88,2109.19,1614.73,1600.16,1581.16,
23.9159,2304.04,1933.88,2109.02,1614.95,1600.33,1581.13,
23.9624,2303.97,1933.68,2109.13,1614.74,1600.21,1581.06,
23.9664,2303.88,1933.83,2108.93,1614.82,1600.04,1581.31,
23.9695,2303.94,1930.53,2106.7,1613.43,1599.35,1580.44,
23.9757,2303.74,1933.56,2108.99,1614.47,1600.21,1581.32,
23.9799,2303.79,1934.18,2108.49,1614.15,1600.52,1581.5,
23.9833,2342.27,1934.7,2109.49,1614.53,1600.31,1581.22,
23.9915,2343.1,1933.6,2109.16,1614.71,1600.07,1581.28,
23.9968,2304.08,1934.03,2109.13,1614.88,1600.06,1581.21,
23.9999,2304.35,1933.89,2109.31,1614.88,1600.2,1581.1,
24.0051,2303.91,1933.45,2148.39,1614.58,1600.33,1581.25,
24.0113,2303.99,1933.7,2109.49,1614.72,1600.09,1580.99,
24.0144,2303.81,1933.48,2109.07,1615.08,1600.27,1581.22,
24.0204,2303.74,1933.77,2109.41,1614.89,1600.08,1581.15,
24.0235,2303.69,1933.76,2070.86,1614.33,1600.01,1581.26,
24.0318,2265.68,1934.04,2070.63,1614.13,1598.15,1580.08,
24.0364,2302.99,1933.9,2108.04,1614.56,1600.13,1580.88,
24.0397,2303.94,1933.93,2109.12,1614.71,1600.27,1581.25,
24.045,2304.2,1933.89,2108.93,1614.61,1600.16,1581.35,
24.0512,2304.38,1933.83,2070.42,1614.77,1600.14,1581.07,
24.0543,2303.81,1934.05,2109.51,1615.11,1600.21,1581.19,
24.0604,2304.16,1933.83,2109.12,1614.98,1600.06,1578.61,
24.0666,2301.33,1932.35,2108.21,1614.23,1599.87,1581.58,
24.0699,2303.52,1933.89,2105.83,1613.93,1598.96,1580.63,
24.0745,2303.58,1933.57,2147.76,1614.76,1600.27,1581.29,
24.0809,2304.01,1933.69,2109.43,1614.64,1600.26,1581.32,
24.0839,2304.02,1933.86,2106.03,1613.12,1598.89,1580.31,
24.0893,2303.13,1933.2,2108.75,1614.74,1599.88,1581.22,
24.0954,2304.25,1933.81,2109.3,1614.75,1600.19,1580.82,
24.0986,2304.13,1933.69,2109.02,1615.11,1600.11,1581.26,
24.1048,2303.53,1933.96,2108.94,1614.79,1600.18,1580.98,
24.1079,2304.4,1933.82,2148.34,1614.54,1600.25,1581.19,
24.114,2303.84,1933.47,2108.96,1614.79,1600.24,1581.37,
24.1203,2303.98,1933.89,2109.19,1614.82,1600.38,1581.27,
24.1234,2303.97,1933.81,2109.07,1614.71,1600.26,1581.13,
24.1285,2303.98,1933.69,2109.16,1614.75,1600.09,1581.17,
24.1348,2304.22,1933.74,2109.33,1614.67,1600.19,1581,
24.1379,2304.06,1933.58,2070.44,1614.77,1600.3,1581.41,
24.1439,2304.02,1933.88,2109.16,1614.62,1600.05,1581.03,
24.1471,2304.01,1933.88,2109.35,1614.83,1600.27,1581.19,
24.1533,2304.21,1933.46,2109.14,1614.85,1600.39,1581.86,
24.1595,2343.48,1933.77,2109.1,1614.95,1600.23,1581.14,
24.1627,2304.01,1933.68,2109.07,1614.82,1600.24,1581.17,
24.1682,2303.9,1933.56,2109.35,1614.93,1600.35,1581.24,
24.1744,2303.97,1933.9,2109.3,1614.87,1600.32,1581.26,
24.1775,2303.79,1930.4,2106.59,1613.35,1599.23,1580.36,
24.1837,2303.41,1933.27,2109.02,1614.76,1600.11,1581.19,
24.1899,2304,1933.82,2108.98,1614.88,1600.16,1581.15,
24.193,2303.89,1933.58,2109.27,1614.87,1600.25,1581.02,
24.2388,2303.93,1933.64,2109.21,1614.6,1600.1,1581.22,
24.2429,2304.11,1933.71,2109.14,1614.72,1600.24,1581.1,
24.246,2303.72,1933.56,2108.64,1615.56,1600.13,1581.19,
24.2543,2303.74,1934.58,2147.09,1614.16,1600.07,1578.53,
24.2601,2301.34,1932.3,2108.04,1614.2,1599.8,1580.84,
24.2633,2303.57,1933.55,2109.32,1614.89,1600.28,1581.03,
24.2694,2303.79,1933.46,2109.35,1614.54,1600.17,1581.18,
24.2757,2303.77,1933.78,2109.26,1614.94,1600.05,1581.21,
24.2789,2303.84,1933.32,2109.16,1614.83,1600.14,1581.07,
24.284,2303.78,1933.88,2108.94,1614.57,1599.93,1581.05,
24.2903,2304.31,1933.84,2109.34,1614.93,1600.16,1580.96,
24.2934,2303.56,1933.96,2108.07,1614.97,1600.25,1581.16,
24.2985,2304.08,1933.7,2109.1,1614.55,1600.15,1581.15,
24.3016,2303.84,1933.79,2109.26,1614.84,1600.16,1581,
24.3078,2304.07,1933.72,2108.86,1614.77,1600.07,1581.14,
24.3139,2304.2,1933.99,2109.23,1614.86,1600.33,1581.11,
24.317,2303.83,1933.62,2109.37,1614.96,1600.21,1581.07,
24.3224,2303.81,1933.56,2109.15,1614.58,1600.05,1581.52,
24.3284,2304.01,1934.12,2109.42,1614.93,1600.26,1581.08,
24.3316,2303.48,1933.44,2109.12,1614.86,1600.04,1581.12,
24.3378,2304.11,1933.73,2109.23,1614.39,1600.23,1581.17,
24.341,2304.2,1933.48,2107.65,1614.73,1600.15,1581.01,
24.3465,2304.18,1933.69,2109.49,1614.49,1600.27,1581.09,
24.352,2303.58,1934.5,2108.61,1614.14,1600.21,1581.13,
24.3567,2304.6,1933.84,2108.67,1614.29,1600.76,1580.79,
24.36,2342.94,1933.85,2108.57,1614.24,1600.41,1581.12,
24.3647,2303.7,1934.03,2108.48,1614,1600.22,1581.78,
24.3692,2304.15,1933.83,2109.26,1614.87,1600.17,1581.12,
24.3723,2303.82,1934,2148.38,1615.05,1600.28,1581.03,
24.3784,2304.07,1933.87,2109.21,1614.79,1599.98,1581.36,
24.3864,2304.12,1933.61,2109.28,1614.8,1600.2,1581.16,
24.3895,2303.67,1933.78,2109.12,1612.36,1598.57,1580.17,
24.3947,2302.76,1933.29,2108.65,1614.57,1599.9,1580.84,
24.3978,2304.1,1933.84,2109.07,1614.99,1600.25,1581.01,
24.4031,2303.92,1933.73,2109.06,1614.94,1600.3,1581.14,
24.4094,2304.05,1933.74,2109.4,1614.81,1600.31,1581.24,
24.4124,2303.89,1933.98,2109.63,1614.98,1600.08,1581.3,
24.4185,2304.04,1933.72,2109.29,1614.76,1600.16,1578.5,
24.4246,2301.21,1932.13,2107.87,1614.21,1599.69,1580.73,
24.4278,2303.42,1933.56,2108.86,1614.99,1599.89,1582,
24.4331,2265.85,1933.89,2108.6,1614.66,1600.26,1581.19,
24.4385,2304.13,1933.87,2108.93,1614.99,1600.27,1581.29,
24.4417,2304.25,1933.76,2109.27,1614.9,1600.28,1581.12,
24.4479,2303.94,1933.96,2148.39,1614.79,1600.15,1581.12,
24.451,2304.27,1933.73,2109.19,1614.87,1600.08,1581.08,
24.4573,2304.19,1933.54,2109.61,1614.95,1600.26,1581.41,
24.4634,2303.98,1933.55,2108.94,1614.76,1600.43,1581.02,
24.4666,2303.9,1933.86,2109.39,1614.79,1600.05,1581.21,
24.4729,2304.03,1933.66,2148.39,1614.85,1600.28,1581.03,
24.4792,2303.94,1933.7,2109.12,1614.97,1600.14,1581.02,
24.4823,2303.82,1934,2070.46,1614.77,1600.08,1581.23,
24.4884,2303.95,1933.79,2109.12,1614.67,1600.1,1578.24,
24.4947,2301.14,1932.31,2107.97,1613.93,1599.73,1581.08,
24.4978,2303.5,1933.68,2109.43,1614.91,1600.26,1581.24,
24.5039,2304.24,1933.92,2109.07,1614.82,1600.24,1580.99,
24.507,2304.11,1933.63,2109.33,1614.81,1600.05,1580.82,
24.5133,2303.67,1933.61,2109.14,1614.92,1600.3,1581.03,
24.5186,2303.87,1933.81,2108.33,1615,1599.79,1581.19,
24.5218,2304.24,1934.02,2109.28,1615.03,1600.25,1581.23,
24.5279,2303.99,1933.65,2109.07,1614.81,1597.5,1579.29,
24.5342,2302.23,1932.64,2108.25,1614.43,1599.95,1580.74,
24.5373,2303.91,1933.98,2109.39,1614.72,1600.18,1581.09,
24.5434,2303.97,1933.78,2109.52,1614.68,1600.12,1578.51,
24.5496,2301.29,1932.32,2107.97,1614.47,1599.59,1580.94,
24.5924,2303.81,1933.54,2109.44,1614.65,1600.13,1581.26,
24.5964,2304.13,1933.93,2109.09,1614.67,1600.32,1581.27,
24.6024,2304.13,1933.74,2109.39,1614.71,1600.27,1581.13,
24.6055,2304.03,1933.74,2148.37,1614.4,1600.06,1581.51,
24.6108,2304.71,1933.56,2070.42,1614.18,1599.97,1581.22,
24.6141,2304.3,1933.69,2070.45,1614.71,1600.05,1581.12,
24.6195,2303.98,1933.69,2148.37,1615.03,1600.44,1581.14,
24.6257,2303.93,1933.6,2109.3,1614.95,1600.3,1581.24,
24.6289,2304.35,1933.94,2109.4,1614.92,1600.16,1580.82,
24.6341,2303.95,1933.56,2109.24,1614.99,1600.25,1581.23,
24.6403,2304.06,1933.96,2109.21,1614.77,1600.05,1581.01,
24.6434,2303.69,1933.91,2109.36,1614.85,1600.3,1581.25,
24.6495,2303.5,1933.4,2108.93,1614.55,1600.13,1581.58,
24.6576,2304.17,1933.88,2109.21,1614.83,1599.95,1581.01,
24.6608,2303.8,1933.71,2109.28,1614.85,1600.08,1580.82,
24.6652,2303.95,1933.56,2109.38,1614.76,1600.15,1581.38,
24.747,2304.03,1933.62,2109.1,1614.69,1600.05,1580.97,
24.7502,2303.68,1933.55,2109.3,1614.96,1600.3,1581.22,
24.7543,2303.89,1933.55,2108.77,1614.79,1600.18,1581.17,
24.7604,2304.2,1933.9,2109.47,1614.85,1600.32,1581.2,
24.7635,2303.84,1933.62,2109,1614.86,1600.23,1581.21,
24.7697,2303.95,1933.74,2109.08,1614.82,1600.05,1581.04,
24.7728,2304.2,1933.84,2109.6,1614.65,1600.27,1581.38,
24.7789,2304.01,1933.98,2108.99,1614.55,1600.22,1581.13,
24.888,2303.94,1933.66,2108.97,1614.84,1600.03,1581.07,
24.8911,2304.18,1933.73,2109.29,1614.76,1600.12,1581.17,
24.8954,2303.7,1933.62,2109.21,1614.72,1600.14,1581.24,
24.9014,2304.03,1933.94,2109.19,1614.97,1600.05,1581.02,
24.9045,2304.22,1933.68,2109.07,1614.71,1600.07,1581.17,
24.9108,2303.95,1933.87,2109.04,1614.73,1600.26,1581.25,
24.9139,2304.18,1933.86,2109.12,1614.82,1600.09,1581.12,
24.9199,2304.01,1933.84,2109.15,1614.66,1600.26,1581.36,
24.9337,2304.64,1934.79,2108.48,1614.3,1600.53,1581.48,
24.937,2304.08,1934.62,2109.79,1614.04,1600.51,1581.26,
24.9454,2303.96,1933.71,2110.02,1614.29,1600.56,1581.17,
24.953,2303.75,1933.77,2109.28,1614.94,1600.05,1581.08,
24.9562,2303.71,1933.75,2109.35,1614.87,1600.09,1581.09,
24.9624,2303.84,1933.7,2109.15,1614.88,1600.08,1581.24,
24.9684,2303.94,1933.48,2109.28,1614.72,1600.3,1581.15,
24.9715,2303.88,1933.7,2109.36,1614.94,1600.07,1581.16,
24.976,2304.15,1933.71,2109.21,1614.55,1600.28,1581.1,
24.9791,2304.4,1933.65,2109.27,1614.85,1600.21,1581.24,
24.9844,2303.78,1933.54,2109.18,1614.94,1600.4,1581.23,
24.9904,2303.78,1933.68,2108.93,1614.81,1600.05,1581.01,
24.9935,2303.99,1933.98,2109.33,1614.8,1600.26,1581.16,
24.9997,2303.83,1933.78,2109.36,1614.82,1600.11,1581.22,
25.0059,2303.99,1933.56,2109.34,1614.95,1600.32,1581.15,
25.009,2303.66,1933.77,2109.3,1613.78,1600.25,1581.25,
25.0154,2304.45,1933.13,2109.32,1613.96,1600.21,1580.86,
25.02,2304.18,1933.78,2108.5,1615.38,1600.29,1581.21,
25.0233,2303.18,1934.12,2070.39,1615.04,1600.27,1580.96,
25.0307,2304.19,1933.62,2109,1614.83,1600.13,1581.42,
25.0369,2304.19,1933.83,2109.02,1614.57,1600.23,1581.08,
25.04,2303.78,1933.5,2109.16,1614.78,1600.2,1580.82,
25.0463,2304,1933.84,2109.02,1614.79,1600.06,1581.09,
25.0524,2304.02,1933.9,2109.09,1614.7,1600.07,1580.9,
25.0556,2303.89,1933.73,2109.18,1615.48,1600.23,1581.21,
25.061,2304.09,1933.03,2109.66,1614.09,1600.64,1581.13,
25.0666,2266.01,1934.38,2109.28,1614.77,1599.95,1581.27,
25.0698,2304.07,1933.86,2148.39,1614.78,1600.07,1581.4,
25.0759,2304.21,1933.46,2109.16,1614.84,1599.93,1580.85,
25.0791,2303.96,1934.04,2109.12,1614.7,1600.26,1580.96,
25.0853,2303.66,1933.3,2109.11,1614.79,1600.34,1581.1,
25.0914,2303.68,1933.62,2109.23,1614.48,1600.31,1581.06,
25.0946,2303.78,1933.48,2109.26,1614.87,1600.08,1580.97,
25.0998,2303.68,1933.63,2108.83,1614.73,1599.66,1581.85,
25.1072,2304.14,1934.33,2108.53,1614.22,1600.41,1581.27,
25.1104,2303.87,1933.95,2109.52,1614.82,1600.12,1581.08,
25.1164,2303.88,1933.62,2109.11,1614.82,1600.18,1578.43,
25.1226,2300.94,1931.94,2108.07,1614.22,1599.54,1580.88,
25.1258,2303.52,1933.57,2109.28,1614.85,1600.22,1581,
25.1319,2303.72,1933.68,2148.16,1614.69,1600.13,1581.23,
25.1363,2303.95,1933.8,2109.12,1614.76,1599.97,1580.92,
25.1394,2304.05,1933.6,2108.99,1614.89,1600.2,1581.31,
25.1454,2304.21,1933.81,2109.1,1614.93,1600.16,1581.06,
25.1485,2303.71,1933.53,2108.42,1615.39,1600.34,1581.31,
25.1551,2303.87,1933.64,2109.32,1614.7,1600.27,1581.19,
25.1613,2304.03,1933.72,2109.19,1614.78,1600.18,1581.08,
25.1644,2303.65,1933.89,2148.36,1614.69,1600.34,1581.03,
25.1704,2304.06,1933.77,2109.17,1614.82,1599.98,1581.3,
25.1767,2304.14,1933.6,2109.01,1614.91,1600.11,1581.01,
25.1798,2303.72,1933.53,2109.13,1614.9,1600.45,1581.03,
25.185,2304.16,1933.77,2109.13,1614.87,1599.94,1581.04,
25.1913,2303.94,1933.71,2109.32,1614.87,1600.13,1581.53,
25.1944,2303.23,1933.73,2070.4,1614.69,1600.28,1581.03,
25.1987,2303.63,1933.46,2108.88,1614.74,1599.94,1580.87,
25.2018,2304.23,1933.89,2109.56,1614.77,1600.23,1581.31,
25.2079,2303.69,1933.83,2109.33,1614.75,1597.69,1579.16,
25.2142,2302.12,1932.67,2108.33,1614.25,1600.01,1580.89,
25.2173,2303.91,1934.04,2109.46,1614.98,1600.31,1581.05,
25.2225,2303.84,1933.61,2109.15,1614.89,1600.21,1581.16,
25.2288,2304.28,1933.58,2109.3,1614.74,1600.2,1581.17,
25.2319,2303.88,1933.71,2109.18,1615.11,1600.21,1581.26,
25.2379,2304,1933.65,2108.64,1614.49,1600.18,1581,
25.2411,2304.32,1933.8,2109.13,1614.79,1600.27,1581.1,
25.2473,2304,1933.74,2109.04,1615.05,1600.33,1581.12,
25.2534,2304,1933.68,2109.23,1614.9,1600.27,1581.02,
25.2565,2303.88,1934.14,2108.96,1614.8,1600.16,1581.2,
25.2618,2303.67,1933.57,2109.32,1614.58,1600.21,1581.32,
25.2679,2304.1,1933.9,2109.09,1614.74,1600.11,1581.12,
25.271,2304.03,1933.69,2109.08,1614.76,1600.33,1581.01,
25.2773,2303.89,1933.65,2109.3,1614.67,1600.25,1581.46,
25.2834,2304.15,1934.16,2108.44,1615.56,1600.17,1581.32,
25.2867,2304.16,1933.94,2109.43,1614.95,1600.34,1581.26,
25.2949,2303.94,1933.31,2070.38,1614.88,1600.33,1580.97,
25.298,2300.39,1931.72,2107.66,1614.21,1599.61,1580.77,
25.3033,2303.54,1933.41,2108.86,1614.84,1600.2,1581.21,
25.3094,2304.04,1933.87,2109.12,1614.82,1600.15,1581.22,
25.3125,2303.85,1933.78,2109.31,1614.82,1600.29,1581.31,
25.3188,2304.07,1933.63,2109.02,1614.93,1600.27,1581.25,
25.3249,2304.05,1933.66,2148.41,1614.84,1600.29,1581.03,
25.328,2303.72,1933.58,2108.53,1614.35,1600.36,1580.79,
25.411,2304.27,1933.84,2109.09,1614.8,1600.32,1580.98,
25.4152,2304.16,1933.49,2109.19,1614.73,1600.17,1581.13,
25.4183,2303.86,1933.84,2070.44,1614.79,1600.28,1580.97,
25.4255,2303.79,1933.45,2109.12,1615.11,1600.24,1581.27,
25.4318,2303.99,1933.9,2109,1614.97,1600.2,1581.13,
25.4349,2304.05,1933.3,2109.35,1614.95,1600.34,1580.94,
25.4409,2304.03,1933.69,2109.17,1614.65,1600.07,1580.83,
25.4441,2304.06,1933.87,2109.11,1614.72,1600.07,1580.95,
25.5514,2304.14,1933.88,2109.35,1614.92,1600.31,1581.2,
25.5546,2303.95,1933.82,2109.19,1614.88,1600.07,1581.27,
25.5589,2303.89,1933.64,2109.23,1614.77,1600.19,1581.08,
25.562,2299.73,1931.44,2107.41,1613.85,1599.57,1580.58,
25.5683,2303.17,1933.29,2109.06,1614.91,1600.29,1581.11,
25.5744,2303.85,1933.79,2109.02,1614.69,1600.06,1580.97,
25.5776,2303.64,1934.03,2148.33,1614.61,1600.17,1580.96,
25.5838,2303.83,1933.49,2109.03,1614.92,1600.08,1581.33,
25.6472,2303.63,1933.93,2109.91,1614.37,1600.08,1581.41,
25.6504,2303.67,1934.24,2109.35,1614.58,1600.78,1582.02,
25.6589,2304.63,1934.16,2108.39,1615.13,1599.73,1581.49,
25.6635,2304.34,1933.99,2108.61,1614.9,1600.2,1581.2,
25.6668,2304.03,1933.89,2109.26,1615.01,1600.26,1581,
25.6729,2303.8,1933.88,2109.1,1614.78,1600.31,1581.26,
25.676,2304.17,1933.69,2109.22,1614.59,1600.23,1581.31,
25.6823,2303.86,1933.62,2109.12,1614.92,1600.38,1580.98,
25.6884,2304.12,1933.57,2107.54,1615.17,1599.85,1581.56,
25.6918,2304.24,1933.89,2108.99,1614.71,1600.24,1581.18,
25.6963,2303.79,1933.65,2109.17,1614.91,1600.27,1581.09,
25.7024,2304.22,1933.63,2109.26,1614.64,1600.19,1581.04,
25.7055,2303.68,1933.79,2109.12,1614.86,1600.07,1581.09,
25.7118,2304.06,1933.7,2148.32,1614.78,1600.05,1581.38,
25.7179,2304.14,1933.69,2108.98,1614.86,1599.93,1581.2,
25.721,2303.75,1933.53,2109.37,1614.75,1600.29,1581.25,
25.7273,2303.99,1933.89,2148.15,1614.59,1600.15,1581.55,
25.7325,2304.15,1933.6,2109.04,1614.7,1600.19,1581.05,
25.7357,2303.91,1933.48,2109.36,1615.04,1600.19,1581.05,
25.7429,2303.8,1933.87,2108.95,1614.54,1600.11,1581.23,
25.7461,2304.03,1933.69,2148.35,1614.97,1600.19,1581.18,
25.7523,2304.12,1933.66,2109.16,1614.88,1600.27,1581.25,
25.7584,2303.79,1933.81,2109.22,1614.73,1600.12,1580.97,
25.7615,2303.65,1934.04,2109.64,1614.76,1600.16,1581.01,
25.808,2304.02,1933.69,2109.02,1614.64,1600.14,1581.02,
25.8122,2303.83,1933.68,2109.28,1614.71,1600.11,1581.08,
25.8153,2303.89,1933.95,2109.31,1614.8,1600.26,1581.34,
25.8214,2304.07,1933.36,2109.24,1614.64,1600.17,1581.1,
25.8297,2342.47,1934.02,2108.32,1613.62,1600.3,1580.56,
25.833,2265.93,1934.03,2108.63,1614.3,1599.76,1581.58,
25.8376,2304.35,1934.25,2108.46,1615.25,1599.91,1581.48,
25.8422,2304.47,1934.03,2107.97,1615.27,1600.09,1580.94,
25.8454,2303.98,1933.92,2109.28,1614.91,1600.19,1581.11,
25.8506,2304.04,1933.71,2109.14,1614.97,1600.17,1581.17,
25.8569,2303.97,1933.9,2109.08,1614.69,1600.29,1580.84,
25.86,2303.89,1933.83,2105.29,1612.72,1598.7,1580.01,
25.8662,2302.71,1933.26,2108.65,1614.47,1600.01,1581.48,
25.8743,2303.95,1933.79,2109.21,1614.54,1600.06,1580.83,
25.8774,2304.02,1933.59,2109.17,1614.8,1600.1,1581.25,
25.8824,2303.94,1933.88,2109.18,1614.66,1600.19,1581.29,
25.8855,2304.02,1933.7,2148.4,1614.95,1600.13,1580.93,
25.8908,2303.6,1933.74,2109.14,1614.73,1600.21,1581.12,
25.8969,2304.05,1933.37,2108.92,1614.91,1600.15,1581.14,
25.9,2303.62,1933.7,2109.64,1614.93,1600.31,1581.13,
25.9063,2304.05,1933.45,2109.14,1614.79,1600.27,1581.43,
25.9124,2304.21,1933.69,2148.31,1614.68,1599.74,1581.58,
25.9156,2342.77,1933.82,2070.75,1614.63,1600.22,1581.24,
25.924,2304.25,1933.79,2108.5,1615.36,1600.25,1581.41,
25.9296,2304.28,1933.87,2148.29,1614.78,1600.15,1581.09,
25.9328,2303.99,1933.57,2109.27,1614.69,1600.3,1581.17,
25.938,2304.01,1933.85,2109.07,1614.6,1600.12,1581.14,
25.9443,2304.04,1934.04,2109.12,1614.57,1600.07,1581.13,
25.9474,2303.84,1933.88,2108.98,1614.86,1600.27,1581.36,
25.9534,2304.04,1933.81,2109.13,1614.95,1600.24,1581.01,
25.9565,2304.02,1934.53,2108.67,1614.28,1600.7,1580.73,
25.9641,2303.61,1934.27,2109.19,1614.9,1600.37,1581.12,
25.9694,2304.07,1933.81,2108.98,1614.77,1600.19,1581.27,
25.9725,2303.79,1934,2148.26,1614.82,1600.19,1581.21,
25.9778,2303.79,1933.47,2109.09,1614.96,1600.23,1581.31,
25.9839,2304.23,1933.71,2109.08,1614.85,1600.05,1581.16,
25.987,2303.8,1933.69,2109.45,1614.83,1600.33,1581.1,
25.9933,2303.86,1933.52,2108.95,1614.71,1600.29,1581.28,
25.9994,2304.03,1933.63,2109.23,1614.81,1600.3,1581.27,
26.0025,2303.82,1933.51,2109.36,1614.96,1600.27,1581.08,
26.009,2304,1933.68,2109.3,1614.83,1600.25,1581.1,
26.0143,2303.97,1933.61,2109.21,1614.75,1600.12,1581.02,
26.0174,2304.08,1933.73,2109.27,1614.87,1600.2,1581.16,
26.0234,2304.04,1933.69,2148.32,1614.64,1600.18,1580.97,
26.0266,2303.82,1933.86,2148.19,1614.85,1600.11,1581.04,
26.0328,2303.92,1933.58,2108.83,1614.69,1599.93,1581.34,
26.0389,2304.33,1933.8,2109.31,1614.9,1600.32,1581.15,
26.042,2303.89,1933.62,2109.52,1614.86,1600.05,1581.15,
26.0483,2303.63,1934.05,2148.25,1614.35,1600.04,1579.24,
26.0527,2301.74,1932.93,2107.67,1613.38,1600.01,1580.39,
26.056,2303.46,1933.98,2109.44,1614.77,1600.29,1581.19,
26.0643,2303.96,1933.46,2109.26,1614.77,1600.3,1581.37,
26.0704,2303.89,1933.89,2109.08,1614.82,1600.33,1581.16,
26.0735,2303.98,1933.88,2109.25,1614.97,1600.15,1581.13,
26.0797,2303.78,1933.59,2109.07,1614.81,1600.29,1581.2,
26.0828,2304.25,1933.88,2109.62,1614.97,1600.2,1581.22,
26.089,2303.58,1933.74,2109.08,1614.93,1600.43,1581.27,
26.0944,2342.94,1934.6,2108.53,1614.16,1600.42,1581.18,
26.0977,2342.78,1933.71,2109.28,1615.72,1600.47,1581.25,
26.106,2304.45,1933.61,2148.42,1614.9,1600.34,1581.35,
26.1113,2304.13,1933.9,2109.12,1614.76,1600.26,1581.03,
26.1144,2303.63,1933.67,2070.41,1614.75,1600.1,1581.39,
26.1204,2303.95,1933.83,2109.18,1614.7,1600.09,1578.48,
26.1266,2301.32,1932.08,2107.89,1614.2,1599.81,1580.89,
26.1298,2303.53,1933.39,2109.29,1614.75,1600.29,1581.26,
26.135,2303.98,1933.73,2109.25,1614.7,1600.2,1581,
26.1425,2304.09,1933.69,2109.09,1614.88,1600.22,1581.28,
26.1457,2303.96,1933.6,2109.33,1614.95,1600.29,1581.27,
26.1519,2304.02,1933.49,2109.07,1614.71,1600.25,1580.9,
26.155,2299.99,1931.26,2107.44,1613.88,1599.48,1580.7,
26.1612,2303.38,1933.44,2108.77,1614.83,1600.44,1581.3,
26.1674,2303.76,1934.03,2109.2,1614.82,1600.33,1581.24,
26.1705,2303.62,1933.94,2109.25,1614.91,1600.05,1581.22,
26.1758,2303.9,1933.46,2108.93,1614.79,1600.16,1581.19,
26.1819,2303.97,1933.64,2108.93,1614.93,1599.77,1581.53,
26.1851,2303.72,1934.26,2070.67,1613.97,1600.4,1581.51,
26.1934,2304.01,1933.87,2109.19,1614.81,1600.05,1581.26,
26.1987,2304.27,1933.45,2070.61,1614.86,1600.04,1580.97,
26.2018,2303.67,1933.73,2109.13,1614.87,1600.28,1581.06,
26.2079,2304.04,1933.68,2109.15,1614.78,1600.07,1581.22,
26.2111,2304.01,1933.69,2109.23,1614.81,1600.33,1581.17,
26.2164,2304.07,1933.74,2109.04,1614.85,1600.49,1581.17,
26.2224,2303.92,1933.89,2109.28,1614.94,1600.27,1581.15,
26.2255,2303.51,1930.32,2105.95,1612.97,1599.34,1580.4,
26.2318,2303.27,1933.5,2108.72,1614.62,1600.08,1581.18,
26.2379,2304.35,1933.69,2108.93,1614.8,1600.16,1580.83,
26.241,2303.83,1933.46,2148.35,1614.77,1600.08,1581.18,
26.2473,2303.82,1933.86,2109.21,1614.86,1600.04,1581.3,
26.2534,2304.05,1933.82,2109.21,1614.8,1600.12,1581.08,
26.2566,2303.53,1933.59,2109.03,1614.98,1600.28,1581.15,
26.2619,2303.97,1933.68,2109.08,1614.73,1600.3,1581.08,
26.2649,2304.32,1933.75,2109.2,1614.81,1600.04,1581.25,
26.271,2303.95,1933.65,2109.22,1614.75,1600.13,1581.34,
26.2792,2304.12,1933.84,2109.09,1614.78,1600.27,1580.89,
26.2823,2303.81,1933.99,2109.38,1614.84,1600.26,1581.15,
26.2874,2303.98,1933.75,2109.35,1614.97,1600.36,1581.38,
26.2935,2304.07,1933.76,2109.17,1614.69,1600.2,1580.82,
26.2966,2303.92,1933.64,2109.31,1614.72,1600.27,1581.14,
26.3019,2304.01,1933.63,2109.11,1614.83,1600.13,1581.01,
26.305,2304.11,1933.69,2109.11,1614.74,1600.29,1581.16,
26.3113,2304.04,1933.64,2109.02,1615.14,1600.34,1581.33,
26.3174,2303.78,1933.65,2109.17,1614.88,1600.01,1581,
26.3205,2303.92,1933.82,2109.53,1615.1,1600.08,1581.23,
26.3268,2303.98,1933.88,2109.18,1614.83,1600.08,1581.17,
26.333,2304.02,1933.72,2148.39,1614.78,1600.05,1580.69,
26.3361,2303.8,1933.48,2109.3,1614.9,1600.12,1580.89,
26.3414,2304.05,1933.67,2109,1614.79,1600.06,1581.42,
26.3474,2304.09,1933.82,2109.03,1614.66,1600.28,1581.04,
26.3505,2303.9,1933.73,2109.13,1615.11,1600.45,1581.26,
26.3567,2303.8,1933.74,2109.1,1614.79,1600.24,1581.1,
26.3598,2304.12,1933.85,2070.81,1613.94,1600.21,1581.19,
26.366,2304.21,1934.14,2108.24,1615.2,1600.49,1580.72,
26.3744,2304.35,1933.8,2148.41,1614.98,1600.06,1581.24,
26.3775,2304.01,1933.65,2109.29,1614.74,1600.05,1581.11,
26.3818,2304,1933.71,2109.12,1614.7,1600.07,1581.11,
26.3879,2304.28,1933.92,2109.52,1614.76,1600.24,1581.01,
26.391,2303.99,1933.41,2109.36,1615.13,1600.17,1581.06,
26.3973,2303.84,1933.62,2109.21,1614.68,1600.15,1581.36,
26.4034,2303.72,1933.63,2109.01,1614.73,1600.33,1581.18,
26.4065,2304.03,1933.3,2108.96,1614.14,1600.43,1581.3,
26.4528,2303.89,1933.71,2108.86,1615.43,1599.91,1581.38,
26.4602,2304.25,1933.91,2108.74,1614.27,1600.55,1580.9,
26.4635,2343.48,1934.16,2108.81,1614.26,1600.45,1581.05,
26.4702,2303.56,1934.45,2108.53,1614.88,1600.29,1581.42,
26.4784,2304.11,1933.63,2109.31,1614.92,1600.1,1581.2,
26.4814,2303.76,1933.83,2148.37,1614.81,1600.19,1581.09,
26.4864,2304.01,1933.54,2109.01,1614.8,1600.07,1578.42,
26.4927,2301.15,1932.13,2107.7,1614.17,1599.68,1580.81,
26.4958,2303.61,1933.3,2109.41,1614.85,1600.21,1581.23,
26.5039,2303.95,1933.84,2070.34,1614.78,1600.17,1581.42,
26.507,2300.38,1931.75,2107.53,1614.04,1599.69,1580.56,
26.5122,2303.54,1933.5,2108.7,1614.87,1600.24,1581.36,
26.5184,2303.97,1933.62,2109.13,1614.65,1600.18,1581.11,
26.5216,2303.83,1933.71,2109.37,1614.73,1600.17,1581.11,
26.5278,2303.91,1933.72,2109.02,1614.59,1600.1,1581.26,
26.5339,2303.98,1933.83,2109.36,1614.66,1600.13,1581.13,
26.537,2303.75,1933.7,2109.25,1614.72,1600.07,1581,
26.5423,2303.74,1933.43,2109.05,1615.4,1600.03,1580.84,
26.5503,2303.94,1933.81,2108.94,1614.74,1600.02,1580.87,
26.5534,2303.96,1933.52,2108.95,1614.8,1600.33,1581.36,
26.5576,2304,1933.7,2108.95,1614.81,1600.01,1581.08,
26.5608,2304.08,1933.8,2109.11,1614.94,1600.25,1581.09,
26.5669,2303.84,1933.6,2108.8,1614.67,1600.23,1580.87,
26.5732,2303.81,1933.75,2109.16,1614.8,1600.06,1580.97,
26.5764,2304.11,1934.04,2109.31,1614.72,1600.1,1580.99,
26.5815,2303.61,1933.71,2148.34,1614.53,1600.04,1580.97,
26.5878,2304.22,1933.75,2109.15,1614.73,1600.07,1581.17,
26.591,2303.8,1934.21,2108.97,1614.92,1600.61,1581.45,
26.5964,2304.21,1933.45,2070.61,1613.9,1600.39,1581.34,
26.6041,2304.19,1933.89,2109.36,1614.9,1600.11,1581.1,
26.6073,2303.83,1933.98,2109.68,1614.91,1600.09,1581.14,
26.6134,2304.07,1933.82,2109.18,1614.79,1600.14,1578.37,
26.6197,2301.31,1931.98,2108.01,1614.24,1599.86,1580.92,
26.6228,2303.45,1933.35,2109.15,1614.92,1600.06,1581.21,
26.628,2303.87,1933.67,2109.23,1614.83,1600.07,1581.26,
26.6362,2304.07,1933.77,2109.2,1614.83,1600.24,1581.2,
26.6393,2304.1,1933.71,2109.02,1614.68,1600.45,1581.21,
26.6454,2304.24,1933.62,2109.3,1614.87,1600.3,1581.15,
26.6485,2304.21,1933.97,2109.09,1614.69,1600.05,1580.83,
26.6547,2303.67,1933.48,2109.07,1614.8,1600.09,1581.22,
26.6609,2303.99,1933.69,2109.12,1614.72,1600.19,1581.07,
26.6641,2303.82,1933.67,2148.4,1614.7,1600.18,1581.25,
26.6694,2304.04,1933.89,2109.46,1614.66,1600.1,1581.46,
26.6754,2304.25,1934.01,2109.22,1614.69,1600.15,1581.41,
26.6785,2303.85,1933.86,2109.62,1614.98,1600.31,1581.24,
26.6867,2303.65,1933.64,2108.99,1614.54,1600.29,1581.07,
26.6898,2303.93,1933.78,2148.34,1614.71,1600.34,1581.07,
26.6949,2304.08,1933.5,2109.16,1614.61,1597.64,1579.24,
26.7012,2302.05,1932.59,2108.56,1614.12,1599.95,1580.84,
26.7043,2303.38,1934,2109.35,1614.94,1600.22,1581.08,
26.7095,2303.95,1933.64,2108.94,1614.73,1600.23,1581.34,
26.7157,2303.77,1933.78,2109.12,1614.88,1600.33,1581.14,
26.7188,2303.78,1933.49,2109.26,1615.01,1600.72,1580.41,
26.725,2303.91,1933.56,2109.06,1614.79,1600.13,1581.05,
26.7312,2304.24,1933.75,2148.3,1614.92,1600.04,1581.25,
26.7343,2304.02,1933.65,2108.94,1614.9,1600.27,1580.97,
26.7404,2304.06,1933.66,2109.02,1614.67,1600.11,1581,
26.7436,2303.98,1933.92,2109.14,1614.72,1600.06,1581.09,
26.7489,2303.65,1933.55,2109.33,1614.81,1600.09,1581.22,
26.7549,2304.12,1933.65,2109.38,1614.72,1600.11,1581.05,
26.758,2303.65,1933.74,2109.37,1614.95,1600.05,1581.22,
26.7643,2304.11,1933.53,2109.32,1614.59,1600.06,1581.79,
26.7714,2303.74,1934.6,2108.91,1614.32,1600.08,1581.01,
26.7748,2304.34,1934.28,2148.36,1615.05,1600.33,1581.05,
26.7822,2303.81,1933.68,2109.08,1614.55,1600.04,1581.41,
26.7875,2304.09,1933.74,2108.94,1614.85,1600.04,1580.97,
26.7906,2303.63,1933.63,2070.4,1614.8,1600.23,1581.16,
26.7969,2304.06,1933.66,2109.19,1614.72,1600.09,1581.05,
26.7999,2299.87,1931.53,2107.55,1613.9,1599.72,1580.65,
26.8062,2303.62,1933.33,2108.84,1614.82,1600.39,1581.07,
26.8124,2304.15,1933.66,2109.02,1613.67,1600.17,1580.93,
26.8156,2342.15,1934.1,2109.09,1614.88,1600.15,1581.31,
26.8978,2303.62,1933.45,2109.2,1614.54,1600.14,1581.13,
26.9019,2303.88,1933.48,2109.16,1614.76,1600.51,1580.65,
26.905,2303.66,1934.67,2070.73,1614.3,1600.13,1581.35,
26.9105,2303.6,1934.7,2108.34,1614.98,1599.91,1581.82,
26.9183,2265.93,1933.97,2108.38,1615.59,1600.08,1578.42,
26.9249,2301.82,1932.46,2107.96,1614.27,1599.88,1580.69,
26.928,2303.67,1933.42,2148.41,1614.93,1600.08,1581.12,
26.9343,2304.04,1933.66,2109.26,1614.76,1600.24,1581.16,
26.9404,2303.78,1934.02,2109.16,1614.76,1600.09,1581.06,
26.9436,2303.86,1933.51,2109.13,1614.91,1600.06,1581.24,
26.9489,2304.58,1933.27,2108.77,1614.73,1600.05,1581.08,
26.9521,2303.98,1933.72,2109.11,1614.81,1600.17,1581.18,
26.9583,2303.68,1933.59,2108.87,1614.9,1600.35,1581.15,
26.9644,2304.08,1933.75,2109.13,1614.81,1600.04,1581.11,
26.9675,2303.84,1933.84,2148.32,1614.57,1600.31,1581.01,
26.9737,2303.88,1933.7,2109.42,1614.77,1600.09,1581.11,
26.98,2303.86,1933.5,2108.89,1614.67,1600.23,1580.99,
26.9832,2303.67,1933.5,2109.34,1614.78,1600.34,1581.28,
26.9884,2303.98,1933.76,2148.28,1614.72,1599.92,1578.37,
26.9946,2301.55,1931.61,2107.77,1613.99,1599.59,1580.67,
26.9979,2303.71,1933.53,2109.02,1614.87,1600.29,1580.96,
27.0022,2304.07,1933.75,2109.29,1614.8,1600.23,1581.19,
27.0084,2304.13,1933.71,2109.2,1614.74,1600.27,1581.08,
27.0115,2304.05,1933.46,2109.27,1614.82,1600.3,1581.06,
27.0177,2304.07,1933.68,2109.47,1614.9,1600.2,1581.16,
27.0208,2304.19,1933.9,2109.35,1614.69,1600.21,1581.06,
27.0261,2303.81,1933.48,2109.03,1614.58,1600.24,1581.08,
27.0323,2303.69,1933.73,2148.22,1614.7,1600.14,1581.1,
27.0354,2303.92,1934.67,2147.89,1614.73,1600.16,1581.05,
27.0414,2304.05,1933.52,2108.97,1614.58,1600.15,1581.38,
27.0477,2303.82,1933.65,2109.2,1614.72,1599.95,1581.03,
27.0508,2303.6,1933.73,2108.99,1614.84,1600.26,1581.21,
27.1338,2303.82,1933.62,2109.32,1614.69,1599.98,1581.18,
27.1379,2304.17,1933.68,2109.09,1614.74,1600.12,1581.01,
27.141,2303.56,1933.72,2109.41,1614.93,1600.27,1581.29,
27.1472,2303.88,1933.63,2109.36,1614.81,1600.19,1581.4,
27.1534,2303.8,1933.62,2109.38,1614.69,1600.18,1581.15,
27.1565,2303.87,1933.59,2108.78,1614.83,1600.28,1581.11,
27.1627,2304.07,1933.67,2109.28,1614.96,1600.05,1580.85,
27.1658,2303.95,1933.76,2148.37,1614.98,1600.1,1581.11,
27.267,2305.13,1933.48,2148.29,1614.8,1600.25,1581.07,
27.2702,2303.9,1934.05,2109.28,1614.73,1600.2,1580.92,
27.2744,2303.82,1933.88,2109.33,1614.64,1600.05,1581.51,
27.2804,2303.97,1933.83,2109.07,1615.06,1600.18,1581.24,
27.2835,2303.56,1933.83,2109.04,1615.18,1600.11,1581.12,
27.2898,2303.91,1933.54,2109.01,1614.78,1600.17,1580.96,
27.2929,2304.48,1933.69,2109.04,1614.77,1600.14,1581.04,
27.2989,2303.54,1933.52,2109.06,1614.69,1597.56,1579.11,
27.4087,2342.83,1934.17,2108.49,1614,1600.2,1580.66,
27.412,2304.9,1934.66,2070.34,1614.72,1600.22,1580.97,
27.4195,2303.88,1933.89,2108.97,1614.93,1600.15,1581.4,
27.4258,2303.64,1933.7,2109.28,1614.76,1600.26,1581.11,
27.4288,2303.66,1933.85,2108.99,1614.97,1600.27,1581.27,
27.4349,2303.79,1933.78,2109.34,1614.69,1600.19,1580.93,
27.438,2303.94,1933.49,2108.78,1615.03,1600.31,1581.08,
27.4443,2304.88,1933.9,2108.49,1613.75,1599,1580.58,
27.4488,2303.45,1933.19,2109.66,1613.85,1600.53,1581.15,
27.4565,2303.92,1933.88,2109.21,1614.79,1600.09,1581.18,
27.4597,2303.86,1933.65,2109.14,1614.88,1600.11,1581.14,
27.4659,2303.96,1933.86,2109.03,1614.85,1600.22,1581.25,
27.469,2303.97,1933.81,2148.25,1614.68,1600.32,1581.16,
27.4753,2303.93,1933.98,2109.18,1614.97,1600.26,1581.19,
27.4814,2303.47,1933.88,2109.06,1614.73,1600.06,1581.04,
27.4845,2303.7,1930.33,2106.53,1613.2,1599.16,1580.49,
27.4909,2303.51,1933.38,2108.91,1614.62,1600.1,1581.19,
27.496,2303.94,1933.84,2109.05,1614.55,1600.24,1580.99,
27.4992,2303.64,1934.21,2109.26,1614.59,1600.09,1580.98,
27.5054,2304.01,1933.66,2109.07,1614.92,1600.25,1581.26,
27.5114,2304.15,1933.95,2148.33,1614.68,1600.26,1580.97,
27.5145,2303.64,1933.52,2109.12,1614.98,1600.32,1581.13,
27.5207,2304.05,1933.89,2108.93,1614.83,1600.21,1580.93,
27.5238,2304.35,1933.83,2109.34,1614.75,1600.29,1581.01,
27.5299,2303.84,1933.56,2108.99,1614.81,1600.24,1580.71,
27.5363,2304.08,1934.61,2108.34,1614.32,1600.5,1581.08,
27.5397,2343.4,1933.86,2109.26,1614.82,1600.09,1581.23,
27.5441,2303.8,1933.5,2109.19,1614.95,1600.46,1581.23,
27.5504,2303.98,1933.85,2109.17,1614.86,1600.25,1581.16,
27.5535,2303.82,1930.33,2106.74,1613.35,1599.22,1580.61,
27.5597,2303.27,1933.34,2108.91,1614.62,1600.01,1581.22,
27.5659,2304.18,1933.66,2108.98,1614.97,1600.07,1581.11,
27.6466,2303.47,1933.44,2109.16,1614.97,1600.04,1580.98,
27.6508,2303.77,1933.51,2108.9,1614.83,1600.18,1581.26,
27.6569,2304.19,1933.91,2109.09,1614.75,1600.04,1580.99,
27.66,2303.92,1933.61,2148.31,1614.93,1600.22,1580.98,
27.6663,2304.21,1933.59,2108.8,1614.75,1600.3,1581.47,
27.6744,2304.26,1933.25,2108.55,1615.45,1600.26,1581.33,
27.6777,2303.65,1933.57,2109.37,1615.03,1600.24,1581.26,
27.6829,2303.97,1933.8,2109.11,1614.6,1600.12,1581.08,
27.7284,2304.12,1933.77,2148.41,1614.53,1600.07,1581.02,
27.7316,2303.78,1933.43,2109.09,1614.97,1600.15,1581.21,
27.7358,2303.87,1933.83,2109.13,1614.76,1600.07,1581.38,
27.7389,2304.16,1933.8,2109.23,1614.78,1600.28,1581.14,
27.7449,2304,1933.73,2108.97,1614.56,1600.14,1581.02,
27.7512,2304.13,1933.82,2109.04,1614.68,1600.24,1581.08,
27.7543,2303.56,1933.88,2109.37,1615.31,1599.82,1580.87,
27.7606,2305.05,1933.97,2108.61,1613.65,1600.33,1581.42,
27.7652,2304.19,1933.97,2109.08,1614.8,1600.32,1581.04,
27.7683,2304.09,1934,2109.66,1614.99,1600.32,1581.09,
27.7736,2303.86,1933.52,2109.21,1614.63,1600.33,1581.41,
27.7798,2304.03,1933.68,2109.21,1614.71,1600.16,1581.21,
27.7829,2303.96,1933.72,2109.08,1615.12,1600.4,1581.19,
27.7889,2304.21,1933.75,2108.98,1614.77,1599.97,1581.09,
27.7921,2303.94,1933.69,2109.33,1614.99,1600.41,1581.07,
27.7983,2303.91,1933.42,2109.1,1614.79,1600.15,1581.68,
27.8045,2303.65,1934.66,2109.01,1614.37,1600.26,1580.98,
27.8078,2303.68,1934.18,2108.72,1614.41,1599.89,1581.65,
27.8144,2304,1934.43,2108.19,1614.61,1599.9,1580.94,
27.819,2303.08,1933.82,2108.6,1614.68,1600.24,1581.3,
27.8235,2304.29,1933.9,2109.16,1615,1600.16,1581.07,
27.8267,2303.47,1933.66,2109.24,1614.97,1600.33,1581.18,
27.8329,2303.87,1933.79,2109.18,1614.72,1600.07,1581.1,
27.836,2303.85,1933.72,2109.1,1614.67,1600.09,1581.02,
27.8423,2303.99,1933.62,2108.93,1614.95,1600.32,1580.91,
27.8475,2304.01,1933.76,2109.14,1614.16,1600.5,1580.98,
27.8507,2343.52,1933.95,2109.34,1614.71,1600.27,1581.15,
27.8588,2303.8,1933.75,2109.06,1614.55,1600.12,1581.32,
27.8649,2304.06,1933.7,2109.13,1614.92,1600.04,1581.09,
27.868,2303.71,1933.37,2109.11,1614.84,1600.04,1581.18,
27.8743,2304.06,1933.6,2109.05,1614.75,1600.14,1581.19,
27.8804,2304.09,1933.95,2109.32,1614.73,1600.16,1580.95,
27.924,2304.25,1933.62,2070.41,1614.84,1600.3,1581.24,
27.9283,2303.92,1933.69,2108.97,1614.65,1600.26,1581.27,
27.9344,2304.23,1934.01,2109.21,1614.72,1600.23,1581.05,
27.9375,2303.61,1933.85,2108.92,1614.51,1600.09,1580.8,
27.9429,2343.45,1933.49,2070.81,1614.14,1600.33,1581.08,
27.9475,2304.09,1933.63,2109.3,1614.63,1600.12,1580.99,
27.9507,2303.8,1933.7,2070.4,1614.95,1600.07,1581.13,
27.9569,2304.07,1933.74,2108.79,1614.58,1600.18,1581.11,
27.96,2304.17,1933.86,2108.96,1614.86,1600.16,1581.07,
27.9653,2303.96,1933.57,2109.04,1614.84,1600.44,1581.32,
27.9714,2304.22,1933.72,2109.23,1614.78,1600.3,1581.02,
27.9745,2303.49,1933.8,2109.15,1614.68,1600.12,1581.01,
27.9807,2303.7,1933.85,2148.32,1614.92,1600.54,1581.3,
27.987,2343.03,1933.92,2108.68,1613.76,1600.5,1580.99,
27.9903,2342.6,1933.91,2148.41,1614.87,1600.23,1581.2,
27.9969,2303.84,1933.83,2109.33,1614.78,1600.12,1581.29,
28.0029,2303.72,1933.7,2109.02,1614.94,1600.04,1580.99,
28.0061,2303.9,1933.93,2109.49,1614.56,1600.26,1581.22,
28.0114,2303.82,1933.98,2109.13,1614.92,1600.18,1581.25,
28.0174,2303.99,1933.99,2109.02,1614.71,1600.1,1580.69,
28.0205,2303.87,1933.59,2108.99,1614.74,1600.3,1581.33,
28.0268,2303.95,1933.49,2109.11,1614.69,1599.92,1581.8,
28.0299,2304.33,1933.15,2109.94,1614.31,1600.07,1581.23,
28.0352,2304.09,1933.55,2109.09,1614.57,1600.43,1581.1,
28.0396,2304.21,1933.64,2109.06,1615.04,1600.06,1581.21,
28.0428,2304.12,1933.9,2109.1,1614.62,1600.13,1581.01,
28.0481,2303.88,1933.45,2109.2,1614.75,1600.37,1581.03,
28.0543,2303.89,1933.92,2109.18,1614.82,1600.14,1581.1,
28.0574,2303.89,1933.69,2108.95,1614.84,1600.11,1581.14,
28.0634,2303.99,1933.57,2108.98,1614.6,1600.05,1581.15,
28.0697,2303.89,1933.86,2109.25,1614.65,1600.11,1581.18,
28.0728,2303.75,1933.71,2109.3,1614.89,1600.21,1580.96,
28.197,2304.22,1933.86,2109.1,1614.77,1600.3,1581.18,
28.2012,2303.64,1933.45,2108.75,1614.81,1599.91,1580.87,
28.2043,2303.83,1934.05,2109.39,1614.91,1600.12,1581.23,
28.2105,2304.34,1933.5,2108.82,1614.89,1600.17,1581.36,
28.2168,2303.72,1933.74,2108.99,1614.64,1600.08,1581,
28.2199,2303.95,1933.53,2109.06,1614.84,1600.07,1580.93,
28.2259,2303.8,1933.4,2108.97,1614.65,1600.16,1581.09,
28.229,2304.22,1933.58,2148.43,1614.7,1600.18,1581.26,
28.2959,2303.92,1933.62,2109.23,1614.83,1600.18,1581.18,
28.2991,2304.28,1933.97,2109.26,1614.77,1600.31,1581.21,
28.3054,2304.05,1933.72,2109.16,1614.8,1600.08,1581.39,
28.3114,2304.05,1933.78,2109.26,1614.55,1600.3,1580.99,
28.3146,2303.84,1933.64,2109.07,1615.05,1600.04,1581.36,
28.3208,2304.21,1933.7,2109.02,1614.69,1600.18,1581.18,
28.3239,2304.12,1933.85,2109.22,1614.74,1600.06,1581.08,
28.3299,2303.83,1933.6,2109.26,1614.8,1600.27,1581,
28.4395,2304.37,1933.9,2148.19,1615.05,1599.89,1581.82,
28.4428,2304.1,1933.87,2108.9,1615.26,1600.77,1580.77,
28.4483,2304.16,1933.89,2148.37,1614.67,1600.05,1581.2,
28.4526,2304.08,1933.64,2109.34,1614.81,1600.08,1581.16,
28.4557,2303.87,1933.77,2109.2,1614.84,1600.33,1581.03,
28.4619,2303.81,1933.47,2109.08,1615.03,1600.06,1581.03,
28.465,2304.31,1933.71,2109.21,1614.81,1600.33,1581.09,
28.4713,2303.66,1933.5,2109.1,1614.89,1600.3,1581.41,
28.4774,2304.06,1933.73,2109.21,1614.14,1600.27,1580.86,
28.4807,2343.67,1933.58,2070.45,1614.65,1600.2,1581.39,
28.4863,2303.44,1933.89,2071.14,1614.57,1600.2,1581.24,
28.4916,2303.78,1933.46,2109.03,1614.84,1600.01,1581.09,
28.4948,2304.16,1933.8,2109.25,1614.97,1600.1,1581.22,
28.5009,2303.86,1933.36,2109.11,1614.69,1597.67,1579.39,
28.5071,2301.95,1932.65,2108.6,1614.39,1599.75,1580.76,
28.5103,2303.71,1934.01,2070.36,1614.89,1600.19,1580.91,
28.5164,2304.1,1933.5,2109.26,1614.67,1600.06,1581.36,
28.5217,2304.19,1933.87,2109.1,1614.82,1600.05,1581.44,
28.5249,2305.44,1933.82,2148.36,1614.97,1600.12,1581.11,
28.5314,2303.8,1933.65,2109.15,1614.91,1600.2,1581.28,
28.5374,2304.29,1933.86,2109.44,1614.89,1600.07,1581.22,
28.5405,2304.04,1933.54,2109.05,1614.91,1600.23,1581.04,
28.5467,2304.01,1933.51,2109.04,1614.73,1599.95,1581.25,
28.5498,2304.08,1933.81,2108.81,1614.89,1600.24,1580.85,
28.5559,2303.79,1933.65,2109.11,1614.72,1600.12,1581.03,
28.5613,2304.02,1933.67,2109.21,1614.54,1600.29,1580.99,
28.5644,2303.62,1933.98,2070.42,1615.18,1600.24,1581.18,
28.5705,2303.79,1933.73,2109.08,1614.72,1600.07,1581.33,
28.5767,2303.89,1933.83,2148.38,1614.58,1600.34,1581.12,
28.5798,2304.09,1933.4,2148.29,1614.97,1600.36,1581.25,
28.5859,2304.17,1933.57,2109.2,1614.69,1599.96,1580.84,
28.589,2304.1,1933.45,2109.14,1614.73,1600.2,1581.21,
28.5953,2303.98,1933.5,2109.02,1614.92,1600.44,1581.08,
28.6005,2303.65,1933.65,2109.17,1614.66,1600.05,1580.98,
28.6037,2304.11,1933.88,2109.35,1614.84,1600.21,1581.36,
28.6099,2303.9,1933.74,2109.17,1614.56,1600.31,1581.18,
28.616,2303.98,1934.36,2108.3,1615.55,1600.64,1581.33,
28.6194,2304.31,1934.22,2108.43,1614.86,1600.29,1581.07,
28.627,2303.68,1933.88,2109.15,1614.55,1600.2,1581.34,
28.6314,2304.01,1933.33,2109.08,1614.75,1600.05,1581.23,
28.6346,2303.83,1933.87,2108.96,1614.77,1600.12,1581,
28.6399,2304.01,1933.6,2109.12,1614.91,1600.17,1581.54,
28.6459,2304.21,1933.55,2109.16,1614.6,1600.32,1581.05,
28.649,2303.92,1933.53,2148.38,1614.88,1600.32,1580.99,
28.6553,2303.88,1934,2109.06,1614.64,1600.06,1581.59,
28.6633,2304.59,1933.66,2070.45,1614.94,1600.27,1580.92,
28.6664,2304.08,1933.47,2109.04,1614.74,1600.43,1581.19,
28.6717,2304.38,1933.66,2109.22,1614.42,1600.03,1581.2,
28.6749,2304.36,1933.84,2108.97,1614.84,1600.15,1581.07,
28.68,2304.14,1933.77,2108.96,1614.98,1600.4,1581.14,
28.6862,2303.91,1933.48,2109.3,1614.74,1600.11,1581.1,
28.6893,2304.02,1933.6,2109.28,1614.75,1600.16,1581.08,
28.6954,2304.03,1933.69,2108.87,1614.6,1600.29,1578.33,
28.7016,2301,1931.96,2108.28,1614.29,1599.53,1581.26,
28.7049,2303.77,1933.8,2070.53,1614.49,1600.2,1581.07,
28.7125,2303.95,1933.52,2109.17,1614.72,1600.07,1581.38,
28.7599,2303.87,1933.31,2109.14,1614.56,1600.1,1581.22,
28.7631,2303.85,1933.66,2108.92,1614.77,1600.05,1581.14,
28.7673,2303.72,1933.48,2109.2,1614.77,1600.15,1581.4,
28.7734,2303.81,1933.84,2109.08,1614.7,1600.06,1581.21,
28.7764,2303.87,1933.74,2108.97,1612.2,1598.06,1579.77,
28.7827,2302.82,1932.9,2108.55,1614.25,1600.03,1581.1,
28.7858,2304.14,1933.66,2070.42,1614.75,1600.11,1580.99,
28.7919,2303.87,1933.55,2108.99,1614.65,1599.89,1581.12,
28.8768,2303.89,1933.73,2109.01,1614.81,1599.96,1581.24,
28.8799,2303.83,1933.74,2108.83,1614.75,1600.14,1581.07,
28.8839,2303.36,1933.94,2108.15,1615.14,1600.31,1580.7,
28.8886,2303.49,1933.65,2070.78,1615.35,1600.05,1581.26,
28.8919,2300.79,1931.03,2106.46,1613.43,1599.58,1580.63,
28.8986,2302.62,1934.19,2070.87,1614.37,1599.99,1581.1,
28.9032,2303.8,1933.64,2109.13,1614.93,1600.22,1581.28,
28.9094,2304.1,1933.8,2109.27,1614.78,1600.26,1581.16,
28.9125,2303.64,1933.7,2109.28,1614.74,1600.27,1581,
28.9179,2304.16,1933.5,2109.12,1614.98,1600.07,1580.95,
28.9209,2299.62,1931.02,2107.38,1613.69,1599.36,1580.59,
28.9272,2303.34,1933.4,2108.82,1615.71,1600.28,1581.29,
28.9338,2304.15,1934.18,2109.33,1614.57,1600.05,1581.02,
28.9369,2304.15,1933.82,2109.13,1614.72,1600.12,1580.98,
28.9429,2303.58,1933.52,2109,1614.82,1600.33,1581.08,
28.9492,2304.05,1933.78,2109.25,1614.91,1600.19,1581.07,
28.9523,2303.56,1934.03,2070.32,1614.82,1600.07,1581.17,
28.9576,2304.22,1933.56,2109.11,1614.57,1600.21,1581.25,
28.9638,2304.12,1933.77,2108.99,1614.71,1600.21,1581.12,
28.9669,2304.03,1933.78,2109.24,1614.75,1600.14,1580.98,
28.9729,2304.02,1933.83,2109.92,1613.7,1600.17,1581.1,
28.976,2303.91,1933.48,2109.04,1614.65,1600.09,1581.27,
28.9804,2303.54,1933.5,2108.97,1614.92,1600.24,1581.29,
28.9867,2303.88,1933.56,2108.87,1615.11,1600.05,1580.85,
28.9899,2304.23,1933.69,2109.48,1614.88,1600.12,1580.98,
28.995,2303.76,1933.52,2148.34,1614.82,1600.2,1581.05,
29.0012,2303.95,1933.47,2109.12,1614.56,1600.15,1581.21,
29.0043,2303.59,1934.04,2109.13,1614.9,1600.12,1581.14,
29.0104,2303.89,1933.64,2109.08,1614.45,1600.1,1581.25,
29.0167,2304.11,1933.9,2109,1614.67,1599.8,1581.13,
29.0199,2304.41,1933.87,2105.45,1612.56,1598.78,1580.14,
29.0272,2302.9,1933,2108.84,1614.52,1600.03,1581.35,
29.0334,2304.48,1933.84,2109.25,1614.56,1600.04,1581.05,
29.0366,2303.84,1933.82,2108.91,1614.95,1600.22,1581.2,
29.0419,2304.02,1933.51,2109.19,1614.96,1600.29,1580.84,
29.045,2299.92,1931.38,2107.27,1613.66,1599.5,1580.57,
29.0513,2303.6,1933.41,2108.82,1614.79,1600.09,1581.01,
29.0574,2303.91,1933.77,2109.16,1614.69,1600.27,1581.15,
29.0605,2303.78,1932.88,2109.2,1613.97,1600.35,1581.3,
29.0688,2304.31,1933.92,2147.38,1614.03,1600.15,1581,
29.0771,2303.86,1933.6,2109.28,1614.72,1600.29,1581.02,
29.0803,2303.92,1933.81,2109.36,1614.98,1600.06,1581.08,
29.0845,2303.85,1933.73,2109.13,1614.81,1600.34,1581.07,
29.0907,2304.21,1933.6,2109,1614.6,1600.21,1581.03,
29.0938,2303.68,1933.64,2109.1,1614.76,1600.29,1581.08,
29.0999,2303.72,1933.67,2109.34,1614.73,1600.09,1581.24,
29.103,2304.01,1933.67,2070.38,1614.97,1600.16,1580.73,
29.1093,2304.45,1933.61,2148.27,1614.93,1600.34,1581.1,
29.1933,2303.7,1933.56,2109.19,1614.9,1600.14,1581.21,
29.1974,2304.08,1933.48,2109.07,1615.36,1599.59,1581.35,
29.2006,2303.89,1933.6,2108.94,1614.92,1600.09,1581.06,
29.2068,2303.98,1933.52,2108.9,1614.83,1600.06,1580.87,
29.2099,2304.33,1933.75,2109.46,1614.87,1600.3,1580.95,
29.2159,2304.11,1933.62,2109.3,1614.69,1600.04,1580.97,
29.2219,2304.1,1933.34,2109.3,1614.78,1600.37,1581.22,
29.225,2303.92,1933.41,2148.39,1614.78,1600.1,1581.16,
29.3319,2304.14,1933.67,2108.98,1614.67,1599.79,1581.15,
29.3351,2303.56,1933.58,2109.13,1614.72,1600.29,1580.94,
29.3393,2304.06,1933.51,2109.35,1614.54,1600.17,1581.12,
29.3454,2304.5,1933.81,2109.09,1614.74,1600.1,1581.07,
29.3485,2303.86,1933.57,2109.08,1614.82,1600.4,1581.04,
29.3547,2303.68,1933.72,2108.95,1614.61,1600.22,1581.1,
29.3578,2303.96,1933.84,2109.11,1614.89,1599.95,1581.18,
29.3639,2303.84,1933.58,2109.2,1614.79,1597.62,1579.18,
29.4654,2304.22,1933.33,2109.1,1614.81,1600.19,1580.94,
29.4686,2303.5,1933.9,2109.12,1614.85,1600.33,1581.14,
29.4729,2303.87,1933.7,2109.09,1614.63,1600.26,1580.97,
29.476,2304.01,1933.71,2109.03,1614.77,1600.04,1581.06,
29.4823,2304.05,1933.47,2109.15,1614.85,1600.21,1581.23,
29.4884,2303.96,1934.01,2108.86,1614.71,1600.22,1581.03,
29.4915,2303.8,1933.71,2070.41,1614.77,1600.26,1581.03,
29.4978,2303.88,1933.52,2108.8,1614.79,1600.13,1581.29,
29.5212,2265.71,1933.85,2108.46,1614.42,1600.07,1581.19,
29.5245,2304.06,1934.29,2108.49,1614.54,1600.55,1581.27,
29.5328,2304.03,1933.88,2108.93,1614.68,1600.32,1581.14,
29.5359,2304.24,1933.89,2109.24,1614.74,1600.09,1580.99,
29.5409,2304.01,1933.64,2109.07,1614.77,1600.2,1581.12,
29.5472,2303.98,1933.89,2148.36,1614.9,1600.04,1580.95,
29.5503,2303.76,1933.89,2070.32,1614.74,1600.22,1581.34,
29.5564,2303.78,1933.77,2109.23,1614.7,1600.13,1578.59,
29.5627,2301.15,1932.99,2107.32,1613.9,1600.25,1580.33,
29.566,2304.68,1933.7,2108.45,1615.11,1600.17,1581.24,
29.5744,2304.22,1933.98,2109.01,1614.53,1600.48,1578.7,
29.5796,2301.52,1932.22,2108.3,1614.13,1599.78,1580.76,
29.5827,2303.52,1933.42,2109.3,1614.9,1600.27,1581.32,
29.5889,2304.15,1933.43,2109.2,1614.92,1600.22,1581.34,
29.592,2303.89,1933.78,2109.14,1614.88,1600.26,1581.02,
29.5982,2303.81,1933.85,2109.22,1614.73,1600.13,1581.59,
29.6045,2304.17,1933.68,2109.09,1614.69,1600.13,1581.2,
29.6077,2303.81,1933.63,2148.24,1614.83,1600.24,1581.01,
29.6131,2304.35,1933.61,2109.08,1614.9,1600.48,1581.2,
29.6194,2303.83,1933.84,2109.07,1614.8,1600.32,1581.21,
29.6224,2303.7,1930.24,2106.55,1613.41,1599.43,1580.45,
29.6287,2303.44,1932.99,2109,1614.65,1600.1,1581.04,
29.6349,2303.95,1933.73,2109.01,1614.62,1600.05,1581.06,
29.638,2303.83,1933.47,2109.14,1614.94,1600.19,1581.21,
29.6443,2303.92,1933.63,2148.42,1614.55,1600.16,1581.72,
29.6495,2304.19,1933.49,2109.03,1614.77,1600.31,1581.1,
29.6527,2303.79,1933.47,2109.43,1614.85,1600.15,1581.23,
29.6589,2304.19,1933.66,2109.04,1614.55,1600.29,1581.26,
29.662,2303.83,1933.87,2109.21,1614.81,1600.2,1580.94,
29.6683,2303.79,1933.45,2109.15,1614.84,1600.31,1581.1,
29.6744,2304.21,1933.49,2109.04,1614.7,1600.18,1581.06,
29.6776,2303.99,1934.01,2109.01,1614.86,1600.26,1581.24,
29.6838,2303.81,1933.74,2108.82,1614.72,1600.08,1581.3,
29.689,2304.49,1933.87,2109.36,1614.71,1600.14,1581.15,
29.6922,2303.84,1934.85,2108.82,1614.32,1600.64,1581.06,
29.6975,2342.74,1933.66,2109.26,1614.82,1600.07,1581.17,
29.7038,2304.17,1933.64,2109.11,1614.78,1600.3,1581.1,
29.7069,2303.98,1933.49,2109.24,1614.89,1600.19,1581.01,
29.7129,2304.09,1933.81,2109.36,1614.88,1600.19,1580.81,
29.716,2303.92,1933.93,2109.13,1614.73,1600.33,1581.1,
29.7605,2303.89,1933.62,2108.81,1614.95,1600.2,1581.38,
29.7647,2303.86,1933.59,2109.08,1614.74,1600.04,1581.21,
29.7678,2304.2,1933.83,2109.37,1614.9,1600.21,1580.98,
29.7739,2304,1933.45,2108.97,1614.97,1600.18,1581.21,
29.7802,2303.81,1933.68,2109.26,1614.78,1600.28,1581.03,
29.7833,2303.64,1933.92,2107.92,1613.88,1600.48,1581.07,
29.7897,2304.56,1933.68,2108.34,1614.76,1600.28,1581.29,
29.7978,2304.35,1933.63,2109.2,1614.84,1600.26,1581.09,
29.8009,2303.79,1933.3,2109.11,1614.7,1600.31,1581.15,
29.8063,2303.91,1933.35,2108.8,1614.81,1600.06,1581.3,
29.8124,2304,1933.83,2109.14,1614.87,1600.16,1581,
29.8154,2303.88,1933.37,2070.32,1614.71,1600.3,1580.91,
29.8217,2303.85,1933.45,2109.02,1614.82,1600.13,1581.06,
29.8248,2303.96,1933.66,2070.5,1614.49,1600.29,1581.06,
29.831,2303.91,1933.52,2109.3,1614.7,1600.28,1581.41,
29.8354,2303.91,1933.65,2109.07,1614.88,1600.24,1581.13,
29.9184,2304.03,1934.46,2108.04,1614.72,1600,1581.01,
29.9216,2303.87,1933.71,2108.95,1614.7,1599.99,1580.97,
29.9258,2303.91,1933.79,2109.03,1614.83,1600.05,1580.96,
29.9289,2304.08,1933.69,2109.17,1614.89,1600.27,1580.99,
29.9349,2303.81,1933.56,2109.07,1614.69,1600.26,1581.18,
29.9412,2304.11,1933.84,2109.06,1614.83,1600.26,1581,
29.9443,2303.92,1933.86,2109.1,1614.71,1600.39,1581.19,
29.9504,2304.17,1933.61,2109.3,1614.6,1599.9,1581.06,
30.0656,2304.35,1933.72,2109.17,1614.74,1600.26,1581.19,
30.0688,2304.1,1933.6,2109.37,1614.99,1600.32,1580.96,
30.074,2303.73,1933.73,2109.1,1614.57,1600.24,1581.13,
30.0803,2304.08,1933.73,2108.91,1614.83,1600.04,1581.11,
30.0834,2303.74,1933.78,2109.02,1614.88,1600.42,1581.23,
30.0894,2303.93,1933.72,2109.23,1614.76,1600.11,1581.15,
30.0925,2303.8,1933.72,2109.22,1614.73,1600.35,1581.29,
30.0987,2303.52,1934.02,2148.21,1614.93,1600.15,1581.31,
30.1828,2303.92,1933.7,2109.09,1614.71,1600.07,1581.18,
30.1859,2303.95,1933.56,2108.91,1614.58,1600.23,1580.85,
30.19,2265.75,1933.91,2108.34,1615.35,1600.26,1581.19,
30.1984,2304.27,1933.41,2109.32,1613.67,1600.41,1581.11,
30.2018,2304.76,1933.99,2108.9,1613.73,1600.26,1580.54,
30.2073,2343.69,1933.71,2108.32,1611.92,1598.33,1579.65,
30.2149,2302.85,1932.74,2108.61,1614.32,1600,1581.05,
30.218,2303.72,1933.6,2109.19,1614.8,1600.05,1581.06,
30.2243,2303.81,1933.52,2108.95,1614.56,1600.44,1581.04,
30.2295,2304.02,1933.69,2109.14,1614.72,1600.16,1580.84,
30.2327,2304.23,1933.8,2147.72,1614.01,1600.59,1581.23,
30.2403,2304.03,1933.68,2109.18,1614.98,1600.33,1581.17,
30.2464,2303.97,1933.86,2108.97,1614.78,1600.28,1580.69,
30.2495,2303.93,1933.79,2108.94,1614.9,1600.12,1581.06,
30.2558,2303.74,1933.69,2108.97,1614.47,1600.08,1581.12,
30.2619,2304.18,1933.65,2109.12,1614.7,1600.24,1581.11,
30.265,2304.11,1933.4,2109.44,1614.94,1600.26,1581.25,
30.2703,2303.93,1933.31,2148.4,1614.93,1600.08,1581.07,
30.2764,2304.16,1933.99,2108.83,1614.74,1600.08,1581.38,
30.2795,2303.53,1933.87,2108.42,1614.79,1600.41,1581.06,
30.286,2303.9,1933.61,2109.2,1614.79,1600.12,1581.03,
30.2922,2303.98,1933.61,2109.2,1614.94,1600.28,1580.99,
30.2953,2303.82,1933.41,2109.25,1614.8,1600.06,1581.26,
30.3014,2303.83,1933.46,2109.2,1614.82,1600.17,1581.2,
30.3045,2304.2,1933.79,2109.26,1614.77,1600.05,1581.2,
30.3098,2303.78,1933.7,2108.67,1614.81,1600.15,1581.06,
30.3159,2303.91,1933.6,2108.81,1614.55,1600.2,1581.09,
30.319,2303.76,1933.48,2109.19,1613.96,1600.33,1581.32,
30.3254,2304.02,1933.86,2107.96,1615.32,1600.27,1581.32,
30.332,2303.87,1934.36,2108.32,1615.49,1600.35,1581.06,
30.3353,2304.05,1933.99,2109.32,1614.66,1600.29,1580.97,
30.3414,2303.78,1933.45,2109.11,1614.42,1599.99,1581.22,
30.3477,2304.19,1933.74,2070.39,1614.76,1600.13,1581.09,
30.3508,2304.03,1933.78,2109.28,1614.98,1600.31,1581.03,
30.356,2303.79,1933.69,2109.05,1614.53,1600.17,1580.91,
30.3622,2304,1933.52,2109.14,1614.65,1600.32,1581.36,
30.3653,2303.84,1933.62,2109.02,1614.78,1600.33,1581.19,
30.3733,2303.84,1933.67,2109.12,1614.75,1600.31,1581.1,
30.3764,2303.94,1933.69,2109.05,1614.9,1600.23,1581.09,
30.3814,2303.73,1933.37,2109.03,1614.69,1600.06,1581.04,
30.3877,2303.99,1933.5,2109.28,1614.64,1600.16,1580.98,
30.3908,2303.77,1933.68,2070.45,1614.86,1600.15,1581.17,
30.396,2303.94,1933.39,2109.29,1614.82,1600.14,1581.38,
30.4023,2304.18,1933.84,2109.08,1614.59,1600.07,1581.08,
30.4054,2303.84,1933.55,2109.06,1614.97,1600.33,1581.07,
30.4114,2303.97,1933.82,2109.12,1614.54,1600.01,1580.99,
30.4146,2303.9,1933.84,2108.95,1614.96,1600.25,1581.07,
30.4218,2303.75,1933.66,2109.02,1614.99,1600.22,1581.36,
30.4279,2304.17,1933.7,2109.13,1614.69,1600.26,1581.19,
30.431,2303.76,1933.5,2109.33,1614.68,1600.16,1581.03,
30.4363,2303.85,1933.45,2108.79,1614.74,1600.32,1581.15,
30.4424,2304.27,1933.7,2109.19,1614.73,1600.25,1581.42,
30.4455,2303.67,1933.5,2109.2,1614.81,1600.13,1581.13,
30.4517,2303.9,1933.98,2109.05,1614.6,1600.04,1580.78,
30.4548,2304.2,1933.87,2108.59,1615.55,1600.23,1581.24,
30.461,2303.76,1934.42,2107.85,1614.36,1600.07,1581.88,
30.4667,2265.64,1934.02,2108.6,1614.78,1599.89,1580.94,
30.47,2303.61,1933.81,2108.74,1615.65,1600.14,1581.05,
30.4777,2304.04,1933.8,2109.17,1614.63,1600.28,1581.2,
30.4821,2303.97,1933.52,2108.91,1614.85,1600.18,1581.36,
30.4883,2303.98,1933.58,2109.31,1614.81,1600.26,1581.09,
30.4914,2303.9,1933.28,2108.86,1614.94,1600.12,1581.16,
30.4977,2303.84,1933.72,2109.2,1614.78,1600.05,1581.22,
30.5008,2304.31,1934,2108.88,1614.43,1600.21,1580.91,
30.5072,2303.68,1934.7,2108.5,1614.23,1600.54,1581.21,
30.5148,2303.86,1933.66,2109.1,1614.7,1600.37,1581.19,
30.5179,2299.86,1931.49,2106.97,1613.91,1599.7,1580.54,
30.5242,2303.43,1933.17,2109.18,1614.78,1600.28,1581,
30.5304,2303.92,1933.83,2109.22,1614.69,1600.1,1581.08,
30.5335,2303.68,1933.6,2109.15,1614.84,1599.91,1581.06,
30.5397,2304.19,1933.72,2109.02,1614.7,1600.13,1581.42,
30.5459,2303.96,1933.31,2109.13,1614.8,1600.34,1581.17,
30.549,2303.58,1933.64,2108.95,1614.76,1600.04,1581.02,
30.5534,2303.75,1933.65,2109,1614.74,1600.09,1578.48,
30.5596,2301.3,1932.18,2107.71,1614.11,1599.57,1580.8,
30.5627,2303.64,1933.3,2109.27,1614.73,1600.25,1581.05,
30.5689,2304.07,1933.58,2109.33,1614.85,1600.28,1581.09,
30.572,2304.2,1933.48,2108.98,1614.55,1600.31,1580.98,
30.5782,2303.87,1933.51,2109.05,1614.91,1600.19,1581.25,
30.5844,2304.18,1933.69,2109.19,1614.62,1599.78,1581.2,
30.5875,2303.8,1933.75,2108.99,1614.75,1600.25,1581.04,
30.5928,2303.6,1933.67,2108.6,1615.42,1600.19,1581.12,
30.5989,2304.31,1933.65,2109.33,1614.56,1600.04,1580.91,
30.602,2303.52,1933.71,2109.28,1614.86,1600.26,1581.18,
30.6082,2303.97,1933.53,2108.94,1614.88,1600.18,1581.28,
30.6144,2303.96,1933.78,2109.14,1614.75,1600.14,1580.99,
30.6175,2303.85,1933.47,2108.81,1614.78,1600.32,1581.17,
30.6237,2303.76,1933.69,2108.98,1614.74,1600.17,1580.97,
30.6268,2303.97,1933.8,2109.17,1614.57,1600.08,1581.26,
30.632,2303.81,1933.66,2109.14,1614.49,1600.28,1581.21,
30.6383,2304.1,1933.5,2070.59,1614.83,1600.34,1581.34,
30.6416,2304.14,1933.89,2109.24,1614.58,1600.3,1581.02,
30.6498,2303.77,1933.53,2108.67,1614.83,1600.11,1581.32,
30.6549,2303.78,1933.5,2109.21,1614.71,1600.33,1581.09,
30.658,2303.67,1933.46,2109.11,1614.74,1600.08,1581.24,
30.6642,2303.83,1933.63,2109.21,1614.64,1600.18,1581.38,
30.6704,2303.93,1933.69,2109,1614.76,1600.05,1581.17,
30.6736,2303.85,1933.74,2109.2,1614.92,1600.26,1581.01,
30.6789,2303.87,1933.53,2109.19,1614.63,1600.34,1581.14,
30.682,2303.58,1934.68,2108.53,1614.25,1599.91,1581.69,
30.6885,2303.82,1934.58,2108.52,1614.24,1600.48,1581.25,
30.6969,2304.35,1933.7,2109.48,1613.91,1600.22,1580.96,
30.7001,2304,1933.83,2108.93,1614.81,1600.04,1581.13,
30.7053,2303.96,1933.63,2109.1,1614.95,1600.23,1580.99,
30.7114,2303.95,1933.52,2108.82,1614.8,1600.46,1580.86,
30.7146,2304.13,1933.69,2109.34,1614.76,1600.33,1581.13,
30.7199,2303.62,1933.68,2108.86,1614.65,1600.08,1581.08,
30.7259,2304.17,1933.75,2109.23,1614.75,1600.3,1580.71,
30.729,2304.03,1934.04,2148.23,1614.75,1600.11,1581.11,
30.7366,2303.92,1933.63,2108.9,1614.8,1600.22,1581.26,
30.7429,2304.03,1933.77,2109.27,1614.69,1600.04,1581.11,
30.7459,2303.92,1933.63,2109.39,1614.83,1600.24,1581.23,
30.7522,2303.81,1933.7,2108.97,1614.56,1600.18,1581.2,
30.7575,2303.92,1933.54,2109.22,1614.82,1600.18,1581.19,
30.7606,2303.75,1933.68,2109.2,1614.87,1600.27,1581.05,
30.7668,2304.16,1933.69,2109.36,1614.7,1600.11,1581.12,
30.7699,2299.96,1931.19,2106.91,1613.82,1599.65,1580.51,
30.7762,2303.49,1933.45,2109.01,1614.91,1600.19,1581.17,
30.7824,2303.89,1933.72,2109.12,1614.53,1600.04,1581.13,
30.7855,2303.92,1933.95,2109.11,1614.75,1600.12,1581.15,
30.7918,2303.93,1933.56,2109.12,1614.86,1600.11,1580.99,
30.797,2303.75,1933.68,2109.31,1614.77,1600.09,1581.01,
30.8001,2303.64,1934.03,2109.43,1614.88,1600.27,1581.18,
30.8063,2303.78,1933.73,2108.79,1614.91,1600.12,1581.33,
30.8124,2304.13,1933.8,2109.04,1614.78,1600.27,1581.27,
30.8154,2303.91,1933.55,2109.19,1614.59,1600.23,1581.04,
30.8237,2303.14,1933.72,2108.7,1615.29,1600.09,1581.17,
30.827,2304.71,1933.74,2109.25,1614.7,1600.31,1581.13,
30.8724,2303.7,1933.66,2109.22,1613.04,1599.08,1580.09,
30.8766,2303.08,1933.22,2108.49,1614.4,1599.81,1581.11,
30.8798,2304.2,1933.75,2108.96,1614.73,1600.05,1581.02,
30.8859,2303.8,1933.41,2109.1,1614.49,1600.17,1580.94,
30.8922,2304.13,1933.73,2109.07,1614.75,1600.29,1581.08,
30.8953,2303.93,1934.09,2148.38,1614.72,1600.3,1581.24,
30.9014,2303.85,1933.96,2109.1,1614.61,1600.08,1578.58,
30.9076,2301.1,1931.8,2107.89,1613.67,1599.69,1581.48,
30.9928,2304.06,1933.64,2109.28,1614.91,1600.09,1581.04,
30.9969,2303.96,1933.67,2109.06,1614.67,1600.69,1581.44,
31.0052,2304.1,1933.6,2109.17,1614.91,1600.14,1581.11,
31.0083,2303.89,1934.04,2108.97,1614.73,1600.04,1581.24,
31.0134,2303.91,1933.63,2109.07,1614.7,1600.25,1578.46,
31.0196,2301.05,1932.12,2107.91,1614.09,1599.81,1580.82,
31.0227,2303.6,1933.57,2109.28,1614.97,1600.14,1581.15,
31.0289,2303.78,1933.45,2108.92,1614.85,1599.97,1580.88,
31.032,2304.35,1933.7,2108.83,1614.85,1600.18,1581.03,
31.0373,2304.08,1933.51,2108.93,1614.94,1600.33,1581.25,
31.0434,2304.1,1934.47,2146.85,1614.82,1600.3,1581.01,
31.0467,2304,1933.6,2148.28,1615.39,1600.44,1581.17,
31.0533,2304.11,1933.82,2108.58,1611.45,1598.39,1579.69,
31.061,2302.46,1933.71,2108.13,1613.93,1600.22,1581.36,
31.0674,2304.04,1933.54,2109.09,1614.94,1600.06,1581.1,
31.0705,2303.97,1933.38,2108.93,1614.92,1600.16,1581.25,
31.0767,2303.92,1933.61,2109.19,1614.7,1600.32,1581.16,
31.0798,2304.13,1933.65,2109.29,1614.6,1600.15,1580.85,
31.085,2303.84,1933.65,2109.16,1614.84,1600.4,1581.14,
31.0932,2304.05,1933.82,2109.14,1614.69,1600.23,1581.14,
31.0963,2303.84,1933.84,2109.43,1614.95,1600.29,1581.09,
31.1014,2303.92,1933.85,2109.11,1614.69,1600.09,1578.51,
31.1076,2300.91,1932.14,2107.87,1614.3,1599.7,1580.7,
31.1108,2303.72,1933.57,2109.31,1614.86,1600.15,1581.18,
31.1169,2303.67,1933.58,2108.99,1614.81,1600.06,1580.9,
31.1223,2303.64,1933.62,2109.16,1614.99,1600.08,1580.82,
31.1254,2303.9,1933.84,2109,1614.68,1600.22,1581.04,
31.1314,2304.21,1933.37,2109.12,1614.57,1600.05,1580.62,
31.1346,2343.64,1933.7,2109.34,1614.75,1600.07,1581.26,
31.1408,2303.95,1933.64,2109.13,1614.81,1600.14,1581.01,
31.1469,2304.05,1933.71,2109.2,1614.53,1600.04,1581.06,
31.15,2303.72,1933.47,2109.11,1614.81,1600.07,1580.95,
31.1563,2303.95,1933.83,2109.14,1614.54,1600.14,1581.24,
31.1614,2303.77,1933.85,2108.97,1614.99,1600.24,1580.98,
31.1646,2304.05,1933.71,2108.97,1614.81,1600.36,1581.27,
31.1708,2304.12,1933.5,2109.2,1614.71,1600.25,1581.15,
31.1739,2304.05,1933.79,2109.07,1614.75,1600.34,1581.54,
31.18,2265.85,1933.76,2108.42,1615.05,1600.15,1582.01,
31.1866,2304.18,1933.87,2108.44,1615.32,1599.74,1580.81,
31.1899,2299.82,1931.12,2107.26,1613.67,1599.5,1580.55,
31.1974,2303.56,1933.51,2108.8,1614.91,1600.25,1581.24,
31.2025,2303.64,1933.45,2109.03,1614.67,1600.17,1581.12,
31.2057,2304.32,1933.79,2108.98,1614.93,1600.19,1581.13,
31.2119,2303.62,1933.46,2109.31,1614.71,1600.1,1581.25,
31.2179,2304.22,1933.65,2109.31,1614.6,1600.28,1581.18,
31.221,2303.74,1933.29,2108.53,1614.69,1600.27,1580.88,
31.2283,2303.86,1933.73,2148.27,1614.82,1600.06,1581.42,
31.2344,2304.05,1933.89,2109.14,1614.76,1600.11,1581.25,
31.2375,2303.73,1933.58,2109.12,1614.63,1600.12,1581.13,
31.2438,2303.48,1933.46,2109.07,1614.63,1600.07,1580.96,
31.2469,2303.98,1934.03,2109.09,1614.72,1600.11,1581.06,
31.2529,2303.39,1933.55,2108.87,1614.59,1600.32,1581.26,
31.2592,2304.03,1933.89,2108.87,1614.65,1600.3,1580.98,
31.2623,2303.63,1934.04,2109.14,1614.79,1600.43,1581.22,
31.2684,2304.04,1934.4,2147.19,1613.86,1600.26,1581.37,
31.2767,2303.89,1933.62,2108.99,1614.9,1600.1,1580.95,
31.2798,2303.71,1933.74,2109.1,1614.95,1600.11,1581.09,
31.285,2303.63,1933.32,2109.03,1614.56,1600.45,1581.17,
31.2913,2303.94,1933.65,2109.35,1614.7,1600.24,1581.05,
31.2944,2303.84,1933.67,2109.01,1614.87,1600.43,1581.17,
31.3004,2304,1933.66,2109.25,1614.76,1600.08,1581.23,
31.3035,2303.62,1930.09,2106.6,1613.44,1599.31,1580.26,
31.3097,2303.12,1933.22,2109.06,1614.38,1600.15,1581.1,
31.316,2304.26,1933.66,2108.45,1615.22,1600.29,1581.15,
31.3194,2303.95,1932.48,2107.32,1614.56,1599.67,1580.72,
31.324,2303.74,1933.82,2108.2,1614.45,1600.56,1580.7,
31.3324,2303.39,1934.35,2108.29,1614.91,1600.07,1581.08,
31.3356,2303.91,1933.61,2109.31,1614.82,1600.08,1581.07,
31.3408,2303.42,1933.62,2109,1614.53,1600.11,1581.27,
31.3469,2304.04,1933.8,2109.04,1614.6,1600.2,1581.11,
31.3499,2303.62,1933.44,2109.12,1614.89,1600.21,1581.05,
31.3562,2303.78,1933.75,2109.1,1614.64,1600.27,1581.27,
31.3636,2303.97,1933.88,2108.92,1614.69,1600.08,1581.02,
31.3668,2303.72,1933.57,2109.16,1614.86,1600.27,1581.11,
31.372,2303.67,1933.51,2108.79,1614.93,1600.15,1580.89,
31.3783,2303.92,1933.74,2109.19,1614.65,1600.28,1581.03,
31.3814,2303.77,1933.68,2108.95,1614.72,1600.08,1581.16,
31.3874,2303.67,1933.93,2108.98,1614.71,1600.08,1581.02,
31.3905,2304,1933.63,2108.96,1614.78,1600.13,1580.9,
31.3967,2303.92,1933.57,2108.99,1614.79,1600.05,1581.2,
31.4029,2303.91,1933.64,2109.96,1613.66,1600.47,1581.16,
31.4061,2303.78,1933.67,2148.3,1614.75,1600.11,1581.02,
31.4114,2304.21,1933.49,2109.01,1614.79,1600.17,1581.21,
31.4177,2303.68,1933.76,2148.31,1614.7,1600.15,1580.98,
31.4208,2303.53,1933.5,2109.32,1614.88,1600.27,1580.91,
31.4269,2304.22,1933.51,2109.11,1614.49,1600.05,1581.06,
31.43,2303.82,1933.68,2109.38,1614.75,1600.04,1581.17,
31.4362,2303.82,1933.7,2108.96,1614.63,1600.28,1581.02,
31.4424,2303.79,1933.44,2108.85,1614.63,1600.11,1580.93,
31.4456,2303.98,1933.86,2108.57,1615.05,1600.01,1580.83,
31.451,2303.03,1933.63,2109.49,1614.09,1600.47,1581.07,
31.4577,2303.29,1934.32,2147.29,1614.19,1600.08,1581.06,
31.461,2304.51,1934,2109.35,1614.84,1600.16,1581.13,
31.4685,2303.62,1933.55,2109,1614.78,1600.33,1580.88,
31.4747,2303.95,1933.48,2108.69,1614.62,1599.95,1581.07,
31.4778,2304.15,1933.75,2109.05,1614.96,1600.2,1581.02,
31.4839,2303.74,1933.5,2108.77,1614.75,1600.26,1581.14,
31.4893,2303.71,1933.53,2108.97,1614.59,1600.15,1581.05,
31.4924,2304,1933.88,2109.54,1614.26,1600.44,1581.31,
31.4988,2304.17,1933.14,2070.75,1614.68,1597.71,1579.37,
31.5051,2301.96,1932.33,2108.12,1614.32,1599.86,1581.08,
31.5083,2303.61,1933.86,2109.2,1614.8,1600.04,1581.18,
31.5144,2303.76,1933.61,2109.36,1614.75,1599.96,1578.5,
31.5206,2301.27,1932.1,2108.05,1614.14,1599.49,1580.93,
31.5238,2303.56,1933.48,2109.11,1614.79,1600.07,1580.99,
31.529,2304.05,1933.69,2109.19,1614.73,1600.08,1581.01,
31.5352,2304,1933.64,2109.17,1614.8,1600.04,1581.25,
31.5383,2303.82,1933.76,2070.64,1614.74,1600.22,1581.06,
31.5436,2303.97,1933.71,2109.09,1614.8,1600.18,1581.03,
31.5467,2304.11,1933.82,2109.11,1614.61,1600.07,1581.41,
31.5529,2303.97,1933.41,2109.18,1614.64,1597.71,1579.33,
31.5591,2302.08,1932.75,2108.56,1614.22,1599.76,1580.85,
31.5623,2303.65,1933.85,2109.29,1614.67,1600.14,1580.89,
31.5675,2303.67,1933.45,2109.03,1614.79,1600.15,1581.05,
31.5737,2304.36,1933.71,2148.3,1614.66,1600.08,1580.89,
31.5768,2303.95,1933.72,2109.27,1614.81,1600.37,1581.1,
31.5829,2303.68,1933.66,2070.85,1613.66,1600.28,1581.15,
31.5882,2304.18,1933.54,2109.19,1614.4,1600.19,1580.89,
31.5913,2304.06,1933.58,2108.94,1614.96,1600.26,1580.82,
31.5974,2303.83,1933.71,2109.05,1614.99,1600.25,1581.04,
31.6005,2303.64,1933.67,2070.46,1614.96,1600.3,1580.97,
31.6058,2303.69,1933.72,2108.84,1614.59,1600.25,1581.22,
31.6119,2304.04,1933.47,2070.31,1614.8,1600.3,1581.09,
31.6149,2303.87,1933.65,2109.43,1614.96,1600.27,1581.05,
31.6212,2303.81,1933.88,2109.14,1614.51,1600.1,1581.35,
31.6274,2303.67,1933.76,2109.17,1615.03,1599.84,1582.01,
31.6306,2304.33,1933.76,2109.28,1614.88,1600.31,1581.12,
31.6388,2303.81,1933.71,2109.04,1614.74,1600.29,1581.1,
31.6419,2300,1931.84,2107.26,1613.77,1599.5,1580.72,
31.6473,2303.44,1933.32,2108.98,1614.88,1600.19,1581.08,
31.6534,2303.91,1933.71,2108.96,1614.79,1600.1,1581.04,
31.6564,2303.9,1930.33,2106.77,1613.34,1599.24,1580.39,
31.6627,2303.39,1933.37,2108.95,1614.39,1600.17,1581.02,
31.6689,2303.93,1933.98,2070.36,1614.71,1600.24,1581.05,
31.672,2303.97,1933.57,2108.04,1615.2,1600.15,1581.07,
31.6774,2303.61,1933.81,2070.68,1614.38,1600.05,1581.13,
31.685,2303.94,1933.49,2109.23,1614.72,1600.25,1581.02,
31.6881,2303.91,1933.8,2109.08,1614.86,1600.2,1581.08,
31.6934,2303.98,1933.39,2108.77,1614.64,1600.13,1581.15,
31.6997,2304.03,1933.89,2109.05,1614.7,1600.49,1580.93,
31.7028,2303.85,1933.68,2070.35,1614.84,1600.34,1581.19,
31.7089,2303.8,1933.71,2109,1614.82,1600.11,1581.06,
31.712,2303.89,1933.64,2109.32,1614.69,1600.22,1581.23,
31.7183,2304.05,1933.65,2109.19,1614.84,1600.36,1581.21,
31.7637,2303.88,1933.87,2108.6,1613.89,1600.37,1580.78,
31.7682,2304.29,1933.9,2109.36,1614.76,1600.15,1580.97,
31.7714,2303.85,1933.29,2108.91,1614.79,1600.2,1581.26,
31.7756,2303.79,1933.44,2108.93,1614.63,1600.01,1581.08,
31.7788,2304.03,1933.96,2109.23,1614.72,1600.04,1581.08,
31.7849,2304.23,1933.86,2109.17,1614.72,1597.48,1579.24,
31.7911,2302.13,1932.48,2108.6,1614.41,1600.01,1580.61,
31.7943,2303.52,1933.76,2108.96,1614.92,1600.21,1581.02,
31.8779,2303.71,1933.57,2109.1,1614.72,1600.23,1581.13,
31.8822,2303.93,1933.68,2109.01,1614.76,1600.33,1581.02,
31.8853,2303.87,1933.88,2148.34,1614.99,1600.43,1581.06,
31.8914,2303.92,1933.52,2109.01,1614.83,1600.11,1581.33,
31.8974,2304.35,1933.79,2109.1,1615.25,1599.88,1581.55,
31.9006,2304.06,1933.87,2109.64,1614.41,1600.47,1580.59,
31.9083,2343.49,1933.49,2070.32,1614.3,1599.93,1581.09,
31.9149,2304.42,1933.38,2070.39,1614.47,1600.25,1581.17,
31.9183,2303.11,1934.3,2108.59,1614.31,1599.92,1581.1,
31.9228,2304.27,1934.07,2108.18,1614.08,1600.23,1581.09,
31.9304,2303.95,1933.66,2109.1,1614.76,1600.08,1581.2,
31.9334,2303.63,1933.82,2109.11,1614.75,1600.27,1581.05,
31.9397,2303.82,1933.67,2109.15,1614.72,1600.09,1581.25,
31.9459,2304.16,1933.7,2109.18,1614.72,1600.17,1581.07,
31.949,2303.9,1933.45,2109.5,1614.97,1600.21,1581.01,
31.9553,2303.75,1933.56,2109.06,1614.83,1600.27,1581.19,
31.9614,2304.33,1933.46,2109.04,1614.58,1600.16,1581.17,
31.9646,2304.02,1933.68,2109.15,1614.91,1600.1,1581.23,
31.9699,2303.93,1933.72,2070.35,1614.75,1600.06,1581.2,
31.973,2304.33,1933.72,2109.19,1614.76,1600.17,1581.19,
31.9792,2303.78,1933.41,2109.07,1614.82,1600.19,1581.21,
31.9854,2304.02,1933.89,2109.22,1614.63,1600.32,1581.2,
31.9884,2303.7,1930.65,2107.02,1613.47,1599.39,1580.49,
31.9937,2303.51,1933.17,2108.84,1614.62,1600.12,1581.27,
31.9999,2304.04,1933.56,2109.16,1614.84,1600.26,1581.11,
32.003,2304.03,1933.32,2148.3,1615.06,1600.28,1581.01,
32.0083,2303.73,1933.66,2109.15,1614.74,1600.08,1581.26,
32.0143,2304.1,1933.72,2108.93,1615.03,1600.3,1580.99,
32.0174,2304.1,1933.58,2109.11,1614.97,1600.24,1580.84,
32.0237,2304.03,1933.65,2109.33,1614.57,1600.29,1580.78,
32.0268,2304.67,1933.98,2109.18,1614.73,1600.22,1581.11,
32.0329,2303.87,1933.71,2148.35,1613.75,1600.2,1581.01,
32.0784,2303.99,1934.35,2108,1613.9,1600.32,1581.24,
32.0816,2303.97,1933.63,2109.19,1614.9,1600.06,1581.05,
32.0858,2304.17,1933.9,2109.12,1614.81,1600.1,1581.19,
32.0919,2303.91,1933.7,2109.21,1614.69,1600.16,1581.01,
32.095,2303.77,1933.57,2109.34,1614.54,1600.27,1580.99,
32.1013,2304.09,1933.53,2108.98,1614.78,1600.11,1581.48,
32.1074,2304.15,1933.86,2109.08,1614.69,1600.14,1581.04,
32.1104,2304.18,1933.58,2108.86,1614.72,1600.06,1580.99,
32.1689,2343.03,1933.13,2109.18,1614.62,1600.05,1580.83,
32.1721,2303.85,1933.69,2109.32,1614.74,1600.18,1581.13,
32.1763,2303.68,1933.68,2109.18,1614.55,1600.31,1581.42,
32.1824,2304.17,1933.73,2109.15,1614.57,1600.35,1581.08,
32.1855,2303.43,1933.74,2108.97,1614.82,1600.3,1581.12,
32.1917,2304.01,1933.74,2148.21,1614.64,1600.12,1581.14,
32.1948,2304.3,1933.82,2109.03,1614.78,1600.07,1581.08,
32.2009,2303.7,1933.6,2108.82,1614.62,1600.32,1581.23,
32.2624,2304.3,1933.86,2109.56,1614.47,1600.5,1581.75,
32.2658,2304.45,1933.64,2105.1,1612.57,1598.67,1580.2,
32.2741,2302.96,1933.21,2108.52,1614.62,1600.07,1581.19,
32.2803,2303.98,1933.84,2109.04,1614.88,1600.28,1581.1,
32.2834,2303.97,1933.72,2109,1614.72,1600.28,1581.03,
32.2897,2303.83,1933.78,2109.06,1614.77,1600.06,1581.01,
32.2928,2304.26,1933.77,2109.14,1615,1600.05,1581.02,
32.2989,2303.99,1933.29,2109.05,1614.56,1597.43,1579.76,
32.3052,2302.32,1933.34,2107.71,1613.85,1600.13,1580.93,
32.3084,2303.68,1933.8,2108.55,1615.29,1600.35,1581.13,
32.3162,2304,1933.78,2109.53,1614.47,1600.28,1580.73,
32.3207,2303.41,1934.06,2107.97,1615.1,1600.07,1580.99,
32.324,2304.19,1933.94,2109.18,1614.81,1600.2,1581.16,
32.3294,2303.68,1933.5,2109.07,1615,1600.21,1581.23,
32.3347,2303.89,1933.5,2109.11,1614.75,1600.18,1580.98,
32.3378,2303.98,1933.69,2108.95,1614.47,1600.34,1581.11,
32.3439,2303.91,1933.5,2108.98,1614.81,1600.34,1580.75,
32.3493,2265.75,1933.98,2108.28,1615.17,1599.82,1581.85,
32.3527,2304.28,1933.86,2109.33,1614.72,1600.13,1581.13,
32.3608,2303.9,1933.81,2109.2,1614.68,1600.13,1581.16,
32.3659,2304.27,1933.76,2109.05,1614.83,1600.12,1581.11,
32.3689,2303.58,1933.48,2148.42,1614.95,1600.11,1581.06,
32.3752,2303.93,1933.66,2109.05,1614.81,1600.29,1581.4,
32.3813,2303.97,1933.89,2109.14,1614.88,1600.36,1581.04,
32.3845,2303.88,1933.68,2108.99,1614.71,1600.3,1581.07,
32.3898,2303.81,1933.71,2108.88,1614.63,1600.06,1580.99,
32.3929,2305.16,1933.98,2108.57,1615.29,1600.39,1581.09,
32.401,2304,1933.66,2148.43,1614.71,1600.34,1580.93,
32.4062,2303.96,1933.75,2109.18,1614.81,1600.09,1580.96,
32.4093,2303.88,1933.63,2109.43,1614.73,1600.41,1581.18,
32.4154,2303.84,1933.61,2109.13,1614.81,1600.13,1578.3,
32.4216,2301.22,1932.19,2107.95,1614.22,1599.6,1580.86,
32.4248,2303.33,1933.34,2108.93,1614.85,1600.32,1581.25,
32.43,2304.03,1933.51,2109.09,1614.79,1600.27,1580.84,
32.4362,2304.12,1933.74,2108.97,1614.75,1600.2,1580.99,
32.4394,2303.95,1934.43,2109.06,1614.78,1600.34,1581.17,
32.4439,2303.96,1933.82,2109.28,1614.94,1600.2,1581.26,
32.4469,2304.09,1933.8,2109.13,1614.65,1600.11,1581.2,
32.4532,2303.98,1933.54,2109.35,1614.87,1600.31,1581.19,
32.4594,2304.07,1933.42,2109.11,1614.82,1600.17,1581.09,
32.4625,2303.96,1933.66,2109.13,1614.78,1600.05,1581.26,
32.4678,2303.86,1933.98,2109.17,1614.5,1600.17,1581.13,
32.4739,2304.38,1933.65,2109.12,1614.68,1600.29,1580.84,
32.477,2303.95,1933.36,2109.08,1614.94,1600.28,1581.05,
32.4832,2303.83,1932.92,2108.55,1613.93,1600.3,1580.88,
32.4884,2266.04,1933.92,2108.19,1614.67,1599.91,1581.35,
32.4917,2342.45,1933.77,2109.04,1614.72,1600.32,1581.11,
32.4961,2303.87,1933.65,2109.04,1614.71,1600.12,1581.4,
32.5024,2304.05,1933.48,2108.97,1614.62,1600.07,1581.07,
32.5055,2303.74,1933.56,2109,1614.58,1600.31,1581.09,
32.5108,2304.01,1933.65,2109.1,1614.72,1600.03,1580.97,
32.5139,2299.79,1931.28,2107.31,1613.69,1599.45,1580.79,
32.5202,2303.31,1933.33,2108.71,1614.88,1600.28,1581.08,
32.5264,2303.48,1933.68,2109.05,1614.79,1599.93,1581.32,
32.5295,2303.85,1933.84,2109.04,1614.6,1599.89,1580.78,
32.5358,2304.02,1933.58,2109.31,1614.74,1600.11,1581.24,
32.5419,2303.9,1933.7,2109.22,1614.91,1600.15,1581.01,
32.545,2303.91,1933.67,2148.4,1614.8,1600.07,1581.09,
32.5503,2303.9,1933.31,2108.86,1614.55,1600.27,1581.2,
32.5564,2303.72,1933.64,2109.08,1614.76,1600.12,1581.03,
32.5595,2303.71,1933.68,2108.79,1614.98,1600.07,1580.97,
32.5657,2304.04,1933.57,2109.01,1614.59,1600.12,1581.01,
32.5688,2304.03,1933.49,2109.05,1614.66,1600.32,1581.9,
32.575,2304.25,1933.84,2108.25,1613.89,1600.69,1580.93,
32.5804,2303.86,1933.88,2109.11,1614.93,1600.17,1580.96,
32.5836,2303.63,1933.69,2109.09,1614.79,1600.25,1581.19,
32.5891,2304.03,1933.55,2109,1614.83,1600.29,1581.1,
32.5954,2303.81,1933.58,2109.34,1614.72,1600.22,1581.07,
32.5984,2303.9,1934,2109.15,1614.74,1600.18,1581.15,
32.6047,2304.22,1933.69,2109.01,1614.6,1600.09,1581.53,
32.6109,2303.8,1933.73,2109.01,1614.71,1600.07,1580.92,
32.6139,2303.64,1933.3,2109,1614.96,1600.05,1580.52,
32.6203,2303.87,1933.24,2070.57,1614.22,1600.06,1582.01,
32.6287,2265.86,1933.85,2108.38,1614.2,1600.61,1580.97,
32.632,2303.69,1933.65,2107.9,1614.99,1600.03,1581.95,
32.6367,2265.64,1933.81,2108.33,1613.8,1600.24,1581.15,
32.6432,2304.1,1933.02,2109.11,1614.92,1600.06,1580.98,
32.6464,2303.99,1934.03,2109.28,1614.79,1600.23,1581.14,
32.6524,2303.91,1933.72,2109.11,1614.61,1600.06,1581.02,
32.6586,2303.95,1933.71,2109.36,1614.99,1600.08,1581.18,
32.6618,2303.94,1933.48,2109.35,1614.97,1600.31,1581.05,
32.6698,2303.84,1933.39,2109.19,1614.72,1599.92,1581.26,
32.6729,2303.79,1933.32,2108.99,1614.88,1600.26,1581.02,
32.6779,2304.01,1933.74,2109.36,1614.82,1597.68,1579.2,
32.6841,2302.05,1932.44,2108.39,1614.23,1599.77,1580.8,
32.6873,2303.48,1933.89,2109.33,1614.87,1600.05,1580.97,
32.6934,2304.04,1933.63,2109.06,1614.98,1600.25,1581.34,
32.6994,2304.06,1934.02,2109.15,1614.55,1600.17,1581.25,
32.7026,2303.76,1933.55,2109.17,1614.8,1600.13,1581.2,
32.7079,2304.19,1933.42,2109.48,1614.06,1600.51,1581.26,
32.7132,2304.23,1933.68,2109.29,1614.74,1600.19,1580.99,
32.7163,2303.58,1933.81,2109.35,1614.84,1600.43,1581.19,
32.7224,2303.9,1933.77,2109.07,1614.95,1600.08,1581.22,
32.7254,2303.78,1930.11,2106.55,1613.48,1599.12,1580.59,
32.7317,2303.03,1933.26,2108.85,1614.61,1600.3,1581.13,
32.7379,2304.02,1933.57,2109.12,1614.62,1600.2,1581.04,
32.741,2303.67,1933.69,2109.48,1614.97,1600.12,1580.99,
32.7463,2303.63,1933.71,2109.16,1614.81,1600.31,1581.31,
32.7523,2304.04,1933.75,2109.19,1615.38,1599.77,1580.97,
32.7555,2303.79,1933.41,2108.96,1615.07,1600.42,1581.18,
32.7618,2304.04,1933.4,2108.95,1614.64,1600.06,1581.08,
32.7649,2304.18,1933.85,2109.4,1614.68,1600.3,1581.11,
32.7709,2303.96,1933.65,2109.03,1614.53,1600.07,1580.97,
32.7772,2304.21,1933.46,2109.03,1614.91,1600.09,1581.13,
32.7803,2303.78,1933.77,2109.55,1614.63,1600.04,1580.85,
32.7855,2303.75,1933.64,2108.96,1614.76,1600.18,1581.12,
32.7918,2303.84,1933.78,2108.99,1614.64,1600.16,1580.87,
32.7949,2303.89,1933.52,2109.81,1614.29,1600.15,1581.3,
32.8029,2304.23,1933.03,2070.62,1614.35,1600.19,1580.98,
32.8085,2303.97,1933.77,2109.18,1614.76,1600.14,1581.04,
32.8116,2303.69,1933.41,2109.48,1614.69,1600.06,1581.03,
32.8179,2303.87,1933.46,2109.07,1614.83,1600.18,1580.82,
32.821,2304.08,1933.83,2108.98,1614.8,1600.28,1581.19,
32.8263,2304.06,1933.57,2108.85,1614.86,1600.2,1580.92,
32.8324,2303.51,1933.74,2109.09,1614.67,1600.19,1580.89,
32.8355,2303.49,1933.85,2109.07,1614.81,1599.92,1581.13,
32.8417,2303.7,1933.71,2108.67,1614.78,1600.07,1580.83,
32.8479,2303.67,1933.93,2109.16,1614.75,1600.33,1581.2,
32.8512,2304.05,1933.82,2109.15,1614.73,1600.17,1580.97,
32.8556,2303.9,1933.61,2109.26,1614.7,1600.02,1581.16,
32.9029,2303.78,1933.85,2109.09,1614.77,1599.93,1581.03,
32.906,2303.7,1933.34,2148.32,1614.41,1600.08,1581.05,
32.9103,2303.71,1933.69,2109.24,1614.93,1600.1,1581.23,
32.9163,2303.94,1933.68,2109.07,1614.82,1600.19,1580.95,
32.9194,2303.61,1933.4,2109.07,1614.85,1600.26,1580.97,
32.9257,2303.82,1933.52,2108.93,1614.57,1600.13,1581.02,
32.9288,2304.13,1933.69,2109.03,1614.79,1600.21,1581.05,
32.935,2304.59,1933.77,2108.39,1614.69,1599.84,1581.91,
32.9417,2265.67,1933.7,2108.44,1615.24,1599.87,1580.77,
32.945,2303.53,1933.83,2109.23,1614.77,1600.32,1581.1,
32.9525,2303.77,1933.66,2109.11,1614.87,1600.06,1581.02,
32.9588,2303.89,1933.85,2108.76,1614.58,1600.16,1581.08,
32.9619,2304.29,1933.61,2109.11,1614.56,1600.17,1581.2,
32.9679,2303.79,1933.54,2109.09,1614.54,1600.08,1581.11,
32.9741,2303.63,1933.98,2108.93,1614.73,1600.09,1581.27,
32.9773,2303.65,1933.53,2147.55,1614.79,1600.04,1581.24,
32.9835,2303.63,1933.68,2109.11,1614.72,1600.32,1581.19,
32.9888,2303.88,1933.45,2108.98,1614.78,1600.09,1580.87,
32.9919,2303.92,1933.54,2105.19,1612.59,1598.71,1580.08,
32.9982,2303.09,1933.17,2108.42,1614.4,1600.1,1581.26,
33.0044,2303.53,1933.76,2109.37,1614.85,1600.06,1581.07,
33.0074,2303.95,1933.72,2109.14,1614.85,1600.31,1581.26,
33.0137,2303.59,1933.62,2109.34,1614.73,1600.05,1581.17,
33.0168,2304.47,1933.91,2109.22,1615.1,1600.29,1580.98,
33.0229,2303.76,1933.74,2147.77,1615.14,1600.26,1581.48,
33.0306,2343.17,1933.48,2071.01,1614.33,1600.15,1581.01,
33.0338,2304.22,1933.85,2109.19,1614.75,1600.33,1580.99,
33.0412,2303.78,1933.86,2109.02,1614.83,1600.24,1580.99,
33.0474,2303.88,1933.66,2109.36,1614.81,1600.15,1580.82,
33.0505,2303.75,1933.83,2109.19,1614.78,1600.19,1581.41,
33.0567,2304.2,1933.46,2109.04,1614.54,1600.15,1581.15,
33.0629,2304.06,1933.81,2108.95,1614.82,1600.15,1581.02,
33.1423,2304.09,1933.68,2109.17,1614.59,1600.29,1581.05,
33.1464,2304.1,1933.78,2109.2,1614.88,1600.12,1578.43,
33.1526,2301.26,1932.32,2107.84,1614.28,1599.74,1580.82,
33.1557,2303.58,1933.32,2108.57,1614.99,1600.45,1580.97,
33.1638,2304.18,1933.62,2109.37,1614.72,1600.11,1581.15,
33.1669,2300.27,1931.9,2107.58,1613.95,1599.71,1580.66,
33.1722,2303.67,1933.33,2108.62,1614.86,1600.32,1581.2,
33.1784,2304,1933.4,2108.96,1614.67,1600.09,1580.86,
33.259,2303.94,1933.67,2109.12,1614.82,1600.28,1581,
33.2633,2304.23,1933.49,2109.09,1614.95,1600.33,1580.82,
33.2694,2303.86,1933.3,2109.11,1614.77,1600.15,1580.93,
33.2725,2303.86,1933.88,2109.12,1614.54,1599.89,1581.07,
33.2788,2303.97,1933.72,2109.08,1614.73,1600.15,1581.17,
33.2849,2304.22,1933.74,2109.12,1614.71,1600.15,1581.08,
33.288,2303.73,1933.48,2109.31,1614.88,1600.27,1580.99,
33.2943,2304.1,1933.77,2107.84,1614.95,1599.71,1581.34,
33.301,2304.63,1933.91,2108.57,1614.66,1600.09,1581.61,
33.3043,2304.71,1933.96,2109.19,1614.64,1600.22,1581.05,
33.3117,2303.57,1933.67,2109.03,1614.64,1600.05,1581.06,
33.3178,2304.02,1933.55,2109.01,1614.8,1600.34,1581.23,
33.3209,2303.67,1933.47,2148.25,1614.54,1600.27,1581.09,
33.3272,2303.88,1933.62,2108.95,1614.57,1600.1,1581.19,
33.3333,2304.06,1933.6,2109.08,1614.83,1600.2,1581.26,
33.3364,2303.79,1933.56,2108.96,1613.82,1600.35,1580.72,
33.3822,2303.25,1933,2108.69,1613.74,1600.11,1581.32,
33.3896,2304.09,1933.59,2108.91,1614.7,1600.17,1581.01,
33.3927,2303.8,1933.68,2070.43,1614.91,1600.32,1581,
33.3989,2303.94,1933.62,2109.16,1614.72,1600.04,1580.84,
33.402,2304.17,1933.64,2109.36,1614.75,1600.22,1580.98,
33.4082,2303.61,1933.46,2109.07,1614.69,1600.33,1581.14,
33.4144,2303.95,1933.45,2109.21,1614.61,1600.11,1580.92,
33.4175,2303.49,1933.89,2108.93,1614.77,1600.21,1580.84,
33.5015,2304.03,1933.49,2109.21,1614.55,1600.3,1581.2,
33.5057,2303.86,1933.68,2109.05,1614.75,1600.25,1581.1,
33.5088,2304.32,1933.81,2109.08,1614.81,1600.27,1581.25,
33.5149,2304.01,1933.55,2109.01,1614.59,1597.91,1579.35,
33.5212,2301.96,1932.64,2108.54,1614.28,1599.85,1580.74,
33.5243,2303.52,1933.89,2109.37,1614.8,1600.04,1581.13,
33.5304,2303.5,1933.85,2109.03,1614.54,1600.07,1578.32,
33.5366,2301.32,1932.13,2107.77,1614.05,1599.73,1580.75,
33.657,2343.18,1933.74,2109.35,1614.94,1600.21,1581.11,
33.6602,2304.08,1933.52,2109.06,1614.72,1600.17,1581.09,
33.6644,2303.55,1933.65,2109.14,1614.77,1599.92,1578.43,
33.6706,2301.1,1932.04,2107.96,1614.06,1599.71,1580.69,
33.6737,2303.33,1933.53,2148.38,1614.79,1600.29,1581.11,
33.6798,2303.94,1933.56,2109.11,1614.76,1600.3,1580.98,
33.6829,2299.93,1931.4,2107.47,1613.84,1599.54,1580.61,
33.6892,2303.38,1933.24,2109.18,1614.75,1600.19,1580.98,
33.7504,2304.07,1933.88,2108.57,1614.28,1600.43,1581.34,
33.7537,2303.35,1933.99,2109.16,1615.03,1600.23,1581.16,
33.7592,2304.07,1933.85,2109.16,1614.94,1600.06,1581.2,
33.7653,2303.94,1933.78,2109.34,1614.76,1600.06,1581.26,
33.7684,2303.64,1933.1,2108.87,1614.79,1600.09,1581.2,
33.7747,2303.8,1933.68,2108.81,1614.81,1599.91,1580.9,
33.7778,2304.11,1933.82,2109.16,1614.82,1600.23,1580.92,
33.7839,2303.84,1933.86,2108.87,1614.72,1597.3,1579.6,
33.7902,2302.25,1932.65,2109.18,1613.84,1599.83,1580.51,
33.7935,2304.65,1934.14,2108.23,1615.41,1600.32,1580.95,
33.8018,2304.23,1933.72,2148.31,1614.71,1600.03,1581.42,
33.8069,2304.14,1933.58,2108.98,1614.62,1600.06,1580.98,
33.81,2304.06,1933.61,2070.37,1614.97,1600.49,1581.21,
33.8163,2303.7,1933.65,2109.14,1614.74,1600.11,1581.33,
33.8223,2303.84,1933.63,2108.95,1614.82,1600.29,1581.07,
33.8254,2303.64,1933.71,2108.81,1614.83,1600.31,1581.12,
33.8317,2304.08,1933.9,2109.09,1614.95,1599.82,1581.24,
33.8349,2299.72,1931.2,2107.37,1613.71,1599.53,1580.55,
33.8431,2303.32,1933.33,2109.06,1614.8,1600.49,1581.05,
33.8493,2303.77,1933.63,2109.2,1614.67,1600.09,1581.26,
33.8524,2303.72,1930.27,2106.51,1613.32,1599.19,1580.44,
33.8587,2303.1,1933.24,2108.79,1614.56,1600.16,1580.99,
33.8648,2303.95,1933.63,2108.88,1614.84,1600.16,1581.05,
33.8679,2303.84,1933.58,2148.39,1614.99,1600.09,1581,
33.8742,2304,1933.74,2109.13,1614.84,1600.2,1581.53,
33.8794,2303.81,1934.46,2108.48,1614.29,1599.87,1581.42,
33.8828,2304.1,1934.28,2108.25,1614.83,1600.48,1580.6,
33.891,2303.27,1934.34,2108.23,1615.16,1600.33,1581.66,
33.8966,2304,1933.63,2108.24,1615.1,1600.18,1581.49,
33.8998,2303.96,1933.49,2109.14,1614.88,1600.27,1580.97,
33.9059,2303.71,1933.65,2109.22,1614.57,1600.26,1580.87,
33.909,2303.73,1933.85,2109.13,1614.76,1600.17,1581.04,
33.9153,2303.71,1933.49,2109.09,1614.7,1600.21,1581.26,
33.9204,2303.72,1933.54,2109.01,1614.56,1600.18,1581.21,
33.9236,2304.13,1933.89,2148.18,1614.88,1600.13,1580.93,
33.929,2303.8,1933.63,2109.18,1614.92,1600.24,1581.02,
33.9353,2303.86,1933.67,2109.11,1614.54,1600.16,1581.15,
33.9384,2304.11,1933.78,2109.1,1614.82,1600.24,1581.24,
33.9444,2303.87,1933.7,2109.01,1614.67,1600.05,1581.26,
33.9506,2303.71,1933.54,2108.98,1614.63,1600.14,1581.04,
33.9538,2303.99,1933.53,2109.16,1614.89,1600.09,1580.98,
33.9589,2303.91,1933.68,2109.06,1614.67,1600.1,1581.09,
33.9652,2303.9,1933.64,2109.4,1614.87,1600.26,1580.97,
33.9683,2304.05,1933.68,2109.17,1612.68,1598.2,1579.94,
33.9746,2302.45,1933.01,2108.48,1614.14,1599.96,1580.96,
33.9778,2304.12,1933.91,2109.12,1614.65,1600.32,1580.96,
33.9839,2304.15,1933.66,2109.16,1614.6,1597.54,1579.02,
33.9901,2301.99,1932.42,2108.46,1614.28,1599.77,1580.88,
33.9933,2303.53,1934.14,2109.37,1614.85,1600.24,1580.96,
33.9985,2303.85,1933.74,2108.93,1614.84,1600.15,1581.42,
34.0047,2303.88,1933.68,2109.31,1614.79,1600.27,1580.97,
34.0078,2303.9,1933.58,2109.08,1614.83,1600.13,1581.15,
34.0139,2265.91,1932.92,2108.89,1614.19,1600.04,1581.37,
34.0196,2304.47,1933.64,2107.78,1614.67,1599.91,1582.07,
34.0229,2304.2,1933.8,2070.32,1614.96,1600.25,1581.03,
34.0294,2303.86,1933.65,2148.39,1614.89,1600.26,1581.21,
34.0354,2304.04,1933.69,2109,1614.62,1600.16,1580.94,
34.0386,2303.82,1933.53,2109.09,1614.83,1600.27,1581.05,
34.0439,2303.98,1933.56,2109.14,1614.56,1600.08,1581.03,
34.047,2304.04,1933.72,2109.07,1614.56,1600.33,1581.08,
34.0533,2303.92,1933.59,2109,1614.83,1600.3,1581.33,
34.0594,2342.27,1933.79,2108.21,1613.99,1600.47,1580.73,
34.0628,2304.19,1933.93,2109.47,1614.88,1600.21,1581.01,
34.0692,2303.86,1933.69,2109.15,1614.93,1600.21,1581,
34.0754,2303.76,1933.5,2109,1614.58,1600.17,1580.99,
34.0786,2303.92,1933.46,2109.01,1614.87,1600.13,1581.18,
34.0838,2304.28,1933.48,2108.91,1614.77,1600.05,1581.05,
34.0899,2304.15,1933.87,2109.21,1614.7,1600.26,1581.12,
34.093,2303.95,1933.69,2109.12,1614.91,1600.23,1580.92,
34.0992,2303.98,1933.6,2108.89,1614.74,1600.15,1581.31,
34.1073,2304.34,1933.78,2108.92,1614.78,1600.11,1580.74,
34.1104,2303.7,1933.61,2108.97,1614.99,1600.45,1581.09,
34.1154,2304,1933.74,2108.97,1614.6,1600.13,1580.92,
34.1186,2303.86,1933.91,2108.96,1614.93,1600.06,1581.07,
34.1238,2303.86,1933.56,2109.1,1614.54,1600.1,1581.12,
34.1299,2303.88,1933.89,2148.33,1614.65,1600.26,1581.1,
34.1329,2303.87,1933.52,2109.38,1614.95,1600.22,1581.17,
34.1392,2303.81,1933.65,2108.93,1614.81,1600.23,1581.36,
34.1453,2303.8,1933.85,2109.1,1614.98,1600.28,1581.38,
34.1484,2303.93,1933.97,2108.06,1614.59,1600.37,1581.22,
34.1539,2304.04,1933.7,2108.03,1615.26,1599.81,1581.36,
34.1586,2304.13,1933.99,2108.49,1615.28,1599.86,1581.37,
34.1619,2303.79,1933.6,2109.39,1615.06,1600.18,1581.21,
34.1684,2304.07,1933.65,2109.12,1614.96,1600.3,1581.13,
34.1747,2304.18,1933.44,2109.34,1614.76,1600.26,1580.99,
34.1778,2303.87,1933.67,2109.29,1614.93,1600.06,1581.04,
34.1839,2303.89,1933.31,2109.19,1614.64,1600.15,1581.08,
34.187,2304.12,1933.69,2109.29,1614.7,1600.34,1581.11,
34.1933,2303.84,1933.63,2070.34,1612.66,1598.3,1579.82,
34.2,2302.98,1933.3,2107.91,1615.07,1600.04,1581.31,
34.2063,2303.98,1933.89,2148.43,1614.84,1600.28,1580.97,
34.2094,2304.08,1933.69,2108.97,1614.91,1600.22,1581.38,
34.2157,2303.75,1933.81,2109.23,1614.64,1600.29,1580.91,
34.2188,2304.14,1933.71,2108.97,1614.88,1600.32,1580.91,
34.2249,2303.78,1933.65,2108.93,1614.65,1597.7,1578.98,
34.2311,2302.02,1932.6,2108.08,1614.5,1600,1580.87,
34.2343,2303.76,1933.64,2109.34,1614.7,1600.05,1581.29,
34.2395,2303.87,1933.39,2108.62,1614.79,1600.15,1581.07,
34.2441,2303.73,1933.74,2109.2,1614.84,1600.27,1580.87,
34.2472,2303.88,1934.17,2070.46,1614.67,1600.23,1580.93,
34.2533,2303.6,1933.5,2109.08,1614.94,1600.17,1581.42,
34.2594,2303.97,1933.82,2109.21,1614.7,1600.17,1581.04,
34.2625,2303.72,1933.54,2109.36,1614.96,1600.24,1581.23,
34.2688,2304.01,1933.74,2109.35,1614.7,1600.2,1580.89,
34.2719,2304.23,1933.7,2108.93,1614.8,1600.05,1581.24,
34.277,2303.87,1933.71,2108.99,1614.78,1600.57,1581.05,
34.2833,2303.83,1933.59,2109.2,1614.24,1599.91,1580.8,
34.2866,2304.23,1934.73,2108.59,1614.34,1600.43,1580.66,
34.2932,2303.75,1934,2108.67,1615.03,1600.35,1581.27,
34.2994,2303.63,1933.7,2109.09,1614.58,1600.16,1581.01,
34.3025,2303.93,1933.76,2109.37,1614.99,1600.08,1581.06,
34.3088,2303.78,1933.63,2108.79,1614.7,1600.15,1581.16,
34.3149,2303.78,1933.65,2109.11,1614.98,1600.04,1581.17,
34.3181,2303.66,1933.72,2070.35,1614.82,1600.29,1581,
34.3234,2303.95,1933.47,2108.83,1614.78,1600.15,1578.1,
34.3296,2301.65,1931.62,2108.07,1613.68,1599.59,1581.56,
34.3329,2303.68,1934.1,2109.37,1614.7,1600.38,1581.25,
34.3411,2303.97,1933.45,2109.18,1614.87,1600.18,1581.17,
34.3473,2304.1,1933.9,2108.96,1614.85,1600.19,1581.06,
34.3504,2303.8,1933.74,2108.95,1614.87,1600.2,1581.15,
34.3567,2303.76,1933.72,2109.32,1614.93,1600.26,1581.25,
34.3598,2304.07,1933.77,2109.28,1614.97,1600.22,1580.97,
34.365,2303.75,1933.55,2109.08,1614.95,1600.39,1580.98,
34.3713,2304.02,1933.76,2109.17,1614.92,1600.16,1581.19,
34.3744,2342.6,1934,2107.68,1614.91,1600.2,1581.23,
34.379,2304.03,1933.77,2108.97,1615.02,1600.39,1581.19,
34.3853,2303.97,1933.46,2108.99,1614.81,1600.27,1581,
34.3883,2303.74,1933.83,2109.28,1614.81,1600.26,1581,
34.3944,2303.67,1933.74,2108.79,1614.59,1600.1,1581.19,
34.3997,2303.84,1933.29,2108.85,1614.55,1600.27,1581.08,
34.4028,2303.79,1933.73,2109.11,1614.93,1600.33,1581.09,
34.4089,2303.88,1933.8,2109.23,1614.6,1600.25,1581.22,
34.4119,2304.02,1933.64,2109.18,1614.92,1600.27,1580.99,
34.4182,2303.77,1933.69,2108.55,1614.82,1600.28,1581.16,
34.4236,2304.13,1933.6,2109.01,1614.81,1600.31,1581.18,
34.4268,2303.96,1933.6,2109.32,1614.77,1600.09,1581.23,
34.4329,2303.86,1933.3,2108.94,1614.65,1600.22,1581.03,
34.4382,2304.01,1933.57,2109.29,1614.9,1600.13,1581,
34.4413,2303.81,1933.62,2148.17,1614.67,1600.3,1581.07,
34.4474,2303.83,1933.69,2108.99,1614.91,1600.16,1581.12,
34.4534,2304.16,1933.61,2108.92,1614.54,1600.08,1581.27,
34.4565,2303.9,1933.57,2108.97,1614.73,1600.07,1580.68,
34.4627,2304.03,1933.51,2107.9,1614.23,1600.28,1580.79,
34.466,2304.22,1933.69,2109.15,1614.65,1600.19,1581.22,
34.4742,2303.63,1933.53,2109.03,1614.81,1600.21,1581.09,
34.4795,2303.83,1933.89,2109.08,1614.8,1600.2,1580.91,
34.4826,2304.18,1933.87,2109.09,1614.94,1600.05,1580.99,
34.4888,2303.79,1933.86,2109.12,1614.79,1600.31,1581.17,
34.4949,2304.2,1933.61,2109.35,1614.75,1600.04,1581.2,
34.4979,2303.84,1933.87,2148.32,1614.97,1600.28,1580.95,
34.5042,2304,1933.49,2070.42,1614.73,1600.23,1581.35,
34.5123,2304.07,1933.68,2109.33,1614.7,1600.22,1581.05,
34.5154,2303.65,1933.5,2109.18,1614.81,1600.27,1580.99,
34.5205,2303.59,1933.68,2109.2,1614.77,1600.23,1580.84,
34.5236,2304.17,1933.79,2108.94,1614.95,1600.13,1581.08,
34.5298,2304.1,1933.64,2108.95,1614.72,1600.18,1581.2,
34.5359,2304,1933.71,2108.99,1614.56,1599.93,1580.87,
34.539,2303.88,1933.68,2148.37,1614.78,1600.22,1581.14,
34.5453,2303.78,1933.52,2109.21,1614.77,1600.14,1581.27,
34.5513,2303.66,1933.83,2109.08,1614.85,1600.01,1581.59,
34.6315,2303.75,1934.03,2109.13,1614.81,1600.34,1581.23,
34.6357,2303.77,1933.71,2109.19,1614.75,1600.12,1581.31,
34.6418,2304.03,1933.85,2109.16,1614.75,1600.29,1580.92,
34.645,2303.78,1933.53,2109.36,1614.77,1600.27,1581.16,
34.6513,2303.78,1933.32,2108.96,1614.58,1600.04,1581.24,
34.6573,2304.12,1933.85,2148.16,1614.91,1600.1,1580.98,
34.6604,2303.96,1933.31,2070.46,1614.7,1600.32,1581.42,
34.6667,2304.16,1933.56,2109.17,1614.91,1600.25,1581.11,
34.7784,2304.11,1934.41,2109.03,1614.58,1600.31,1581.21,
34.7815,2303.75,1933.73,2109.19,1614.87,1600.16,1581.02,
34.7868,2303.95,1933.62,2109.03,1614.76,1600.2,1581.11,
34.7899,2304.17,1933.71,2109.24,1614.79,1600.27,1581.04,
34.7959,2303.76,1933.74,2109.07,1614.63,1600.34,1581.2,
34.8021,2304.07,1933.6,2109.02,1614.54,1600.31,1581.16,
34.8053,2303.77,1933.84,2148.41,1614.89,1600.13,1581.23,
34.8114,2304.01,1933.48,2109.26,1614.71,1600.18,1578.27,
34.9156,2301.2,1932.19,2107.93,1613.86,1599.52,1580.64,
34.9187,2303.5,1933.59,2109.27,1614.79,1600.18,1580.99,
34.9229,2304.02,1933.33,2109.19,1614.39,1600.18,1580.99,
34.926,2304.18,1933.81,2109.19,1614.8,1600.06,1581.05,
34.9323,2303.66,1933.44,2109.17,1615.03,1600.45,1581.11,
34.9383,2304.01,1933.47,2108.65,1614.78,1600.04,1581.17,
34.9414,2303.96,1933.52,2109,1614.71,1600.09,1580.92,
34.9477,2303.76,1933.48,2109.08,1614.71,1600.23,1581.14,
35.0024,2304.34,1933.72,2109.21,1615.11,1599.76,1581.75,
35.0056,2303.99,1933.74,2109.26,1614.71,1600.09,1581.26,
35.0098,2303.99,1933.48,2109.16,1614.72,1600.16,1581.23,
35.0129,2299.8,1931.4,2107.66,1613.62,1599.55,1580.66,
35.0192,2303.6,1933.15,2108.73,1614.76,1600.38,1581.11,
35.0253,2303.78,1933.86,2108.89,1614.9,1599.89,1581.04,
35.0284,2303.9,1933.77,2109.16,1614.59,1600.22,1581.1,
35.0347,2303.91,1933.6,2109.08,1614.72,1600.13,1581.05,
35.1034,2304.05,1933.72,2108.9,1614.63,1600.06,1581.21,
35.1066,2303.85,1933.62,2108.98,1614.77,1600.19,1581.05,
35.1119,2303.93,1933.84,2109.23,1614.73,1600.31,1580.84,
35.1149,2303.86,1933.45,2109.11,1614.96,1600.05,1580.99,
35.1212,2303.78,1933.71,2109.16,1614.94,1600.3,1581.21,
35.1273,2304.06,1933.85,2108.81,1614.76,1600.04,1581.09,
35.1304,2304.02,1930.2,2106.71,1613.52,1599.21,1580.35,
35.1367,2303.29,1933.37,2108.67,1614.55,1599.99,1580.8,
35.143,2303.02,1934.25,2146.93,1615.05,1600.19,1580.8,
35.1463,2303.82,1934.08,2108.6,1614.27,1599.84,1581.19,
35.1508,2303.91,1934.22,2108.24,1613.94,1600.22,1581.81,
35.1587,2343.51,1933.83,2108.58,1614.02,1600.55,1580.79,
35.162,2303.98,1933.72,2108.95,1614.6,1600.17,1580.92,
35.1684,2303.81,1933.48,2108.82,1614.76,1600.06,1581.05,
35.1744,2303.98,1933.45,2109.18,1614.6,1600.04,1581.1,
35.1775,2303.92,1933.73,2108.97,1614.72,1600.13,1580.99,
35.1838,2303.92,1934.14,2108.48,1614.11,1600.21,1580.87,
35.1921,2303.69,1933.63,2109.15,1614.57,1600.16,1580.95,
35.1953,2303.66,1933.79,2109.36,1614.8,1600.34,1580.88,
35.2004,2304.01,1933.53,2108.86,1614.48,1600.08,1581.15,
35.2066,2303.87,1933.5,2108.96,1614.53,1600.07,1580.99,
35.2098,2303.64,1933.43,2109.19,1614.82,1600.32,1581.06,
35.2158,2303.93,1933.71,2109.34,1614.81,1600.11,1581.05,
35.219,2303.89,1933.84,2109.13,1614.81,1600.3,1581.03,
35.2253,2304.06,1933.7,2109.19,1614.82,1600.3,1581.2,
35.2315,2304.05,1933.7,2108.88,1614.94,1600.28,1581.13,
35.2346,2304.12,1933.59,2108.97,1614.73,1600.15,1580.98,
35.2408,2304.08,1933.56,2109.14,1614.75,1600.12,1581.23,
35.2469,2304.16,1933.56,2109.01,1614.6,1600.18,1580.97,
35.25,2304.26,1933.45,2109.4,1614.73,1600.17,1580.81,
35.2563,2303.84,1933.59,2108.94,1614.57,1600.07,1581.23,
35.2623,2304,1933.64,2109.29,1614.65,1600.13,1581.22,
35.2655,2303.98,1933.44,2109.16,1614.83,1600.33,1581.18,
35.2708,2303.84,1933.55,2108.85,1614.8,1600.07,1581.07,
35.2739,2299.3,1931.21,2107.16,1613.67,1599.6,1580.54,
35.2821,2303.37,1933.32,2108.8,1614.73,1600.17,1581.21,
35.2873,2303.77,1933.6,2108.83,1614.6,1600.18,1581.41,
35.2904,2303.64,1933.9,2109.18,1614.88,1600.31,1580.99,
35.2964,2303.91,1933.43,2108.93,1614.71,1600.29,1581.22,
35.3026,2304.02,1933.32,2109.09,1614.83,1600.07,1580.95,
35.3823,2304.01,1933.55,2108.88,1614.8,1600.07,1581.03,
35.3863,2303.92,1933.46,2108.92,1614.59,1600.19,1581.23,
35.3924,2304.19,1933.76,2109.08,1614.82,1600.25,1581,
35.3955,2303.68,1933.68,2109.19,1615.02,1600.32,1581.17,
35.4017,2303.96,1933.82,2109.51,1614.76,1600.3,1581.03,
35.4048,2304.32,1933.78,2108.41,1615.06,1600.27,1581.01,
35.411,2303.47,1933.46,2109.71,1614.79,1600.12,1582.04,
35.4193,2305,1934.04,2108.46,1614.11,1600.36,1580.63,
35.4227,2304.36,1933.76,2109.15,1614.94,1600.31,1581.07,
35.4282,2303.98,1933.52,2109.07,1614.71,1600.4,1581.25,
35.4343,2303.77,1933.64,2109.18,1614.84,1600.2,1580.99,
35.4374,2303.92,1933.84,2109.06,1615.05,1600.15,1581.02,
35.4437,2303.82,1933.3,2109.1,1614.72,1600.26,1581.15,
35.4499,2303.92,1933.45,2109.21,1614.82,1599.94,1580.69,
35.453,2303.5,1933.54,2148.29,1614.73,1600.21,1581.2,
35.4593,2303.91,1933.32,2109.11,1614.69,1600.23,1581.1,
35.4654,2304.04,1933.63,2109.22,1614.71,1600.32,1580.97,
35.4685,2303.61,1933.83,2148.44,1614.91,1600.2,1580.97,
35.4738,2303.58,1933.54,2108.92,1614.57,1600.17,1580.86,
35.4769,2300.16,1931.43,2107.37,1613.91,1599.3,1580.48,
35.4832,2303.28,1933.2,2108.73,1614.91,1600.3,1581.14,
35.4894,2303.89,1933.6,2109.05,1614.72,1600.17,1581.13,
35.4925,2303.83,1933.79,2109,1614.75,1600.3,1581.1,
35.4987,2303.32,1933.68,2108.44,1613.72,1600.56,1580.94,
35.5054,2303.19,1934.29,2108.3,1614.36,1600.34,1581.7,
35.5088,2343.51,1934,2108.46,1614.87,1600.21,1580.99,
35.5133,2303.64,1933.63,2109.26,1614.96,1600.31,1581.08,
35.5194,2303.84,1933.73,2109.19,1614.67,1600.16,1581.01,
35.5225,2303.74,1933.88,2108.98,1614.71,1600.07,1581.24,
35.5288,2303.81,1933.36,2108.9,1614.77,1600.16,1581.1,
35.5348,2303.99,1933.5,2109.17,1614.74,1600.29,1581.11,
35.5379,2303.95,1933.46,2109.11,1614.69,1600.3,1580.97,
35.6233,2303.94,1933.73,2109.19,1614.95,1600.27,1581.06,
35.6273,2303.65,1933.68,2109.1,1614.91,1600.24,1581.25,
35.6304,2303.65,1930.1,2106.29,1613.36,1599.14,1580.58,
35.6386,2303.01,1933.37,2108.68,1614.56,1600.14,1581.17,
35.6438,2304.23,1933.37,2148.29,1614.84,1600.3,1581.02,
35.6469,2303.8,1933.57,2108.92,1614.56,1600.11,1581.2,
35.6532,2303.88,1933.49,2108.81,1614.54,1600.12,1581.15,
35.6593,2304.05,1933.49,2108.92,1614.56,1600.22,1581.09,
35.6624,2303.46,1933.88,2070.38,1614.75,1600.3,1581.4,
35.6678,2304.06,1933.47,2109.17,1614.68,1600.04,1581.12,
35.6708,2304.15,1933.56,2109.2,1614.93,1600.08,1581.01,
35.6769,2303.91,1933.53,2108.94,1614.6,1597.77,1579.4,
35.6832,2302.55,1932.36,2107.68,1613.84,1599.93,1580.82,
35.6864,2303.72,1933.89,2108.64,1614.41,1600.61,1580.93,
35.6921,2303.34,1934.64,2108.39,1615.49,1600.24,1581.21,
35.6966,2304.68,1933.96,2108.21,1614.84,1599.95,1580.93,
35.6999,2300.14,1931.55,2107.28,1613.78,1599.56,1580.54,
35.7053,2303.35,1933.25,2109.03,1614.87,1600.29,1581.01,
35.7113,2303.93,1933.88,2109.07,1614.97,1600.05,1580.92,
35.7145,2303.67,1933.87,2109.22,1614.88,1600.27,1581.07,
35.7207,2304.01,1933.39,2108.96,1614.59,1599.72,1581.85,
35.7258,2303.5,1934.41,2108.22,1614.37,1600.55,1581.61,
35.7292,2303.79,1934.15,2108.65,1613.87,1600.57,1580.71,
35.7338,2342.65,1933.72,2109.12,1614.84,1600.09,1581.22,
35.7389,2303.98,1933.47,2108.91,1614.63,1600.19,1581.08,
35.742,2303.64,1933.71,2109.11,1614.95,1600.34,1581.17,
35.7473,2303.91,1933.85,2108.78,1614.71,1600.12,1581.3,
35.7533,2303.73,1933.88,2109.23,1614.9,1600.04,1581.06,
35.7564,2303.86,1933.81,2109.01,1614.71,1600.25,1581.14,
35.7627,2303.86,1933.62,2108.89,1614.72,1600.08,1580.91,
35.7658,2303.74,1933.99,2109.16,1614.78,1600.22,1581.11,
35.7719,2303.75,1933.54,2108.95,1614.75,1600.39,1581.03,
35.7782,2304.12,1933.68,2109.12,1614.67,1600.1,1581.08,
35.7813,2303.94,1933.96,2109.09,1614.93,1600.17,1581.39,
35.7864,2303.68,1933.87,2108.93,1614.82,1600.3,1581.08,
35.7927,2303.95,1933.53,2108.94,1614.64,1600.16,1581.02,
35.7958,2303.94,1933.69,2109.31,1614.8,1600.18,1581.04,
35.8018,2304.04,1933.74,2109.14,1614.8,1600.14,1581.12,
35.8049,2303.99,1933.61,2109.12,1614.78,1600.31,1581,
35.8112,2303.79,1933.42,2109.17,1615.59,1600.45,1581.36,
35.8188,2303.8,1933.68,2109.38,1614.68,1600.06,1581.1,
35.8219,2304.33,1933.83,2108.94,1614.83,1600.29,1581.07,
35.827,2304.03,1933.47,2109.05,1614.77,1600.41,1581.03,
35.8333,2303.81,1933.49,2108.97,1614.83,1600.12,1581.05,
35.8363,2303.65,1933.85,2109.64,1614.58,1600.33,1580.99,
35.8424,2303.71,1933.57,2109.16,1614.56,1599.98,1581.11,
35.8486,2303.86,1933.83,2108.98,1614.84,1600.13,1581.11,
35.8517,2303.78,1933.69,2108.82,1614.79,1600.3,1581.03,
35.9347,2302.87,1933.41,2108.84,1614.52,1600.18,1581.11,
35.9388,2304.22,1933.3,2108.77,1614.77,1600.19,1581.14,
35.9419,2303.75,1933.52,2109.14,1614.93,1600.25,1581.1,
35.9482,2303.88,1933.6,2108.29,1614.24,1600.64,1581.31,
35.9543,2304.24,1933.75,2109.15,1614.82,1600.11,1580.84,
35.9574,2303.64,1933.37,2108.91,1614.93,1600.21,1581.24,
35.9637,2303.77,1933.87,2108.78,1614.71,1600.14,1581.06,
35.9668,2304.17,1933.86,2109.18,1614.74,1600.23,1581.03,
36.2669,2304.03,1933.68,2108.95,1614.63,1600.07,1581.08,
36.2701,2303.76,1933.62,2108.98,1614.74,1600.29,1581.1,
36.2743,2303.85,1933.65,2109.42,1614.6,1600.14,1581.17,
36.2803,2303.82,1933.89,2109.2,1614.69,1600.42,1580.86,
36.2834,2303.73,1933.67,2109.03,1614.97,1600.24,1581.15,
36.2897,2303.97,1933.46,2109.18,1614.87,1600.19,1581.18,
36.2928,2303.94,1933.7,2109.11,1614.57,1600.28,1580.97,
36.2989,2303.95,1933.52,2108.92,1614.55,1597.68,1579.14,
36.3979,2304.03,1933.7,2070.63,1613.96,1600.24,1581,
36.4011,2303.74,1933.65,2109.17,1614.78,1600.35,1581.31,
36.4053,2303.62,1933.76,2108.99,1614.86,1600.16,1581.01,
36.4113,2304.04,1933.77,2109.33,1614.62,1600.22,1581.08,
36.4144,2303.81,1933.64,2148.21,1611.93,1598.27,1579.89,
36.4206,2302.46,1932.82,2108.24,1614.24,1599.97,1580.79,
36.4238,2304.25,1933.88,2109.2,1614.73,1600.19,1581.23,
36.4299,2303.7,1933.57,2109.18,1614.78,1600.3,1581.24,
36.5891,2304.36,1933.47,2109.18,1614.78,1600.2,1581.2,
36.5923,2303.9,1933.6,2109.17,1614.82,1600.43,1581.26,
36.5974,2303.66,1933.72,2109.22,1614.62,1600.13,1580.95,
36.6006,2303.91,1933.84,2109.13,1614.97,1600.32,1581.12,
36.6068,2303.65,1933.81,2109.21,1614.43,1600.24,1580.97,
36.6128,2304.1,1933.45,2109.12,1614.58,1600.06,1580.89,
36.6159,2303.81,1933.58,2109.33,1614.93,1600.14,1581.11,
36.6222,2303.78,1933.47,2109.12,1613.75,1600.32,1581.08,
36.7072,2304.1,1933.5,2109.18,1614.74,1600.1,1581.15,
36.7103,2303.79,1933.87,2109.2,1614.79,1600.09,1581.35,
36.7144,2265.87,1933.63,2108.24,1614.18,1600.07,1581.38,
36.7229,2304.2,1933.95,2107.97,1615.21,1599.78,1581.81,
36.7263,2304.28,1934.1,2110.14,1614.04,1600.62,1581.18,
36.7328,2304.03,1933.76,2148.32,1614.8,1600.2,1581.23,
36.7382,2303.8,1933.53,2108.99,1614.58,1600.22,1580.92,
36.7413,2304.04,1933.76,2109.51,1614.69,1600.2,1580.98,
36.7474,2304.07,1933.57,2109.09,1614.79,1600.19,1581.39,
36.7527,2303.78,1933.78,2109.11,1614.83,1600.27,1581.02,
36.7558,2303.74,1933.68,2070.36,1614.9,1600.27,1581.03,
36.7638,2303.85,1933.55,2148.41,1614.69,1600.46,1581.01,
36.7669,2304.23,1933.83,2070.38,1614.55,1600.1,1581.11,
36.7719,2303.97,1933.49,2109.15,1614.7,1597.74,1579.17,
36.7781,2301.8,1932.4,2108.61,1614.2,1599.77,1580.89,
36.7812,2303.69,1933.94,2109.23,1614.73,1600.27,1581.14,
36.7874,2303.88,1933.64,2108.84,1614.6,1600.21,1581.18,
36.7927,2303.86,1933.61,2109.34,1614.77,1600.13,1581.25,
36.7958,2303.84,1933.58,2070.43,1614.59,1600.21,1581.25,
36.8018,2304.03,1933.7,2109.08,1614.58,1600.6,1580.88,
36.805,2303.88,1933.82,2109.35,1614.58,1600.33,1581.25,
36.8123,2303.83,1933.66,2109.34,1615.04,1600.34,1581.25,
36.8183,2303.71,1933.62,2109.18,1614.8,1600.26,1581.28,
36.8214,2303.54,1933.94,2109.3,1614.84,1600.27,1581.36,
36.8277,2303.82,1933.73,2109.11,1614.64,1600.2,1581.28,
36.8329,2304.17,1933.74,2109.02,1614.69,1600.25,1581.04,
36.8361,2303.86,1933.32,2109.01,1614.92,1600.21,1581.02,
36.8423,2303.93,1933.58,2108.93,1614.54,1600.3,1581.38,
36.8483,2304.22,1933.91,2109.29,1614.13,1600.26,1580.97,
36.8516,2303.94,1933.56,2109.17,1614.77,1600.33,1581.25,
36.8578,2304.14,1933.46,2109.5,1614.76,1600.26,1581.13,
36.8609,2299.99,1931.36,2107.35,1613.81,1599.44,1580.54,
36.8672,2303.6,1933.39,2108.81,1614.88,1600.34,1581.22,
36.8724,2304.19,1933.29,2109.3,1614.84,1600.06,1581.08,
36.8755,2303.64,1933.89,2109.26,1614.65,1600.3,1581.12,
36.8818,2304.02,1933.67,2108.96,1614.7,1600.01,1581.36,
36.8878,2304.19,1933.87,2108.94,1614.76,1600.24,1581.05,
36.8909,2303.67,1933.52,2071.03,1614.3,1600.34,1580.98,
36.8973,2304.52,1934.41,2108.36,1614.13,1600.37,1581.22,
36.9055,2303.95,1933.87,2109.15,1614.98,1600.18,1581.02,
36.9864,2303.66,1933.64,2109.22,1614.99,1600.09,1581.38,
36.9904,2303.79,1933.28,2109.14,1614.56,1600.14,1581.18,
36.9966,2303.99,1933.61,2109.37,1614.64,1600.24,1581.1,
36.9997,2303.82,1933.6,2109.13,1614.86,1600.17,1581.04,
37.0058,2303.9,1933.66,2109.05,1614.57,1600.2,1581.05,
37.0089,2304,1933.75,2109.03,1614.79,1600.22,1581.14,
37.0152,2303.95,1933.43,2108.96,1614.92,1600.29,1581.13,
37.0213,2303.94,1933.82,2109.18,1614.77,1600.28,1581.06,
37.0739,2304.51,1933.24,2108.38,1614.32,1599.74,1581.4,
37.0772,2303.54,1934.16,2109.57,1614.88,1600.24,1581.07,
37.0837,2303.89,1933.72,2109.23,1614.89,1600.05,1581.05,
37.0898,2303.78,1933.74,2109.49,1614.8,1600.31,1580.93,
37.0929,2303.65,1933.69,2109.4,1614.76,1600.28,1581.21,
37.0992,2303.94,1933.7,2109.02,1614.92,1600.32,1581.33,
37.1053,2304.11,1933.59,2109.08,1614.83,1600.28,1581.05,
37.1084,2303.82,1933.5,2109.01,1615.08,1600.28,1581.21,
37.1559,2303.91,1933.73,2109,1614.83,1600.16,1581.2,
37.1601,2304.02,1933.61,2108.92,1614.66,1600.27,1581.1,
37.1632,2303.69,1933.5,2108.53,1614.93,1600.38,1581.05,
37.1694,2303.91,1933.54,2109.13,1614.56,1600.24,1580.98,
37.1725,2303.68,1933.81,2109.26,1614.58,1600.3,1581.02,
37.1787,2303.93,1933.76,2109.1,1614.75,1600.22,1581.18,
37.1848,2303.99,1933.86,2109.32,1614.68,1600.16,1580.83,
37.1879,2303.95,1933.84,2109.22,1614.78,1600.26,1580.99,
37.2564,2303.49,1934.8,2108.51,1614.26,1600.21,1580.99,
37.2597,2342.6,1934.64,2106.01,1612.73,1599.84,1580.47,
37.2644,2342.34,1933.7,2108.16,1614.15,1600.23,1581.35,
37.272,2304.12,1933.8,2109.41,1614.73,1600.27,1580.97,
37.2752,2303.89,1933.61,2109.23,1614.95,1600.44,1581.16,
37.2813,2303.9,1933.74,2109.14,1614.87,1600.18,1581.25,
37.2876,2304.29,1933.76,2148.2,1614.88,1600,1581.04,
37.2907,2303.52,1933.5,2070.4,1614.97,1600.26,1581.26,
37.2969,2303.55,1933.59,2109.13,1614.55,1600.53,1581.1,
37.3023,2304.16,1934.81,2070.4,1614.26,1600.05,1580.92,
37.3056,2304,1933.44,2108.77,1613.7,1600.39,1580.71,
37.3134,2303.62,1933.67,2109.18,1614.93,1600.12,1581.03,
37.3196,2304.01,1933.75,2148.29,1614.73,1600.06,1581.11,
37.3228,2303.93,1933.68,2148.39,1614.95,1600.23,1581.02,
37.3288,2304.03,1933.46,2108.95,1614.7,1600.06,1581.1,
37.3319,2304.05,1933.8,2109.27,1614.81,1600.13,1581.11,
37.3382,2303.91,1933.45,2109.26,1614.82,1600.42,1581.09,
37.3434,2303.97,1933.96,2108.05,1615.38,1600.07,1581.07,
37.3467,2304.19,1933.82,2109.17,1614.56,1600.29,1581.04,
37.3529,2303.69,1933.45,2148.14,1614.79,1600.29,1581.17,
37.3591,2304.15,1933.65,2109.07,1614.54,1600.22,1580.96,
37.3622,2303.65,1933.88,2148.37,1614.91,1600.31,1581.09,
37.3684,2303.8,1933.33,2108.95,1614.74,1599.96,1581.23,
37.3746,2304.07,1933.74,2109.16,1614.75,1600.08,1581.15,
37.3778,2303.83,1933.44,2109.3,1614.83,1600.48,1580.9,
37.3829,2303.73,1933.84,2109.08,1614.9,1600.32,1581.26,
37.3893,2303.94,1933.46,2109.09,1614.65,1600.17,1580.99,
37.3924,2304.05,1933.39,2109.05,1611.98,1598.31,1579.89,
37.3986,2302.51,1932.84,2108.32,1614.38,1599.89,1580.69,
37.4017,2304.16,1933.37,2108.86,1614.93,1600.07,1581.07,
37.4079,2303.73,1933.52,2108.8,1614.76,1600.27,1581.06,
37.4141,2303.88,1933.64,2108.93,1614.78,1600.29,1581.27,
37.4173,2303.96,1933.79,2148.28,1614.79,1600.18,1581,
37.4225,2303.77,1933.58,2109.06,1614.4,1600.26,1581.22,
37.4287,2303.94,1933.74,2108.92,1614.55,1600.32,1581,
37.4318,2304.25,1933.84,2107.92,1615.24,1600.35,1581.34,
37.4369,2304.63,1933.82,2108.32,1614.13,1600.09,1581.37,
37.4435,2303.93,1933.66,2109.1,1614.94,1600.27,1580.88,
37.4467,2303.65,1933.55,2109.32,1614.78,1600.23,1581.22,
37.4528,2304.03,1933.68,2109.17,1614.74,1600.33,1581.11,
37.456,2303.92,1933.88,2108.99,1614.76,1600.29,1581.08,
37.4613,2303.98,1933.56,2109.03,1614.97,1600.26,1581.36,
37.4673,2303.85,1933.83,2108.98,1614.54,1600.07,1580.99,
37.4705,2303.71,1933.86,2148.34,1614.79,1600.34,1581,
37.4767,2303.91,1933.4,2108.93,1614.66,1599.98,1581.57,
37.4829,2305.01,1933.23,2108.76,1614.35,1600.09,1581.24,
37.4862,2303.99,1933.97,2109.68,1614.76,1600.06,1580.98,
37.4926,2303.91,1933.79,2109.02,1614.68,1600.23,1581.34,
37.6152,2303.77,1933.64,2109,1614.63,1600.26,1581.26,
37.6193,2304.02,1933.78,2109.07,1614.94,1600.22,1581.1,
37.6224,2304.07,1933.35,2108.97,1614.84,1600.42,1580.98,
37.6286,2303.78,1933.74,2109.09,1614.86,1600.23,1580.95,
37.6318,2304.16,1933.7,2109.03,1614.86,1600.22,1580.97,
37.6378,2303.97,1933.62,2108.93,1614.81,1600.21,1581.21,
37.6439,2304.12,1933.46,2108.93,1614.63,1600.14,1581.07,
37.647,2303.85,1933.57,2109,1614.92,1600.21,1581.19,
37.7049,2304.34,1933.8,2148.25,1614.1,1600.88,1581.22,
37.7083,2304.32,1934.74,2108.56,1614.13,1600.16,1581.2,
37.7126,2303.15,1933.67,2109.93,1614.23,1600.33,1581.2,
37.717,2304,1933.87,2109.17,1614.9,1600.28,1581.03,
37.7202,2304.07,1933.76,2109.19,1614.61,1600.25,1581.23,
37.7264,2304.06,1933.7,2109.19,1614.74,1600.16,1581.12,
37.7326,2303.94,1933.75,2108.91,1614.79,1600.09,1581.04,
37.7357,2303.71,1933.29,2109.17,1614.88,1600.16,1581.24,
37.7419,2303.9,1933.57,2109.04,1614.82,1600.24,1580.85,
37.7472,2304.26,1933.33,2109.04,1613.99,1600.26,1581.21,
37.7505,2304.18,1933.41,2108.39,1613.8,1600.74,1580.81,
37.7561,2343,1933.82,2108.39,1613.76,1600.1,1581.01,
37.7616,2265.89,1933.56,2108.87,1614.36,1599.76,1580.79,
37.7649,2304.54,1933.21,2108.22,1613.83,1600.29,1580.89,
37.7694,2265.75,1934.76,2109.34,1614.64,1600.3,1581.15,
37.7757,2304.36,1933.86,2109.13,1614.78,1600.48,1580.97,
37.7788,2304.03,1933.45,2108.95,1614.76,1600.38,1581.07,
37.7839,2303.8,1933.63,2108.95,1614.7,1600.11,1581.08,
37.7902,2304.06,1933.67,2109.29,1614.57,1600.12,1581.06,
37.7933,2304,1933.78,2070.58,1614.35,1600.44,1581.02,
37.7978,2303.16,1933.71,2108.58,1614.12,1600.28,1581.04,
37.8042,2304,1933.8,2109.28,1614.59,1600.08,1581.11,
37.8073,2303.78,1933.6,2109.05,1614.71,1600.21,1581.1,
37.8133,2304.12,1933.67,2109.1,1614.86,1600.27,1581.19,
37.8164,2303.76,1933.79,2109.08,1614.74,1600.05,1581.11,
37.8218,2303.72,1933.49,2109.03,1614.73,1600.27,1581,
37.8278,2303.96,1933.78,2109.13,1614.58,1600.28,1580.95,
37.8309,2303.49,1933.65,2109.32,1614.76,1600.27,1581.27,
37.8372,2304.14,1933.6,2109.14,1614.8,1600.18,1581.72,
37.8415,2303.71,1934.51,2108.56,1614.08,1600.57,1581.1,
37.8448,2303.83,1933.64,2109.11,1614.91,1600.43,1581.23,
37.8509,2303.93,1933.48,2109.03,1614.65,1600.07,1580.99,
37.854,2303.8,1933.69,2109.17,1614.53,1600.31,1580.94,
37.8593,2303.72,1933.88,2108.77,1614.77,1600.42,1581.25,
37.8653,2304.15,1933.6,2108.99,1614.81,1600.27,1581.21,
37.8684,2304.08,1933.88,2109.28,1614.71,1600.26,1581.19,
37.8746,2303.7,1933.47,2108.96,1614.44,1600.1,1580.82,
37.8808,2304.15,1933.61,2109.25,1614.49,1600.31,1580.89,
37.884,2303.69,1933.9,2108.8,1614.37,1600.08,1581.68,
37.8886,2265.66,1933.91,2070.83,1614.74,1600.23,1581.32,
37.8949,2303.95,1933.55,2108.75,1614.45,1600.12,1581.03,
37.898,2303.79,1933.74,2109.14,1614.69,1600.25,1581.25,
37.9033,2303.67,1933.67,2109.15,1614.77,1600.21,1581.25,
37.9093,2304.27,1933.69,2109.21,1614.68,1600.15,1581.1,
37.9124,2304.15,1933.79,2109.06,1614.7,1600.22,1581.25,
37.9187,2304.18,1933.38,2109.26,1614.88,1600.16,1580.97,
37.9218,2304.21,1933.69,2109.08,1614.71,1600.27,1581.06,
37.9278,2303.7,1933.72,2108.49,1614.56,1600.42,1581.09,
37.9354,2304.03,1933.86,2109.15,1614.7,1600.35,1581.01,
37.9386,2303.64,1933.68,2109.06,1614.91,1600.34,1581.1,
37.9438,2303.94,1933.51,2109.35,1614.68,1600.07,1581.19,
37.9499,2304.04,1933.6,2109.16,1614.71,1600.09,1581.1,
37.953,2303.76,1933.46,2109.29,1614.79,1600.26,1581.02,
37.9592,2303.88,1933.65,2109.09,1614.75,1600.08,1581.16,
37.9653,2304.09,1933.7,2109.15,1614.95,1600.28,1581.06,
37.9684,2303.99,1933.64,2109.21,1614.88,1600.21,1580.89,
37.9747,2303.43,1933.61,2070.9,1614.15,1600.31,1580.85,
37.978,2304.18,1933.94,2108.53,1615.55,1600.31,1581.18,
37.9828,2303.92,1934.25,2104.68,1612.69,1599.22,1579.78,
37.9894,2302.57,1933.12,2108.58,1614.61,1600.04,1581.07,
37.9957,2304.01,1933.79,2109.16,1614.69,1600.26,1581.12,
37.9988,2303.76,1933.7,2070.46,1614.83,1600.31,1581.05,
38.0048,2304.23,1933.84,2108.96,1614.56,1600.12,1581.08,
38.0079,2304.09,1933.8,2108.92,1614.73,1600.2,1581.06,
38.0143,2303.97,1933.38,2109.06,1615.01,1600.47,1581.31,
38.0194,2303.28,1933.84,2109.21,1614.81,1600.33,1581.05,
38.0226,2304.08,1933.58,2109.02,1614.59,1600.29,1580.97,
38.0278,2304.04,1933.61,2109.24,1614.82,1600.45,1581.21,
38.0338,2303.95,1933.66,2109.32,1614.81,1600.22,1581.1,
38.0369,2304.06,1933.65,2109.2,1614.88,1600.29,1581.17,
38.0432,2303.78,1933.81,2108.96,1614.72,1599.98,1581.26,
38.0493,2304.15,1933.68,2109.09,1614.78,1600.06,1581.16,
38.0524,2303.84,1933.45,2109.27,1614.82,1600.06,1581.24,
38.0577,2303.64,1933.7,2109.29,1614.61,1600.04,1580.99,
38.0608,2303.79,1934.57,2109.19,1614.7,1600.32,1581.09,
38.0669,2303.62,1933.76,2109.07,1614.57,1600.47,1581.15,
38.0732,2303.9,1933.96,2109.24,1614.77,1600.32,1581.34,
38.0763,2303.52,1933.99,2148.39,1614.74,1600.33,1581,
38.0823,2303.76,1933.65,2109.03,1614.55,1600.24,1578.36,
38.0885,2301.42,1932.02,2107.7,1614.27,1599.61,1580.79,
38.1309,2303.87,1933.88,2108.94,1614.83,1600.28,1581.1,
38.1352,2304.15,1933.7,2109.19,1614.56,1600.18,1581.51,
38.1413,2304.17,1933.51,2109.13,1614.8,1600.32,1581.12,
38.1444,2303.9,1933.89,2108.81,1614.88,1600.48,1580.97,
38.1507,2303.88,1933.45,2109.26,1614.73,1600.31,1581.08,
38.1538,2305.08,1933.23,2109.02,1614.74,1600.25,1580.97,
38.1591,2303.91,1933.91,2108.94,1614.92,1600.43,1581.35,
38.1653,2304.19,1933.63,2109.12,1614.71,1600.14,1580.88,
38.2098,2303.98,1933.47,2108.87,1614.71,1599.98,1581,
38.2138,2303.88,1933.74,2109.25,1614.95,1600.06,1581.4,
38.2198,2304.04,1933.68,2148.3,1614.73,1600.23,1581.01,
38.223,2303.72,1933.57,2109.12,1614.8,1600.34,1581.01,
38.2292,2303.64,1933.6,2109.15,1614.65,1600.17,1581.31,
38.2353,2303.85,1933.8,2109.11,1614.88,1600.32,1581.01,
38.2384,2303.79,1933.32,2108.92,1614.92,1600.34,1580.74,
38.2447,2342.82,1933.53,2109.36,1614.31,1599.89,1581.09,
38.2504,2305.4,1934.04,2108.74,1613.7,1600.46,1580.97,
38.2537,2342.36,1933.68,2070.86,1613.8,1600.54,1581.21,
38.2582,2304.09,1933.32,2109.06,1614.3,1600.62,1579.19,
38.2627,2302.03,1933.15,2107.33,1613.94,1599.88,1580.52,
38.2661,2303.11,1934.04,2109.45,1614.94,1600.33,1580.85,
38.2725,2303.98,1933.51,2108.77,1614.68,1600.16,1581.13,
38.2788,2304.18,1933.87,2109.19,1614.76,1600.32,1581.06,
38.2819,2303.87,1933.34,2105.52,1612.84,1598.95,1580.18,
38.2881,2302.59,1932.79,2108.47,1614.4,1599.93,1581.17,
38.2945,2304.07,1933.86,2108.99,1614.63,1600.3,1580.95,
38.2976,2303.98,1933.5,2109.12,1614.97,1600.44,1581.01,
38.3038,2304.02,1933.65,2109,1614.77,1600.07,1581.23,
38.307,2303.93,1933.89,2109.13,1614.9,1600.32,1581.02,
38.3132,2304,1933.66,2108.88,1614.86,1600.26,1581.19,
38.3193,2303.9,1933.66,2109.11,1614.74,1600.3,1581.13,
38.3224,2303.88,1933.91,2109.35,1614.85,1600.14,1581.13,
38.3287,2303.67,1933.83,2108.97,1614.94,1600.23,1581.15,
38.3339,2265.64,1933.42,2108.49,1614.46,1599.95,1581.43,
38.3372,2303.53,1933.82,2109.34,1614.88,1600.32,1581.24,
38.3423,2303.85,1933.67,2108.89,1614.72,1600.09,1581.15,
38.3486,2303.8,1933.86,2109.28,1614.56,1599.98,1581.02,
38.3517,2303.78,1933.56,2070.45,1614.97,1600.44,1581.15,
38.3578,2304.35,1933.77,2109.31,1614.7,1600.33,1581.02,
38.3609,2303.98,1933.49,2108.77,1614.85,1600.25,1581.22,
38.4074,2303.64,1933.73,2109.29,1614.89,1600.28,1581.22,
38.4117,2304.01,1933.64,2109.16,1614.83,1600.06,1581.17,
38.4148,2304.16,1933.84,2109.57,1614.74,1600.33,1581.05,
38.4209,2303.99,1933.78,2109.02,1614.58,1600.61,1580.77,
38.4271,2303.98,1933.56,2109.11,1614.71,1600.07,1581.22,
38.4303,2303.84,1933.99,2148.4,1614.83,1600.3,1580.82,
38.4363,2303.97,1933.51,2109.09,1614.76,1600.24,1578.4,
38.4426,2301.04,1931.93,2107.96,1614.13,1599.62,1580.91,
38.4744,2304.27,1934.28,2108.04,1614.7,1600.76,1581.26,
38.4778,2304.29,1933.02,2106.46,1614.22,1599.41,1580.64,
38.4823,2303.17,1933.51,2108.68,1614.78,1600.01,1581.18,
38.4884,2304.03,1933.71,2108.94,1614.91,1600.11,1581.4,
38.4915,2303.93,1933.44,2109.13,1614.9,1600.27,1581.06,
38.4977,2304.06,1933.51,2108.92,1614.75,1600.09,1580.95,
38.5008,2303.99,1933.85,2108.92,1614.75,1600.32,1581.05,
38.5069,2303.34,1933.3,2108.94,1614.63,1600.29,1581.26,
38.5527,2304.04,1933.75,2108.9,1614.82,1600.2,1581,
38.5558,2304.06,1933.74,2109.04,1614.73,1599.83,1581.12,
38.5599,2304.43,1933.84,2108.34,1615,1600.47,1581.19,
38.5682,2303.91,1933.7,2109.03,1614.81,1600.12,1580.94,
38.5713,2303.48,1933.77,2109.07,1614.71,1600.29,1581.18,
38.5773,2303.72,1933.8,2109.1,1614.85,1600.12,1578.3,
38.5835,2300.76,1932.23,2108.06,1613.78,1599.85,1580.71,
38.5867,2303.72,1933.5,2109.29,1614.98,1600.48,1581.11,
38.5929,2303.85,1933.46,2109.31,1614.96,1600.24,1581.06,
38.596,2304,1933.58,2108.93,1614.85,1600.25,1580.86,
38.6013,2304,1933.78,2109.15,1614.78,1600.11,1581.67,
38.6076,2266.18,1933.96,2108.36,1615.23,1599.9,1580.37,
38.611,2304.83,1934.7,2070.65,1614.88,1600.4,1580.96,
38.6192,2303.99,1933.63,2109.08,1614.92,1600.21,1581.07,
38.6243,2304.03,1933.74,2109.18,1614.84,1600.26,1581.08,
38.6274,2303.85,1933.81,2109.14,1614.86,1600.23,1581.23,
38.6337,2303.91,1933.67,2109.05,1614.6,1600.27,1581.23,
38.6389,2303.91,1933.61,2109.11,1614.66,1600.33,1580.82,
38.6421,2303.87,1933.65,2109.13,1614.74,1600.3,1581,
38.6483,2303.95,1933.42,2109.49,1614.45,1600.13,1580.99,
38.6549,2305.01,1933.56,2108.48,1615.33,1600.2,1580.97,
38.6583,2303.62,1930.91,2106.1,1613.62,1599.37,1580.57,
38.6639,2303.18,1933.17,2108.99,1614.53,1600.33,1581.16,
38.6701,2303.88,1933.83,2109.16,1614.58,1600.25,1581.25,
38.6733,2303.75,1933.99,2109.27,1614.56,1600.2,1581.06,
38.6785,2303.62,1933.9,2109.2,1614.7,1600.34,1581.14,
38.6847,2304.21,1933.66,2109.24,1614.77,1600.25,1581,
38.6878,2303.63,1933.63,2109.13,1614.84,1600.13,1581.16,
38.6939,2304.01,1934.27,2108.53,1614.36,1600.43,1581.05,
38.6985,2266.04,1933.72,2108.51,1614.82,1600.17,1581.07,
38.7017,2303.96,1933.76,2109.27,1614.92,1600.37,1581.05,
38.7078,2304.08,1933.32,2070.4,1614.86,1600.38,1581.03,
38.711,2303.9,1933.6,2109.25,1614.85,1600.25,1581.12,
38.7163,2303.81,1933.69,2070.33,1614.89,1600.46,1581.03,
38.7223,2303.96,1933.63,2109.07,1614.71,1600.29,1580.99,
38.7254,2303.67,1930.49,2106.62,1613.46,1599.29,1580.24,
38.7316,2303.18,1933.41,2108.99,1614.59,1600.08,1581.28,
38.7378,2304.23,1933.68,2108.73,1614.74,1600.24,1580.9,
38.741,2303.74,1933.61,2109.31,1614.89,1600.19,1581.25,
38.7483,2303.67,1933.75,2109.15,1614.93,1600.22,1581.39,
38.7544,2304.15,1933.55,2108.91,1614.74,1600.14,1581.07,
38.7575,2303.73,1933.86,2108.85,1615.25,1600.42,1581.21,
38.7628,2304.18,1933.63,2109.08,1614.68,1600.33,1581.21,
38.7659,2304.03,1933.82,2109.22,1614.73,1600.33,1581.22,
38.7722,2304.18,1933.73,2148.37,1614.93,1600.33,1581.1,
38.7783,2303.92,1933.51,2108.92,1614.97,1600.37,1581.22,
38.7814,2303.82,1930.24,2106.69,1613.54,1599.17,1580.38,
38.7896,2303.41,1933.46,2108.83,1614.47,1600.32,1581.19,
38.7948,2304.21,1933.64,2109.17,1614.78,1600.49,1581.16,
38.798,2303.77,1933.58,2109.08,1614.72,1600.07,1580.99,
38.8033,2303.79,1933.61,2108.88,1614.91,1600.2,1581.39,
38.8093,2303.84,1934.05,2109.27,1614.98,1600.32,1581.12,
38.8124,2303.83,1933.7,2109.26,1615.03,1600.4,1581.1,
38.8186,2303.93,1933.56,2108.97,1614.66,1600.32,1581.14,
38.8217,2304.06,1933.77,2108.93,1614.85,1600.29,1580.94,
38.8278,2303.77,1933.26,2108.63,1614.76,1600.29,1580.99,
38.8352,2303.82,1933.51,2108.92,1614.89,1600.3,1581.2,
38.8383,2303.82,1933.47,2109.36,1614.85,1600.23,1581.02,
38.8434,2303.92,1933.57,2108.93,1614.61,1600.24,1581.3,
38.8497,2303.78,1933.47,2109.28,1614.76,1600.3,1581.09,
38.8528,2304.22,1933.66,2109.3,1614.84,1600.22,1581.15,
38.8588,2303.97,1934.01,2109.25,1614.59,1600.2,1580.89,
38.8619,2304.35,1933.64,2109.3,1614.94,1600.27,1581.08,
38.8682,2304.02,1933.49,2109.11,1614.67,1600.28,1580.95,
38.8744,2265.97,1933.74,2108.46,1614.47,1599.98,1581.3,
38.8777,2305,1933.9,2148.38,1614.77,1600.44,1581.11,
38.8858,2304.05,1933.4,2109.34,1614.54,1600.07,1581.13,
38.89,2304.16,1933.53,2109.15,1614.73,1600.19,1581.21,
38.8932,2303.85,1933.65,2109.21,1614.72,1600.22,1581.2,
38.8993,2303.63,1933.61,2108.93,1614.72,1600.23,1581.14,
38.9056,2303.94,1933.78,2109.17,1614.56,1600.25,1581.05,
38.9087,2303.88,1933.47,2109.49,1614.93,1600.47,1581.13,
39.0299,2304.13,1933.72,2108.99,1614.8,1600.25,1581.1,
39.0341,2303.97,1933.5,2108.98,1614.83,1600.12,1580.86,
39.0372,2304.03,1934.01,2109.21,1615.01,1600.3,1581.06,
39.0433,2303.87,1933.53,2109.18,1614.65,1600.29,1578.45,
39.0495,2301.19,1931.81,2107.79,1614.18,1599.72,1580.88,
39.0527,2303.45,1933.18,2109.44,1614.88,1600.3,1581.24,
39.0607,2303.81,1933.62,2108.99,1614.73,1600.06,1580.98,
39.0638,2304.28,1933.31,2109.02,1614.74,1600.36,1581.1,
39.1054,2303.81,1933.83,2109.04,1614.77,1600.25,1581.1,
39.1085,2304.05,1933.7,2109.14,1614.9,1600.15,1581.05,
39.1148,2303.79,1933.69,2109.01,1614.54,1600.16,1581.13,
39.118,2304.34,1933.49,2109.15,1614.81,1600.3,1581.08,
39.1242,2303.7,1933.54,2109.2,1614.69,1600.19,1581.05,
39.1303,2304.1,1933.61,2109.37,1614.67,1600.12,1580.81,
39.1335,2303.75,1933.75,2148.23,1615.09,1600.2,1581.05,
39.1397,2303.92,1933.68,2109.16,1614.81,1599.9,1581.13,
39.1869,2303.66,1933.81,2109.17,1614.79,1600.67,1580.89,
39.1901,2342.23,1933.39,2108.2,1615.37,1600.49,1581,
39.1945,2304.26,1933.39,2070.48,1613.89,1600.48,1580.97,
39.2001,2303.82,1934.61,2108.47,1614.17,1600.71,1580.72,
39.2034,2305.25,1934.15,2108.49,1613.69,1600.62,1580.59,
39.2081,2342.5,1933.75,2108.17,1614.65,1600.43,1581.04,
39.2126,2304.2,1933.59,2108.96,1614.72,1600.08,1581.04,
39.2157,2304.23,1933.66,2109.25,1614.8,1600.3,1581.12,
39.2219,2303.48,1933.48,2109.01,1614.71,1600.32,1581.22,
39.2272,2303.85,1933.43,2109.17,1614.83,1600.12,1581.06,
39.2303,2303.81,1933.29,2108.5,1614.33,1600.65,1581.48,
39.2365,2303.9,1933.65,2109.07,1614.81,1600.19,1581.23,
39.2409,2304.02,1933.67,2109.18,1614.87,1599.95,1580.89,
39.2441,2303.69,1934.02,2109.28,1614.76,1600.41,1581.08,
39.2503,2303.52,1933.86,2109.32,1614.72,1600.26,1581.38,
39.2563,2303.87,1933.85,2109.43,1614.94,1600.24,1580.99,
39.2594,2303.77,1933.7,2108.94,1614.85,1600.19,1581.08,
39.2647,2303.79,1933.56,2108.97,1614.59,1600.14,1581.13,
39.2678,2304.25,1933.88,2109.25,1614.83,1600.15,1580.83,
39.2738,2303.71,1933.72,2108.77,1614.82,1600.36,1581.24,
39.2801,2303.49,1933.75,2108.57,1613.8,1600.27,1580.86,
39.2835,2304.08,1933.82,2109.14,1614.76,1600.04,1581.2,
39.2917,2304.06,1933.58,2108.99,1614.79,1600.12,1581.38,
39.2978,2303.93,1933.95,2109.28,1614.58,1600.23,1580.98,
39.301,2303.81,1933.59,2148.41,1614.7,1600.26,1580.99,
39.3063,2304.03,1933.68,2108.99,1614.73,1600.31,1581.33,
39.3123,2304.06,1933.82,2109.25,1614.9,1600.48,1581.02,
39.3154,2303.97,1933.57,2108.8,1614.98,1600.41,1581.14,
39.3216,2304.03,1933.64,2109.16,1614.87,1600.06,1580.97,
39.3248,2300.69,1931.72,2107.44,1613.95,1599.73,1580.58,
39.3302,2303.57,1933.43,2109,1614.76,1600.25,1581.12,
39.3363,2304.13,1933.63,2109.07,1614.82,1600.33,1581.03,
39.3395,2303.84,1933.61,2109.15,1615.13,1600.21,1581.08,
39.3447,2304.09,1933.74,2109.21,1614.54,1600.21,1581.18,
39.3508,2304.19,1933.88,2109,1614.75,1600.33,1581.06,
39.354,2303.67,1933.57,2109.5,1614.95,1600.32,1581.06,
39.3602,2303.67,1933.52,2109.31,1614.87,1600.23,1581.18,
39.3663,2303.92,1933.8,2109.37,1614.88,1600.21,1581.04,
39.3694,2342.79,1933.86,2108.2,1614.96,1600.26,1581.08,
39.3748,2304.05,1933.71,2108.95,1614.98,1600.05,1581.1,
39.4203,2304.21,1933.52,2108.96,1614.58,1600.07,1581.06,
39.4235,2303.69,1933.71,2108.99,1614.69,1600.05,1581.09,
39.4277,2303.92,1933.51,2109.3,1614.83,1600.23,1581.06,
39.4308,2304,1933.83,2109.17,1614.82,1600.31,1581.16,
39.4368,2303.98,1933.46,2109,1614.61,1597.66,1579.26,
39.4431,2301.89,1932.54,2108.32,1614.43,1599.95,1580.81,
39.4462,2303.63,1933.87,2108.98,1614.87,1600.05,1581.24,
39.4523,2303.48,1933.65,2109.07,1614.55,1600.3,1578.22,
39.5039,2304.15,1932.98,2109.36,1614.77,1600.15,1581.06,
39.5071,2304.17,1933.99,2148.29,1614.83,1600.07,1580.98,
39.5113,2303.7,1933.61,2109.04,1614.83,1600.29,1581.57,
39.5173,2304.22,1933.73,2109.37,1614.97,1600.26,1580.93,
39.5204,2303.98,1933.61,2109.1,1614.91,1600.06,1581.12,
39.5267,2303.88,1933.5,2109.08,1614.39,1600.2,1581.01,
39.5298,2303.96,1933.98,2109.19,1614.91,1600.09,1581.05,
39.5358,2303.68,1933.51,2109,1614.57,1600.44,1581.2,
39.5896,2303.93,1933.8,2109.22,1614.77,1600.26,1580.93,
39.5927,2303.7,1933.51,2107.8,1614.12,1600.63,1581.22,
39.5969,2304.31,1933.87,2107.71,1615.28,1599.79,1581.21,
39.6046,2304.05,1933.52,2109.35,1614.64,1600.47,1581.03,
39.6077,2304.22,1933.52,2109.28,1614.87,1600.33,1580.96,
39.6138,2304.04,1933.54,2109.01,1614.67,1600.15,1581.11,
39.617,2304.27,1933.59,2109.21,1614.65,1600.29,1581,
39.6232,2304.07,1933.84,2109.2,1614.86,1600.22,1581.22,
39.6697,2304.04,1933.63,2108.92,1614.83,1600.11,1581.02,
39.6728,2304.05,1933.63,2108.94,1614.61,1600.28,1580.97,
39.6768,2303.56,1933.53,2109.09,1614.75,1600.33,1581.04,
39.6828,2304.07,1933.88,2108.69,1614.26,1600.75,1581.13,
39.6861,2304.49,1934.74,2109.53,1614.48,1600.22,1581.25,
39.6907,2303.83,1933.74,2108.96,1614.8,1600.29,1581.19,
39.6968,2304.16,1933.61,2108.99,1614.82,1600.33,1581.16,
39.6999,2303.9,1933.37,2109.32,1614.94,1600.4,1581.01,
39.7457,2303.74,1933.5,2108.91,1614.62,1600.16,1581.07,
39.7498,2304.07,1933.71,2108.94,1614.7,1600.3,1581.03,
39.7529,2303.91,1933.52,2109.1,1614.82,1600.2,1581.02,
39.7591,2303.62,1933.73,2108.95,1614.71,1600.29,1581.22,
39.7653,2303.93,1933.61,2108.99,1614.98,1600.13,1581.15,
39.7684,2303.92,1933.67,2108.97,1614.74,1600.22,1580.81,
39.7746,2304.01,1933.65,2109.21,1614.73,1600.31,1581.21,
39.7777,2304.51,1933.98,2109.21,1614.91,1600.2,1581.1,
39.8224,2304.24,1933.71,2108.32,1615.37,1600.31,1581.24,
39.8258,2304.22,1933.3,2106.31,1614.3,1599.45,1580.4,
39.8304,2302.87,1934.19,2107.96,1614.75,1600.21,1581.13,
39.8368,2304.09,1933.68,2109.2,1614.74,1600.27,1581.08,
39.8399,2303.78,1933.84,2105.75,1612.89,1598.76,1580.29,
39.8461,2303.16,1932.99,2108.62,1614.51,1600.14,1581.19,
39.8523,2304.02,1933.69,2109,1614.77,1600.31,1581.27,
39.8554,2303.84,1933.41,2109.09,1614.95,1600.39,1581.02,
39.8617,2304.05,1933.59,2108.98,1614.47,1600.17,1581.21,
39.8648,2265.87,1933.05,2108.88,1614.63,1600.3,1581.09,
39.8727,2303.41,1934.17,2109.21,1614.81,1600.34,1581.26,
39.8801,2303.89,1933.63,2109.22,1614.72,1600.33,1581.15,
39.8863,2304.02,1933.67,2109.09,1614.82,1600.26,1580.99,
39.8894,2304.07,1933.46,2108.95,1614.69,1600.32,1581.12,
39.8956,2303.98,1933.54,2109.21,1614.55,1600.27,1580.99,
39.8987,2304.35,1933.88,2148.32,1614.75,1600.23,1581.02,
39.9049,2303.59,1933.7,2109.16,1614.7,1600.32,1581.22,
39.9131,2304.25,1933.99,2108.16,1614.99,1600.22,1581.02,
39.9164,2343.29,1933.96,2070.78,1614.18,1600.1,1581.4,
39.9209,2304.4,1933.19,2108.6,1614.25,1600.48,1580.98,
39.9265,2303.91,1933.48,2108.94,1614.7,1600.28,1581.16,
39.9296,2304.13,1934,2109.36,1614.86,1600.21,1581.18,
39.9358,2303.87,1933.58,2148.27,1614.6,1597.74,1579.1,
39.942,2301.82,1932.26,2108.24,1614.25,1600,1580.89,
39.9452,2303.96,1933.89,2109.35,1614.62,1600.25,1581.13,
39.9505,2303.81,1933.53,2109.12,1614.48,1600.32,1580.7,
39.9588,2303.78,1933.66,2148.16,1614.8,1600.23,1581.02,
39.9619,2303.73,1933.63,2109.35,1614.89,1600.3,1581.11,
39.9672,2304.03,1933.56,2109.18,1614.69,1600.07,1581.28,
39.9733,2304.19,1933.82,2109.18,1614.7,1600.2,1580.99,
39.9764,2304.07,1933.72,2109.02,1614.93,1600.25,1581.17,
39.9826,2303.97,1933.31,2109.34,1614.82,1600.07,1581.05,
39.9858,2303.96,1933.93,2109.14,1614.79,1600.12,1581.06,
39.9909,2303.74,1933.55,2109.02,1614.66,1600.23,1580.99,
39.9972,2304.09,1933.86,2109.16,1614.58,1600.2,1581.21,
40.0004,2303.92,1931.32,2107.37,1613.9,1599.7,1580.75,
40.0048,2303.58,1933.28,2108.72,1614.59,1600.19,1581.11,
40.0108,2303.94,1933.34,2109.11,1614.89,1600.26,1581.01,
40.0139,2303.65,1933.47,2109.34,1614.59,1600.29,1580.83,
40.0201,2303.93,1933.72,2109.15,1614.56,1600.26,1581.34,
40.0263,2304.21,1933.83,2109.17,1614.84,1600.33,1580.94,
40.0294,2303.69,1933.56,2108.81,1614.82,1600.23,1581.23,
40.0347,2303.71,1933.52,2108.93,1614.97,1600.28,1581.03,
40.0378,2304.2,1933.56,2109.15,1614.74,1600.31,1581.05,
40.0439,2304.04,1934.64,2108.82,1614.4,1600.33,1581.22,
40.0491,2303.99,1933.69,2109.22,1614.81,1600.3,1580.82,
40.0522,2303.85,1933.95,2148.35,1614.71,1600.27,1581.12,
40.0583,2303.88,1933.66,2109.09,1614.54,1600.12,1581.23,
40.0646,2303.65,1933.57,2108.98,1614.67,1600.05,1581.15,
40.0677,2303.79,1933.72,2109.28,1614.98,1600.27,1581.24,
40.0729,2304.06,1933.47,2108.89,1614.6,1600.15,1580.98,
40.0792,2304.05,1933.46,2109.34,1614.82,1600.05,1581.26,
40.0822,2303.68,1933.51,2108.97,1614.98,1600.34,1581.07,
40.0883,2303.94,1933.41,2070.4,1614.09,1599.99,1580.89,
40.0916,2343.5,1933.52,2108.21,1614.74,1600.22,1581.09,
40.0971,2304.08,1933.79,2109.15,1614.69,1600.45,1581.21,
40.1016,2303.9,1933.46,2108.8,1614.65,1600.19,1580.96,
40.1047,2303.98,1933.61,2109.11,1614.65,1600.16,1580.95,
40.11,2303.71,1933.48,2109.11,1614.54,1600.42,1581.08,
40.1162,2303.7,1933.37,2109.18,1614.8,1600.29,1581.06,
40.1193,2303.76,1933.87,2109.09,1614.98,1600.17,1580.92,
40.1253,2304.02,1933.73,2109.14,1614.86,1600.08,1578.22,
40.1315,2301.06,1931.93,2107.79,1614.15,1599.84,1580.9,
40.1347,2303.06,1933.24,2108.96,1614.72,1600.24,1580.95,
40.1802,2303.9,1934.81,2108.44,1614.09,1600.42,1581.71,
40.1869,2303.92,1934.64,2108.6,1614.31,1600.41,1581.14,
40.1902,2304.11,1934.6,2147.23,1614.57,1600.29,1581.22,
40.1958,2303.02,1933.52,2108.41,1615.36,1600.08,1580.64,
40.2003,2304.97,1933.28,2109.35,1614.99,1600.28,1581.26,
40.2036,2303.99,1933.93,2109.05,1614.82,1600.25,1581,
40.2098,2303.93,1933.31,2109.1,1614.54,1600.35,1581.19,
40.2158,2303.86,1933.6,2109.15,1614.84,1600.3,1581.26,
40.2189,2303.78,1933.62,2148.32,1614.75,1600.09,1581.2,
40.2243,2304.17,1933.64,2107.62,1615.24,1599.88,1581.08,
40.2289,2304.07,1933.83,2109.37,1614.76,1600.12,1581.01,
40.2321,2303.88,1933.98,2109.16,1614.9,1600.31,1581.05,
40.2383,2304.15,1933.46,2109.02,1614.85,1600.32,1581.23,
40.2443,2303.98,1933.78,2109.47,1614.98,1600.24,1581.04,
40.2474,2303.87,1933.49,2109.22,1614.85,1600.42,1581.29,
40.2536,2304,1933.8,2109.33,1614.54,1600.19,1581.13,
40.2568,2304.45,1933.94,2109.11,1614.75,1600.17,1581.09,
40.2619,2303.7,1933.59,2108.85,1614.6,1600.29,1581.12,
40.2682,2303.87,1933.67,2108.16,1614.97,1600.44,1581.24,
40.2714,2303.82,1929.99,2106.39,1613.33,1599.22,1580.48,
40.2776,2303.25,1933.15,2108.8,1614.6,1600.05,1581.18,
40.2838,2303.72,1933.65,2109.01,1614.59,1600.16,1580.99,
40.2869,2303.91,1933.65,2148.36,1614.71,1600.06,1581.13,
40.2932,2304.17,1933.66,2109.28,1614.83,1600.27,1581.38,
40.2993,2303.85,1933.69,2108.91,1614.63,1600.07,1581.11,
40.3025,2303.61,1933.48,2109.19,1614.73,1600.33,1581.11,
40.3078,2303.82,1933.74,2108.86,1614.73,1600.29,1580.94,
40.3108,2304.27,1933.63,2109.28,1614.69,1600.24,1580.96,
40.3169,2303.8,1933.48,2109.03,1614.43,1600.41,1581.12,
40.3242,2303.88,1933.67,2109.03,1614.53,1600.07,1580.85,
40.3272,2303.78,1933.95,2109.08,1614.82,1600.1,1580.95,
40.3333,2303.82,1933.7,2109.13,1614.59,1600.17,1578.45,
40.3788,2303.89,1933.32,2109.06,1614.76,1600.07,1580.85,
40.382,2303.64,1933.46,2109.22,1614.4,1600.34,1581.19,
40.3862,2303.68,1933.7,2108.97,1614.64,1600.24,1581.24,
40.3923,2304.04,1933.9,2109.21,1614.87,1600.06,1581.04,
40.3954,2303.62,1933.63,2108.92,1614.92,1600.2,1581.23,
40.4017,2304.01,1933.29,2109.32,1614.64,1600.17,1581.02,
40.4048,2300.04,1931.05,2107.11,1613.65,1599.51,1580.48,
40.4131,2303.5,1933.36,2109.02,1614.95,1600.23,1581.01,
40.4578,2303.9,1933.74,2108.96,1614.92,1600.17,1581.14,
40.4609,2301.31,1932.21,2107.94,1613.94,1599.74,1580.68,
40.4651,2303.56,1933.5,2108.68,1614.86,1600.29,1580.83,
40.4713,2303.75,1933.82,2108.93,1614.6,1600.05,1581,
40.4745,2303.75,1934,2109.08,1614.9,1600.16,1581.08,
40.4807,2303.81,1933.68,2109.06,1614.74,1600.04,1581.17,
40.4868,2304.2,1933.51,2109.02,1614.56,1600.06,1581.21,
40.4899,2303.67,1933.68,2109.62,1613.99,1600.76,1581.81,
40.5399,2304.16,1933.79,2109.05,1614.71,1600.2,1581.16,
40.5432,2303.63,1933.96,2109.46,1614.91,1600.32,1581.03,
40.5473,2303.81,1933.56,2108.97,1614.78,1600.19,1578.41,
40.5535,2301.1,1931.89,2108.01,1614.03,1599.63,1580.89,
40.5567,2303.55,1933.37,2109.13,1614.85,1600.32,1581.21,
40.5628,2303.81,1933.51,2108.79,1614.77,1600.07,1581.07,
40.566,2304.05,1933.32,2108.81,1614.62,1600.33,1581,
40.5722,2303.64,1933.45,2108.79,1614.77,1600.22,1581.09,
40.6753,2305.13,1933.6,2070.57,1614.28,1600.13,1580.9,
40.6787,2304.14,1934.49,2109.3,1614.9,1600.11,1581.18,
40.6867,2303.96,1933.51,2108.89,1614.59,1600.38,1581.07,
40.6898,2303.97,1933.72,2108.95,1614.89,1600.13,1581.05,
40.6948,2303.92,1933.73,2109.2,1614.82,1597.62,1579.13,
40.701,2302.36,1932.46,2108.36,1614.42,1599.93,1580.92,
40.7042,2303.43,1933.71,2148.39,1614.81,1600.05,1580.82,
40.7103,2303.68,1933.72,2109.13,1614.61,1600.24,1581.29,
40.7658,2303.62,1934.23,2108.4,1614.7,1600.25,1580.82,
40.7691,2304.07,1933.74,2108.99,1614.7,1600.21,1581.01,
40.7733,2303.94,1933.55,2109.37,1614.55,1600.17,1581.23,
40.7793,2304.17,1933.96,2108.93,1614.98,1600.25,1581.01,
40.7824,2303.65,1933.55,2108.99,1614.79,1600.08,1581.26,
40.7886,2303.51,1933.8,2109.21,1614.6,1600.08,1580.84,
40.7917,2304.14,1933.78,2109.18,1614.67,1600.05,1581.22,
40.7978,2303.82,1933.44,2108.97,1614.83,1597.61,1579.15,
40.8603,2303.86,1933.52,2108.94,1614.67,1600.14,1580.86,
40.8635,2303.89,1933.46,2108.99,1614.87,1600.09,1580.94,
40.8677,2303.68,1933.57,2109.05,1614.64,1600.18,1581.17,
40.8708,2304.1,1933.66,2109.11,1614.54,1600.05,1581.04,
40.8768,2303.78,1933.5,2109.05,1614.55,1600.11,1581.21,
40.8831,2303.77,1933.52,2108.83,1614.56,1600.06,1581.26,
40.8862,2303.83,1933.93,2148.36,1614.78,1600.25,1580.9,
40.8923,2303.76,1933.72,2109.13,1614.93,1600.08,1578.08,
40.9481,2304.26,1933.68,2109.98,1613.84,1600.46,1581.15,
40.9514,2304.06,1933.91,2109.08,1614.96,1600.38,1581.2,
40.9569,2303.96,1933.67,2108.95,1614.75,1600.27,1580.86,
40.9632,2303.88,1933.56,2109.37,1614.79,1600.13,1581.07,
40.9663,2303.81,1933.83,2108.79,1614.69,1600.2,1581.09,
40.9723,2303.84,1933.48,2109.14,1614.96,1600.18,1581.11,
40.9754,2303.95,1934.03,2109.15,1614.92,1600.23,1580.99,
40.9816,2303.81,1933.66,2109.07,1614.65,1600.07,1581.16,
41.0662,2303.59,1933.65,2108.9,1614.65,1600.19,1581.15,
41.0703,2303.97,1933.41,2109.17,1614.82,1600.07,1580.97,
41.0734,2303.65,1933.37,2109.06,1614.86,1600.28,1580.54,
41.0796,2265.64,1933.02,2108.44,1614.15,1600.24,1581.66,
41.0828,2300.52,1931.73,2106.73,1614.15,1599.51,1580.91,
41.0885,2303.86,1933.23,2109.21,1614.95,1600.12,1581.04,
41.0967,2304.05,1933.34,2109.16,1614.59,1600.3,1581.04,
41.0998,2304.12,1933.78,2109.11,1614.8,1600.31,1580.94,
41.1049,2303.51,1933.46,2109.12,1614.7,1600.34,1581.06,
41.1102,2303.96,1933.49,2109.01,1614.7,1600.25,1580.96,
41.1133,2303.76,1933.48,2109.11,1614.98,1600.32,1580.83,
41.1193,2303.64,1933.32,2108.95,1614.67,1600.13,1581.73,
41.1266,2265.96,1933.53,2108.97,1614.62,1600.07,1580.93,
41.1297,2303.99,1933.68,2109.17,1614.75,1600.39,1581.23,
41.1358,2303.71,1933.51,2108.97,1614.82,1600.15,1580.9,
41.139,2303.76,1933.82,2109.16,1614.76,1600.04,1580.83,
41.1453,2303.63,1933.56,2109,1614.68,1600.44,1581.04,
41.1504,2303.93,1933.67,2109.06,1614.67,1600.27,1581.01,
41.1535,2303.89,1933.62,2148.42,1614.6,1600.32,1580.94,
41.1597,2303.98,1933.45,2109.23,1614.94,1600.14,1581.02,
41.1658,2304.12,1933.57,2109.08,1614.62,1600.23,1581.24,
41.1689,2304.34,1933.87,2109.19,1614.84,1600.08,1581.24,
41.1771,2304.1,1933.68,2108.81,1614.65,1600.33,1580.99,
41.1823,2304.07,1933.77,2108.95,1614.89,1600.18,1581.05,
41.1854,2303.97,1933.57,2109.05,1614.84,1600.09,1581.12,
41.1917,2304.05,1933.72,2108.87,1614.62,1600.04,1581.04,
41.1948,2303.87,1933.62,2109,1614.8,1600.13,1580.99,
41.2008,2303.83,1933.37,2108.64,1614.77,1600.11,1581.2,
41.2071,2303.8,1933.6,2109.37,1614.76,1600.3,1580.84,
41.2102,2303.64,1934.01,2108.61,1614.17,1600.53,1581.1,
41.2165,2342.42,1933.84,2108.44,1613.85,1600.16,1581.15,
41.224,2304.12,1933.89,2109.21,1614.61,1600.19,1581.17,
41.3059,2304.18,1933.77,2147.81,1614.44,1599.85,1581.88,
41.3143,2304.34,1933.84,2109.16,1614.74,1600.2,1581,
41.3188,2304.01,1933.7,2108.92,1614.63,1600.31,1581.21,
41.3219,2303.99,1933.6,2109.01,1614.73,1600.12,1581.25,
41.3282,2304.03,1933.53,2108.99,1614.98,1600.39,1581.16,
41.3343,2303.83,1933.72,2109.15,1614.75,1600.19,1581.04,
41.3374,2303.82,1930.35,2106.6,1613.25,1599.27,1580.5,
41.3436,2303.26,1933.28,2108.9,1614.48,1599.94,1581.17,
41.3509,2303.87,1934.65,2108.26,1614.15,1600.08,1580.99,
41.3542,2304.22,1934.01,2108.45,1614.5,1600.08,1581.6,
41.3588,2342.59,1934.02,2108.2,1614.18,1600.26,1580.99,
41.3654,2303.95,1933.49,2109.07,1614.7,1600.14,1581.02,
41.3686,2304.15,1933.56,2109.02,1614.71,1600.25,1581.19,
41.3748,2303.78,1933.54,2109.05,1614.74,1600.22,1581.12,
41.3808,2303.99,1933.99,2109.11,1614.9,1600.1,1581.02,
41.3839,2303.48,1933.17,2109.25,1614.68,1600.49,1581.1,
41.3902,2303.89,1933.47,2109.34,1614.66,1600.21,1581.9,
41.3966,2304.49,1934.63,2108.31,1614.77,1600.24,1580.97,
41.3998,2304.02,1933.48,2148.34,1614.61,1600.45,1581.23,
41.4058,2304.15,1933.56,2109.2,1614.72,1600.33,1581.03,
41.4089,2304.07,1933.55,2109.1,1614.68,1600.1,1580.82,
41.4152,2303.78,1933.58,2109.21,1614.92,1600.13,1581.24,
41.4213,2303.68,1933.53,2109.07,1614.61,1600.22,1581.22,
41.4244,2304.04,1933.74,2070.45,1614.78,1600.17,1581.05,
41.4307,2303.89,1933.46,2108.83,1614.59,1600.17,1581.25,
41.4359,2304.21,1933.65,2109.07,1614.59,1600.14,1580.91,
41.4391,2303.02,1934.01,2109.17,1614.55,1600.26,1580.97,
41.4453,2304.05,1933.68,2109.13,1614.56,1600.1,1578.12,
41.4515,2301.32,1932.14,2107.83,1614.17,1599.6,1580.76,
41.4547,2303.42,1933.23,2109.22,1614.85,1600.23,1580.84,
41.4608,2304.22,1933.55,2109.03,1614.66,1600.3,1581.07,
41.4639,2304.15,1933.67,2109.22,1614.76,1600.1,1580.91,
41.4702,2303.87,1933.51,2109.19,1614.78,1600.38,1581.26,
41.4754,2303.88,1933.83,2108.81,1614.8,1600.27,1581.08,
41.4786,2303.99,1933.93,2109.1,1614.56,1600.17,1581.14,
41.4849,2303.89,1933.69,2108.85,1614.62,1600.41,1581.27,
41.4912,2304.33,1933.53,2109.02,1614.6,1600.24,1581.18,
41.4943,2303.65,1933.84,2109.26,1614.72,1600.26,1581.13,
41.5003,2303.71,1933.69,2109.09,1614.83,1600.05,1578.28,
41.5065,2301,1932.12,2107.87,1614.05,1599.86,1580.61,
41.5497,2303.42,1933.28,2109.22,1614.67,1600.28,1581.22,
41.5538,2303.87,1933.4,2108.83,1614.68,1600.1,1580.86,
41.5569,2303.82,1933.87,2109.06,1614.65,1600.25,1580.84,
41.5632,2303.92,1933.65,2109.19,1614.76,1600.23,1581.13,
41.5693,2303.9,1933.81,2109.36,1614.82,1600.21,1581.04,
41.5724,2303.98,1933.96,2109.4,1614.64,1600.14,1580.87,
41.5797,2303.62,1933.55,2108.83,1614.56,1600.33,1581.25,
41.5858,2304.16,1933.83,2148.42,1614.87,1600.07,1581.03,
41.7099,2304.02,1933.66,2108.94,1614.6,1600.05,1580.83,
41.7131,2303.82,1933.47,2109.12,1614.41,1600.31,1581.03,
41.7173,2303.83,1933.56,2108.86,1614.68,1600.3,1581.28,
41.7233,2304.05,1933.53,2109.06,1614.97,1599.97,1580.95,
41.7264,2303.55,1933.5,2108.93,1614.9,1600.3,1581.24,
41.7326,2303.7,1933.45,2108.98,1614.65,1600.17,1580.84,
41.7357,2303.94,1933.67,2108.99,1614.71,1600.11,1581,
41.7418,2303.8,1933.35,2109.16,1614.65,1597.53,1578.89,
41.8063,2304.7,1933.73,2070.32,1614.12,1600.03,1580.84,
41.8097,2303.19,1934.24,2147.76,1614.24,1600.6,1581.22,
41.8179,2304.14,1933.64,2147.97,1613.89,1600.29,1581.24,
41.8233,2303.81,1933.5,2109.15,1614.7,1600.1,1580.99,
41.8263,2303.8,1933.58,2109.17,1614.79,1600.3,1581.21,
41.8326,2303.8,1933.35,2108.97,1614.55,1600.15,1581.11,
41.8357,2304.13,1933.87,2109.14,1614.55,1600.14,1581.02,
41.8418,2304.21,1933.64,2109,1614.67,1600.35,1580.97,
41.8501,2304.27,1934.29,2108.04,1614.64,1600.26,1581.08,
41.8533,2303.98,1933.66,2109.25,1614.96,1600.37,1581.04,
41.8575,2303.64,1933.65,2109.2,1614.96,1600.15,1581.12,
41.8637,2303.9,1933.48,2109.32,1614.74,1600.27,1581.09,
41.8668,2303.72,1933.55,2109.36,1614.83,1600.48,1581.1,
41.8728,2303.97,1933.46,2109.04,1614.59,1600.16,1581.13,
41.876,2304.08,1933.65,2108.8,1614.58,1600.04,1580.83,
41.8822,2303.58,1933.66,2108.93,1614.79,1600.27,1581.11,
41.8883,2303.95,1933.77,2070.66,1614.17,1600.08,1580.73,
41.8916,2304.15,1933.75,2148.2,1614.87,1600.32,1581.23,
41.8998,2303.85,1933.5,2108.97,1614.61,1600.1,1581.08,
41.9048,2303.9,1933.86,2109.27,1614.57,1600.3,1580.93,
41.9079,2303.9,1933.29,2109.47,1614.73,1600.33,1581.04,
41.9142,2303.82,1933.41,2109.2,1614.68,1600.1,1581.19,
41.9203,2303.83,1933.61,2109.45,1614.76,1600.3,1581.17,
41.9234,2303.84,1933.28,2108.54,1614.78,1600.34,1580.9,
41.9296,2303.81,1933.61,2108.93,1614.72,1600.24,1581.03,
41.9327,2304,1934.39,2107.89,1613.92,1600.78,1580.99,
41.9382,2304.14,1932.84,2109.21,1615.11,1600.19,1581.84,
41.9464,2304.43,1933.97,2109.03,1614.82,1600.11,1581.01,
41.9496,2304,1933.51,2108.94,1614.65,1600.07,1581.02,
41.9548,2303.78,1933.47,2108.98,1614.67,1600.2,1580.91,
41.9608,2304.09,1933.68,2108.8,1614.65,1600.24,1581.18,
41.9639,2304.04,1933.7,2109.1,1614.71,1600.19,1581.06,
41.9702,2303.9,1933.56,2109.13,1614.6,1600.17,1581.24,
41.9754,2304.2,1933.62,2109.17,1614.8,1600.32,1581.07,
41.9785,2303.89,1933.38,2109.34,1614.79,1600.39,1581.06,
41.9838,2303.74,1933.65,2109.07,1614.58,1600.17,1580.83,
41.9869,2299.79,1931.2,2107.31,1613.48,1599.54,1580.73,
41.9931,2303.42,1933.34,2108.94,1614.7,1600.44,1581.11,
41.9993,2303.74,1933.73,2109.09,1614.77,1600.18,1581.1,
42.0024,2303.68,1933.68,2109.26,1614.98,1600.29,1580.99,
42.0086,2303.93,1933.56,2108.95,1614.69,1600.08,1581.04,
42.0139,2303.64,1933.74,2108.81,1614.75,1600.25,1581.04,
42.017,2304,1933.6,2109.42,1614.69,1600.14,1580.89,
42.0232,2303.77,1933.59,2108.26,1614.22,1600.23,1581.17,
42.0286,2303.97,1933.79,2109.05,1614.8,1600.3,1580.86,
42.0317,2303.67,1933.41,2109.09,1614.94,1600.3,1581.1,
42.0378,2303.9,1933.43,2108.81,1614.57,1600.06,1581.06,
42.0409,2299.76,1931.17,2107.23,1613.54,1599.46,1580.54,
42.0472,2303.37,1933.18,2108.82,1614.74,1600.49,1581.17,
42.0524,2303.59,1933.56,2109.08,1614.64,1600.18,1580.88,
42.0556,2304.06,1933.78,2148.43,1614.74,1600.16,1580.93,
42.0618,2304.02,1933.31,2109.07,1614.68,1600.14,1581.09,
42.0678,2304.04,1933.68,2108.46,1613.71,1600.53,1580.93,
42.0711,2303.82,1933.75,2109.01,1614.75,1600.28,1580.99,
42.0755,2304.04,1933.55,2108.88,1614.82,1600.29,1581.16,
42.0818,2304.01,1933.46,2109.07,1614.51,1600.22,1581.09,
42.1627,2304.16,1933.67,2108.86,1614.69,1600.11,1581.03,
42.1668,2304.16,1933.37,2108.93,1614.8,1600.09,1581.17,
42.1728,2303.88,1933.45,2109.16,1614.8,1600.14,1580.53,
42.1759,2303.95,1933.39,2109.11,1614.69,1600.37,1581.07,
42.1822,2303.86,1933.89,2109.17,1614.56,1600.11,1581.35,
42.1883,2304.2,1933.64,2109.02,1614.69,1600.14,1581.01,
42.1914,2303.88,1933.65,2109.05,1615.05,1600.25,1580.83,
42.1976,2303.91,1933.63,2109.12,1614.73,1600.27,1581.16,
42.2141,2304.39,1934.09,2107.9,1614.79,1600.25,1580.97,
42.2174,2303.55,1933.45,2070.84,1614.32,1600.36,1581.39,
42.2232,2303.91,1934.45,2108.52,1614.09,1600.56,1578.35,
42.2308,2301.23,1932.04,2107.72,1613.91,1599.84,1580.45,
42.2338,2303.25,1933.21,2109.31,1614.69,1600.2,1580.95,
42.2401,2304.01,1933.48,2108.98,1614.96,1600.09,1581.58,
42.2463,2303.91,1933.86,2108.99,1614.82,1600.07,1580.84,
42.2495,2343.64,1933.84,2108.4,1613.97,1600.57,1580.61,
42.2528,2303.02,1933.46,2108.91,1614.66,1600.12,1581.1,
42.2582,2303.86,1933.7,2109.3,1614.61,1600.3,1581.21,
42.2613,2303.89,1933.57,2108.79,1614.61,1600.2,1581.01,
42.2676,2303.93,1933.57,2108.88,1614.76,1600.27,1581.02,
42.2707,2304.02,1933.92,2109.32,1614.7,1600.08,1581.06,
42.2768,2304.03,1933.55,2109.06,1614.64,1597.69,1579.14,
42.283,2301.79,1932.37,2108.45,1614.35,1599.79,1580.71,
42.2862,2303.66,1934,2109.17,1614.83,1600.27,1581.21,
42.2923,2303.7,1933.54,2108.76,1614.3,1600.66,1580.73,
42.3001,2303.61,1934.61,2147.29,1615.38,1600.43,1581.19,
42.3034,2304.06,1933.72,2109.22,1614.57,1600.31,1580.83,
42.3078,2303.78,1933.91,2109.18,1614.57,1600.14,1580.97,
42.3138,2304.24,1933.49,2109.09,1614.82,1600.24,1581.1,
42.3169,2303.9,1933.53,2109.36,1614.71,1600.33,1581.15,
42.3231,2304.03,1933.67,2108.95,1614.76,1600.31,1581.31,
42.3293,2304.34,1933.81,2109.25,1614.74,1600.44,1581.17,
42.3324,2303.94,1933.55,2108.85,1614.75,1600.33,1581.23,
42.3387,2304.21,1933.85,2108.35,1614.61,1599.84,1581.87,
42.3442,2304.41,1934.79,2108.37,1614.26,1600.2,1581.01,
42.3475,2303.8,1933.87,2109.28,1614.67,1600.41,1581.14,
42.354,2303.97,1933.7,2108.68,1614.66,1600.27,1581.25,
42.3603,2303.79,1933.83,2109.25,1614.92,1600.09,1581.1,
42.3634,2303.82,1933.55,2109.05,1614.87,1600.34,1581.13,
42.3696,2303.81,1933.61,2109.05,1614.69,1600.34,1580.96,
42.3727,2304.03,1933.67,2109.09,1614.56,1600.41,1581.02,
42.3779,2303.76,1933.47,2108.94,1614.8,1600.4,1581.03,
42.3842,2304.12,1933.6,2109.17,1614.72,1600.09,1581.03,
42.3873,2303.91,1933.85,2109.06,1614.63,1600.34,1580.98,
42.3916,2303.85,1933.7,2109.03,1614.78,1600.15,1581.15,
42.3978,2303.91,1933.49,2108.77,1614.72,1600.08,1581.07,
42.4009,2303.76,1933.7,2148.35,1614.87,1600.2,1581.03,
42.4072,2303.74,1933.44,2108.97,1614.74,1600.3,1581.17,
42.4133,2303.86,1933.63,2108.99,1614.83,1600.1,1580.91,
42.4165,2303.92,1933.59,2109.06,1614.73,1600.23,1581.04,
42.4218,2303.89,1933.44,2109,1614.56,1600.25,1581.21,
42.4249,2299.81,1931.26,2107.56,1613.36,1600.1,1580.78,
42.4312,2303.73,1933.05,2070.38,1614.97,1600.39,1581.11,
42.4395,2304.07,1933.73,2108.94,1614.66,1600.07,1580.88,
42.4426,2304.11,1933.74,2108.79,1614.62,1600.2,1580.89,
42.4478,2303.81,1933.47,2109.33,1614.63,1600.07,1581.16,
42.4538,2303.64,1933.64,2108.97,1614.56,1600.07,1580.68,
42.457,2303.72,1933.66,2109.11,1614.87,1600.4,1581.02,
42.4623,2303.91,1933.54,2109.12,1614.55,1600.19,1581.07,
42.4685,2303.63,1933.7,2108.88,1614.73,1599.92,1580.97,
42.4717,2303.91,1933.54,2109.1,1615.09,1600.41,1580.91,
42.4797,2303.9,1933.58,2108.97,1614.53,1600.1,1580.86,
42.4828,2303.9,1933.51,2109.21,1614.68,1600.3,1580.85,
42.4878,2303.99,1933.41,2109.21,1614.79,1597.47,1579.04,
42.4941,2301.53,1932.38,2108.07,1614.45,1599.86,1580.74,
42.4972,2303.48,1934.02,2109.19,1614.78,1600.23,1580.83,
42.5024,2303.89,1933.41,2108.94,1614.62,1600.26,1581.21,
42.5086,2303.73,1933.89,2108.96,1614.63,1600.18,1580.9,
42.5117,2303.84,1933.34,2109.3,1614.82,1600.48,1581.08,
42.5178,2303.71,1933.54,2108.32,1614.8,1600.12,1581.24,
42.5234,2304.98,1933.89,2108.46,1613.95,1600.53,1580.74,
42.5268,2304.57,1933.65,2104.5,1613.22,1599.13,1580.07,
42.5352,2303.02,1933.14,2108.38,1614.5,1600.12,1581.07,
42.5394,2303.85,1933.65,2108.77,1614.59,1600.22,1581.01,
42.5425,2303.89,1933.67,2109.05,1614.88,1600.04,1581.08,
42.5487,2304.01,1933.62,2108.93,1614.59,1600.06,1581.07,
42.5518,2304.21,1933.86,2108.99,1614.77,1600.12,1581.18,
42.5578,2304.11,1933.51,2108.91,1614.55,1600.28,1581,
42.5641,2303.65,1933.48,2109.06,1614.8,1600.06,1580.87,
42.5672,2303.82,1933.88,2148.37,1614.71,1600.09,1581,
42.6508,2303.63,1933.53,2108.97,1614.55,1600.39,1581.13,
42.6551,2303.5,1934.05,2108.56,1613.85,1600.38,1580.4,
42.6584,2265.72,1933.74,2109.05,1614.77,1600.29,1581.1,
42.6648,2303.92,1933.73,2109.09,1614.91,1597.59,1579.07,
42.671,2302.11,1932.32,2108.6,1614.23,1599.91,1580.95,
42.6742,2303.39,1933.93,2109.25,1614.69,1600.21,1580.97,
42.6803,2304.22,1933.48,2109.1,1614.78,1600.25,1581.24,
42.6863,2303.84,1933.63,2109.31,1614.66,1600.15,1581.09,
42.7299,2303.83,1933.77,2109.2,1614.78,1600.26,1581.11,
42.7342,2303.88,1933.71,2109.06,1614.81,1600.33,1581.24,
42.7403,2304,1933.89,2109.15,1614.69,1600.32,1581.2,
42.7434,2303.73,1933.65,2070.79,1614.81,1600.26,1581.08,
42.7489,2304.05,1933.72,2109.1,1614.74,1600.17,1581.09,
42.7551,2303.94,1933.65,2109.08,1614.72,1600.07,1580.99,
42.7582,2303.75,1933.19,2109.11,1614.73,1600.44,1581.07,
42.7643,2304.14,1933.72,2109.14,1614.97,1600.06,1580.86,
42.7674,2303.55,1933.3,2109.17,1614.73,1600.28,1580.99,
42.7727,2304.06,1933.43,2108.81,1614.72,1600.06,1581.05,
42.7788,2304.16,1933.45,2109.5,1614.84,1600.1,1580.86,
42.7818,2303.82,1933.55,2109.23,1614.79,1600.19,1581.08,
42.7881,2303.8,1933.54,2108.41,1614.97,1599.75,1581.47,
42.7914,2304.22,1933.62,2107.77,1615.1,1599.64,1581.31,
42.7947,2304.04,1933.8,2105.98,1613.52,1599.95,1580.58,
42.7993,2303.5,1933.45,2109.04,1613.84,1599.83,1581.27,
42.804,2304.16,1933.68,2107.72,1614.99,1600.29,1581.07,
42.8073,2304.13,1933.76,2070.5,1614.08,1600.2,1580.89,
42.813,2304.04,1933.68,2108.78,1614.69,1600.48,1581.11,
42.8192,2303.97,1933.44,2108.93,1614.63,1600.31,1581.26,
42.8223,2303.86,1933.49,2148.43,1614.69,1600.4,1581,
42.8283,2304.33,1933.62,2109.13,1614.46,1600.05,1581.73,
42.8345,2304.5,1934.61,2109.09,1614.82,1600.21,1580.76,
42.8377,2303.86,1933.68,2109.5,1614.55,1600.06,1581.03,
42.8438,2303.74,1933.5,2108.52,1614.69,1600.07,1580.96,
42.847,2303.81,1933.59,2070.38,1614.79,1600.28,1581,
42.8523,2303.85,1933.6,2109.19,1614.55,1600.39,1581.02,
42.8583,2303.91,1933.74,2109.15,1614.94,1600.32,1581.1,
42.8614,2303.73,1933.8,2109.14,1614.59,1600.08,1581.04,
42.8676,2303.76,1933.58,2109.05,1614.53,1600.08,1581.19,
42.8738,2304.03,1933.29,2109.02,1614.57,1600.21,1580.99,
42.8769,2303.66,1933.29,2070.52,1614.42,1600.28,1580.98,
42.8852,2303.67,1933.69,2109.13,1614.58,1600.15,1581.21,
42.8894,2303.78,1933.66,2109.22,1614.71,1600.08,1581.07,
42.8925,2304.01,1933.61,2109.15,1614.98,1600.42,1581.07,
42.8988,2303.63,1933.65,2108.8,1614.97,1600.07,1580.97,
42.9018,2304.38,1933.66,2070.43,1614.9,1600.31,1581.05,
42.9078,2303.82,1933.49,2108.85,1614.6,1600.34,1580.99,
42.9141,2304.03,1933.56,2108.89,1614.71,1600.07,1580.9,
42.9172,2303.89,1934.14,2109.27,1614.69,1600.23,1581.24,
42.9233,2303.81,1933.89,2109.02,1614.11,1600.34,1582.02,
42.9317,2304.35,1934.01,2108.58,1615.02,1599.88,1581.47,
42.935,2304.05,1933.63,2109.08,1614.76,1600.26,1580.91,
42.9432,2304.08,1933.33,2108.78,1614.46,1600.29,1581.25,
42.9493,2304.16,1933.6,2108.89,1614.56,1600.28,1580.81,
42.9524,2303.71,1933.48,2108.77,1614.59,1600.06,1581,
42.9587,2303.96,1933.45,2108.86,1614.67,1600.15,1581.03,
42.9618,2303.73,1933.76,2108.91,1614.56,1600.23,1581.05,
42.9678,2303.68,1933.59,2108.75,1615.4,1600.36,1581.11,
42.9732,2304.04,1933.57,2108.87,1614.54,1600.19,1580.96,
42.9763,2303.83,1929.97,2106.35,1613.2,1599.17,1580.28,
42.9826,2303.11,1933.37,2108.73,1614.44,1600.34,1581.08,
42.9888,2303.68,1933.59,2109.05,1614.7,1600.21,1580.93,
42.9919,2303.71,1933.37,2109.22,1614.82,1600.4,1580.86,
42.9982,2303.78,1933.39,2109.25,1614.68,1600.22,1581.22,
43.0043,2303.88,1933.79,2109.07,1614.78,1600.2,1581.09,
43.0074,2303.81,1933.64,2109.07,1614.84,1600.05,1581.05,
43.0127,2303.84,1933.53,2109.14,1614.13,1599.92,1581.18,
43.016,2304.26,1933.6,2108.42,1614.73,1599.91,1581.6,
43.0243,2304.33,1933.83,2109.15,1614.73,1600.19,1581.03,
43.0288,2303.51,1933.58,2108.94,1614.6,1600.3,1581.08,
43.032,2304.04,1933.52,2108.9,1614.82,1600.06,1580.72,
43.0382,2303.7,1933.68,2108.97,1614.92,1600.49,1581.14,
43.0443,2303.71,1933.74,2109.2,1614.64,1600.09,1581.06,
43.0475,2303.79,1933.45,2109.34,1614.66,1600.3,1581.2,
43.0527,2303.72,1933.52,2108.87,1614.55,1600.2,1581.35,
43.0588,2303.28,1933.84,2108.34,1613.5,1600.6,1580.64,
43.0621,2265.87,1934.04,2109.53,1615.07,1600.05,1580.97,
43.0696,2303.9,1933.84,2109.01,1614.67,1600.18,1581.11,
43.0758,2304.12,1933.74,2109.25,1614.74,1600.26,1581.09,
43.0789,2303.72,1933.53,2148.3,1614.74,1600.33,1581.07,
43.0851,2303.94,1933.45,2109.18,1614.61,1600.11,1581.18,
43.0913,2303.87,1933.66,2109.07,1614.68,1600.28,1580.93,
43.0944,2303.83,1933.7,2108.85,1614.84,1600.34,1581.08,
43.0998,2304.06,1933.54,2109.08,1614.65,1600.25,1581.01,
43.1028,2299.75,1931.21,2107.2,1613.52,1599.44,1580.59,
43.1091,2303.45,1933.4,2109.07,1614.8,1600.25,1581.17,
43.1153,2303.82,1933.89,2109.11,1614.71,1600.29,1581.27,
43.1184,2303.93,1933.85,2109.12,1614.66,1600.24,1581.26,
43.1246,2303.47,1933.43,2109.18,1614.66,1600.24,1580.99,
43.1308,2304.04,1933.84,2108.86,1614.66,1600.11,1581.05,
43.134,2303.77,1933.61,2070.37,1614.58,1600.32,1580.96,
43.1403,2303.62,1933.64,2108.9,1614.65,1599.99,1581.16,
43.1463,2304.18,1933.73,2109.15,1614.61,1600.16,1581.05,
43.1494,2265.69,1933.45,2108.62,1615.4,1600.07,1581.14,
43.1538,2304.06,1933.3,2148.36,1614.44,1600.72,1580.65,
43.1595,2305.06,1933.81,2108.49,1614.21,1600.28,1580.62,
43.1628,2343.32,1933.82,2108.3,1615.45,1600.23,1581.06,
43.1674,2303.5,1934.65,2108.24,1614.08,1600.79,1581.37,
43.1758,2304.02,1933.49,2108.97,1614.59,1600.1,1580.82,
43.179,2304.03,1933.47,2109.33,1614.59,1600.29,1581.11,
43.1842,2303.81,1933.7,2109.06,1614.65,1600.28,1581.24,
43.1903,2303.81,1933.49,2108.93,1614.66,1600.12,1581.06,
43.1934,2304,1934.3,2146.99,1613.89,1600.27,1580.71,
43.1978,2304.67,1933.77,2108.92,1614.76,1600.04,1581.06,
43.2009,2303.83,1933.69,2148.34,1614.62,1600.22,1581.01,
43.2072,2303.62,1933.45,2109.1,1614.7,1600.19,1581.02,
43.2124,2303.74,1933.66,2108.82,1614.77,1600.07,1580.94,
43.2156,2304.03,1933.89,2108.76,1614.82,1600.18,1580.85,
43.2218,2303.79,1933.52,2109.14,1614.44,1600.26,1580.97,
43.2278,2304.14,1933.63,2109.14,1614.38,1600.25,1580.91,
43.2309,2303.73,1933.55,2109.15,1614.74,1600.08,1581.25,
43.2371,2303.75,1933.87,2108.78,1614.92,1600.14,1581.32,
43.2452,2304.22,1933.73,2109.03,1614.64,1600.05,1581,
43.2483,2303.85,1933.56,2108.7,1614.59,1600.16,1581.03,
43.2527,2303.98,1933.6,2108.75,1614.68,1600.14,1580.99,
43.2558,2303.97,1933.55,2109.06,1614.58,1600.33,1581.07,
43.2618,2303.67,1933.25,2108.92,1614.67,1600.32,1581.18,
43.2681,2303.84,1933.34,2109.05,1614.75,1600.29,1580.93,
43.2712,2304.07,1933.73,2109.17,1614.88,1600.31,1581.13,
43.2773,2303.94,1933.68,2109.21,1614.64,1600.05,1577.93,
43.2835,2301.03,1931.89,2107.88,1614.08,1599.87,1580.72,
43.2867,2303.79,1933.31,2109.13,1614.8,1600.23,1580.89,
43.2919,2303.73,1933.4,2108.79,1614.63,1600.18,1581.04,
43.2982,2303.9,1933.47,2108.65,1614.4,1600.01,1580.97,
43.3013,2303.77,1933.36,2109,1615,1600.33,1580.88,
43.3073,2303.95,1933.39,2108.81,1614.74,1600.16,1580.77,
43.3104,2303.73,1933.88,2108.78,1614.6,1600.18,1580.97,
43.3167,2303.79,1933.44,2108.9,1614.69,1600.3,1581.09,
43.3228,2303.81,1933.7,2109.26,1614.65,1600.17,1580.98,
43.3654,2303.62,1933.58,2109.03,1614.76,1599.96,1581.11,
43.3697,2303.9,1933.41,2108.68,1614.52,1600.27,1581.4,
43.3769,2304.18,1933.66,2148.07,1614.26,1600.95,1581.09,
43.3802,2303.73,1933.02,2108.63,1614.47,1600.34,1581.21,
43.3847,2303.4,1933.85,2147.49,1614.18,1599.92,1581.66,
43.3893,2343.4,1933.43,2109.16,1614.28,1600.06,1580.92,
43.3926,2304.29,1933.84,2108.99,1614.46,1600.19,1580.97,
43.4001,2304.05,1933.65,2109.05,1614.75,1600.44,1581.21,
43.4063,2303.71,1933.49,2109.06,1614.62,1600.14,1580.9,
43.4095,2303.64,1933.7,2109.17,1614.51,1600.16,1581,
43.4148,2303.67,1933.44,2109.18,1614.56,1600.11,1581.71,
43.4228,2265.77,1933.71,2109.17,1614.62,1600.28,1580.93,
43.4259,2303.66,1933.48,2148.33,1614.87,1600.17,1580.96,
43.4312,2303.62,1933.62,2109.13,1614.73,1599.97,1581.2,
43.4373,2303.96,1933.69,2109.22,1614.75,1600.04,1581.08,
43.4403,2303.69,1933.57,2108.88,1614.91,1600.23,1581.06,
43.4466,2303.63,1933.73,2108.79,1614.61,1600.21,1580.93,
43.4497,2303.96,1933.75,2108.97,1614.61,1600.27,1581.13,
43.4549,2303.74,1933.48,2108.93,1614.56,1600.44,1581.02,
43.4612,2303.78,1933.5,2108.92,1614.46,1600.16,1580.9,
43.4643,2303.83,1933.63,2070.39,1614.33,1600.3,1581.04,
43.472,2304.25,1933.54,2109.16,1614.95,1600.3,1581.19,
43.4783,2304.01,1933.74,2109.04,1614.66,1600.32,1580.82,
43.4814,2303.81,1933.33,2109.35,1614.67,1600.08,1581.08,
43.4876,2304.03,1933.74,2108.64,1614.71,1600.12,1581.16,
43.4929,2303.79,1933.48,2109.19,1614.73,1600.21,1581.03,
43.4961,2303.82,1933.66,2148.29,1614.92,1600.44,1581.03,
43.5023,2303.98,1933.6,2109.16,1614.65,1599.93,1581.21,
43.5083,2303.69,1933.21,2108.53,1614.14,1599.95,1581.58,
43.5116,2304.64,1933.73,2109.03,1614.84,1600.08,1581.07,
43.516,2303.91,1933.55,2109.14,1614.56,1600.3,1581.31,
43.5223,2304.09,1934,2109.28,1614.53,1600.27,1580.93,
43.5255,2303.74,1933.33,2109.19,1614.78,1600.32,1581.06,
43.5308,2304.06,1933.55,2109.19,1614.82,1600.07,1580.91,
43.5338,2299.78,1931.21,2107.12,1613.78,1599.68,1580.36,
43.5401,2303.23,1933.31,2108.84,1614.82,1600.42,1581.13,
43.5463,2304.04,1933.88,2109.1,1614.77,1600.28,1580.99,
43.5494,2304.01,1933.69,2109.06,1615.24,1600.16,1581.75,
43.5557,2304.01,1933.9,2108.58,1614.11,1600.24,1581.73,
43.5631,2305.12,1934.22,2109.36,1614.7,1600.26,1580.93,
43.5663,2303.98,1933.89,2109.13,1614.61,1600.22,1581.18,
43.5715,2303.89,1933.66,2108.86,1614.76,1600.04,1581.13,
43.5777,2303.94,1933.54,2109.21,1614.6,1600.07,1581.04,
43.5808,2303.75,1933.73,2148.16,1614.73,1600.49,1581.05,
43.5868,2304.09,1933.72,2109.03,1614.74,1600.28,1581.08,
43.5899,2304.2,1933.93,2108.97,1614.53,1600.05,1580.68,
43.5962,2303.68,1933.63,2108.77,1614.88,1600.42,1580.83,
43.6042,2304.15,1933.53,2108.94,1614.87,1600.18,1580.9,
43.6073,2303.92,1931.32,2107.12,1613.75,1599.69,1580.67,
43.6117,2303.45,1933.49,2108.65,1614.56,1600.16,1581.25,
43.6178,2303.94,1933.69,2109.13,1614.7,1600.27,1581,
43.6209,2303.79,1933.7,2109.18,1614.77,1600.34,1581.09,
43.6272,2303.74,1933.65,2108.95,1614.62,1600.29,1581.34,
43.6333,2304.13,1933.71,2109.33,1614.78,1600.07,1580.82,
43.6364,2303.99,1933.49,2109.21,1614.81,1600.29,1581.16,
43.6426,2304,1933.74,2108.8,1614.11,1600.43,1580.95,
43.6459,2299.27,1932.27,2106.15,1613.21,1599.48,1580.3,
43.6534,2304.15,1933.29,2109.31,1614.45,1600.3,1581.32,
43.6592,2303.78,1934.4,2108.23,1614.33,1600.56,1581.14,
43.6636,2303.92,1933.74,2108.93,1614.76,1600.29,1581.07,
43.6667,2303.72,1933.52,2109.21,1614.82,1600.12,1581.24,
43.6728,2304.16,1933.62,2108.93,1614.62,1600.18,1580.85,
43.6759,2303.93,1933.8,2108.88,1614.66,1600.13,1581.03,
43.6822,2303.77,1933.55,2109.01,1614.58,1600.32,1581.12,
43.6883,2303.77,1933.39,2109.14,1614.55,1600.07,1580.84,
43.6916,2304.19,1933.47,2109.18,1614.7,1600.21,1581.04,
43.6971,2303.86,1933.62,2108.85,1614.96,1600.29,1581.09,
43.7033,2303.59,1933.56,2108.93,1614.63,1600.05,1580.99,
43.7064,2303.9,1933.64,2108.97,1614.61,1600.29,1581.04,
43.7127,2303.69,1933.45,2108.77,1614.79,1600.11,1581.29,
43.7188,2303.97,1933.7,2109.2,1614.73,1600.31,1581.07,
43.7219,2303.67,1933.73,2109.28,1614.88,1600.34,1581.18,
43.7281,2303.51,1933.5,2108.95,1614.74,1600.27,1581.2,
43.7333,2303.94,1933.79,2109.31,1614.69,1600.2,1580.86,
43.7366,2303.8,1933.45,2109.21,1614.87,1600.1,1581.01,
43.7428,2303.92,1933.48,2108.94,1614.65,1600.18,1580.83,
43.7459,2304.2,1933.71,2148.35,1614.91,1600.26,1581.09,
43.7522,2304.06,1933.48,2109.06,1614.63,1600.44,1581.06,
43.7583,2303.63,1933.46,2109.09,1614.82,1600.15,1580.84,
43.7614,2303.71,1933.65,2109.32,1614.69,1600.32,1581.06,
43.7677,2303.8,1933.62,2109.04,1614.56,1600.15,1581.1,
43.7728,2303.86,1933.7,2108.79,1614.57,1600.05,1581.06,
43.776,2303.78,1933.28,2108.32,1615.23,1600.03,1581.55,
43.7834,2304.12,1933.6,2148,1615.24,1600.36,1581.16,
43.788,2304.33,1933.83,2147.93,1614.7,1600.09,1580.84,
43.7912,2303.68,1933.72,2109.4,1614.95,1600.46,1581.21,
43.7973,2303.67,1933.67,2109.1,1614.73,1600.04,1578.37,
43.8035,2301.26,1932.11,2108.06,1614.17,1599.61,1580.78,
43.8067,2303.52,1933.48,2109.19,1614.78,1600.39,1581.09,
43.8119,2303.84,1933.6,2109.2,1614.74,1600.17,1581.09,
43.8181,2303.93,1933.68,2109.21,1614.8,1600.06,1580.88,
43.8212,2303.78,1933.45,2109.09,1614.9,1600.42,1581.1,
43.8273,2303.83,1933.82,2109.1,1614.59,1600.31,1580.9,
43.8304,2303.83,1933.77,2109.37,1614.71,1600.18,1580.89,
43.8366,2303.68,1933.53,2108.91,1614.61,1600.07,1580.98,
43.8428,2303.91,1933.63,2109.02,1614.75,1600.04,1580.94,
43.8852,2303.72,1933.62,2108.94,1614.46,1600.29,1581.01,
43.8893,2303.94,1933.52,2108.94,1614.62,1600.09,1581.16,
43.8953,2304.07,1933.77,2108.95,1614.68,1600.22,1581.21,
43.8984,2303.87,1933.71,2108.77,1614.8,1600.34,1581.01,
43.9046,2303.84,1933.61,2108.99,1614.56,1600.23,1581.12,
43.9077,2304.03,1933.86,2109,1614.63,1600.09,1581.06,
43.9138,2302.91,1933.59,2108.18,1614.1,1600.49,1581.28,
43.9215,2304.12,1933.82,2107.6,1614.64,1600.27,1580.83,
43.9249,2304.09,1933.48,2109.18,1614.79,1600.26,1581.02,
43.9303,2303.88,1933.49,2109.01,1614.73,1600.45,1581.29,
43.9363,2303.65,1933.49,2108.75,1614.66,1600.21,1580.84,
43.9394,2303.95,1933.9,2109.17,1614.6,1600.28,1580.99,
43.9457,2304.13,1933.68,2108.69,1614.68,1600.31,1581.04,
43.9518,2304.01,1933.7,2109.19,1614.45,1600.43,1581.09,
43.9548,2303.82,1933.55,2109.97,1614.06,1600.38,1581.06,
43.9612,2303.57,1933.39,2109.22,1614.78,1600.17,1581.14,
44.0861,2303.81,1933.45,2109.12,1614.71,1600.04,1580.95,
44.0892,2303.91,1933.47,2109.1,1614.6,1600.28,1581.21,
44.0933,2303.6,1933.17,2108.37,1614.2,1600.23,1581.24,
44.0997,2304.08,1933.68,2108.99,1614.82,1600.07,1580.82,
44.1027,2303.88,1933.47,2108.92,1614.81,1600.15,1580.91,
44.1088,2303.85,1933.5,2108.72,1614.55,1600.31,1580.93,
44.1119,2303.87,1933.62,2109.17,1614.77,1600.33,1581,
44.1181,2303.52,1933.59,2108.9,1614.96,1600.42,1581.33,
44.1863,2304.29,1933.65,2108.71,1614.2,1600.71,1581.08,
44.1896,2304.27,1933.73,2108.98,1614.81,1600.3,1581.1,
44.1951,2304.02,1933.51,2109.03,1614.79,1600.13,1581.21,
44.2013,2303.91,1933.88,2108.8,1614.64,1600.07,1580.94,
44.2043,2303.57,1933.64,2109.03,1614.82,1600.22,1581.1,
44.2106,2304.13,1933.45,2109.1,1614.65,1600.28,1581,
44.2137,2304.03,1933.75,2109.07,1614.54,1600.13,1580.93,
44.2198,2304.05,1933.42,2109.11,1614.78,1600.12,1581.19,
44.3043,2304.04,1933.17,2108.97,1614.49,1600.11,1581.04,
44.3075,2303.42,1933.74,2109.1,1614.78,1600.08,1580.97,
44.3117,2303.91,1933.44,2108.83,1614.96,1600.22,1581,
44.3178,2303.82,1933.5,2107.78,1614.65,1600.32,1581.01,
44.3209,2303.76,1933.45,2109.09,1614.8,1600.2,1581.08,
44.3282,2303.85,1933.56,2108.87,1614.64,1600.18,1581.16,
44.3343,2303.54,1933.55,2109.01,1614.54,1600.11,1580.96,
44.3373,2303.56,1933.52,2108.79,1614.94,1600.38,1581.04,
44.4181,2342.62,1933.72,2108.49,1613.63,1600.41,1581.06,
44.4213,2303.66,1933.73,2109.06,1614.83,1600.2,1581.01,
44.4268,2303.89,1933.6,2109.06,1614.57,1600.24,1581.25,
44.4299,2304.18,1933.75,2108.97,1614.53,1600.11,1580.98,
44.4362,2303.77,1933.43,2109.05,1614.79,1600.39,1581,
44.4423,2303.94,1933.64,2109.37,1614.7,1600.44,1581.1,
44.4454,2303.74,1930.05,2106.69,1613.54,1599.43,1580.3,
44.4516,2303.17,1933.19,2108.53,1614.52,1600.6,1580.74,
44.4579,2303.73,1933.25,2108.66,1614.27,1599.97,1581.48,
44.4612,2303.59,1934.51,2147.88,1614.34,1600.23,1581.08,
44.4693,2303.87,1933.56,2109.09,1614.61,1600.27,1581.12,
44.4746,2303.85,1933.53,2148.39,1614.87,1599.94,1581.25,
44.4777,2303.66,1933.49,2109.11,1614.71,1600.13,1581.02,
44.4838,2303.91,1933.65,2109.16,1614.83,1600.05,1581.01,
44.4869,2303.8,1933.88,2109.17,1614.88,1600.17,1581.09,
44.4932,2303.75,1933.65,2108.84,1614.75,1600.34,1581.03,
44.4994,2304.35,1933.78,2107.89,1614.91,1600.29,1581,
44.5026,2303.9,1933.74,2109.16,1614.55,1600.1,1580.99,
44.5069,2303.83,1933.64,2108.77,1614.58,1600.42,1581.12,
44.5132,2303.94,1933.61,2108.85,1614.66,1600.25,1580.99,
44.5163,2303.88,1933.73,2109.14,1614.81,1600.17,1581.15,
44.5223,2303.7,1933.62,2109.04,1614.64,1600.17,1578.34,
44.5285,2300.99,1931.87,2107.77,1614.01,1599.72,1580.66,
44.5316,2303.57,1933.18,2109.25,1614.95,1600.2,1580.97,
44.5378,2303.49,1933.39,2108.93,1614.68,1600.3,1581.1,
44.541,2304.13,1933.67,2108.43,1614.95,1600.38,1580.69,
44.5463,2304.36,1933.83,2108.02,1614.42,1600.21,1580.94,
44.552,2303.26,1934.2,2146.82,1614.46,1600.33,1580.84,
44.5565,2342.7,1933.18,2108.77,1614.26,1600,1581.32,
44.5598,2303.45,1934.06,2148.36,1614.99,1600.48,1581.06,
44.5681,2304.03,1933.63,2108.79,1614.73,1600.1,1581.2,
44.5743,2304.33,1933.92,2108.88,1614.5,1600.32,1580.87,
44.5774,2303.82,1933.66,2108.86,1614.84,1600.3,1581.24,
44.5828,2304.3,1933.54,2108.98,1614.6,1600.1,1580.93,
44.5858,2300.5,1931.94,2106.52,1613.43,1599.34,1580.74,
44.5922,2302.63,1933.31,2108.78,1614.85,1600.24,1581.07,
44.5965,2303.88,1933.33,2109.03,1614.92,1600.18,1581.09,
44.5996,2304.26,1933.66,2108.81,1614.6,1600.31,1580.83,
44.6058,2303.61,1933.59,2108.86,1614.54,1600.07,1581.1,
44.6121,2304.05,1933.63,2109.05,1614.8,1600.18,1580.86,
44.6152,2303.72,1933.45,2108.82,1614.89,1600.04,1581,
44.6204,2303.35,1933.56,2108.84,1614.71,1600.18,1580.97,
44.6267,2303.96,1933.49,2108.81,1614.51,1600.21,1581.09,
44.6297,2303.91,1933.74,2147.9,1614.35,1600.67,1581.04,
44.6369,2304.17,1933.74,2107.49,1614.97,1600.25,1580.99,
44.6415,2303.94,1933.52,2109.02,1614.69,1600.33,1580.97,
44.6446,2303.83,1933.67,2070.38,1614.7,1600.23,1581.26,
44.6508,2304.28,1933.53,2108.9,1614.54,1600.15,1580.81,
44.6539,2304.27,1933.62,2109.22,1614.63,1600.18,1580.96,
44.6592,2303.87,1933.35,2109.16,1614.92,1600.32,1581.32,
44.6653,2303.84,1933.35,2109.11,1614.57,1600.16,1581.03,
44.6684,2303.91,1933.72,2109.15,1614.76,1600.17,1581.21,
44.6747,2303.86,1933.61,2108.99,1614.74,1600.26,1581.14,
44.6827,2303.61,1933.84,2109.05,1614.81,1600.16,1581.06,
44.6858,2303.71,1933.5,2108.94,1614.87,1600.27,1581.24,
44.6908,2303.85,1933.54,2109.02,1614.72,1600.05,1581.07,
44.694,2303.78,1933.53,2109.08,1614.77,1600.3,1581.24,
44.6993,2303.63,1933.56,2109.12,1614.83,1600.19,1580.81,
44.7053,2303.87,1933.48,2108.99,1614.59,1600.06,1581,
44.7084,2303.71,1930.38,2106.59,1613.52,1599.38,1580.46,
44.7146,2303.16,1933.35,2108.53,1614.5,1600.27,1581.03,
44.7208,2303.84,1933.6,2108.8,1614.57,1600.2,1580.9,
44.7239,2304.22,1934.07,2148.39,1614.67,1600.22,1580.97,
44.7312,2303.84,1933.18,2108.83,1614.73,1600.33,1581.22,
44.7768,2303.95,1933.76,2108.75,1614.7,1600.06,1581.09,
44.7799,2303.63,1933.59,2109.16,1614.56,1600.3,1581.06,
44.7842,2304.01,1933.53,2109.06,1614.62,1600.06,1581.13,
44.7902,2303.99,1933.77,2108.93,1614.64,1600.05,1581.1,
44.7933,2303.89,1933.84,2108.99,1614.93,1600.41,1580.97,
44.7996,2303.64,1933.7,2108.95,1614.84,1600.09,1581.03,
44.8027,2304.15,1933.84,2109.14,1614.78,1600.13,1580.95,
44.8088,2303.93,1933.34,2109.16,1614.58,1600.6,1581.05,
44.8598,2304.33,1933.57,2108.47,1615.34,1600.25,1581.16,
44.8632,2303.79,1933.62,2109.05,1614.73,1600.23,1581.08,
44.8673,2303.64,1933.57,2108.92,1614.57,1600.28,1581.23,
44.8735,2303.92,1933.66,2109.04,1614.71,1600.21,1581.11,
44.8767,2304.06,1933.56,2109.11,1614.7,1600.07,1581.02,
44.8828,2304.15,1933.44,2108.95,1614.54,1600.27,1581.11,
44.8859,2303.96,1933.7,2109.18,1614.76,1600.15,1581.26,
44.8921,2303.95,1933.55,2108.99,1614.73,1600.23,1581.13,
45.0511,2304.38,1933.62,2109.17,1614.63,1600.39,1580.81,
45.0542,2303.92,1933.52,2109.13,1614.81,1600.05,1581.04,
45.0594,2303.65,1933.64,2109.04,1614.54,1600.33,1581.05,
45.0625,2304.03,1933.85,2109.03,1614.75,1600.17,1580.81,
45.0687,2303.79,1933.84,2109.05,1614.44,1600.12,1581.17,
45.0748,2303.64,1933.36,2108.91,1614.73,1600.12,1580.92,
45.0779,2303.51,1933.68,2109.26,1614.53,1600.11,1581.13,
45.0842,2303.77,1933.68,2108.04,1614.61,1600.59,1580.99,
45.0889,2304.1,1933.5,2108.65,1614.86,1599.76,1581.44,
45.0923,2304.2,1931.39,2108.11,1612.77,1599.67,1580.71,
45.0968,2303.23,1933.28,2108.73,1614.69,1600.2,1581.05,
45.1031,2303.72,1933.79,2109.05,1614.68,1600.29,1580.82,
45.1062,2303.74,1933.73,2109.19,1614.75,1600.19,1580.83,
45.1123,2303.88,1933.74,2109.03,1614.57,1600.29,1578.25,
45.1185,2301.1,1931.9,2107.73,1613.85,1599.77,1580.77,
45.1216,2303.61,1933.39,2109.12,1614.63,1600.23,1580.98,
45.1278,2303.61,1933.36,2108.45,1614.96,1600.19,1581.16,
45.1325,2303.96,1933.22,2070.49,1613.73,1600.27,1581.16,
45.1358,2303.95,1934.03,2109.08,1614.73,1600.08,1581.24,
45.1424,2304.02,1933.47,2108.95,1614.48,1600.28,1581.38,
45.1486,2303.95,1933.71,2108.77,1614.66,1600.25,1581.09,
45.1517,2303.84,1933.52,2109.15,1614.7,1600.32,1581.05,
45.1578,2303.74,1933.48,2108.94,1614.59,1600.21,1580.95,
45.1609,2303.95,1933.6,2108.86,1614.66,1600.06,1580.71,
45.1672,2303.69,1933.34,2108.88,1614.78,1600.25,1580.94,
45.1724,2303.77,1933.47,2108.65,1614.67,1600.06,1581.02,
45.1756,2304.22,1933.6,2109.15,1614.95,1600.16,1580.95,
45.1818,2303.88,1933.52,2109.11,1614.56,1597.67,1579.18,
45.188,2301.95,1932.53,2108.29,1614.09,1599.93,1580.86,
45.1912,2303.61,1933.85,2108.8,1614.96,1600.29,1580.94,
45.1973,2303.7,1933.41,2109.07,1614.71,1600.1,1581.48,
45.2033,2303.88,1933.57,2108.92,1614.8,1600.08,1581.1,
45.2064,2303.93,1933.42,2108.89,1614.84,1600.28,1580.91,
45.2118,2303.86,1933.55,2108.98,1614.66,1600.06,1580.96,
45.2148,2299.83,1931.05,2107.95,1613.09,1599.85,1580.69,
45.2212,2303.91,1933.29,2108.06,1612.5,1598.46,1579.69,
45.2277,2302.4,1932.8,2108.72,1614.49,1600.19,1580.93,
45.2308,2300.02,1931.21,2107.59,1614.05,1599.59,1580.78,
45.2361,2303.08,1933.26,2108.72,1614.79,1600.38,1580.92,
45.2423,2303.83,1933.62,2109.2,1614.74,1599.91,1580.84,
45.2454,2303.8,1933.64,2109.07,1614.75,1600.14,1581.21,
45.2507,2303.97,1933.56,2109.05,1614.57,1600.19,1581.13,
45.2568,2303.95,1933.63,2109.14,1614.54,1600.23,1580.88,
45.2598,2303.81,1933.73,2109.16,1615.33,1600.39,1581.02,
45.2662,2303.91,1934.34,2107.93,1614.61,1600.25,1581.14,
45.2708,2303.85,1934.21,2108.19,1615.03,1600.23,1581.11,
45.2742,2304.16,1933.8,2109.12,1614.71,1600.27,1581.09,
45.2803,2303.9,1933.6,2109.04,1614.71,1600.14,1578.35,
45.3658,2303.54,1933.6,2108.69,1614.64,1600.13,1580.87,
45.3689,2303.62,1933.44,2108.83,1614.74,1600.39,1580.82,
45.3732,2303.62,1933.5,2108.83,1614.53,1600.13,1580.86,
45.3793,2303.87,1933.7,2108.84,1614.74,1600.42,1580.84,
45.3824,2303.51,1933.53,2109.15,1614.79,1600.25,1581.11,
45.3886,2303.58,1933.36,2108.82,1614.82,1600.31,1581.1,
45.3917,2304.03,1933.53,2109.03,1614.58,1600.32,1581.09,
45.3978,2303.87,1933.37,2107.94,1613.95,1600.21,1581.87,
45.4813,2303.7,1933.16,2108.94,1614.71,1600.07,1581.01,
45.4856,2303.69,1933.46,2108.95,1614.6,1600.31,1580.91,
45.4887,2303.59,1933.54,2105.63,1613,1598.89,1580.25,
45.495,2302.92,1932.88,2108.57,1614.58,1599.98,1580.99,
45.5012,2303.98,1933.73,2108.94,1614.66,1600.07,1581.05,
45.5043,2303.68,1933.72,2109.01,1612.07,1598.28,1579.45,
45.5106,2302.64,1932.69,2108.22,1614.4,1599.78,1580.98,
45.5137,2304.16,1933.49,2108.94,1614.7,1600.26,1581.22,
45.6311,2304.54,1934.14,2108.57,1614.95,1600.3,1581.1,
45.6343,2303.68,1933.63,2109.02,1612.25,1598.63,1579.61,
45.6397,2302.68,1932.68,2108.2,1614.31,1599.96,1580.81,
45.6428,2299.73,1930.86,2107.19,1613.86,1599.69,1580.52,
45.6491,2303.43,1933.38,2108.75,1614.94,1600.19,1581.19,
45.6553,2303.85,1933.88,2109.06,1614.69,1600.16,1580.94,
45.6584,2303.96,1933.8,2109.11,1614.81,1600.08,1581.03,
45.6646,2303.91,1933.5,2108.93,1614.74,1600.13,1581.92,
45.6728,2304.3,1933.69,2108.13,1615.14,1600.64,1580.65,
45.6761,2265.98,1933.69,2070.78,1614.35,1600.14,1581.24,
45.6818,2303.85,1934.15,2108.28,1615.05,1600.27,1580.95,
45.6865,2303.28,1933.74,2108.32,1614.83,1600.07,1580.84,
45.6897,2304.47,1933.63,2109.21,1614.8,1600.32,1581.08,
45.6958,2304.07,1933.37,2108.89,1614.71,1600.22,1581.2,
45.702,2303.74,1933.82,2108.92,1614.63,1600.04,1581,
45.7052,2303.82,1933.75,2109.33,1614.76,1600.32,1581.17,
45.7113,2303.79,1933.45,2108.88,1614.56,1600.17,1581.13,
45.7195,2303.69,1933.86,2109.13,1614.75,1600.07,1580.98,
45.7227,2303.39,1933.69,2109.21,1614.9,1600.26,1580.98,
45.7288,2303.8,1933.64,2109.18,1614.79,1600.22,1580.86,
45.7319,2304.06,1933.7,2109.18,1614.62,1600.29,1580.94,
45.7382,2303.79,1933.33,2108.85,1614.98,1600.2,1580.86,
45.7443,2303.71,1933.78,2109.13,1614.69,1600.19,1581.02,
45.7473,2303.53,1933.66,2109.13,1614.8,1600.43,1581.03,
45.7536,2303.53,1933.62,2109.02,1614.62,1600.05,1581.15,
45.7589,2303.64,1934.25,2108.41,1614.32,1600.47,1581.22,
45.7622,2342.43,1933.52,2109.11,1614.08,1600.04,1581.56,
45.7676,2304.2,1934.39,2108.29,1614.24,1598.75,1580.35,
45.7722,2302.11,1933.75,2107.83,1613.98,1600.22,1580.84,
45.7755,2304.04,1933.69,2109.11,1614.68,1600.27,1581.26,
45.7817,2303.81,1933.41,2108.93,1614.55,1600.23,1581.2,
45.7878,2303.98,1933.7,2109.09,1614.53,1600.2,1581.08,
45.7909,2303.78,1933.34,2109,1614.88,1600.28,1581,
45.7962,2303.93,1933.38,2109.16,1614.58,1600.07,1581.26,
45.8023,2303.9,1933.61,2109.11,1613.98,1600.14,1581.18,
45.8056,2303.8,1932.83,2147.84,1614.25,1600.34,1580.87,
45.8102,2303.44,1933.4,2108.97,1614.63,1600.1,1581.41,
45.8162,2303.62,1933.88,2109.12,1614.75,1600.42,1581.12,
45.8193,2303.64,1933.29,2109.01,1614.7,1600.4,1580.98,
45.8256,2303.66,1933.49,2108.99,1614.63,1600.17,1581.07,
45.8287,2303.92,1933.67,2148.41,1614.6,1600.27,1581.09,
45.8339,2303.94,1933.52,2108.97,1614.65,1600.44,1581.22,
45.8402,2303.92,1933.57,2148.2,1614.83,1600.28,1580.94,
45.8433,2303.84,1933.62,2109.1,1614.82,1600.3,1581.16,
45.8494,2303.87,1933.71,2108.26,1614.44,1600.17,1581.25,
45.8539,2304.12,1933.57,2109.1,1614.53,1600.08,1580.82,
45.8571,2303.72,1933.78,2109.14,1614.81,1600.27,1581.04,
45.8633,2303.63,1933.32,2108.95,1614.82,1600.04,1578.32,
45.8695,2300.92,1931.96,2107.79,1614.15,1599.79,1580.76,
45.8727,2303.58,1933.44,2108.83,1614.91,1600.39,1581.11,
45.8778,2304.01,1933.29,2109.1,1614.62,1600.09,1580.84,
45.8841,2303.85,1933.85,2109.19,1614.61,1600.13,1580.87,
45.8872,2303.77,1933.39,2109.07,1614.79,1600.26,1581.19,
45.8933,2303.77,1933.02,2108.84,1614.61,1600.04,1580.92,
45.8965,2303.87,1933.73,2109.04,1614.84,1600.23,1580.92,
45.9037,2303.97,1933.53,2108.94,1614.7,1600.13,1581.07,
45.9098,2303.78,1933.67,2108.85,1614.92,1600.31,1581.1,
45.913,2303.65,1933.7,2109.25,1614.56,1600.17,1580.92,
45.9183,2303.8,1933.55,2109.14,1614.55,1600.28,1578.25,
45.9245,2300.88,1932.03,2107.87,1614.01,1599.61,1580.92,
45.9276,2303.26,1933.19,2109.37,1614.93,1600.25,1581.02,
45.9338,2303.9,1933.69,2109.1,1614.64,1599.95,1580.68,
45.937,2304.36,1933.63,2109.09,1614.71,1600.32,1581.03,
45.9432,2303.66,1933.56,2108.91,1614.72,1600.37,1581.09,
45.9493,2304.01,1933.39,2108.78,1614.61,1600.1,1580.9,
45.9525,2303.87,1933.69,2109.07,1614.7,1600.08,1581.11,
45.9577,2303.77,1933.53,2108.94,1614.73,1600.13,1581.16,
45.9638,2303.81,1933.47,2108.99,1614.69,1600.16,1581.02,
45.9668,2303.49,1933.6,2108.98,1614.86,1600.06,1580.84,
45.9731,2303.95,1933.59,2109.29,1614.56,1600.19,1581.14,
45.9793,2303.64,1933.69,2108.98,1614.75,1600.14,1580.84,
45.9824,2303.8,1933.54,2109.07,1614.26,1600.25,1580.65,
45.9907,2303.82,1933.59,2070.53,1614.37,1600.21,1581.37,
45.9977,2304.38,1933.71,2148.37,1614.85,1600.23,1581.23,
46.0008,2304.04,1933.65,2109.24,1614.96,1600.38,1581.04,
46.0068,2303.74,1933.47,2109.14,1614.57,1600.09,1581.06,
46.01,2303.95,1933.3,2109.13,1614.64,1600.18,1581.13,
46.0162,2303.67,1933.33,2109.22,1614.79,1600.27,1581.24,
46.0223,2303.8,1933.73,2109.17,1614.67,1600.14,1580.83,
46.0254,2303.67,1934.58,2107.81,1615.28,1600.06,1581.1,
46.1097,2303.62,1933.25,2108.86,1614.92,1600.21,1581.09,
46.1138,2303.69,1933.55,2108.85,1614.91,1600.05,1581.01,
46.1168,2299.5,1930.75,2106.99,1613.76,1599.51,1580.79,
46.1251,2303.28,1933.27,2108.9,1614.98,1600.49,1581.06,
46.1303,2303.85,1933.55,2108.95,1614.76,1600.14,1580.99,
46.1334,2303.68,1933.85,2109.35,1614.69,1600.14,1581,
46.1396,2304.21,1933.52,2109.03,1614.54,1600.11,1581.31,
46.1458,2304.11,1933.58,2109.04,1614.58,1600.37,1580.89,
46.2273,2303.7,1931.42,2107.43,1613.78,1599.68,1580.54,
46.2316,2303.06,1933.39,2108.59,1614.62,1600.33,1580.97,
46.2378,2304.18,1933.56,2109.33,1614.72,1600.08,1580.82,
46.2409,2304.21,1933.55,2108.94,1614.98,1600.11,1581.05,
46.2471,2303.84,1933.58,2109.31,1614.63,1600.23,1581.32,
46.2533,2304.3,1933.57,2108.57,1614.74,1600.22,1581.08,
46.2565,2304.12,1933.52,2109.1,1614.7,1600.33,1581.09,
46.2627,2303.34,1933.68,2108.96,1614.66,1600.31,1580.97,
46.3106,2304.22,1933.78,2110.12,1614.23,1600.44,1580.95,
46.3139,2303.99,1933.68,2109.05,1615.12,1600.44,1581.07,
46.3192,2303.96,1933.87,2108.86,1614.63,1600.11,1581.14,
46.3252,2303.88,1933.73,2108.95,1614.86,1600.08,1581.1,
46.3283,2303.89,1933.34,2108.95,1614.79,1600.31,1581.19,
46.3346,2303.9,1933.53,2109.32,1614.68,1600.31,1581.08,
46.3377,2304.21,1933.94,2109.23,1614.81,1600.31,1581.26,
46.3438,2303.17,1933.52,2108.26,1613.95,1600.35,1581.38,
46.3516,2304.33,1933.84,2108.42,1614.41,1600.68,1581.01,
46.3548,2343.19,1934.81,2108.55,1614.11,1600.29,1581.43,
46.3605,2304.1,1934.45,2108.47,1615.2,1600.2,1581,
46.365,2304.14,1933.7,2109.12,1614.74,1600.19,1581.13,
46.3713,2303.95,1933.69,2109.18,1614.54,1600.04,1581.04,
46.3744,2303.73,1933.57,2108.97,1614.95,1600.33,1580.97,
46.3806,2303.66,1933.47,2108.64,1614.48,1600.16,1580.99,
46.3837,2303.97,1933.71,2109.17,1614.83,1600.3,1580.83,
46.3899,2303.86,1933.45,2109.04,1614.85,1600.49,1580.83,
46.3954,2303.84,1933.61,2108.96,1614.64,1599.91,1581.08,
46.3986,2303.96,1933.5,2108.77,1614.7,1600.09,1580.99,
46.4048,2304.06,1933.42,2109.09,1614.66,1600.06,1581.13,
46.4108,2303.97,1933.84,2108.96,1614.74,1600.19,1580.9,
46.4138,2303.98,1933.68,2148.41,1614.87,1600.32,1580.79,
46.4201,2303.87,1933.55,2109.03,1614.68,1600.26,1581.24,
46.4263,2304.03,1933.7,2109.05,1614.77,1600.32,1581.11,
46.4294,2303.8,1933.4,2108.96,1614.79,1600.32,1580.53,
46.4347,2303.61,1933.44,2109.29,1614.65,1600.31,1581.1,
46.4378,2299.86,1931.11,2107.31,1613.9,1599.72,1580.46,
46.4441,2303.25,1933.27,2108.34,1614.91,1600.45,1580.99,
46.4503,2303.61,1933.45,2109.02,1614.75,1600.25,1580.78,
46.4534,2303.61,1933.75,2109.04,1614.73,1600.32,1580.84,
46.4596,2303.86,1933.47,2109.15,1614.66,1600.09,1581.22,
46.4658,2304.22,1933.65,2109.03,1614.73,1600.17,1581.11,
46.4689,2303.63,1933.38,2109.11,1614.56,1600.24,1581.05,
46.4742,2303.9,1933.57,2108.93,1614.68,1600.2,1581.13,
46.4822,2304.18,1933.77,2109.02,1614.73,1600.08,1580.83,
46.4852,2303.97,1933.58,2108.98,1614.99,1600.19,1580.98,
46.4913,2303.93,1933.44,2109.05,1614.59,1600.19,1581.05,
46.4944,2303.5,1933.72,2108.95,1614.76,1600.2,1581.08,
46.5006,2304.06,1933.33,2108.92,1614.77,1600.18,1581.16,
46.5067,2303.98,1933.52,2109.15,1614.58,1600.32,1581.1,
46.5099,2303.84,1933.49,2109.06,1614.78,1600.28,1581,
46.5152,2303.84,1933.53,2109,1614.62,1600.33,1581.38,
46.5213,2304.32,1933.6,2109.05,1614.76,1600.18,1580.45,
46.5244,2304.09,1933.55,2108.93,1615.57,1600.35,1581.22,
46.5309,2304.12,1933.6,2108.99,1614.79,1600.24,1581.16,
46.5354,2304.18,1933.62,2109.29,1614.49,1600.23,1581.07,
46.5386,2303.82,1933.44,2109.21,1614.97,1600.48,1581.24,
46.5448,2303.93,1933.52,2108.9,1614.68,1600.09,1580.93,
46.5903,2303.81,1933.77,2109.03,1614.63,1600.12,1580.95,
46.5934,2303.87,1933.49,2108.96,1614.66,1600.33,1581.05,
46.5977,2303.79,1933.44,2108.77,1614.33,1600.24,1581.2,
46.6007,2304.01,1933.47,2108.85,1614.83,1600.04,1580.85,
46.6068,2303.67,1933.46,2108.78,1614.39,1600.09,1581.18,
46.6131,2304.26,1933.6,2107.55,1614.63,1600.58,1580.98,
46.6163,2303.79,1930.8,2106.8,1614.22,1599.71,1580.24,
46.6217,2304.23,1933.34,2108.78,1614.47,1600.17,1581.01,
46.7037,2304.22,1933.6,2109.76,1613.96,1600.56,1580.93,
46.7069,2303.96,1933.59,2108.95,1614.77,1600.24,1581.06,
46.7112,2303.67,1933.6,2109.14,1614.81,1600.53,1581.1,
46.7173,2303.71,1933.19,2108.79,1614.44,1600.07,1581.01,
46.7204,2303.78,1933.84,2109.06,1614.84,1600.07,1581.05,
46.7267,2303.97,1933.45,2109.07,1614.69,1600.26,1581.14,
46.7328,2304.03,1933.48,2148.39,1614.86,1600.2,1580.9,
46.7359,2303.56,1933.6,2108.97,1614.96,1600.42,1580.88,
46.7563,2304.09,1934.22,2108.49,1614.78,1600.4,1581.04,
46.7595,2303.65,1933.62,2109.22,1614.76,1600.2,1581.05,
46.7648,2303.81,1933.69,2108.84,1614.76,1600.26,1580.86,
46.7711,2304.3,1933.6,2109.16,1614.67,1600.24,1581.09,
46.7742,2303.71,1933.46,2108.97,1614.93,1600.44,1581.42,
46.7803,2303.64,1933.49,2108.77,1614.78,1600.04,1580.95,
46.7834,2303.76,1933.59,2108.95,1614.54,1600.17,1581.09,
46.7896,2303.64,1933.52,2109.08,1614.71,1600.63,1581.04,
46.8758,2303.92,1933.45,2108.63,1614.54,1600.07,1580.81,
46.8789,2304.17,1933.7,2108.97,1614.58,1600.34,1581.17,
46.8832,2303.5,1933.64,2108.02,1615.38,1600.14,1581.63,
46.8864,2304.02,1933.74,2107.98,1615.23,1600.27,1581.21,
46.8897,2304.29,1933.76,2109.12,1614.58,1600.42,1581.06,
46.8961,2303.63,1933.46,2109.03,1614.77,1600.36,1581.14,
46.9023,2303.91,1933.49,2109.15,1614.8,1600.13,1581.04,
46.9054,2303.74,1933.74,2148.39,1614.43,1600.06,1580.93,
46.9518,2303.92,1933.53,2109.01,1614.67,1600.35,1580.97,
46.9561,2303.82,1933.61,2108.86,1614.6,1600.11,1580.98,
46.9592,2303.83,1933.65,2148.16,1614.76,1600.21,1581,
46.9653,2304,1933.53,2109.13,1614.7,1600.19,1578.44,
46.9715,2301.3,1932.09,2107.98,1614.06,1599.71,1580.88,
46.9746,2303.65,1934.36,2109.28,1615.41,1600.45,1581.21,
46.9789,2304.17,1933.32,2109.62,1614.25,1600.76,1582.18,
46.9845,2304.34,1934.01,2108.39,1614.02,1600.5,1580.74,
46.9878,2343,1933.86,2108.45,1615.29,1600.27,1581.33,
46.9962,2304.11,1933.51,2070.72,1614.16,1600.59,1581.1,
47.0045,2304.06,1933.54,2109.02,1614.55,1600.31,1580.95,
47.0077,2304.18,1933.71,2109.26,1614.94,1600.29,1581.12,
47.0128,2303.95,1933.47,2108.95,1614.61,1600.13,1581.02,
47.0158,2304.23,1934.51,2109.25,1614.91,1600.07,1580.7,
47.0221,2304.02,1933.87,2109.32,1614.57,1600.42,1581.21,
47.0283,2303.9,1933.88,2108.77,1614.57,1600.34,1581.06,
47.0314,2303.83,1933.83,2109.03,1614.74,1600.19,1580.97,
47.0367,2303.89,1933.48,2109.02,1614.58,1600.25,1581.07,
47.0428,2304.03,1933.68,2109.07,1614.74,1600.34,1581,
47.0458,2303.74,1933.37,2109.37,1614.56,1600.34,1581.09,
47.0521,2303.63,1933.6,2108.91,1614.55,1600.16,1580.97,
47.0582,2303.9,1933.6,2108.89,1614.59,1600.42,1580.86,
47.0613,2303.74,1933.71,2108.78,1614.02,1600.35,1581.25,
47.0696,2304.15,1933.35,2109.7,1613.92,1600.2,1581.22,
47.0729,2304.4,1933.2,2108,1614.31,1600.67,1580.88,
47.0776,2303.82,1933.47,2108.97,1614.94,1600.47,1581.21,
47.082,2303.87,1933.56,2108.81,1614.55,1600.29,1581.07,
47.0882,2303.98,1933.91,2108.94,1614.84,1600.2,1581.18,
47.0913,2303.43,1933.51,2108.81,1614.92,1600.22,1580.94,
47.0975,2303.95,1933.45,2108.93,1614.74,1600.23,1581.01,
47.1007,2304.48,1933.8,2109.19,1614.69,1600.25,1581.05,
47.1068,2303.32,1933.58,2108.83,1614.53,1600.24,1581.04,
47.1112,2303.79,1934.28,2147.2,1615.13,1600.19,1581.11,
47.1145,2303.87,1934.01,2108.83,1614.6,1600.04,1581.06,
47.1219,2303.67,1933.7,2109.14,1614.9,1600.27,1581.24,
47.1282,2303.68,1933.65,2109.06,1614.9,1600.26,1581.07,
47.1313,2303.5,1930.14,2106.41,1613.3,1599.4,1580.14,
47.1375,2303.46,1932.99,2108.51,1614.59,1600.09,1581.06,
47.1438,2304.11,1933.44,2109.19,1614.79,1600.33,1580.98,
47.1468,2303.97,1933.74,2109.35,1614.92,1600.21,1581.13,
47.1531,2303.91,1933.73,2108.04,1614.79,1599.63,1581.95,
47.1613,2303.78,1934.61,2108.28,1614.35,1600.34,1581.22,
47.1646,2303.19,1933.9,2070.44,1614.78,1600.33,1581.14,
47.1698,2303.95,1933.47,2108.82,1614.48,1600.33,1580.89,
47.1729,2304.06,1933.65,2109.15,1614.55,1600.31,1581.19,
47.1792,2303.73,1933.52,2109.12,1614.88,1600.29,1580.96,
47.1853,2303.52,1933.58,2108.79,1614.77,1600.37,1580.99,
47.1884,2303.83,1934.05,2109.21,1614.97,1600.24,1581.1,
47.1947,2303.77,1933.47,2109,1614.67,1600.05,1581.15,
47.1999,2303.9,1933.63,2109.13,1614.74,1600.12,1580.89,
47.2031,2303.85,1933.85,2108.83,1614.6,1600.23,1581.05,
47.2075,2303.88,1933.37,2108.85,1614.82,1600.14,1581.08,
47.2137,2303.86,1933.72,2108.96,1614.84,1600.18,1581.05,
47.2168,2303.88,1933.51,2109.2,1614.72,1600.34,1581.04,
47.2231,2303.74,1933.46,2108.91,1614.64,1600.12,1581.14,
47.2293,2303.77,1933.65,2109.22,1614.76,1600.31,1581.21,
47.2324,2303.8,1933.77,2108.95,1615.08,1600.23,1581.23,
47.2377,2303.97,1933.49,2109.28,1614.78,1600.27,1581.05,
47.2408,2300.12,1931.98,2106.7,1613.44,1599.83,1580.66,
47.2472,2303.32,1933.33,2108.67,1614.74,1600.42,1581.06,
47.2533,2303.93,1933.73,2109.07,1614.8,1600.12,1581.02,
47.2563,2303.73,1933.81,2109.1,1614.7,1600.19,1581.06,
47.2626,2303.91,1933.61,2109.03,1614.83,1600.3,1581.18,
47.2688,2304.29,1933.35,2108.94,1614.83,1600.27,1580.96,
47.2719,2303.66,1933.61,2109.1,1614.71,1600.4,1581.03,
47.2772,2303.67,1933.78,2108.94,1614.9,1600.16,1581.25,
47.2833,2303.96,1933.6,2109,1614.77,1600.06,1580.98,
47.2863,2303.57,1933.52,2108.99,1614.71,1600.22,1581.35,
47.2926,2304.05,1933.73,2108.79,1614.81,1600.06,1581.17,
47.2957,2304.2,1933.86,2148.36,1614.73,1600.21,1580.86,
47.3018,2303.85,1933.45,2109.17,1614.63,1600.21,1581.2,
47.3078,2304.35,1933.64,2108.82,1614.79,1600.11,1580.73,
47.3109,2303.85,1933.66,2109.28,1614.86,1600.35,1581.03,
47.3173,2303.91,1933.79,2108.97,1614.67,1600.21,1581.26,
47.3233,2303.78,1933.7,2109.01,1614.78,1600.13,1580.82,
47.3264,2303.72,1933.35,2108.92,1614.65,1599.91,1580.95,
47.3326,2303.79,1933.71,2109.05,1614,1600.3,1580.38,
47.3358,2299.65,1931.25,2107.22,1613.77,1599.44,1580.56,
47.3441,2303.24,1933.29,2108.67,1614.75,1600.32,1581.19,
47.3493,2303.97,1933.56,2108.83,1614.77,1600.31,1580.93,
47.3924,2303.91,1934.02,2109.31,1614.78,1600.21,1581.11,
47.3966,2303.84,1933.39,2109.03,1614.81,1600.21,1581.25,
47.4027,2303.84,1933.52,2109.25,1614.77,1600.11,1580.93,
47.4058,2303.47,1933.34,2109.22,1614.74,1600.41,1581.02,
47.4121,2303.77,1933.73,2109.14,1614.73,1600.25,1581.37,
47.4183,2304.03,1933.74,2109.29,1614.74,1600.33,1580.95,
47.4214,2303.85,1933.38,2108.8,1615.2,1599.81,1581.57,
47.4277,2265.79,1934.04,2108.43,1614.83,1600,1581.64,
47.4324,2304.36,1933.86,2108.37,1613.94,1600.38,1580.64,
47.4358,2304.85,1933.62,2107.91,1615.03,1599.94,1581.01,
47.4403,2303.91,1933.57,2108.85,1614.75,1600.09,1581.06,
47.4465,2303.99,1933.45,2108.97,1614.78,1600.31,1580.85,
47.4497,2304,1933.48,2109.22,1614.75,1600.46,1581.02,
47.4557,2303.92,1933.63,2109,1614.71,1600.18,1580.94,
47.4588,2300,1931.42,2107.52,1613.82,1599.57,1580.66,
47.4651,2303.24,1933.24,2108.82,1613.84,1600.44,1581.26,
47.5498,2303.56,1933.48,2108.86,1614.7,1600.12,1580.94,
47.5529,2303.89,1933.64,2108.79,1614.64,1600.25,1580.87,
47.5572,2303.83,1933.47,2108.92,1614.93,1600.46,1580.99,
47.5652,2304.06,1933.69,2108.97,1614.59,1600.23,1581.26,
47.5683,2303.76,1933.73,2109.09,1614.85,1600.06,1581.05,
47.5743,2303.63,1933.54,2109.01,1614.83,1599.92,1581.17,
47.5805,2304.08,1933.77,2108.79,1614.67,1600.06,1581.17,
47.5837,2303.6,1933.73,2109.24,1614.92,1600.22,1580.95,
47.5898,2303.6,1933.45,2108.99,1614.62,1600.18,1580.91,
47.5951,2303.71,1933.67,2108.82,1614.55,1600.13,1581.23,
47.5982,2303.55,1933.62,2108.94,1614.84,1600.45,1581.23,
47.6043,2304.39,1933.86,2147.75,1614,1600.62,1581.11,
47.6076,2303.8,1933.82,2109.23,1614.86,1600.28,1581.26,
47.6157,2303.79,1933.5,2109.27,1614.59,1600.14,1581.21,
47.6208,2303.89,1933.49,2109.13,1614.71,1600.05,1581.01,
47.6239,2303.82,1933.33,2109.11,1614.54,1600.32,1580.76,
47.6302,2303.69,1933.3,2109.17,1614.56,1600.13,1581.06,
47.6353,2303.8,1933.37,2109.05,1614.75,1600.31,1581.22,
47.6385,2303.7,1933.47,2109.25,1614.96,1600.22,1581.26,
47.6447,2303.99,1933.49,2109.27,1614.67,1600.19,1580.86,
47.6478,2300.29,1931.36,2106.72,1613.17,1599.96,1580.66,
47.6562,2303.02,1933.74,2108.28,1611.96,1598.31,1579.53,
47.6627,2303.03,1932.76,2108.17,1614.5,1599.98,1580.91,
47.6658,2299.85,1931.32,2107.29,1613.64,1599.64,1580.38,
47.6721,2303.53,1933.37,2108.63,1614.78,1600.4,1581.04,
47.6774,2303.87,1933.55,2108.99,1614.6,1600.31,1581.05,
47.6805,2304.04,1933.6,2108.95,1614.86,1600.21,1581.08,
47.6867,2303.94,1933.73,2108.82,1614.66,1600.17,1581.42,
47.6928,2304.33,1933.67,2108.83,1614.09,1600.07,1580.44,
47.6961,2304.16,1933.33,2108.7,1614.09,1599.74,1581.32,
47.7006,2304.59,1934.09,2070.67,1614.33,1598.29,1580.11,
47.7052,2302.99,1933.66,2107.91,1614.14,1600.21,1581.55,
47.7085,2304.3,1934.71,2108.63,1614.2,1600.23,1581.09,
47.7152,2265.86,1933.59,2109.15,1614.78,1600.27,1581.1,
47.7195,2303.72,1933.74,2108.93,1614.64,1600.08,1580.96,
47.7227,2304.27,1933.44,2108.8,1614.64,1600.24,1581.24,
47.7288,2303.76,1933.44,2109.19,1614.56,1597.63,1579.23,
47.735,2301.82,1932.66,2108.19,1614.53,1599.88,1580.95,
47.7382,2303.74,1933.69,2109.13,1614.68,1600.28,1581.17,
47.7453,2303.95,1933.38,2108.8,1614.67,1600.09,1580.99,
47.7516,2303.81,1933.68,2109.01,1614.61,1600.25,1581.2,
47.7547,2303.63,1933.65,2109.17,1614.74,1600.2,1581.24,
47.7599,2303.95,1933.59,2108.95,1614.83,1600.32,1581.2,
47.7662,2303.97,1933.55,2108.94,1614.62,1600.25,1581.04,
47.7692,2303.63,1933.68,2109.02,1614.94,1600.37,1581.02,
47.7752,2303.96,1933.87,2109.36,1614.9,1600.04,1581.15,
47.7783,2303.73,1933.64,2109.14,1614.89,1599.95,1581.83,
47.7846,2303.61,1933.65,2108.96,1614.58,1600.21,1581.11,
47.7918,2303.88,1933.56,2109.07,1614.53,1600.25,1581.11,
47.795,2303.58,1933.81,2109.16,1614.77,1600.32,1581,
47.8003,2303.91,1933.64,2109.13,1614.88,1600.04,1581.17,
47.8063,2303.97,1933.75,2109.22,1614.74,1600.22,1580.86,
47.8094,2303.89,1933.56,2108.94,1614.93,1600.12,1581.2,
47.8156,2304.07,1933.41,2108.96,1614.56,1600.08,1581.06,
47.8187,2304.22,1933.56,2109,1614.77,1600.34,1580.98,
47.8248,2304.01,1933.56,2108.99,1614.55,1597.61,1578.98,
47.8703,2304.16,1933.58,2108.97,1614.39,1600.13,1581.01,
47.8734,2303.52,1933.59,2109.21,1614.68,1600.09,1580.98,
47.8817,2303.68,1933.7,2108.77,1614.75,1600.15,1581.24,
47.8867,2304.21,1933.39,2109.1,1614.54,1600.28,1581.1,
47.8898,2303.53,1933.49,2109.25,1614.79,1600.24,1581.19,
47.8961,2303.88,1933.39,2109.05,1614.69,1600.29,1581.2,
47.9022,2303.96,1933.88,2109.14,1614.65,1600.43,1580.89,
47.9053,2303.98,1933.52,2109.06,1614.91,1600.22,1580.81,
47.9116,2303.59,1933.65,2108.96,1614.76,1600.13,1581.05,
47.9147,2304.12,1933.7,2109.21,1614.7,1599.99,1581.54,
47.92,2304.07,1933.69,2147.87,1614.47,1599.9,1580.92,
47.9244,2303.21,1933.99,2148.15,1614.09,1600.13,1580.4,
47.9277,2343.37,1934.44,2108.57,1614.34,1599.75,1581.58,
47.9322,2303.86,1934.14,2108.58,1615.56,1599.94,1581.51,
47.9401,2304.68,1933.69,2107.55,1614.59,1600.16,1581.37,
47.9462,2303.94,1933.45,2109.3,1614.73,1600.28,1581.09,
47.9493,2303.74,1933.68,2108.81,1614.76,1600.32,1581.07,
47.9547,2304.02,1933.68,2108.86,1614.71,1600.15,1581.05,
47.9577,2304.1,1933.79,2109.19,1614.58,1600.23,1581.09,
47.9638,2303.54,1933.65,2108.3,1614.72,1600.39,1580.98,
47.9684,2303.83,1933.56,2109.05,1614.8,1600.17,1580.87,
47.9716,2304.1,1933.87,2109.19,1614.41,1600.06,1580.94,
47.9778,2303.95,1933.36,2109.17,1614.96,1600.09,1581.19,
47.9838,2303.98,1933.52,2108.99,1614.53,1600.31,1580.98,
47.9869,2304.05,1933.46,2109.16,1614.57,1600.09,1580.9,
47.9922,2303.75,1933.56,2109.15,1614.79,1600.19,1581.05,
47.9982,2303.79,1933.65,2109.03,1614.44,1600.34,1581.04,
48.0013,2303.65,1933.53,2109.02,1615.08,1600.33,1581.27,
48.0076,2303.84,1933.5,2108.93,1613.9,1600.05,1581.77,
48.0108,2304.37,1933.63,2070.42,1613.82,1600.61,1581.05,
48.016,2304.11,1933.5,2109.05,1614.9,1600.23,1581.18,
48.0205,2303.87,1933.56,2108.77,1614.64,1600.18,1581.14,
48.0237,2304.13,1933.85,2109.22,1614.92,1600.21,1581.12,
48.0288,2303.82,1933.44,2109.1,1614.56,1600.32,1581.01,
48.0351,2303.88,1933.45,2109.03,1614.64,1600.33,1581.1,
48.0382,2303.54,1933.83,2148.39,1614.55,1600.35,1581.12,
48.0443,2303.75,1933.43,2108.97,1614.58,1600.05,1580.84,
48.0505,2303.94,1933.67,2108.92,1614.49,1600.26,1580.78,
48.0537,2303.56,1933.3,2070.46,1614.47,1600.31,1581.11,
48.0589,2304.33,1933.14,2148.3,1614.24,1600.74,1581.21,
48.0655,2303.86,1933.58,2109.06,1614.71,1600.22,1580.99,
48.0686,2303.91,1933.59,2108.99,1614.93,1600.11,1580.96,
48.0739,2303.81,1933.42,2109.01,1614.51,1600.19,1581.08,
48.0802,2304.19,1933.67,2108.94,1614.57,1600.19,1581.21,
48.0832,2303.88,1933.73,2109.15,1614.81,1600.34,1581.02,
48.0893,2303.91,1933.46,2109.19,1614.97,1600.2,1581.01,
48.0923,2303.66,1933.64,2109.33,1614.66,1600.23,1581.05,
48.0986,2303.7,1933.42,2108.31,1615.26,1600.15,1581.15,
48.1048,2303.83,1933.27,2108.84,1614.64,1600.27,1580.88,
48.108,2303.81,1933.39,2109.08,1614.87,1600.34,1580.91,
48.1133,2303.73,1933.66,2108.78,1614.44,1600.18,1581.25,
48.1195,2304.02,1933.46,2109.05,1614.82,1600.05,1581.07,
48.1226,2303.78,1933.24,2108.79,1614.88,1600.06,1581.24,
48.1287,2303.82,1933.47,2108.79,1614.58,1600.28,1580.81,
48.1318,2304.03,1933.52,2109,1614.61,1600.19,1581.08,
48.1381,2303.94,1933.51,2108.98,1614.77,1600.29,1581,
48.1443,2304.11,1933.62,2148.13,1614.14,1599.8,1581.82,
48.1477,2303.93,1934.77,2108.33,1614.27,1600.35,1581.67,
48.1532,2304.06,1934.55,2108.26,1614.32,1600.48,1580.7,
48.1577,2303.83,1933.51,2108.46,1614.66,1600.09,1580.93,
48.1609,2304.01,1933.55,2109.02,1614.73,1600.28,1581,
48.1672,2303.81,1933.36,2108.8,1614.89,1600.37,1581.05,
48.1733,2304.1,1933.86,2109.12,1614.58,1600.09,1580.98,
48.1764,2303.79,1933.69,2109.02,1614.72,1600.19,1581.1,
48.1827,2303.8,1933.64,2108.79,1614.65,1600.06,1581.16,
48.1878,2303.78,1933.7,2108.6,1615.14,1600.19,1580.92,
48.1911,2303.74,1933.56,2109.23,1614.79,1600.32,1581.09,
48.1973,2303.5,1933.49,2108.74,1614.8,1600.32,1581.05,
48.2033,2304.31,1933.45,2109.1,1614.43,1600.18,1581.08,
48.2064,2303.51,1933.56,2108.99,1614.97,1600.17,1580.87,
48.2126,2303.63,1933.37,2108.91,1614.73,1600.23,1580.88,
48.2157,2304.18,1933.63,2108.92,1614.61,1600.32,1580.85,
48.2218,2303.6,1933.58,2108.85,1614.65,1600.3,1581.24,
48.2271,2303.91,1933.42,2109.03,1614.57,1600.12,1580.86,
48.2302,2303.46,1933.64,2108.22,1615.43,1599.9,1581.72,
48.2364,2304.97,1933.71,2108.21,1613.62,1600.12,1581.01,
48.241,2304.17,1933.5,2109.12,1614.8,1600.3,1581.07,
48.2441,2303.88,1933.94,2109.07,1614.77,1600.17,1581.05,
48.2503,2303.48,1933.62,2108.79,1614.55,1600.4,1578.25,
48.2565,2301.08,1932.18,2107.68,1614.03,1599.6,1580.69,
48.3379,2303.63,1933.69,2109.2,1614.97,1600.04,1580.96,
48.3421,2303.86,1933.37,2108.82,1614.67,1600.11,1581.16,
48.3482,2303.62,1933.5,2109.1,1614.69,1600.07,1581.11,
48.3513,2303.64,1933.75,2108.84,1614.59,1600.32,1581.04,
48.3576,2303.72,1933.44,2109,1614.39,1600.13,1581.08,
48.3607,2304.17,1933.68,2109.21,1614.8,1600.14,1580.82,
48.3668,2303.97,1933.16,2109.01,1614.83,1597.85,1580.11,
48.3721,2303.05,1932.79,2107.67,1613.74,1599.83,1581.53,
48.4573,2304,1933.58,2109.19,1613.7,1600.3,1581.2,
48.4605,2304.07,1933.61,2109.05,1614.58,1600.19,1581.14,
48.4648,2304.02,1933.49,2108.99,1614.79,1600.19,1581.05,
48.4678,2304.05,1933.72,2108.92,1614.78,1600.19,1581.06,
48.4741,2303.65,1933.37,2109.1,1614.59,1600.32,1581.19,
48.4803,2303.73,1933.42,2108.92,1614.38,1600.25,1580.84,
48.4834,2303.51,1933.58,2109.14,1614.56,1600.13,1581.06,
48.4897,2304.01,1933.64,2109.12,1614.64,1600.06,1581.36,
48.5993,2305.11,1933.62,2109.3,1614.27,1599.96,1581.18,
48.6027,2304.39,1933.54,2109.1,1614.69,1600.19,1581.02,
48.6079,2303.64,1933.35,2108.96,1614.75,1600.1,1580.88,
48.6142,2304.1,1933.71,2109.28,1614.67,1600.32,1581.05,
48.6172,2303.86,1933.5,2109.05,1614.79,1600.23,1580.92,
48.6233,2303.74,1933.72,2109.01,1614.61,1600.31,1580.84,
48.6263,2303.67,1933.67,2109.17,1614.79,1600.29,1581.03,
48.6326,2303.69,1933.56,2109.19,1614.64,1600.33,1581.21,
48.6787,2304.01,1933.42,2108.68,1614.4,1600.05,1580.91,
48.6817,2303.67,1933.67,2109.04,1614.26,1600.63,1580.68,
48.6859,2303.78,1934.56,2108.42,1614.47,1600.12,1581.14,
48.6925,2303.46,1933.97,2108.29,1614.13,1600.4,1580.96,
48.6958,2304.06,1933.98,2148.21,1614.57,1600.29,1580.99,
48.7037,2303.81,1933.66,2108.94,1614.81,1600.06,1581.18,
48.7087,2304.06,1933.54,2108.92,1614.64,1600.49,1581.01,
48.7118,2303.5,1933.59,2109.35,1614.65,1600.14,1580.86,
48.7181,2303.64,1933.34,2108.98,1614.58,1600.05,1581.27,
48.7233,2304.17,1933.73,2108.96,1614.71,1600.23,1580.98,
48.7265,2303.72,1933.64,2109.17,1614.94,1600.19,1581.24,
48.7346,2303.77,1933.3,2109.08,1614.82,1600.08,1580.89,
48.7377,2304.09,1933.6,2109.05,1614.57,1600.25,1581.11,
48.7428,2303.86,1933.55,2109.04,1614.67,1597.67,1578.99,
48.749,2302.18,1932.23,2108.24,1614.16,1599.87,1580.67,
48.7522,2303.75,1934.06,2148.32,1614.55,1600.04,1580.99,
48.7583,2304.1,1933.37,2108.91,1614.73,1600.05,1581.05,
48.7636,2303.9,1933.68,2109.19,1614.56,1600.07,1581.03,
48.7667,2303.72,1933.34,2109.36,1614.8,1600.2,1580.83,
48.7728,2303.84,1933.57,2108.85,1614.04,1600.34,1580.61,
48.7782,2303.79,1933.64,2148.27,1614.79,1600.2,1580.96,
48.7813,2303.68,1933.39,2109.13,1612.15,1598.23,1579.73,
48.7875,2302.44,1932.8,2108.72,1614.43,1599.93,1580.96,
48.7906,2303.98,1933.68,2109.03,1614.82,1600.23,1581.1,
48.7968,2303.81,1933.54,2109.09,1614.79,1600.22,1580.91,
48.8022,2303.71,1933.54,2108.97,1614.79,1600.08,1580.97,
48.8052,2303.77,1933.93,2109.26,1614.81,1600.3,1581.05,
48.8113,2303.68,1933.53,2108.84,1614.47,1600.05,1578.36,
48.8175,2301.14,1932.05,2107.62,1614.48,1599.48,1581.56,
48.8207,2304.66,1933.44,2108.15,1615.08,1600.04,1581,
48.8253,2303.82,1933.46,2108.77,1614.54,1600.09,1581.05,
48.8315,2303.8,1933.75,2109.06,1614.78,1600.15,1580.91,
48.8761,2303.45,1933.44,2108.99,1614.76,1600.3,1581.15,
48.8803,2303.58,1933.47,2109.03,1614.64,1600.06,1578.22,
48.8865,2301.25,1931.97,2107.7,1614.09,1599.68,1580.56,
48.8896,2303.65,1933.41,2109.36,1614.58,1600.22,1580.95,
48.8957,2303.93,1933.15,2109.1,1614.73,1600.25,1580.89,
48.8988,2304.06,1933.72,2109.16,1614.7,1600.49,1581,
48.9051,2303.69,1933.43,2109.18,1614.52,1600.9,1581.22,
48.9132,2304.2,1933.45,2148.23,1613.97,1600.52,1581.73,
48.9167,2304.31,1933.46,2070.37,1614.7,1600.09,1580.91,
48.9211,2303.5,1933.38,2109.2,1614.71,1600.32,1580.96,
48.9273,2304.01,1933.84,2109.11,1614.75,1600.1,1580.9,
48.9304,2304.01,1933.84,2109.14,1614.6,1600.2,1581.01,
48.9366,2303.78,1933.53,2108.92,1614.62,1600.26,1581.08,
48.9427,2303.81,1933.7,2109.16,1614.84,1600.26,1581.02,
48.9458,2303.86,1933.41,2109.2,1614.86,1600.13,1580.81,
48.9521,2303.79,1933.45,2109.36,1614.68,1599.77,1581.25,
49.0348,2303.89,1933.56,2109.21,1614.57,1600.24,1580.96,
49.0379,2303.63,1933.29,2109.33,1614.89,1600.11,1581.02,
49.0421,2303.61,1933.38,2108.83,1614.59,1599.94,1581.24,
49.0464,2304.06,1933.74,2070.38,1614.62,1600.11,1581.04,
49.0496,2303.88,1933.36,2109.26,1614.87,1600.42,1581.14,
49.0557,2303.77,1933.22,2109.1,1614.78,1600.1,1581,
49.0588,2304.2,1933.54,2108.88,1614.88,1600.27,1581,
49.0651,2303.86,1933.56,2109.06,1614.7,1600.25,1580.88,
49.144,2303.43,1933.58,2108.48,1614.42,1599.92,1581.05,
49.1482,2303.98,1933.51,2108.85,1614.59,1600.23,1581.21,
49.1513,2303.6,1933.59,2109.04,1614.98,1600.46,1580.94,
49.1575,2303.86,1933.55,2108.96,1614.79,1600.14,1581.08,
49.1607,2304.3,1933.52,2109.14,1614.75,1600.32,1580.83,
49.1668,2303.78,1933.57,2108.97,1614.71,1600.23,1581.08,
49.173,2303.65,1933.75,2108.74,1614.59,1600.08,1580.85,
49.1762,2303.76,1933.72,2148.31,1614.98,1600.29,1580.94,
49.2227,2303.84,1933.37,2109.12,1614.34,1600.28,1581.16,
49.2307,2303.66,1933.71,2108.83,1614.77,1600.21,1580.89,
49.2338,2303.71,1933.69,2109,1614.63,1600.21,1581.08,
49.2388,2304.05,1933.62,2108.92,1614.68,1600.05,1581,
49.2419,2303.95,1933.72,2109.08,1614.72,1600.27,1580.85,
49.2481,2303.82,1933.3,2108.99,1614.73,1600.26,1581.1,
49.2542,2303.8,1933.5,2108.89,1614.39,1600.32,1580.9,
49.2574,2303.53,1933.53,2109.02,1614.66,1600.16,1580.88,
49.3223,2304.3,1933.79,2108.35,1614.8,1600.31,1580.99,
49.3256,2303.69,1933.64,2108.92,1614.74,1600.22,1580.92,
49.331,2303.89,1933.48,2108.81,1614.63,1600.17,1581.38,
49.3372,2303.9,1933.66,2109.34,1614.91,1600.16,1581.2,
49.3403,2303.88,1933.51,2109,1614.96,1600.25,1581.01,
49.3466,2303.94,1933.68,2109.04,1614.59,1600.32,1580.84,
49.3497,2303.79,1933.85,2109.19,1614.66,1600.28,1581.09,
49.3558,2303.65,1933.55,2108.88,1614.41,1600.24,1581.07,
49.3632,2303.04,1934.13,2109.47,1615.14,1600.23,1580.83,
49.3665,2304.16,1933.49,2109.2,1614.85,1600.31,1580.94,
49.372,2303.89,1933.63,2109.15,1614.82,1600.49,1580.94,
49.3782,2303.99,1933.47,2109,1614.54,1600.16,1581.04,
49.3813,2303.87,1933.69,2109.35,1614.7,1600.35,1580.77,
49.3876,2303.88,1933.54,2108.76,1614.59,1600.08,1581.02,
49.3937,2303.92,1933.5,2109.1,1614.98,1600.23,1580.68,
49.3968,2303.64,1933.6,2109.37,1614.66,1600.25,1580.91,
49.4446,2303.92,1933.6,2108.87,1614.63,1600.06,1581.08,
49.4487,2304.1,1933.54,2148.08,1614.23,1600.52,1581.15,
49.452,2304.2,1933.36,2108.55,1614.72,1600.19,1581.21,
49.4576,2304.05,1933.56,2109.03,1614.58,1600.29,1581,
49.4637,2303.97,1933.73,2109.11,1614.54,1600.27,1581,
49.4668,2303.46,1933.58,2109.34,1614.9,1600.06,1581.24,
49.4731,2303.87,1933.7,2109.15,1614.54,1600.19,1581.22,
49.4792,2304.09,1933.67,2109.17,1614.64,1600.31,1580.94,
49.5232,2303.76,1933.62,2109.15,1614.58,1600.16,1580.9,
49.5272,2304.03,1933.67,2108.97,1614.83,1600.07,1581.24,
49.5332,2304.03,1933.63,2109.04,1614.86,1600.18,1580.85,
49.5363,2303.66,1933.56,2108.79,1615.1,1600.46,1581.04,
49.5445,2303.53,1933.45,2108.99,1614.76,1600.27,1580.82,
49.5476,2304.27,1933.65,2108.96,1614.76,1600.21,1580.97,
49.5527,2303.96,1933.51,2108.96,1614.78,1597.66,1578.88,
49.559,2302.07,1932.66,2108.05,1614.33,1599.89,1580.76,
49.6024,2303.96,1933.57,2109.01,1614.76,1600.08,1580.86,
49.6066,2303.91,1933.3,2108.95,1614.6,1600.09,1581.23,
49.6127,2304.05,1933.86,2109.28,1614.79,1600.37,1580.96,
49.6158,2303.93,1933.29,2109.31,1614.89,1600.3,1580.92,
49.6221,2303.89,1933.36,2108.85,1614.7,1600.23,1581.41,
49.6282,2303.82,1933.52,2108.31,1613.62,1600.42,1580.8,
49.6315,2303.89,1933.55,2148.16,1614.41,1600.2,1580.94,
49.6371,2303.36,1933.37,2070.76,1614.68,1600.13,1581.72,
49.6448,2304.07,1934.58,2108.44,1614.19,1600.57,1581.37,
49.6482,2342.48,1933.9,2109.17,1615.1,1600.3,1580.92,
49.6562,2303.98,1933.51,2108.99,1614.94,1600.28,1581.25,
49.6612,2303.95,1933.68,2109.16,1614.77,1600.25,1581.23,
49.6643,2303.75,1933.72,2108.81,1614.87,1600.39,1581.26,
49.6706,2303.87,1933.69,2109.11,1614.66,1600.26,1581.01,
49.6736,2265.84,1933.57,2108.58,1614.13,1599.94,1581.2,
49.68,2303.92,1933.49,2108.97,1614.93,1600.38,1581.24,
49.6863,2304.14,1933.72,2109.04,1614.75,1600.18,1581,
49.6894,2303.61,1933.47,2109.18,1614.76,1600.38,1581,
49.6947,2303.7,1933.53,2108.85,1614.69,1600.17,1581.01,
49.7007,2304.03,1933.62,2108.83,1614.74,1600.32,1580.86,
49.7038,2303.93,1933.57,2109.29,1614.56,1600.28,1581.15,
49.7101,2303.91,1933.43,2109.09,1614.94,1600.27,1581.1,
49.7162,2303.98,1933.88,2109.12,1614.72,1600.26,1580.93,
49.7194,2304.14,1933.49,2109.29,1614.35,1600.13,1581.54,
49.7251,2304.73,1933.28,2147.88,1614.82,1600.04,1581.27,
49.7303,2304.06,1933.7,2109.02,1614.6,1600,1581.03,
49.7335,2303.73,1933.46,2109.27,1614.81,1600.28,1580.84,
49.7397,2304.06,1933.46,2108.98,1614.79,1600.23,1581.07,
49.7428,2299.84,1931.4,2107.33,1613.65,1599.66,1580.8,
49.7491,2303.45,1933.19,2108.79,1614.82,1600.2,1581.21,
49.7552,2303.7,1933.59,2108.91,1614.41,1600.06,1580.85,
49.7584,2303.9,1933.45,2109.17,1614.72,1600.09,1581.34,
49.7647,2303.33,1933.38,2070.75,1614.36,1599.87,1581.45,
49.7692,2303.63,1934.45,2108.84,1614.21,1600.02,1580.53,
49.7726,2303.46,1933.84,2108.38,1614.13,1600.49,1580.88,
49.7772,2303.77,1933.87,2109,1614.79,1600.43,1581.18,
49.7832,2303.72,1933.86,2108.84,1614.78,1600.33,1581.03,
49.7863,2304.06,1933.66,2108.83,1614.78,1600.29,1581.12,
49.7926,2303.92,1933.58,2108.8,1614.62,1600.16,1580.88,
49.7987,2304.09,1933.69,2109.21,1614.59,1600.05,1580.84,
49.8018,2303.91,1933.63,2109.1,1614.81,1600.24,1581.09,
49.8072,2303.94,1933.35,2108.77,1614.4,1599.94,1581.07,
49.8152,2304.08,1933.7,2109.15,1614.83,1600.3,1581.11,
49.8183,2303.68,1933.58,2108.95,1612.31,1598.59,1579.97,
49.8235,2302.26,1932.84,2108.48,1614.51,1599.99,1580.93,
49.8266,2303.84,1933.44,2108.89,1614.7,1600.1,1581.01,
49.8328,2303.65,1933.36,2108.82,1614.44,1597.72,1579.1,
49.839,2302.23,1932.27,2108.29,1614.16,1599.89,1580.89,
49.8422,2303.41,1933.7,2108.77,1614.57,1600.13,1581.08,
49.8473,2303.81,1933.42,2108.89,1614.42,1600.19,1581.25,
49.8535,2304.1,1934.02,2107.71,1615.12,1600.19,1581.22,
49.8568,2303.96,1932.72,2109.33,1614.93,1600.39,1581.11,
49.8633,2303.74,1933.47,2109.35,1614.59,1600.12,1581.08,
49.8696,2304.02,1933.73,2109.08,1614.58,1600.18,1580.97,
49.8727,2303.78,1933.57,2109,1614.75,1600.33,1581.19,
49.8787,2303.86,1933.6,2109.2,1614.64,1600.23,1580.67,
49.8819,2304.04,1933.48,2148.31,1614.83,1600.23,1580.97,
49.8871,2303.88,1933.45,2108.66,1614.71,1600.38,1581.24,
49.8932,2303.67,1933.45,2109.13,1614.44,1600.23,1581.08,
49.8964,2303.65,1933.9,2108.22,1615.01,1599.65,1581.5,
49.9028,2265.72,1933.63,2108.27,1614.23,1600.57,1581.16,
49.9093,2304.12,1933.47,2108.84,1614.77,1600.19,1580.94,
49.9125,2303.89,1933.34,2109.04,1614.74,1600.36,1580.98,
49.9187,2303.65,1933.49,2109.15,1614.56,1600.21,1581.2,
49.9248,2303.66,1933.5,2109.16,1614.64,1600.18,1581.04,
49.9279,2303.78,1933.47,2109.08,1614.74,1600.29,1581.06,
49.9332,2303.62,1933.57,2109.18,1614.59,1600.13,1581.18,
49.9392,2303.82,1933.62,2109.37,1614.54,1600.25,1581.08,
49.9423,2303.35,1933.23,2108.83,1614.74,1600.3,1581.09,
49.9505,2303.95,1933.54,2108.9,1614.72,1600.25,1580.91,
49.9536,2304.05,1933.82,2109.11,1614.62,1600.07,1581.1,
49.9588,2303.74,1933.31,2108.94,1614.58,1597.64,1579.2,
49.965,2301.93,1932.48,2108.08,1614.12,1599.92,1580.63,
49.9682,2303.5,1933.52,2109.19,1614.82,1600.09,1580.75,
49.9733,2303.88,1933.39,2108.94,1614.81,1600.34,1581.14,
49.9796,2303.8,1933.56,2108.96,1614.65,1600.28,1580.94,
49.9827,2303.48,1933.77,2109.17,1614.78,1600.14,1581.01,
49.9887,2303.76,1933.63,2108.33,1614.02,1600.51,1581.23,
49.9964,2304.01,1933.63,2108.98,1614.79,1600.16,1580.9,
49.9996,2303.82,1933.69,2109.24,1614.78,1600.24,1581.06,
50.0058,2303.72,1933.14,2109.1,1614.6,1600.05,1580.81,
50.0111,2304.29,1933.66,2108.68,1614.8,1600.44,1580.99,
50.0142,2303.78,1933.37,2109.29,1614.73,1600.48,1581.4,
50.0202,2303.96,1933.67,2109.06,1614.81,1600.09,1580.97,
50.0233,2303.9,1933.78,2108.78,1614.57,1600.24,1581.06,
50.0296,2303.62,1933.46,2109.11,1614.72,1600.23,1581.45,
50.0358,2303.68,1934.21,2108.39,1614.16,1600.52,1581.02,
50.0392,2343.11,1934.41,2147.16,1615.02,1600.22,1581.22,
50.0468,2303.99,1933.37,2108.79,1614.55,1600.25,1581.12,
50.0521,2303.72,1933.59,2108.92,1614.77,1600.27,1580.85,
50.0552,2303.84,1933.51,2109.34,1614.65,1600.42,1581.1,
50.0613,2303.73,1933.49,2108.64,1614.43,1600.05,1581.41,
50.0675,2303.79,1933.33,2109.04,1614.57,1600.01,1581.01,
50.0706,2303.72,1933.55,2109.07,1614.74,1600.24,1580.97,
50.0767,2303.82,1933.5,2108.96,1614.56,1600.1,1581,
50.0841,2304.06,1933.34,2109.11,1614.74,1600.24,1580.83,
50.0872,2303.71,1933.68,2109.01,1614.74,1600.34,1581.04,
50.0923,2303.85,1933.29,2109.15,1614.7,1600.22,1581.1,
50.0955,2303.88,1933.58,2109.2,1614.55,1600.32,1580.66,
50.1017,2303.62,1933.34,2108.9,1614.4,1600.33,1581.01,
50.1077,2303.64,1933.65,2109.13,1614.66,1600.33,1580.87,
50.1108,2303.88,1933.44,2108.93,1614.96,1600.16,1581,
50.1171,2304.06,1933.3,2108.98,1614.82,1600.16,1581.27,
50.1232,2303.79,1933.36,2108.05,1614.67,1600.06,1581.26,
50.1658,2303.78,1933.14,2108.97,1614.6,1600.48,1580.33,
50.1702,2265.87,1933.66,2108.22,1614.08,1600.56,1581.94,
50.1768,2265.78,1933.79,2108.43,1614.18,1600.52,1580.97,
50.1802,2342.19,1934.31,2147.2,1614.67,1600.33,1580.93,
50.1878,2303.94,1934.27,2108.28,1614.7,1600.21,1581.13,
50.1932,2303.88,1933.51,2108.87,1614.53,1600.07,1580.89,
50.1962,2303.59,1933.7,2108.94,1614.6,1600.43,1580.96,
50.2023,2303.56,1933.79,2108.89,1614.57,1600.12,1578.31,
50.2085,2300.91,1931.77,2107.71,1614.13,1599.78,1580.67,
50.2116,2303.48,1933.57,2109.45,1614.62,1600.25,1581.08,
50.2197,2303.7,1933.57,2108.79,1614.54,1599.92,1581.11,
50.2227,2304.17,1933.62,2108.74,1614.62,1600.39,1580.83,
50.2278,2303.65,1933.29,2108.78,1614.55,1597.5,1578.99,
50.234,2302,1932.48,2108.34,1614.14,1599.74,1580.37,
50.2371,2303.5,1933.58,2108.82,1614.83,1600.16,1580.91,
50.2433,2303.87,1933.36,2108.65,1614.42,1600.06,1581.24,
50.2495,2303.81,1933.45,2108.84,1614.55,1600.09,1580.85,
50.2527,2303.5,1933.41,2109.21,1614.73,1600.63,1581.1,
50.2578,2303.84,1933.47,2108.24,1614.37,1600.19,1581.14,
50.2632,2303.35,1933.41,2108.1,1615.59,1600.14,1581.02,
50.2665,2303.79,1934.06,2109.14,1614.91,1600.21,1581.01,
50.2741,2303.89,1933.33,2109.17,1614.68,1600.31,1581.22,
50.2802,2303.91,1933.53,2109.01,1614.75,1600.08,1580.94,
50.2833,2303.76,1933.53,2108.89,1614.74,1600.22,1581.05,
50.2896,2303.78,1933.52,2108.79,1614.63,1600.18,1581.07,
50.2927,2303.96,1933.58,2108.79,1614.61,1600.04,1581.06,
50.2979,2303.63,1933.38,2108.91,1614.48,1600.33,1581.06,
50.3042,2302.97,1934.1,2147.42,1614.1,1600.1,1581.23,
50.3074,2303.64,1933.45,2108.98,1614.7,1600.29,1580.81,
50.314,2303.68,1933.73,2109.03,1614.69,1600.37,1581.22,
50.3202,2303.79,1933.59,2109.19,1614.64,1600.17,1581.05,
50.3233,2303.64,1933.98,2109.15,1614.73,1600.41,1581.21,
50.3293,2304.05,1933.65,2108.89,1614.61,1600.19,1581.36,
50.3346,2304.2,1933.41,2108.97,1614.55,1600.19,1580.96,
50.3377,2303.79,1933.23,2108.81,1614.6,1600.25,1580.79,
50.3438,2304.05,1933.52,2108.95,1614.49,1600.02,1580.87,
50.3468,2303.98,1933.63,2108.88,1614.84,1600.32,1580.87,
50.3541,2303.72,1933.35,2109.04,1614.82,1600.19,1581.09,
50.3602,2303.7,1933.67,2108.96,1614.59,1600.14,1581.05,
50.3633,2303.69,1930.35,2106.56,1613.44,1599.16,1580.38,
50.3696,2302.94,1933.16,2108.73,1614.43,1600.29,1580.99,
50.3748,2304.1,1933.57,2108.8,1614.26,1600.31,1581.02,
50.378,2303.65,1933.68,2109.03,1614.56,1600.31,1580.88,
50.3842,2303.9,1933.71,2109.12,1614.68,1600.08,1580.97,
50.3902,2303.94,1933.44,2109,1614.47,1600.11,1581.06,
50.3933,2303.83,1933.35,2108.09,1613.93,1600.7,1581.01,
50.3976,2304.15,1933.67,2147.86,1613.97,1600.08,1580.86,
50.4009,2303.91,1933.21,2109.07,1614.29,1600.22,1580.83,
50.4053,2303.79,1933,2108.69,1614.76,1600.19,1580.89,
50.4106,2303.64,1933.23,2108.71,1614.41,1600.1,1581.04,
50.4137,2304.2,1933.89,2108.75,1614.54,1600.21,1580.98,
50.4198,2303.64,1933.51,2108.67,1614.5,1597.31,1578.99,
50.426,2302,1932.41,2108.27,1614.26,1600.03,1580.72,
50.4291,2303.51,1933.49,2109.2,1614.65,1600.13,1581.06,
50.4352,2303.87,1933.53,2108.96,1614.57,1599.9,1577.78,
50.4415,2302.05,1932.15,2107.9,1614.2,1599.78,1580.7,
50.5242,2303.42,1933.55,2108.77,1614.8,1600.09,1580.85,
50.5282,2303.67,1933.47,2108.3,1613.86,1600.49,1581,
50.5348,2303.49,1934.03,2108.37,1614.33,1600.51,1581.54,
50.5382,2303.37,1933.11,2109.28,1613.92,1600.81,1581.17,
50.5446,2304.19,1933.53,2148.15,1614.28,1600.54,1581.88,
50.55,2303.84,1933.69,2109.07,1614.62,1600.1,1581.11,
50.5531,2303.75,1934.02,2109.17,1614.71,1600.29,1580.9,
50.5593,2303.97,1933.15,2108.91,1614.57,1600.26,1581.1,
50.5655,2303.97,1933.72,2108.78,1614.78,1600.2,1580.95,
50.5686,2303.69,1933.34,2109.02,1614.94,1600.34,1580.94,
50.5739,2303.8,1934.15,2108.36,1614.19,1600.36,1581.19,
50.5822,2304.04,1933.66,2109.12,1614.81,1600.08,1581.05,
50.5853,2303.75,1933.47,2108.78,1614.76,1600.4,1581.26,
50.5913,2304.04,1933.59,2108.69,1614.6,1600.18,1580.96,
50.5944,2303.9,1933.47,2109.06,1614.88,1600.11,1580.81,
50.6006,2303.81,1933.52,2109.04,1614.82,1600.16,1580.9,
50.6068,2303.85,1933.61,2109.02,1614.7,1600.23,1580.88,
50.6099,2303.75,1933.45,2109.04,1614.41,1600.31,1580.9,
50.6152,2303.73,1933.51,2108.84,1614.82,1600.25,1581.37,
50.6231,2303.96,1933.35,2109.17,1614.81,1600.29,1580.99,
50.6262,2303.7,1933.56,2109.21,1614.79,1600.45,1581.12,
50.6322,2303.67,1933.57,2108.78,1614.58,1600.19,1580.82,
50.6354,2303.52,1933.82,2109.05,1614.6,1600.02,1580.92,
50.6416,2303.63,1933.3,2108.81,1614.67,1600.06,1581.21,
50.6478,2303.88,1933.48,2108.96,1614.73,1600.26,1580.96,
50.6509,2303.97,1933.46,2108.96,1614.62,1600.32,1580.98,
50.6562,2303.65,1933.6,2109.14,1614.68,1600.16,1581.22,
50.6622,2303.59,1933.64,2108.78,1614.49,1600.07,1581,
50.6655,2303.76,1933.54,2108.98,1614.8,1600.29,1581.01,
50.6717,2303.56,1933.44,2109.05,1614.52,1600.3,1581.02,
50.6748,2303.99,1933.49,2109.07,1614.72,1600.25,1580.86,
50.6811,2303.89,1933.21,2108.83,1614.68,1600.35,1580.98,
50.6873,2304.01,1933.16,2108.98,1614.41,1600.09,1580.9,
50.6904,2303.71,1933.73,2108.87,1614.6,1600.11,1580.79,
50.6957,2303.85,1933.3,2108.8,1614.66,1600.13,1581.33,
50.7017,2303.77,1933.51,2108.79,1614.84,1600.29,1580.95,
50.7048,2303.57,1933.23,2108.52,1615.25,1600.37,1581.01,
50.7112,2303.15,1934.04,2147.35,1614.1,1600.2,1581.03,
50.7195,2303.76,1933.46,2108.69,1614.7,1599.9,1581.06,
50.7227,2303.52,1933.38,2109.13,1614.74,1600.29,1581.01,
50.7278,2303.43,1933.36,2108.85,1614.59,1599.95,1581.04,
50.7331,2303.82,1933.59,2109.14,1614.67,1600.34,1580.96,
50.7362,2303.84,1933.51,2109.01,1614.82,1600.25,1581.07,
50.7422,2303.53,1933.74,2108.97,1614.42,1599.92,1580.72,
50.7454,2303.78,1933.77,2108.94,1614.89,1600.1,1580.89,
50.7516,2303.69,1933.4,2108.63,1614.68,1600.23,1581.06,
50.7596,2303.94,1933.83,2109.16,1614.6,1600.19,1580.99,
50.7627,2303.63,1933.45,2109,1614.83,1600.45,1581.09,
50.8464,2304.25,1933.73,2107.96,1614.94,1600.27,1581.04,
50.8528,2303.56,1933.53,2109.16,1614.56,1600.18,1580.99,
50.8559,2303.68,1933.4,2108.99,1614.98,1600.32,1580.96,
50.8621,2303.9,1933.71,2109.05,1614.52,1600.27,1581.34,
50.8682,2303.99,1933.69,2109.04,1614.8,1600.33,1581.01,
50.8713,2304.02,1933.66,2108.84,1614.8,1600.2,1581.03,
50.8775,2303.7,1933.46,2108.82,1614.65,1600.29,1580.98,
50.8807,2304.16,1933.82,2109.01,1614.94,1600.25,1580.99,
50.9436,2304.12,1933.85,2109.59,1613.93,1600.51,1581.09,
50.9469,2303.92,1933.98,2109.78,1614.18,1600.4,1581.25,
50.9516,2304.14,1933.61,2070.53,1614.62,1600.01,1581.15,
50.957,2304.12,1933.66,2107.79,1614.78,1600.09,1581.63,
50.9603,2303.77,1930.09,2106.35,1613.46,1599.24,1580.21,
50.9665,2303.1,1933.38,2108.57,1614.54,1600.05,1581.03,
50.9727,2303.96,1933.63,2109.32,1614.69,1600.16,1581.1,
50.9758,2303.33,1933.41,2109.04,1614.67,1600.09,1580.76,
50.9841,2303.76,1933.56,2108.93,1614.61,1600.1,1581.17,
50.9893,2304.1,1933.45,2108.92,1614.61,1600.14,1581.1,
50.9925,2303.49,1933.53,2108.97,1614.75,1600.23,1581,
50.9987,2303.65,1933.47,2108.85,1614.56,1600.22,1580.78,
51.0018,2303.97,1933.52,2109.31,1614.73,1600.07,1581.11,
51.0078,2303.7,1933.52,2108.96,1614.42,1600.42,1581.13,
51.0141,2304.04,1933.41,2108.83,1614.62,1600.1,1580.9,
51.0172,2303.8,1933.73,2108.95,1614.74,1600.31,1581.08,
51.0233,2303.57,1933.42,2107.78,1615.36,1600,1581.59,
51.0278,2303.99,1934.38,2108.3,1614.15,1600.32,1581.04,
51.0311,2303.87,1934.52,2147.19,1614.75,1600.14,1581.19,
51.0367,2304.26,1933.7,2108.83,1614.76,1600.19,1581.1,
51.0427,2304.19,1933.68,2070.43,1614.57,1600.25,1581.04,
51.0458,2303.49,1933.34,2109.08,1614.73,1600.38,1581,
51.0521,2303.92,1933.73,2108.76,1614.71,1600.26,1581.19,
51.0582,2304.03,1933.88,2108.92,1614.79,1600.2,1581.04,
51.0613,2303.92,1933.53,2109.03,1614.83,1600.31,1581.22,
51.0666,2303.72,1933.84,2108.89,1614.7,1600.14,1581.09,
51.0698,2266.15,1933.44,2108.26,1615.43,1599.98,1580.85,
51.0774,2304,1933.89,2108.97,1614.72,1600.1,1580.87,
51.0836,2303.9,1933.59,2108.84,1614.69,1600.35,1580.82,
51.0867,2303.65,1933.65,2109.11,1614.65,1600.06,1581.1,
51.0927,2303.59,1933.44,2108.66,1614.57,1600.27,1580.99,
51.099,2303.9,1933.3,2108.76,1614.59,1600.29,1580.93,
51.1022,2303.78,1933.83,2109.22,1614.72,1600.2,1581.02,
51.1074,2303.74,1933.33,2108.81,1614.39,1600.18,1581.26,
51.1136,2303.61,1933.72,2070.32,1613.68,1600.19,1580.83,
51.1168,2303.77,1933.46,2109.01,1614.63,1600.32,1581.05,
51.121,2304,1933.46,2109,1614.56,1600.28,1581.05,
51.1272,2304.02,1933.6,2108.95,1614.55,1600.26,1581.08,
51.1303,2303.5,1933.46,2108.96,1614.75,1600.35,1581.04,
51.1365,2303.82,1933.31,2108.79,1614.65,1600.1,1580.83,
51.1397,2304,1933.43,2108.67,1614.24,1600.23,1581.03,
51.1449,2303.76,1933.43,2108.8,1614.55,1600.39,1581.03,
51.1511,2303.64,1933.72,2109.15,1614.7,1600.3,1580.84,
51.1542,2303.74,1933.83,2109.48,1614.75,1599.98,1581.72,
51.1603,2303.54,1934.48,2108.3,1614.2,1600.04,1581.01,
51.1669,2303.7,1934.52,2108.36,1614.16,1600.21,1581.07,
51.1702,2303.67,1933.67,2109.07,1614.73,1600.24,1580.91,
51.1762,2303.93,1933.74,2108.77,1614.78,1600.14,1581.01,
51.1823,2303.91,1933.52,2108.58,1614.5,1600.11,1580.84,
51.1854,2303.7,1933.38,2108.73,1614.97,1600.06,1581.05,
51.1918,2303.58,1933.35,2108.86,1614.45,1600.06,1581.13,
51.1949,2304,1933.62,2108.92,1614.59,1600.27,1581.01,
51.2012,2303.92,1933.64,2108.94,1615.06,1600.53,1581.58,
51.2063,2265.96,1933.55,2109.11,1614.81,1600.37,1580.84,
51.2095,2304.02,1933.48,2108.99,1614.74,1600.28,1581.02,
51.2157,2304.01,1933.67,2109.1,1614.56,1600.07,1581.15,
51.2218,2303.97,1933.56,2108.77,1614.65,1600.07,1581.08,
51.2249,2303.84,1933.52,2109.11,1614.78,1600.4,1580.96,
51.2302,2303.92,1933.34,2108.86,1614.61,1600.08,1581.17,
51.2362,2304.12,1933.62,2109.16,1614.81,1600.19,1580.82,
51.2393,2303.87,1933.3,2108.93,1614.69,1600.42,1581.22,
51.2456,2303.85,1933.66,2108.83,1614.66,1600.17,1580.94,
51.2487,2303.99,1934.52,2108.13,1614.5,1600.36,1581.07,
51.2551,2303.87,1933.03,2109.31,1614.48,1600.23,1580.55,
51.2618,2303.78,1933.6,2108.8,1614.77,1600.31,1581.11,
51.2672,2304.04,1933.63,2108.92,1614.62,1600.06,1580.92,
51.2703,2303.64,1933.54,2108.82,1614.84,1600.24,1580.72,
51.2765,2303.78,1933.7,2108.86,1614.57,1600.3,1581.09,
51.2797,2304.12,1933.45,2109.22,1614.76,1600.34,1580.98,
51.2857,2303.79,1933.65,2108.83,1614.62,1600.26,1581.17,
51.292,2303.68,1933.68,2109.05,1614.8,1600.54,1580.3,
51.2952,2304,1933.66,2108.78,1614.57,1600.3,1581.11,
51.2995,2303.74,1933.43,2109.21,1614.56,1600.1,1581.09,
51.3048,2304.19,1933.97,2109.06,1614.58,1600.31,1581.09,
51.308,2303.85,1933.78,2148.42,1614.82,1600.21,1581.05,
51.3142,2303.92,1933.25,2109,1614.63,1600.11,1581.2,
51.3202,2304.01,1933.46,2108.97,1614.73,1600.04,1580.93,
51.3233,2303.71,1933.31,2108.82,1614.77,1600.26,1581.09,
51.3295,2303.65,1933.45,2109.02,1614.6,1600.25,1580.86,
51.3326,2304.19,1933.65,2109.04,1614.84,1600.09,1580.81,
51.3388,2303.92,1933.73,2109.06,1614.66,1600.2,1581.04,
51.3442,2303.54,1933.43,2109.03,1614.66,1600.33,1580.7,
51.3473,2303.9,1933.64,2148.34,1614.92,1600.19,1580.92,
51.3535,2303.99,1933.54,2109.12,1614.77,1600.11,1581.07,
51.3597,2303.84,1933.67,2109.19,1614.64,1600.29,1580.96,
51.3628,2303.55,1933.18,2109.05,1614.77,1600.42,1580.94,
51.369,2303.67,1933.58,2109.02,1614.74,1600.22,1581.15,
51.3752,2304.18,1933.49,2109.19,1614.85,1600.23,1580.83,
51.4179,2303.53,1933.68,2108.95,1614.59,1600.21,1580.9,
51.4221,2303.91,1933.25,2109.14,1614.46,1600.28,1581.26,
51.4282,2303.72,1933.49,2108.1,1615.05,1599.8,1581.58,
51.4314,2303.95,1933.69,2108.16,1613.95,1600.35,1580.77,
51.4368,2265.83,1933.75,2108.04,1613.74,1600.31,1581.44,
51.4436,2303.72,1934.65,2109.17,1614.89,1600.28,1581.29,
51.4468,2303.68,1933.71,2109.21,1614.72,1600.41,1581.05,
51.452,2303.6,1933.41,2109,1614.54,1600.15,1581.28,
51.4582,2303.88,1933.81,2109.04,1614.5,1600.05,1581.04,
51.4614,2303.41,1933.48,2108.96,1614.69,1600.52,1580.89,
51.4677,2303.84,1933.39,2108.92,1614.42,1599.88,1580.82,
51.4708,2304.28,1933.71,2070.64,1613.68,1600.41,1581.03,
51.477,2303.57,1933.65,2109.02,1614.82,1600.26,1580.89,
51.4832,2303.79,1933.46,2108.89,1614.81,1600.17,1580.85,
51.4863,2303.75,1933.62,2108.9,1614.78,1600.25,1581.04,
51.4926,2303.85,1933.54,2109,1614.82,1600.1,1581.07,
51.538,2303.64,1933.74,2109.17,1614.69,1600.32,1580.85,
51.5411,2303.63,1933.61,2109.07,1614.87,1600.08,1581.07,
51.5452,2303.91,1933.47,2108.47,1614.65,1600.24,1581.17,
51.5512,2303.86,1933.51,2109.02,1614.69,1600.26,1581.03,
51.5543,2303.72,1933.14,2108.85,1614.81,1600.49,1580.85,
51.5606,2303.8,1933.53,2108.99,1614.7,1600.1,1581,
51.5637,2304.25,1934.45,2108.59,1614.27,1600.79,1581.44,
51.5719,2304.01,1933.71,2109,1614.63,1600.22,1580.82,
51.5763,2303.85,1933.4,2108.91,1614.67,1600.24,1581,
51.5795,2304.02,1933.64,2109.1,1614.83,1600.29,1580.83,
51.5848,2303.7,1933.45,2108.81,1614.87,1600.32,1581.05,
51.591,2303.86,1933.69,2109.14,1614.54,1600.31,1580.76,
51.5941,2303.65,1933.81,2109.03,1614.91,1600.2,1580.96,
51.6002,2303.97,1933.63,2108.96,1614.45,1600.17,1580.99,
51.6065,2303.76,1933.53,2108.98,1614.96,1599.97,1581.13,
51.6096,2303.84,1933.15,2108.96,1614.93,1600.27,1581.11,
51.6552,2304.56,1933.63,2107.95,1614.81,1599.98,1581.18,
51.6596,2303.05,1933.05,2107.8,1615.27,1600.22,1581.02,
51.6628,2303.18,1933.97,2108.51,1614.34,1600.34,1580.84,
51.6713,2342.33,1932.92,2108.37,1614.32,1600.2,1581.13,
51.677,2304.14,1933.71,2108.64,1614.75,1600.19,1580.82,
51.6802,2303.99,1933.81,2109.05,1614.57,1600.2,1580.82,
51.6862,2303.64,1933.65,2109.06,1614.67,1599.91,1578.15,
51.6924,2301.21,1931.86,2108.06,1613.9,1599.75,1580.58,
51.6956,2303.32,1933.16,2109.32,1614.15,1599.99,1581.86,
51.701,2303.84,1934.56,2108.22,1614.55,1600.08,1581.19,
51.7054,2303.9,1933.7,2108.78,1614.8,1600.1,1580.88,
51.7086,2303.55,1933.19,2109.08,1614.74,1600.25,1581.05,
51.7147,2303.9,1933.44,2109.03,1614.71,1600.25,1581.09,
51.7178,2303.79,1933.44,2109.02,1614.59,1600.21,1580.94,
51.7241,2303.52,1933.46,2109.06,1614.75,1600.24,1581.13,
51.7302,2303.84,1933.74,2108.98,1614.62,1600.15,1581.11,
51.7334,2303.34,1933.44,2109.14,1614.7,1600.04,1581.08,
51.7387,2303.68,1933.52,2109.04,1614.51,1600.04,1580.53,
51.7448,2303.62,1933.35,2108.99,1614.85,1600.31,1580.83,
51.748,2303.68,1933.44,2109.07,1614.82,1600.19,1581.12,
51.7542,2303.81,1933.5,2108.95,1614.98,1600.26,1581.4,
51.7602,2303.83,1933.63,2109.02,1614.69,1600.36,1580.93,
51.7633,2304.02,1933.41,2108.79,1614.71,1600.04,1580.98,
51.7695,2303.8,1933.42,2109.06,1614.68,1600.37,1580.96,
51.7727,2304.01,1933.58,2108.96,1614.72,1600.08,1580.96,
51.7779,2303.8,1933.43,2108.85,1614.5,1600.24,1581.12,
51.7841,2304.04,1933.36,2109.37,1614.45,1600.26,1581.01,
51.7872,2303.62,1933.71,2109.16,1614.81,1600.38,1580.99,
51.7952,2304.03,1933.36,2109.02,1614.49,1600.07,1581.15,
51.8012,2303.82,1933.66,2108.89,1614.75,1600.27,1580.84,
51.8043,2303.58,1933.47,2148.3,1614.6,1600.32,1581.12,
51.8106,2303.67,1933.55,2109.03,1614.73,1600.13,1581.08,
51.8137,2303.82,1933.87,2108.99,1614.62,1600.19,1581.05,
51.8189,2303.7,1933.34,2108.93,1614.78,1600.46,1581.14,
51.8251,2303.64,1933.51,2109.11,1614.57,1600.36,1580.94,
51.8282,2303.49,1934.02,2109.01,1614.92,1600.47,1581.15,
51.8343,2304.08,1932.68,2108.98,1614.49,1600.72,1581.16,
51.8409,2304.33,1933.75,2108.93,1614.78,1600.22,1580.95,
51.8441,2303.91,1933.8,2109.21,1614.7,1600.21,1581.06,
51.8502,2303.88,1933.5,2108.84,1614.67,1600.05,1578.46,
51.9331,2303.85,1933.82,2109.45,1614.72,1600.45,1580.97,
51.9362,2303.86,1933.93,2109.98,1614.83,1600.61,1581.41,
51.9402,2303.62,1933.98,2109.8,1614.83,1600.41,1578.59,
51.9464,2301.22,1932.41,2109.19,1614.52,1600.17,1580.89,
51.9496,2303.54,1934.17,2110.01,1614.93,1600.75,1581.13,
51.9557,2303.87,1934.23,2110.31,1614.93,1600.65,1581.38,
51.9588,2300.01,1932.14,2108.87,1613.94,1600.24,1580.89,
51.9651,2303.67,1934.34,2110.32,1615.47,1601.79,1582.42,
52.1038,2311.94,1946.42,2118.61,1615.25,1607.55,1585.33,
52.107,2312.61,1947,2119.21,1615.2,1607.7,1585.4,
52.1112,2312.63,1947.17,2118.98,1615.27,1607.84,1585.88,
52.1172,2313.12,1948.06,2119.47,1615.29,1608.24,1585.61,
52.1204,2312.94,1948.19,2119.7,1615.33,1608.71,1585.86,
52.1266,2313.41,1948.93,2120.04,1615.16,1608.68,1586.06,
52.1297,2313.88,1949.34,2120.54,1615.41,1609.18,1586.12,
52.1357,2313.79,1949.42,2120.76,1615.27,1609.39,1586.45,
52.2473,2320.92,1959.64,2129.39,1615.37,1616.69,1590.46,
52.2507,2321.27,1960.12,2125.45,1614.02,1615.33,1590,
52.2583,2320.18,1959.9,2128.94,1615.65,1617.03,1591.19,
52.2645,2321.67,1961.32,2129.86,1615.99,1617.73,1591.29,
52.2676,2321.73,1961.41,2130.58,1616.16,1618.3,1591.56,
52.2737,2322.35,1962.71,2130.52,1616.32,1618.27,1591.65,
52.2769,2322.78,1963.02,2131.23,1616.16,1618.75,1592.29,
52.2831,2322.96,1963.26,2131.45,1616.06,1618.74,1592.85,
52.2873,2323.18,1964.64,2131.18,1615.78,1619.26,1593.18,
52.2906,2324.01,1965,2132.04,1616.42,1620.03,1592.94,
52.2987,2323.91,1964.95,2132.07,1616.51,1620.34,1593.53,
52.3037,2324.36,1965.41,2132.53,1616.44,1620.86,1593.36,
52.3068,2324.24,1965.61,2132.43,1616.63,1621.33,1593.79,
52.313,2325.1,1966.52,2132.29,1616.7,1621.17,1594.2,
52.3192,2325.42,1967.44,2132.21,1616.73,1621.97,1594.15,
52.3223,2325.39,1967.6,2131.88,1617.04,1622.57,1594.64,
52.3701,2328.59,1972.33,2133.53,1617.61,1626.11,1597.79,
52.3762,2329.6,1972.71,2134.69,1617,1626.99,1597.81,
52.3796,2329.7,1971.98,2134.14,1617.31,1627.37,1598.9,
52.3873,2330.26,1973.37,2135.73,1617.48,1627.67,1598.77,
52.3929,2330.68,1972.96,2135.43,1618.14,1628.15,1598.87,
52.3961,2330.55,1973.69,2135.58,1618.33,1628.72,1599.21,
52.4022,2331.15,1973.7,2135.59,1617.98,1628.82,1596.94,
52.4084,2328.58,1972.33,2135.03,1617.73,1628.78,1599.49,
52.4116,2331.4,1974.09,2136.83,1618.45,1629.97,1600.24,
52.4168,2332.43,1974.34,2136.83,1618.41,1629.65,1600.71,
52.4222,2333.6,1975.31,2136.22,1618.89,1630.99,1600.63,
52.4255,2333.17,1975.51,2137.35,1618.29,1630.99,1601,
52.4311,2333.08,1975.97,2137.67,1618.71,1631.43,1601.89,
52.4372,2334.05,1976.75,2137.91,1618.84,1631.7,1601.77,
52.4403,2333.98,1976.96,2138.48,1619.07,1632.6,1602.32,
52.4465,2334.51,1977.5,2138.74,1619,1632.79,1602.48,
52.4497,2334.91,1978.23,2139.02,1619.01,1633.18,1603,
52.4549,2335.15,1978.16,2139.37,1619,1633.77,1603.41,
52.4611,2335.65,1979.14,2139.68,1619.34,1633.79,1603.48,
52.4642,2335.96,1976.18,2137.67,1618.09,1633.66,1603.44,
52.4725,2335.54,1979.78,2140.05,1619.54,1635.1,1604.73,
52.4777,2336.78,1980.83,2141.03,1619.99,1635.46,1604.85,
52.4808,2336.62,1981.28,2141.6,1620.07,1635.97,1605.51,
52.487,2336.92,1981.75,2141.75,1619.89,1636.24,1606,
52.4932,2337.61,1982.44,2142.04,1620.45,1637.04,1606.09,
52.4963,2337.5,1982.45,2142.15,1620.46,1637.33,1606.35,
52.5016,2337.29,1983.27,2142.6,1620.18,1637.63,1606.81,
52.5047,2337.57,1984.27,2142.9,1619.86,1638.48,1607.49,
52.5108,2337.62,1984.39,2143.05,1620.61,1638.9,1607.96,
52.5171,2337.35,1984.91,2143.78,1620.72,1639.2,1608.06,
52.5202,2336.95,1985.92,2143.89,1621.03,1639.92,1608.7,
52.5262,2337.36,1986.14,2144.16,1621.21,1640.02,1606.48,
52.5325,2335.03,1985.13,2143,1620.74,1639.95,1608.99,
52.5356,2337.52,1986.86,2144.4,1621.34,1640.95,1609.9,
52.5408,2338.24,1987.69,2144.09,1621.39,1641.26,1609.92,
52.547,2338.7,1988.29,2144.02,1621.55,1642.13,1610.71,
52.5501,2338.64,1988.23,2144.14,1621.94,1643.2,1611.38,
52.5582,2339.69,1989.65,2144.89,1621.34,1643.51,1611.62,
52.5616,2339.75,1990.38,2144.03,1622.03,1643.45,1611.99,
52.566,2339.51,1989.92,2143.86,1622.51,1644.09,1612.6,
52.5722,2340.19,1991.25,2144.38,1622.19,1644.25,1612.76,
52.5754,2340.21,1991.76,2144.37,1622.55,1644.93,1613.16,
52.5807,2340.92,1991.95,2144.54,1622.54,1645.46,1613.92,
52.5867,2341.39,1953.35,2145.2,1622.64,1645.73,1613.82,
52.5898,2341.16,1992.29,2145.53,1623.2,1646.52,1614.78,
52.5961,2341.98,1993.42,2145.48,1623.12,1646.69,1614.85,
52.5992,2341.97,1994.77,2144.39,1623.17,1646.99,1615.19,
52.6025,2342.62,1994.09,2146.12,1623.52,1647.49,1615.72,
52.607,2342.85,1994.67,2146.44,1623.53,1647.75,1616.39,
52.6123,2343.3,1995.61,2146.67,1623.73,1647.93,1616.52,
52.6155,2343.36,1995.73,2147.17,1624.42,1648.92,1616.98,
52.6217,2343.91,1996.24,2147.13,1624.05,1648.96,1617.24,
52.6248,2340.31,1994.73,2145.96,1623.3,1648.88,1617.51,
52.6311,2343.75,1996.96,2147.62,1624.64,1650.26,1618.55,
52.6372,2344.6,1998.04,2148.22,1624.45,1650.3,1618.83,
52.6403,2344.97,1998.76,2148.36,1624.19,1650.88,1620.16,
52.6861,2348.04,2003.6,2151.35,1625.88,1656.13,1624.12,
52.6942,2348.3,2004.68,2151.25,1625.81,1656.48,1624.79,
52.6975,2349.71,2005.08,2152.56,1626.96,1657.01,1625.25,
52.7051,2349.23,2005.6,2152.74,1627.44,1657.59,1625.99,
52.7112,2350.26,2006.27,2153.18,1627.38,1657.95,1626.22,
52.7143,2350.49,2006.95,2153.67,1627.59,1658.32,1626.84,
52.7206,2350.67,2007.29,2154.02,1627.56,1659.22,1627.68,
52.7267,2351.6,2007.83,2154.46,1627.86,1659.47,1627.88,
52.7298,2351.68,2008.25,2154.67,1628.03,1660.48,1627.65,
52.7352,2351.9,2009.25,2154.75,1628.21,1660.18,1629.03,
52.7412,2352.56,2009.78,2155.2,1628.53,1660.89,1629.36,
52.7443,2352.74,2009.83,2155.35,1628.7,1661.68,1630.06,
52.7505,2352.91,2010.67,2155.9,1628.8,1661.88,1630,
52.7536,2353.8,2011.83,2156.2,1629.08,1662.45,1631.01,
52.7597,2353.76,2011.84,2156.4,1628.97,1660.56,1629.7,
52.766,2352.4,2011.7,2156.46,1629.06,1663.41,1631.63,
52.7692,2354.35,2013.04,2157.65,1629.77,1664.17,1632.46,
52.7743,2354.82,2013.13,2157.65,1629.8,1664.57,1633.72,
52.7816,2355,2014.68,2157.89,1629.07,1665.53,1633.51,
52.7849,2355.45,2014.72,2158.2,1630.98,1666.21,1634.59,
52.7925,2356.4,2015.89,2157.84,1631.01,1666.94,1635.66,
52.8007,2357.16,2016.16,2157.98,1631.1,1667.3,1635.61,
52.804,2357.16,2017.11,2159.71,1631.02,1668.09,1636.29,
52.8092,2357.39,2017.35,2159.89,1631.37,1667.9,1637.05,
52.8153,2358.28,2017.99,2160.51,1631.66,1668.68,1637.18,
52.8184,2358.2,2018.18,2160.81,1631.88,1669.23,1638.16,
52.8237,2358.75,2019.02,2161.19,1631.59,1670.02,1638.42,
52.832,2359.85,2020.12,2162.09,1632.37,1670.46,1639.26,
52.8351,2359.65,2020.42,2162.13,1632.65,1671.14,1639.88,
52.8402,2360.28,2021.29,2162.55,1632.79,1671.3,1640.22,
52.8433,2360.35,2021.93,2162.79,1633.03,1671.83,1679.69,
52.8495,2360.55,2021.94,2162.89,1633.06,1672.65,1641.84,
52.8557,2361.05,2022.66,2163.42,1633.23,1672.73,1641.87,
52.8589,2361.15,2022.84,2164.09,1633.61,1673.52,1642.54,
52.8642,2361.72,2023.56,2163.92,1633.91,1673.79,1643.2,
52.8722,2363.3,2024.71,2164.63,1634.04,1674.44,1643.97,
52.8754,2362.59,2024.62,2164.89,1634.36,1675.19,1644.56,
52.8806,2362.9,2025.33,2165.39,1634.42,1675.21,1644.63,
52.8837,2364.02,2026.42,2166.02,1634.81,1675.96,1645.08,
52.8897,2363.93,2026.56,2165.91,1634.77,1676.72,1646.15,
52.896,2364.79,2027.06,2166.42,1635.26,1677.05,1646.59,
52.8991,2364.75,2027.92,2167.02,1635.48,1677.36,1646.83,
52.9043,2364.98,2028.16,2166.92,1635.6,1677.36,1647.85,
52.9106,2365.62,2028.86,2167.57,1636.01,1678.1,1648.19,
52.9137,2365.92,2028.52,2168.04,1635.78,1678.46,1649.45,
52.92,2366.17,2030.84,2168.29,1636.06,1678.78,1649.53,
52.9244,2366.74,2030.7,2169.02,1636.45,1679.31,1649.65,
52.9276,2367.04,2030.94,2169.52,1636.98,1680.05,1650.45,
52.9338,2367.34,2031.34,2169.61,1636.9,1680.25,1650.7,
52.9391,2367.58,2032.21,2169.9,1637.21,1680.71,1651.33,
52.9422,2368.09,2032.63,2169.96,1637.68,1681.45,1652.47,
52.9482,2368.84,2033.29,2170.53,1637.76,1681.53,1652.57,
52.9513,2368.71,2034.29,2170.9,1637.94,1681.92,1653.53,
52.9576,2369.16,2034.56,2171.32,1638.21,1682.7,1654.31,
52.9637,2370.05,2035.08,2171.44,1638.39,1683.18,1654.39,
52.9668,2370.04,2035.52,2172.52,1638.95,1683.89,1655.56,
52.9731,2370.66,2036.4,2172.28,1638.82,1683.86,1656.15,
52.9783,2371.43,2037.19,2172.85,1639.12,1684.61,1656.53,
52.9814,2371.57,2037.11,2173.39,1639.68,1685.28,1657.19,
52.9877,2372.17,2038.2,2173.47,1639.88,1685.47,1657.47,
52.9908,2368.5,2036.09,2172.25,1639,1685.45,1657.78,
52.997,2372.13,2038.79,2173.98,1640.33,1686.87,1659.36,
53.0032,2373.24,2039.68,2174.07,1679.65,1686.84,1660.58,
53.0065,2373.93,2040.57,2176.51,1640.47,1687.65,1659.79,
53.0121,2373.79,2040.78,2175.75,1641.14,1688.44,1660.75,
53.0174,2374.04,2041.37,2175.58,1641.26,1688.77,1661.32,
53.0205,2375.14,2042.34,2176.42,1641.57,1689.48,1661.9,
53.0267,2375.14,2042.24,2176.43,1641.64,1687.74,1660.74,
53.0329,2373.57,2042.03,2176.12,1641.44,1690.3,1663.08,
53.0361,2375.58,2044.11,2177.48,1642.44,1691.18,1664.06,
53.0422,2376.11,2044.28,2177.89,1642.68,1691.49,1664.95,
53.0482,2377.24,2045.4,2177.66,1642.66,1692.11,1665.33,
53.0515,2376.81,2046.11,2179.16,1643.83,1693.48,1665.82,
53.0591,2377.93,2046.36,2179.02,1643.44,1693.47,1667.16,
53.0652,2378.68,2046.84,2179.47,1643.58,1694.27,1667.27,
53.0683,2378.66,2047.16,2179.8,1644.52,1694.93,1668.14,
53.0746,2379.06,2048.06,2180.44,1644.25,1695.17,1668.27,
53.0777,2379.93,2048.91,2180.84,1644.46,1696.01,1669.17,
53.0837,2379.83,2049.38,2181.12,1644.72,1693.99,1668.01,
53.09,2378.3,2048.87,2180.55,1644.71,1696.61,1670.18,
53.0931,2380.31,2050.8,2182.39,1645.12,1697.69,1671.97,
53.1013,2381.91,2052.27,2181.63,1645.21,1698.9,1672.96,
53.1097,2382.81,2052.81,2182.47,1645.75,1699.41,1673.31,
53.1131,2420.92,2053.68,2183.49,1646.65,1699.91,1673.92,
53.1206,2383.21,2053.73,2183.58,1646.71,1700.75,1674.87,
53.1267,2383.56,2054.32,2184.22,1647.17,1700.76,1675.02,
53.1298,2383.76,2054.82,2184.75,1647.56,1701.66,1676.06,
53.1361,2384.25,2055.59,2184.98,1647.8,1702.23,1676.47,
53.1392,2384.72,2055.66,2184.52,1647.91,1702.31,1677.07,
53.1425,2384.8,2056.55,2185.72,1648.24,1703.04,1677.78,
53.1478,2385.12,2057.19,2185.92,1648.12,1703.34,1677.88,
53.1541,2385.99,2057.93,2186.46,1648.73,1703.95,1679.07,
53.1572,2386.17,2058.16,2186.56,1649.2,1704.86,1679.54,
53.1632,2386.71,2059.21,2186.95,1649.05,1705.04,1679.92,
53.1663,2387,2059.83,2148.5,1649.57,1705.7,1680.46,
53.1725,2387.42,2060.01,2148.53,1649.85,1706.56,1681.63,
53.1787,2388.27,2060.77,2188.04,1649.81,1706.84,1681.92,
53.1819,2388.31,2060.99,2187.98,1649.8,1708.06,1683.2,
53.1872,2388.87,2061.64,2188.95,1650.8,1707.91,1683.7,
53.1932,2389.53,2062.62,2189.51,1651.08,1708.79,1683.97,
53.1963,2389.57,2062.88,2189.46,1651.35,1709.49,1684.65,
53.2025,2390.27,2063.65,2190.11,1651.4,1709.8,1685.39,
53.2057,2390.98,2064.5,2190.65,1651.9,1710.64,1686.13,
53.2117,2391.04,2064.96,2190.98,1652,1708.61,1684.85,
53.2586,2395.28,2109.31,2194.96,1654.49,1716.69,1692.67,
53.2617,2395.61,2071.15,2194.9,1655.02,1717.04,1693.51,
53.2657,2395.78,2071.26,2195.53,1655.08,1717.74,1694.38,
53.2717,2396.27,2072.08,2195.95,1655.71,1718.1,1694.65,
53.275,2396.57,2072.91,2196.61,1656.26,1718.98,1695.63,
53.2815,2397.27,2073.49,2196.75,1656.24,1719.79,1696.5,
53.2877,2398.07,2074.33,2197.51,1656.45,1720.23,1696.93,
53.2908,2397.69,2074.21,2197.88,1657.04,1721.15,1697.78,
53.2971,2398.61,2075,2197.86,1657.18,1721.36,1698.65,
53.3023,2399.49,2075.67,2198.35,1657.37,1721.83,1699.07,
53.3054,2399.54,2076.13,2198.93,1658.13,1722.77,1700.05,
53.3116,2399.91,2076.74,2199.31,1658.13,1723.11,1700.25,
53.3147,2400.82,2077.86,2199.96,1657.26,1724.08,1700.74,
53.3208,2401.73,2078.29,2199.26,1658.72,1725.09,1702.27,
53.3292,2401.96,2079.09,2200.51,1659.22,1725.04,1702.66,
53.3324,2401.65,2079.92,2200.94,1659.4,1725.73,1703.47,
53.3377,2402.58,2079.96,2201.09,1659.69,1726.43,1704.29,
53.3428,2402.72,2080.94,2201.64,1660.01,1726.91,1704.67,
53.346,2402.98,2080.89,2202.5,1660.49,1727.62,1705.33,
53.3522,2403.72,2082.16,2202.5,1660.72,1728.13,1706.65,
53.3582,2404.17,2082.58,2202.75,1661.07,1728.96,1706.47,
53.3613,2404.03,2082.92,2202.87,1660.66,1729.84,1707.68,
53.3657,2405,2083.83,2203.77,1660.91,1730.24,1707.63,
53.3722,2405.85,2084.91,2204.72,1661.15,1731.17,1709.08,
53.3756,2405.93,2084.81,2204.99,1662.44,1731.62,1710.02,
53.3831,2406.18,2085.58,2204.69,1662.53,1731.93,1710.93,
53.3892,2406.93,2086.77,2205.45,1662.65,1732.54,1711.05,
53.3923,2406.88,2086.73,2205.56,1663.25,1733.61,1711.89,
53.3985,2407.62,2087.77,2206.03,1663.27,1733.73,1712.35,
53.4016,2408.64,2088.68,2206.77,1663.53,1734.5,1713.32,
53.4077,2408.4,2088.86,2206.89,1663.27,1735.18,1714.49,
53.4134,2409.41,2089.41,2207.76,1664.54,1735.6,1714.72,
53.4166,2409.53,2090.23,2208.2,1664.63,1736.43,1715.13,
53.4219,2409.71,2090.66,2208.54,1664.76,1737.33,1716.28,
53.4281,2410.24,2091.51,2208.64,1665.32,1737.44,1716.75,
53.4312,2410.72,2092.38,2209.63,1665.67,1738.18,1717.51,
53.4372,2411.47,2092.41,2209.53,1665.73,1738.49,1718.57,
53.4435,2412.26,2093.23,2210.36,1666,1739.18,1719.01,
53.4466,2411.85,2093.56,2210.41,1666.8,1740.49,1719.69,
53.4527,2413.02,2094.45,2210.77,1666.14,1740.6,1720.15,
53.4593,2413.48,2096.56,2210.57,1666.78,1741.1,1721.37,
53.4626,2412.96,2095.76,2211.01,1667.37,1742.53,1722.18,
53.4702,2414.79,2096.72,2212.25,1668.15,1742.51,1722.78,
53.4744,2414.86,2097.27,2212.57,1668.19,1742.88,1723.31,
53.4776,2414.84,2097.54,2213.01,1668.68,1743.9,1724.17,
53.4837,2415.54,2098.45,2213.21,1669.14,1744.19,1724.53,
53.4868,2416.33,2099.11,2214.04,1669.31,1744.71,1725.7,
53.4931,2416.31,2099.37,2214.2,1669.39,1745.58,1726.42,
53.4992,2417.1,2100.32,2214.25,1670.21,1745.89,1727.01,
53.5024,2417.26,2101.24,2214.69,1670.35,1746.24,1727.75,
53.5077,2417.62,2101.14,2214.84,1670.31,1747.56,1728.6,
53.514,2418.62,2102.32,2215.71,1670.88,1747.53,1728.8,
53.5171,2418.66,2103.31,2216.49,1671.48,1748.29,1729.96,
53.5232,2419.57,2103.37,2216.7,1671.3,1748.62,1731.09,
53.5295,2419.97,2104.45,2217.06,1671.76,1749.2,1731.05,
53.5326,2420.35,2104.38,2217.43,1672.26,1750.15,1732.19,
53.5387,2421.06,2105.06,2218.13,1672.46,1750.21,1732.61,
53.5441,2422.14,2105.7,2218.55,1672.42,1751.22,1733.67,
53.5473,2421.52,2106.17,2218.51,1673.49,1751.89,1734.27,
53.5536,2422.22,2107.08,2219.21,1673.37,1752.27,1734.77,
53.5566,2423.02,2107.86,2220.02,1673.81,1752.99,1735.59,
53.5627,2422.88,2108.24,2220.09,1673.95,1753.72,1736.59,
53.569,2423.78,2109.08,2220.42,1674.55,1754.33,1737.15,
53.5721,2423.58,2110.09,2221.02,1674.88,1755.12,1737.92,
53.5783,2424.52,2110.18,2220.78,1675.01,1755.37,1738.9,
53.5836,2425.33,2110.78,2221.57,1675.26,1756,1739.05,
53.5867,2425.48,2111.03,2221.03,1675.78,1756.88,1741.31,
53.5947,2426.71,2112.43,2222.49,1676.42,1757.38,1740.62,
53.6023,2427.16,2113.26,2222.99,1677.04,1758.43,1741.81,
53.6054,2426.8,2113.43,2223.5,1677.37,1759.25,1742.59,
53.6116,2427.7,2114.37,2224.1,1677.47,1759.61,1743.3,
53.6147,2428.51,2115.36,2224.33,1678.12,1760.26,1744.03,
53.6601,2432.36,2120.32,2227.96,1680.7,1765.95,1750.76,
53.6642,2432.85,2120.99,2228.44,1680.87,1766.16,1751.39,
53.6673,2432.88,2117.99,2226.36,1679.8,1765.91,1751.2,
53.6735,2433.12,2121.78,2228.82,1681.51,1767.89,1752.88,
53.6797,2434.96,2122.4,2229.18,1681.27,1768.12,1754.23,
53.683,2435.55,2124.25,2230.74,1682.39,1769.28,1754.35,
53.6905,2435.28,2123.93,2230.42,1682.52,1769.91,1755.42,
53.6967,2436.19,2125,2231.19,1682.98,1770.45,1756.12,
53.7777,2444.02,2135.38,2238.28,1688.64,1781.19,1768.19,
53.7817,2444.25,2135.39,2238.58,1688.94,1779.31,1766.75,
53.788,2442.93,2135.05,2238.23,1688.81,1782.04,1769.29,
53.7911,2444.9,2137.57,2239.92,1689.72,1783.12,1770.43,
53.7972,2445.78,2137.87,2240.03,1690,1783.55,1768.45,
53.8034,2443.43,2136.56,2239.36,1689.64,1783.75,1771.6,
53.8066,2446.38,2138.4,2240.93,1691.06,1785.13,1772.66,
53.8127,2447.15,2139.78,2241.41,1690.47,1785.98,1773.17,
53.8203,2448.85,2140.78,2242.68,1690.76,1786.99,1774.52,
53.8236,2448.71,2141.18,2242.54,1692.03,1787.38,1775.2,
53.8291,2448.7,2141.75,2242.65,1691.94,1787.73,1776.43,
53.8352,2449.54,2142.6,2243.12,1692.36,1788.5,1776.66,
53.8383,2449.46,2142.85,2243.22,1692.84,1789.53,1777.57,
53.8445,2450.42,2143.85,2243.73,1693.24,1789.8,1778.14,
53.8476,2450.87,2144.75,2244.67,1693.67,1790.8,1778.76,
53.8537,2450.96,2145.03,2244.81,1693.83,1788.54,1778.25,
53.862,2450.68,2144.44,2244.56,1694.49,1791.98,1780.57,
53.8652,2452.82,2147.98,2246.37,1694.54,1793.07,1782.13,
53.873,2453.82,2186.26,2246.32,1695.25,1793.52,1782.45,
53.8774,2453.71,2148.39,2247,1695.56,1794.1,1782.95,
53.8806,2454.82,2149,2247.49,1696.13,1794.88,1784.05,
53.8867,2454.33,2149.19,2247.72,1696.29,1795.51,1785.14,
53.893,2455.25,2150.02,2248.07,1696.54,1796.03,1785.56,
53.8961,2455.26,2150.94,2248.95,1697.1,1796.96,1786.15,
53.9023,2455.84,2151.14,2249.12,1697.05,1797.01,1787.9,
53.9097,2457,2152.33,2249.65,1697.7,1798.15,1787.99,
53.9128,2456.94,2152.8,2250.44,1698.5,1799,1789.03,
53.9191,2457.58,2153.3,2250.67,1698.35,1799.37,1790.18,
53.9252,2458.56,2154.2,2251.48,1699.2,1800.33,1790.39,
53.9283,2458.55,2154.59,2251.25,1699.41,1800.95,1791.5,
53.9345,2459.31,2155.5,2252.18,1699.49,1801.45,1791.66,
53.9376,2460.22,2156.33,2252.58,1700.11,1802.21,1792.7,
53.9437,2460.21,2156.79,2252.79,1700.29,1803.1,1793.54,
53.9491,2499.97,2157.17,2253.81,1700.08,1803.19,1794.22,
53.9524,2461.78,2159.53,2254.05,1701.2,1804.49,1795.16,
53.9588,2462.05,2158.68,2254.06,1701.71,1805.34,1795.98,
53.9651,2462.57,2159.46,2254.59,1701.87,1805.29,1796.3,
53.9682,2462.4,2160.61,2255.39,1702.32,1806.32,1797.58,
53.9742,2463.2,2160.78,2255.36,1702.51,1806.73,1795.41,
53.9804,2422,2159.65,2254.57,1702.2,1806.98,1798.51,
54.0631,2472.66,2171.86,2263.69,1708.94,1818.8,1811.81,
54.0672,2473.25,2172.38,2264.04,1709.47,1819.39,1813.1,
54.0732,2473.66,2173.47,2264.74,1709.94,1820.13,1813.23,
54.0763,2473.5,2173.62,2264.75,1710.45,1820.87,1814.39,
54.0826,2474.52,2174.62,2265.01,1710.67,1821.07,1815.31,
54.0858,2471.3,2173.3,2263.14,1710.38,1821.18,1816.26,
54.0925,2474.73,2175.7,2266.26,1710.97,1822.97,1817.32,
54.098,2476.98,2176.84,2267.68,1711.23,1823.32,1817.61,
54.1045,2476.43,2178.09,2267.2,1712.14,1824.55,1818.09,
54.1077,2477.32,2177.64,2267.76,1712.59,1825.33,1818.76,
54.1129,2477.93,2178.57,2267.68,1712.79,1825.65,1819.31,
54.1191,2478.5,2179.37,2268.54,1713.11,1826.4,1820.52,
54.1222,2478.85,2179.79,2268.75,1713.62,1827.52,1821.31,
54.1282,2479.4,2180.48,2268.5,1713.4,1827.4,1822.65,
54.1315,2480.54,2181.63,2270.23,1714.45,1828.89,1823.31,
54.1396,2480.33,2181.94,2270.55,1714.4,1829.37,1823.9,
54.1447,2481.04,2182.51,2270.72,1714.96,1829.69,1824.17,
54.1479,2481.27,2182.72,2271.46,1715.21,1830.8,1825.4,
54.1532,2481.74,2183.68,2271.52,1715.7,1831.04,1826.28,
54.1592,2482.25,2184.85,2272.18,1715.95,1831.87,1826.43,
54.1623,2482.88,2185.04,2272.44,1716.52,1832.72,1827.82,
54.1686,2483.7,2185.38,2272.97,1716.66,1833.3,1827.83,
54.1716,2484.85,2185.99,2274.68,1717.01,1834.19,1829.29,
54.179,2484.6,2186.91,2274.06,1717.54,1834.83,1829.66,
54.1835,2485.31,2187.68,2274.4,1717.94,1835.29,1830.26,
54.1866,2485.83,2188.35,2274.48,1718.14,1835.98,1830.77,
54.1919,2485.76,2188.82,2275.1,1718.19,1837.06,1832.14,
54.1981,2486.47,2189.54,2276.03,1757.69,1837.41,1832.54,
54.2012,2486.69,2190.51,2276.52,1719.16,1838.17,1833.5,
54.2072,2487.45,2190.59,2276.85,1719.61,1838.51,1831.1,
54.2134,2485,2189.66,2275.98,1719.34,1838.94,1834.69,
54.2166,2487.89,2191.72,2277.54,1719.37,1840.88,1835.55,
54.223,2488.75,2193.66,2277.79,1720.33,1840.3,1837.36,
54.2275,2490.59,2193.48,2277.66,1721.68,1841.02,1836.66,
54.2308,2491.19,2193.82,2279.51,1721.77,1842.45,1838.46,
54.2383,2490.87,2194.73,2279.41,1721.77,1842.87,1839.42,
54.2446,2491.65,2195.33,2279.98,1722.37,1843.74,1839.5,
54.2476,2491.57,2195.75,2280.75,1722.93,1844.7,1840.44,
54.2537,2492.51,2196.39,2281.19,1722.81,1845.01,1841.27,
54.2568,2493.07,2197.52,2281.55,1723.05,1845.92,1842.32,
54.2631,2493.11,2197.58,2282.32,1724.81,1846.32,1843.06,
54.2685,2494.18,2198.6,2281.37,1723.84,1846.91,1844.36,
54.2718,2489.79,2196.47,2280.73,1723.44,1847.25,1843.89,
54.2782,2494.2,2198.97,2282.52,1725.16,1848.91,1845.67,
54.2842,2495.29,2200.29,2283.51,1725.43,1849.27,1845.74,
54.2873,2495.35,2201.11,2284.31,1725.86,1850.26,1847.02,
54.2936,2496.23,2201.42,2284.21,1725.87,1850.91,1848.22,
54.2997,2497.23,2202.47,2285.03,1726.53,1851.51,1848.31,
54.3028,2497.28,2202.58,2285.66,1726.86,1852.31,1849.2,
54.3081,2497.75,2203.29,2285.9,1726.48,1853.01,1850.71,
54.3162,2498.89,2204.49,2286.73,1727.51,1853.81,1850.84,
54.3192,2498.63,2204.33,2286.76,1728.23,1854.7,1851.78,
54.3245,2499.34,2205.3,2287.07,1728.32,1854.96,1852.22,
54.3276,2500.59,2206.53,2287.81,1728.76,1855.9,1853.09,
54.3337,2500.58,2206.39,2288.17,1728.98,1853.8,1851.92,
54.34,2499.34,2206.22,2287.81,1728.73,1856.91,1854.33,
54.3431,2501.32,2208.31,2289.08,1729.93,1857.99,1855.39,
54.3483,2502.3,2208.43,2289.69,1729.84,1858.47,1856.82,
54.3546,2502.44,2209.07,2289.73,1730.06,1859.25,1857.6,
54.3579,2503.3,2210.71,2290.69,1731.39,1860.51,1858.09,
54.3655,2504,2210.9,2291.1,1731.37,1861.15,1859.14,
54.3717,2504.87,2211.73,2291.69,1731.42,1861.76,1859.51,
54.3748,2504.96,2211.87,2292.43,1732.18,1862.91,1860.58,
54.3811,2505.51,2212.62,2292.44,1732.42,1863.17,1861.94,
54.3872,2506.51,2213.67,2292.81,1733,1863.86,1862.16,
54.3904,2506.36,2214.19,2293.23,1733.58,1864.85,1863.2,
54.3957,2507.56,2214.57,2293.69,1733.5,1865.32,1863.49,
54.3988,2509.38,2215.49,2293.96,1733.97,1866.3,1864.59,
54.4063,2508.4,2216.2,2294.6,1734.71,1867.07,1865.46,
54.4115,2508.75,2216.61,2295.26,1734.73,1867.48,1865.85,
54.4146,2509.91,2217.87,2295.69,1735.36,1868.14,1866.88,
54.4207,2509.7,2217.86,2295.74,1735.24,1869.42,1867.87,
54.427,2510.76,2218.72,2296.5,1735.89,1869.56,1868.19,
54.4301,2510.8,2219.68,2297.16,1736.31,1870.52,1869.19,
54.4353,2511.35,2219.71,2297.2,1736.47,1871.02,1870.12,
54.4416,2512.29,2220.52,2298.01,1737.06,1871.75,1871,
54.4447,2513.25,2220.88,2298.36,1737.61,1872.67,1871.25,
54.449,2512.69,2221.52,2298.67,1737.47,1872.76,1872.46,
54.4552,2513.82,2222.64,2299.22,1738.16,1873.68,1872.87,
54.4583,2513.84,2222.42,2299.32,1738.7,1874.57,1873.61,
54.4646,2514.51,2223.51,2300.26,1738.8,1875.02,1874.35,
54.4676,2515,2224.29,2300.83,1739.34,1875.77,1874.77,
54.4728,2515.29,2224.67,2301.07,1739.22,1876.83,1876.45,
54.479,2516,2225.39,2301.4,1739.76,1877.2,1876.46,
54.4821,2516.41,2187.55,2302.17,1740.33,1877.82,1877.3,
54.4882,2517.52,2187.5,2301.2,1740.58,1877.77,1878.69,
54.4945,2518.34,2227.11,2302.85,1740.92,1879.19,1879.11,
54.4976,2518.03,2227.55,2303.24,1741.5,1879.95,1879.73,
54.5037,2518.5,2228.21,2303.89,1741.62,1880.36,1879.98,
54.5091,2519.45,2229.21,2304.26,1741.97,1881.68,1880.95,
54.5122,2519.73,2229.48,2304.45,1742.57,1882.33,1882.18,
54.5182,2520.33,2230.37,2305.04,1742.4,1882.58,1882.24,
54.5213,2520.32,2231.5,2305.64,1743.26,1883.46,1883.32,
54.5276,2520.99,2231.38,2305.67,1743.48,1884.16,1884.57,
54.5337,2522.05,2231.92,2307.01,1743.12,1885.63,1885.09,
54.537,2522.6,2233.33,2306.54,1743.84,1885.46,1886.5,
54.5427,2523.08,2234.57,2306.73,1744.16,1886.56,1887.49,
54.5493,2523.72,2235.86,2308.29,1744.72,1887.11,1887.19,
54.5527,2525.11,2235.81,2308.89,1745.91,1888.32,1888.8,
54.5607,2524.74,2235.86,2309.29,1746.16,1888.86,1889.71,
54.5657,2525.75,2236.88,2309.27,1746.42,1889.41,1889.74,
54.5688,2525.38,2237.22,2310.01,1746.89,1890.49,1891.02,
54.575,2526.65,2237.86,2310.63,1747.16,1890.91,1892.84,
54.5831,2527.75,2238.85,2311.32,1747.79,1891.97,1892.97,
54.5863,2527.9,2239.45,2311.56,1748.14,1892.64,1893.62,
54.5906,2528.15,2239.99,2311.96,1748.14,1893.1,1894.07,
54.5937,2529.42,2240.73,2312.46,1749.05,1894.01,1895.13,
54.5997,2529.25,2240.78,2312.66,1748.99,1891.97,1893.69,
54.6059,2527.66,2240.49,2312.32,1749.08,1895.16,1896.32,
54.6091,2529.92,2243.17,2313.99,1750.14,1896.39,1897.53,
54.6152,2530.93,2242.88,2313.94,1750.24,1896.87,1898.82,
54.6215,2531.61,2243.72,2314.91,1750.62,1897.62,1899.75,
54.6247,2532.18,2245.34,2310.84,1749.74,1897.36,1898.91,
54.6302,2531.69,2244.87,2314.2,1752.13,1898.89,1901.72,
54.6359,2534.21,2246.09,2315.76,1752.15,1900.15,1901.37,
54.6391,2533.56,2246.84,2317.03,1752.38,1900.81,1902.43,
54.6452,2534.04,2246.62,2317.14,1752.54,1901.23,1903.37,
54.6515,2535.08,2247.72,2317.36,1753.2,1902.23,1903.89,
54.6546,2535.68,2247.97,2318.34,1753.98,1903.34,1904.66,
54.6607,2536.01,2248.62,2318.13,1753.84,1903.42,1905.02,
54.6639,2536.9,2249.51,2319.05,1754.11,1904.17,1906.05,
54.6692,2536.4,2250.31,2318.6,1754.93,1905.74,1907.64,
54.6774,2538.09,2251.06,2319.98,1755.09,1905.62,1907.81,
54.6806,2538.51,2251.71,2320.6,1755.51,1906.5,1908.5,
54.6857,2538.85,2251.96,2321,1755.64,1904.35,1907.2,
54.6919,2537.35,2251.4,2320.66,1755.7,1907.64,1909.92,
54.6951,2539.78,2253.61,2322.68,1756.64,1908.73,1911.1,
54.7012,2540.56,2253.27,2322.18,1756.78,1909.28,1912.3,
54.7075,2541.21,2254.54,2323.02,1757.49,1910.1,1912.76,
54.7106,2541.39,2255.19,2324.56,1757.58,1911.36,1953.09,
54.7188,2543.25,2255.96,2325.12,1758.09,1911.79,1914.32,
54.7241,2542.75,2256.81,2324.33,1758.54,1912.45,1914.99,
54.7271,2543.3,2256.82,2324.79,1759.13,1913.67,1916.1,
54.7332,2543.85,2257.87,2325.14,1759.24,1953.11,1916.47,
54.7363,2543.96,2258.78,2326.15,1759.93,1914.84,1917.63,
54.7425,2545.29,2259.16,2326.21,1759.92,1915.59,1918.64,
54.7487,2545.73,2259.91,2327.06,1760.31,1916.36,1918.92,
54.7519,2545.39,2260.37,2327.41,1760.97,1917.25,1920.02,
54.7572,2546.64,2260.75,2327.88,1761.07,1917.39,1917.58,
54.7637,2544.13,2259.84,2326.85,1760.85,1917.97,1920.86,
54.7667,2546.93,2261.73,2329.19,1762.06,1919.3,1922.39,
54.773,2548.16,2262.73,2329.37,1762.19,1919.72,1923.65,
54.7792,2548.87,2263.67,2329.63,1762.77,1920.58,1923.63,
54.7823,2549,2264,2329.87,1763.44,1921.75,1924.75,
54.7886,2549.73,2264.64,2330.56,1763.53,1921.9,1924.96,
54.7916,2550.72,2265.29,2331.19,1763.92,1922.66,1925.77,
54.7968,2550.67,2265.33,2331.03,1763.92,1923.7,1926.96,
54.8031,2551.81,2267,2332.52,1763.6,1924.59,1927.83,
54.8063,2551.99,2267.63,2332.67,1765.27,1925.09,1928.5,
54.8125,2552.64,2267.8,2333.1,1765.42,1925.94,1929.66,
54.8187,2553.43,2268.71,2333.56,1766,1926.56,1929.8,
54.8218,2553.68,2269.57,2334.04,1766.26,1927.62,1931.1,
54.8281,2554.31,2269.92,2334.47,1766.34,1928,1932.35,
54.8333,2554.71,2270.51,2334.96,1766.86,1928.8,1932.5,
54.8364,2554.95,2270.74,2335.53,1767.46,1929.54,1933.41,
54.8427,2555.73,2271.44,2335.76,1767.52,1929.99,1933.57,
54.8457,2551.81,2269.71,2334.02,1766.84,1930.13,1934.14,
54.8521,2556.22,2272.72,2336.37,1769.01,1931.99,1936.02,
54.8592,2557.57,2273.73,2337.29,1768.79,1932.31,1936.22,
54.8624,2557.83,2274.68,2337.93,1769.11,1933.21,1937.3,
54.9087,2562.49,2279.71,2342.15,1772.55,1939.49,1944.24,
54.913,2563.44,2280.37,2342.3,1772.98,1940.12,1944.73,
54.9161,2563.37,2281.57,2343.12,1773.59,1941.01,1945.88,
54.9222,2564.14,2281.92,2343.14,1773.74,1941.1,1943.46,
54.9284,2561.92,2280.57,2342.75,1773.74,1941.14,1946.77,
54.9316,2564.88,2282.42,2344.93,1775.14,1942.88,1948.33,
54.9377,2566.29,2283.59,2344.48,1774.41,1942.92,1949.45,
54.9443,2567.87,2284.85,2345.04,1775.12,1943.67,1950.62,
54.9477,2567.22,2284.45,2346.12,1776.35,1944.8,1950.7,
54.9529,2568.07,2285.75,2346.02,1776.4,1945.33,1951.68,
54.9591,2568.87,2286.62,2347.14,1776.68,1946.18,1952.19,
54.9622,2569.05,2286.75,2347.13,1774.19,1944.61,1951.34,
54.9684,2567.86,2286.56,2347.52,1776.81,1946.9,1953.13,
54.9716,2570.98,2288.72,2348.58,1778.06,1948.55,1954.51,
54.9777,2570.5,2289.08,2348.96,1778.1,1949.38,1955.47,
54.984,2571.96,2290.31,2350.32,1778.16,1949.71,1956.09,
55.0702,2581.41,2300.63,2357.72,1785.53,1960.95,1969.39,
55.0734,2581.52,2300.68,2357.28,1786.56,1961.75,1971.03,
55.0797,2583.25,2302.24,2358.38,1785.67,1962.38,1972.3,
55.0882,2583.19,2303.9,2358.05,1787.11,1963.64,1972.73,
55.0915,2583.02,2303.9,2360.38,1787.87,1964.6,1973.73,
55.0996,2584.6,2304.4,2360.39,1787.8,1964.9,1974.28,
55.1027,2585.41,2305.39,2360.95,1788.28,1965.92,1974.94,
55.1077,2585.38,2305.16,2361.26,1788.32,1966.38,1976.4,
55.1138,2586.06,2305.96,2362.03,1788.81,1966.89,1976.51,
55.1169,2586.71,2306.39,2361.82,1788.58,1967.72,1977.24,
55.1212,2586.93,2307.08,2362.42,1789.38,1967.65,1978.73,
55.1275,2587.66,2307.88,2363.28,1789.78,1968.31,1978.85,
55.1306,2588.04,2308.13,2364.49,1790.62,1969.01,1979.65,
55.1367,2588.78,2308.93,2364.19,1790.69,1969.22,1980.15,
55.1398,2584.81,2307.09,2362.6,1790.08,1968.85,1980.32,
55.1461,2589.69,2309.62,2364.65,1791.94,1970.32,1982.41,
55.1522,2590.76,2310.93,2365.34,1792.13,1970.13,1982.28,
55.1554,2590.37,2311.67,2366.25,1792.2,1970.4,1983.44,
55.1607,2591.35,2311.71,2366.48,1792.53,1971,1984.72,
55.1686,2592.46,2313.04,2367.2,1793.3,1971.31,1984.73,
55.1717,2592.58,2313.36,2368.1,1793.4,1972.02,1985.85,
55.1767,2593.11,2313.86,2367.72,1793.57,1972.11,1986.24,
55.1798,2594.1,2314.66,2368.61,1794.31,1973.08,1987.45,
55.1861,2594.22,2314.81,2368.76,1795.02,1973.94,1988.39,
55.1922,2594.76,2315.66,2369.4,1794.8,1974.04,1988.74,
55.1954,2595.22,2316.62,2369.99,1795.45,1975.1,1989.73,
55.2007,2596.16,2317.03,2370.05,1795.55,1975.54,1990.68,
55.2067,2596.92,2317.76,2370.85,1795.99,1976.16,1991.07,
55.2098,2596.32,2318.98,2371.91,1834.73,1977.23,1991.94,
55.2152,2598.15,2318.64,2370.9,1797.66,1977.29,1993.42,
55.2221,2599.4,2319.98,2371.18,1798,1977.45,1993.22,
55.2255,2598.93,2320.88,2373.17,1797.97,1979.09,1994.58,
55.2331,2599.31,2320.96,2373.15,1798.38,1979.84,1995.62,
55.2383,2600.23,2322.05,2374.03,1798.6,1980.28,1995.77,
55.2415,2601.44,2322.83,2374.52,1798.86,1980.77,1996.91,
55.2477,2601.43,2322.96,2374.86,1799.24,1981.33,1997.93,
55.2537,2602.13,2323.87,2375.32,1798.98,1982.46,1998.49,
55.257,2602.77,2324.75,2376.18,1800.69,1982.72,1999.43,
55.2625,2602.98,2325.01,2375.83,1800.33,1982.77,2000.43,
55.2687,2603.97,2325.27,2376.78,1800.56,1983.02,2000.71,
55.2719,2603.81,2325.86,2377.33,1801.37,1983.51,2001.55,
55.2772,2604.59,2326.59,2377.39,1801.65,1983.52,2002.82,
55.2832,2605.73,2327.53,2378.41,1802.2,1983.72,2002.9,
55.2863,2605.55,2327.74,2378.58,1802.64,1984.12,2003.84,
55.2925,2606.29,2328.31,2379.01,1802.96,1984.17,2004.26,
55.2956,2607.61,2329.94,2380.24,1803.56,1984.72,2005.74,
55.3036,2607.57,2330.12,2380.12,1803.66,1984.93,2006.57,
55.3097,2608.63,2331.02,2381.09,1804.18,1985.19,2006.99,
55.3128,2608.42,2331,2381.54,1804.55,1985.21,2008.04,
55.3181,2609.13,2331.59,2382.02,1804.54,1985.36,2009.38,
55.3242,2610.22,2332.66,2382.25,1805.42,1985.5,2009.55,
55.3273,2610.28,2333.13,2421.61,1806.01,1985.23,2010.44,
55.3335,2611.14,2333.7,2383.24,1806.18,1984.84,2010.61,
55.3366,2612.55,2334.52,2383.87,1806.79,1983.9,2011.76,
55.3427,2612.09,2334.63,2383.83,1806.11,1981.91,2013.39,
55.351,2612.97,2335.82,2384.96,1807.54,1980.55,2013.56,
55.3541,2613.49,2337.01,2385.61,1807.96,1969.87,2014.32,
55.3594,2613.89,2336.71,2385.72,1808.11,1951.61,2015.68,
55.3656,2614.94,2338.1,2386.32,1808.58,1406.6,2015.92,
55.3687,2615.23,2337.96,2387.01,1809.32,1436.84,2016.85,
55.3747,2616.23,2339.1,2387.3,1809.52,1437.18,2017.36,
55.3778,2617.02,2339.76,2388.05,1809.85,1438.27,2018.16,
55.384,2616.98,2340.13,2388.13,1809.56,1439.26,2020.51,
55.3922,2618.6,2341.2,2389.27,1810.52,1439.67,2020.1,
55.4718,2627.25,2351.2,2397.3,1817.17,1445.86,2032.57,
55.4761,2627.48,2351.43,2397.04,1817.81,1446.3,2033.8,
55.4822,2628.57,2352.29,2397.63,1817.66,1446.26,2033.86,
55.4854,2628.57,2353.13,2398.45,1818.51,1446.8,2035.17,
55.4916,2629.72,2353.08,2398.46,1818.63,1446.93,2036.12,
55.4977,2630.39,2354.24,2399.15,1818.89,1447.07,2036.27,
55.5008,2630.47,2354.47,2400.17,1819.43,1447.59,2037.41,
55.507,2630.92,2355.31,2400.14,1820,1447.63,2038.45,
55.531,2634.45,2358.39,2402.75,1821.66,1448.73,2041.58,
55.5341,2634.52,2358.72,2402.68,1822.12,1448.86,2042.6,
55.5393,2635.06,2359.18,2403.37,1822.23,1448.98,2042.58,
55.5425,2635.67,2359.99,2404.07,1822.89,1449.14,2043.94,
55.5487,2636.32,2360.5,2404.25,1822.97,1449.43,2044.82,
55.5547,2637.22,2361.54,2405.04,1823.63,1449.58,2045.16,
55.5578,2637.25,2361.4,2405.76,1824.14,1449.85,2045.92,
55.564,2638.3,2362.57,2405.95,1824.4,1449.98,2047.53,
55.5703,2638.51,2364.22,2405.73,1824.35,1449.75,2048.08,
55.5736,2638.81,2364.57,2406.65,1825.26,1450.28,2048.77,
55.5818,2640.41,2364.69,2407.74,1825.7,1450.49,2049.31,
55.5871,2640.61,2365.21,2408.26,1825.96,1450.44,2050.04,
55.5901,2640.95,2365.16,2408.08,1826.73,1450.95,2050.98,
55.5962,2641.74,2366.42,2408.94,1826.64,1450.75,2051.3,
55.5993,2641.96,2367.38,2409.76,1827.32,1450.88,2052.51,
55.6056,2642.85,2367.45,2409.76,1827.67,1451.25,2053.54,
55.6522,2648.19,2372.96,2414.43,1831.27,1452.26,2060.32,
55.6554,2648.21,2373.86,2415.15,1831.88,1452.36,2061.57,
55.6596,2648.97,2375.32,2414.25,1831.16,1453.21,2061.71,
55.6662,2649.15,2375.55,2415.68,1832.34,1452.78,2062.39,
55.6695,2650.32,2375.92,2416.7,1833.14,1452.93,2063.36,
55.6757,2651.3,2376.22,2416.7,1832.93,1453.01,2064.54,
55.6817,2651.98,2376.9,2417.64,1833.38,1452.97,2064.8,
55.6848,2652.18,2376.92,2418.47,1834.24,1453.22,2065.75,
55.6911,2652.75,2377.9,2418.34,1834.64,1453.26,2066.85,
55.6963,2653.7,2378.92,2418.91,1834.96,1453.36,2067.09,
55.6994,2654.26,2379.14,2419.25,1835.36,1453.69,2068.51,
55.7076,2655.56,2379.97,2420.89,1834.78,1453.92,2069.03,
55.716,2657.26,2380.89,2420.09,1796.89,1453.8,2070.76,
55.7192,2617.39,2382.73,2420.09,1836.67,1454.03,2070.85,
55.7258,2657.37,2382.37,2421.49,1837.03,1453.79,2071.53,
55.732,2658.13,2383.05,2422.51,1837.75,1453.97,2072.27,
55.7352,2658.39,2383.54,2422.71,1838.45,1454.34,2073.28,
55.7403,2658.93,2384.3,2423.52,1838.59,1454.33,2073.73,
55.7435,2660.07,2384.96,2424.09,1838.91,1454.4,2074.89,
55.7497,2660.65,2385.46,2424.03,1839.53,1454.41,2075.26,
55.7539,2660.92,2385.98,2424.56,1839.33,1454.57,2075.63,
55.7571,2660.69,2386.93,2425.57,1840.2,1454.63,2076.87,
55.7632,2661.8,2387.51,2425.73,1840.11,1454.66,2074.02,
55.7694,2659.47,2386.11,2424.85,1840.03,1454.3,2077.97,
55.7726,2662.34,2388.08,2426.61,1840.98,1454.93,2078.93,
55.7778,2663.42,2388.79,2427.05,1841.41,1454.89,2079.41,
55.784,2664.39,2389.98,2427.4,1841.9,1455.17,2080.36,
55.7871,2664.71,2390.08,2427.95,1842.56,1455.13,2081.35,
55.7932,2665.35,2391.44,2426.73,1843.25,1455,2082.27,
55.7964,2665.83,2391.85,2427.76,1843.46,1455.35,2082.29,
55.8017,2666.15,2391.9,2429.27,1843.55,1455.4,2083.65,
55.808,2667.2,2392.74,2429.93,1843.63,1455.4,2084.01,
55.8111,2667.44,2393.52,2430.82,1844.22,1455.52,2084.46,
55.8163,2667.84,2393.8,2430.78,1844.37,1455.46,2085.79,
55.8226,2669.21,2394.41,2431.41,1844.88,1455.81,2086.15,
55.8257,2669.05,2394.67,2432.53,1845.69,1455.78,2087.09,
55.8317,2670.01,2395.55,2432.44,1845.54,1455.7,2087.25,
55.8348,2670.86,2396.19,2432.21,1847.04,1455.86,2088.2,
55.8411,2670.89,2396.78,2433.37,1846.87,1456.08,2089.35,
55.8472,2671.5,2397.94,2434.22,1846.69,1456.14,2089.71,
55.8503,2671.75,2398.48,2434.54,1847.52,1456.08,2090.17,
55.8556,2672.63,2398.45,2434.59,1847.25,1456.17,2091.43,
55.8617,2673.43,2399.1,2435.7,1848.24,1456.09,2091.85,
55.8648,2673.38,2399.46,2436.07,1848.67,1456.19,2092.63,
55.871,2674.5,2400.43,2436.49,1848.74,1456.2,2094.01,
55.8772,2675.39,2401.31,2437.11,1849.39,1456.55,2094.12,
55.8803,2675.7,2401.62,2437.22,1849.54,1456.93,2095.21,
55.8885,2676.12,2402.56,2438.34,1850.58,1456.72,2095.99,
55.9712,2687.22,2412.82,2446.42,1856.73,1457.4,2108.15,
55.9744,2687.06,2413.03,2446.47,1857.56,1457.78,2109.11,
55.9796,2687.89,2413.92,2447.15,1857.57,1457.57,2109.45,
55.9827,2689.2,2414.65,2447.67,1858.32,1457.82,2110.2,
55.9887,2688.81,2415.21,2447.72,1858.24,1457.74,2111.39,
55.995,2689.7,2415.55,2448.92,1858.86,1457.79,2111.8,
55.9981,2689.93,2416.91,2449.67,1859.18,1457.92,2112.45,
56.0042,2690.75,2417.02,2449.82,1859.49,1457.93,2110.03,
56.0637,2697.84,2424.46,2456.06,1863.38,1458.42,2121.79,
56.0669,2698.5,2424.56,2456.18,1864.99,1458.56,2122.3,
56.0711,2698.94,2425.23,2456.77,1865,1458.66,2123.76,
56.0772,2700,2426.18,2457.26,1865.6,1458.57,2123.45,
56.0803,2700.14,2426.2,2457.5,1866.37,1458.47,2124.4,
56.0865,2700.75,2426.92,2458.49,1866.29,1458.59,2125.14,
56.0896,2702.19,2427.98,2459.25,1866.68,1458.61,2126.05,
56.0957,2702.41,2428.09,2459.08,1866.8,1456.59,2124.18,
56.1569,2709.97,2435.83,2465.38,1872.04,1459.25,2135.13,
56.16,2710.31,2436.6,2465.97,1872.49,1459.2,2135.65,
56.1642,2710.56,2436.49,2466.07,1872.43,1459.22,2133.07,
56.1704,2708.36,2435.35,2465.17,1872.2,1458.75,2136.7,
56.1736,2711.57,2437.37,2467.43,1873.67,1459.35,2138.03,
56.1797,2712.88,2438.04,2467.73,1873.95,1459.3,2138.31,
56.1828,2708.7,2436.19,2466.47,1873.3,1458.83,2138.73,
56.189,2713.27,2439.1,2468.43,1875.16,1459.68,2140.06,
56.299,2728.39,2452.38,2479.03,1882.83,1459.92,2154.97,
56.3023,2727.01,2454.29,2478.94,1883.98,1460.41,2155.16,
56.31,2728,2453.68,2480.47,1884.05,1460.27,2156.11,
56.3162,2728.65,2454.68,2480.99,1884.65,1460.28,2156.05,
56.3192,2728.67,2454.47,2480.79,1884.66,1460.28,2156.76,
56.3255,2729.27,2455.18,2481.29,1884.65,1460.35,2156.79,
56.3286,2729.83,2455.59,2481.99,1885.2,1460.45,2157.49,
56.3347,2730.83,2455.16,2481.4,1884.59,1460.53,2158.11,
56.3402,2730.84,2457.03,2481.01,1886.05,1460.48,2158.43,
56.3436,2732.17,2457.23,2483.63,1885.08,1460.55,2157.88,
56.3481,2731.7,2456.68,2483.12,1882.97,1459.37,2157.81,
56.3526,2730.4,2456.33,2482.59,1885.91,1460.29,2158.56,
56.3557,2727.03,2454.51,2481.43,1885.32,1460.01,2158.48,
56.361,2731.41,2457.17,2483.14,1886.34,1460.85,2159.6,
56.3672,2732.17,2458.09,2483.61,1886.23,1460.47,2159.69,
56.3703,2731.94,2458.04,2484.07,1886.75,1460.52,2160.06,
56.3766,2732.52,2457.89,2483.98,1886.55,1460.67,2160.61,
56.3831,2732.91,2458.42,2484.41,1887.03,1460.83,2160.25,
56.3862,2732.81,2458.94,2484.86,1886.98,1460.81,2160.58,
56.3922,2732.72,2458.9,2484.7,1887.24,1460.73,2157.01,
56.3984,2730.01,2456.75,2483.07,1886.27,1460.43,2160.74,
56.4016,2732.81,2458.55,2485.05,1887.5,1460.92,2160.74,
56.4077,2733.34,2459.08,2484.86,1887.17,1460.8,2161.22,
56.4108,2733.69,2459.08,2485.11,1887.34,1461.01,2161.58,
56.4171,2733.58,2458.91,2484.9,1887.28,1461.17,2161.33,
56.4223,2733.61,2459.21,2485.18,1887.2,1460.95,2161.61,
56.4256,2733.79,2460.5,2484.32,1888.12,1461.06,2161.55,
56.4309,2733.81,2459.2,2485.15,1887.4,1460.89,2161.34,
56.4354,2733.84,2459.2,2484.99,1887.35,1460.86,2161.56,
56.4385,2733.97,2459.22,2485.13,1887.32,1461.14,2161.37,
56.4447,2733.73,2459.06,2485.24,1887.33,1458.67,2158.96,
56.4509,2731.4,2457.86,2484.23,1886.72,1460.75,2161.12,
56.4541,2733.09,2459.51,2485.26,1887.48,1461.18,2161.34,
56.4593,2733.82,2458.98,2485.11,1887.42,1461.09,2161.51,
56.4655,2733.49,2459.09,2485.16,1887.33,1460.8,2161.2,
56.4686,2733.95,2459.84,2484.89,1887.48,1461.21,2161.51,
56.4737,2733.58,2458.95,2485.09,1887.26,1461.15,2161.27,
56.4768,2734.19,2459.12,2484.92,1887.18,1461.27,2161.14,
56.483,2734.03,2459,2485.46,1887.27,1461.24,2161.29,
56.4892,2733.91,2459.24,2484.76,1887.1,1461.3,2161.55,
56.4924,2733.7,2459.39,2485.26,1887.17,1461.41,2161.5,
56.4976,2733.85,2459.31,2484.99,1887.07,1461.3,2161.68,
56.5037,2733.98,2459.36,2485.1,1887.39,1461.21,2161.31,
56.5068,2733.51,2459.26,2485.49,1886.93,1461.59,2161.2,
56.513,2733.22,2458.98,2485.89,1886.12,1461.38,2162.07,
56.5192,2772.66,2460.29,2484.46,1886.73,1461.55,2161.18,
56.5226,2734.78,2459.49,2485.07,1887,1461.52,2160.79,
56.5302,2733.66,2458.9,2485.26,1887.02,1461.34,2161.43,
56.5365,2733.92,2458.98,2485.38,1887.09,1461.58,2161.13,
56.5396,2733.72,2459.13,2485.37,1887.13,1461.43,2161.21,
56.5448,2733.02,2458.72,2485.09,1887.05,1461.42,2161.17,
56.5511,2733.95,2459.29,2485.26,1887.01,1461.51,2161.27,
56.5542,2733.69,2459.31,2485.28,1887.33,1461.56,2161.44,
56.5621,2734,2459.66,2485.27,1886.96,1461.6,2161.16,
56.5652,2734.05,2459.44,2485.58,1887.16,1461.56,2161.56,
56.5702,2733.52,2458.93,2485.24,1886.68,1461.38,2161.47,
56.5765,2733.85,2459.03,2485.23,1887.03,1461.51,2161.38,
56.5796,2733.31,2459.1,2485.18,1887.15,1461.65,2161.1,
56.5848,2733.75,2459.23,2484.91,1886.83,1461.58,2161.34,
56.591,2734.3,2458.83,2485.34,1886.81,1461.57,2161.34,
56.5941,2733.67,2459.25,2484.75,1887.19,1461.65,2161.46,
56.6002,2733.74,2459.2,2485.13,1886.98,1461.79,2161.14,
56.6033,2733.65,2458.84,2485.55,1886.66,1461.56,2161.27,
56.6096,2733.54,2458.99,2485.19,1887,1461.82,2161.61,
56.6157,2733.62,2459.04,2485.06,1886.8,1461.77,2161.21,
56.6188,2733.57,2458.75,2485.32,1886.85,1461.89,2161.26,
56.6241,2734.01,2458.88,2485.14,1886.77,1461.66,2161.43,
56.6302,2733.82,2459.36,2485.25,1886.81,1461.71,2160.97,
56.6333,2734.04,2458.49,2485.27,1887.04,1461.81,2161.54,
56.6396,2733.8,2459.25,2485.28,1886.69,1461.85,2161.37,
56.6426,2734.09,2459.37,2484.98,1886.85,1461.84,2161.28,
56.6487,2733.92,2458.99,2485.85,1885.79,1461.69,2161.61,
56.6542,2735.38,2459.45,2484.5,1886.28,1461.55,2161.64,
56.6575,2772.76,2459.58,2486.49,1886.35,1462.03,2161.52,
56.6658,2735.2,2458.23,2485.09,1886.74,1462.16,2161.46,
56.6711,2733.88,2459.23,2485.35,1886.74,1462.09,2161.83,
56.6742,2733.78,2459.55,2485.36,1886.63,1462.13,2161.32,
56.6802,2733.96,2459.24,2485.4,1886.36,1461.98,2161.68,
56.6862,2733.74,2459.25,2485.46,1886.41,1462.08,2161.25,
56.6893,2733.76,2459.01,2485.28,1886.82,1462.22,2161.35,
56.6975,2733.81,2459.01,2485.34,1886.45,1462.16,2161.54,
56.7006,2734.36,2459.26,2485.37,1886.61,1462.1,2161.31,
56.7058,2733.84,2459.17,2485.42,1886.62,1462.22,2161.53,
56.7121,2734.02,2459,2485.37,1886.53,1462.1,2161.32,
56.7152,2733.63,2459.41,2485.62,1886.6,1462.21,2161.31,
56.7212,2733.82,2459.17,2485.15,1886.59,1462.03,2157.48,
56.7274,2730.72,2457.19,2484.1,1885.83,1461.66,2160.96,
56.7306,2733.82,2458.94,2485.4,1886.64,1462.24,2161.44,
56.7752,2733.8,2458.93,2485.29,1886.26,1462.39,2161.35,
56.7794,2734.02,2459.25,2485.15,1886.33,1462.33,2161.46,
56.7826,2734.03,2458.93,2483.96,1886.38,1462.47,2162,
56.7891,2695.44,2459.56,2485.41,1885.63,1462.1,2158.04,
56.7956,2731.64,2456.6,2484.46,1885.66,1461.86,2161.1,
56.7988,2733.39,2458.81,2485.71,1886.27,1462.29,2161.52,
56.8051,2733.99,2458.95,2485.52,1886.26,1462.3,2161.66,
56.8112,2734.58,2459.14,2485.48,1886.44,1462.61,2161.12,
56.8143,2734.21,2459.06,2485.54,1886.38,1462.58,2161.65,
56.8196,2734.13,2459.04,2485.36,1886.23,1462.52,2161.2,
56.8227,2695.39,2459.44,2485.55,1886.33,1462.44,2161.28,
56.8287,2734.09,2459.02,2485.33,1885.98,1462.6,2161.49,
56.836,2734.29,2458.99,2485.78,1886.43,1462.41,2161.8,
56.8391,2734.21,2459.47,2485.57,1886.23,1462.7,2161.62,
56.8452,2734.18,2459.08,2485.47,1886.1,1462.47,2157.57,
56.8514,2730.56,2457.14,2484.41,1885.49,1462.23,2161.03,
56.9328,2734.1,2459.13,2485.44,1885.87,1462.63,2161.28,
56.9371,2733.75,2458.97,2485.26,1885.86,1462.72,2161.68,
56.9432,2733.78,2459.37,2485.35,1885.87,1462.81,2161.32,
56.9462,2733.93,2458.86,2485.4,1886.11,1463.06,2161.51,
56.9525,2734.11,2458.77,2485.1,1885.87,1462.78,2161.13,
56.9556,2734.53,2458.98,2485.99,1885.96,1462.98,2161.4,
56.9617,2734.11,2458.71,2485.56,1885.65,1460.67,2158.86,
56.9679,2731.99,2457.58,2484.31,1885.31,1462.49,2161.18,
57.1042,2734.61,2459.53,2484.8,1885.34,1462.99,2162.33,
57.1076,2733.9,2459.98,2484.56,1885.75,1463.29,2161.66,
57.1158,2695.57,2459.62,2484.74,1886.18,1463.55,2161.62,
57.1223,2734.83,2459.18,2485.64,1885.38,1463.19,2161.65,
57.1255,2733.96,2458.9,2486.26,1885.54,1463.29,2161.6,
57.1317,2734.36,2458.98,2485.49,1885.42,1463.17,2161.48,
57.1349,2734.16,2459.17,2485.63,1885.16,1463.33,2161.51,
57.1411,2734.14,2458.85,2485.72,1885.62,1463.62,2161.59,
57.1491,2734.3,2459.28,2485.65,1885.48,1463.19,2161.46,
57.1522,2733.92,2456.42,2483.39,1884.59,1462.64,2160.82,
57.1566,2733.42,2458.66,2484.75,1885.18,1463.31,2161.86,
57.1627,2734.08,2459.06,2485.59,1885.14,1463.42,2161.55,
57.1658,2734.07,2458.66,2485.52,1885.52,1463.29,2161.6,
57.172,2733.99,2459.15,2485.44,1885.24,1463.2,2161.67,
57.1782,2733.87,2459.39,2485.71,1885.21,1463.44,2161.41,
57.1812,2733.86,2458.65,2485.28,1885.28,1463.34,2161.42,
57.1875,2734.08,2458.9,2485.24,1884.94,1463.42,2161.73,
57.1907,2728.81,2455.67,2483.44,1884.02,1462.56,2160.68,
57.199,2733.33,2458.6,2485.44,1885.22,1463.35,2161.58,
57.2042,2734.07,2459.36,2485.7,1885.24,1463.23,2161.54,
57.2072,2733.98,2454.67,2482.48,1883.68,1462.48,2160.57,
57.2135,2732.96,2458.54,2485.21,1884.9,1463.58,2161.47,
57.2197,2773.3,2458.82,2485.55,1885.07,1463.6,2161.62,
57.2228,2733.98,2458.72,2485.55,1885.08,1463.53,2161.5,
57.2291,2733.89,2458.87,2485.52,1885.17,1463.38,2161.79,
57.2342,2695.46,2459.2,2485.57,1885.07,1463.55,2161.46,
57.2374,2734.06,2458.67,2485.54,1885.22,1463.52,2161.53,
57.2437,2733.97,2458.88,2485.47,1885.17,1463.6,2161.47,
57.2467,2728.97,2456.04,2483.51,1883.88,1462.87,2160.48,
57.253,2733.18,2458.56,2485.25,1885.34,1463.72,2161.7,
57.2592,2734.04,2459.19,2485.28,1885.06,1463.59,2161.46,
57.2623,2733.85,2459.07,2485.59,1885.07,1463.62,2161.51,
57.3477,2733.97,2458.67,2485.54,1884.92,1463.91,2161.47,
57.352,2734.17,2458.93,2485.38,1884.98,1463.75,2161.52,
57.3551,2734.06,2459.06,2485.86,1884.78,1463.65,2161.46,
57.3612,2734.03,2458.96,2485.44,1885.05,1463.64,2161.71,
57.3672,2734.13,2459.19,2485.54,1884.96,1463.59,2161.82,
57.3704,2733.55,2459.26,2485.94,1884.97,1463.81,2161.59,
57.3759,2734.08,2458.71,2485.45,1884.69,1463.63,2161.89,
57.3822,2734.34,2459.19,2485.71,1884.84,1463.88,2161.12,
57.4246,2734.14,2459.18,2485.52,1884.9,1463.77,2161.47,
57.4287,2734.29,2458.71,2485.47,1884.76,1463.88,2161.44,
57.4317,2729.25,2455.94,2483.73,1883.42,1463.23,2160.87,
57.438,2733.63,2458.68,2485.34,1884.81,1463.93,2161.6,
57.4442,2734.01,2458.82,2485.43,1884.85,1463.89,2161.4,
57.4473,2733.87,2458.93,2485.93,1884.67,1463.78,2161.28,
57.4535,2734.19,2459.23,2485.28,1884.5,1463.9,2162.11,
57.4597,2695.64,2459.62,2485.05,1883.89,1463.73,2162.35,
57.4682,2735.81,2459.33,2485.02,1884.06,1463.81,2161.53,
57.4716,2772.71,2459.5,2486.62,1883.64,1464.24,2161.46,
57.476,2734.5,2459,2485.63,1884.62,1463.81,2162.01,
57.4822,2734.42,2459.16,2485.54,1884.51,1463.8,2161.5,
57.4852,2733.78,2458.83,2485.23,1884.63,1464.12,2161.69,
57.4915,2734,2459.05,2485.74,1884.35,1463.87,2161.41,
57.4946,2695.62,2459.08,2485.48,1884.58,1464.03,2161.42,
57.5007,2733.92,2458.76,2485.61,1884.55,1461.26,2158.69,
57.5855,2734.32,2458.7,2485.22,1884.6,1463.95,2161.64,
57.5886,2773.29,2459.2,2485.58,1884.5,1464.14,2161.77,
57.5927,2734.26,2458.82,2485.56,1882.9,1461.96,2159.16,
57.5979,2732.47,2457.77,2484.97,1883.94,1463.71,2161.57,
57.6011,2733.99,2459.28,2485.68,1884.16,1463.98,2161.76,
57.6072,2733.86,2459.03,2485.57,1884.41,1464.17,2161.74,
57.6132,2734.31,2459.28,2485.67,1884.18,1463.98,2161.49,
57.6163,2733.9,2458.78,2485.65,1884.44,1464.13,2161.42,
57.6847,2734.52,2458.92,2485.49,1884.16,1464.38,2161.6,
57.6879,2734.17,2459.2,2485.96,1884.07,1464.1,2161.55,
57.6921,2733.98,2458.92,2485.83,1884.01,1464.18,2161.64,
57.6982,2734.26,2459.61,2485.78,1884.24,1464.31,2161.4,
57.7013,2733.86,2459.04,2485.75,1884.28,1464.51,2161.69,
57.7075,2733.81,2458.75,2485.45,1884.05,1464.22,2161.46,
57.7106,2734.52,2459.33,2485.73,1884.31,1464.23,2161.59,
57.7167,2773.41,2458.81,2485.37,1883.75,1461.83,2159.29,
57.8187,2734.4,2458.42,2486.11,1882.66,1464.27,2161.63,
57.8219,2734.14,2459.16,2485.95,1883.96,1464.31,2161.54,
57.8261,2733.61,2459.01,2485.8,1883.94,1464.35,2161.58,
57.8322,2734.2,2459.1,2485.63,1883.98,1464.42,2161.38,
57.8353,2734.08,2458.76,2485.61,1884.06,1464.45,2161.86,
57.8415,2734.08,2458.91,2485.79,1883.7,1464.53,2161.43,
57.8446,2734.61,2458.87,2485.79,1883.82,1464.4,2161.6,
57.8507,2734,2459,2485.39,1883.81,1464.51,2161.26,
58.0085,2733.93,2460.01,2484.4,1883.15,1464.75,2161.24,
58.0118,2773.11,2459.71,2485.59,1882.71,1464.62,2161.74,
58.0185,2734.25,2458.9,2484.53,1883.96,1464.62,2161.98,
58.0239,2734.37,2459.05,2485.83,1883.48,1464.56,2161.81,
58.0271,2734.16,2459.18,2485.69,1883.29,1464.76,2161.78,
58.0332,2734.22,2458.77,2485.86,1883.29,1464.49,2161.57,
58.0394,2773.06,2458.98,2485.79,1883.32,1464.66,2161.66,
58.0426,2733.86,2458.72,2485.92,1883.28,1464.55,2161.84,
58.048,2734.25,2458.83,2485.76,1883.1,1464.63,2161.67,
58.0532,2733.97,2459.04,2485.91,1883.42,1464.79,2161.85,
58.0564,2734.3,2458.67,2485.77,1883.53,1464.61,2161.66,
58.0626,2734.37,2459.09,2485.74,1883.35,1464.4,2161.42,
58.0657,2734.23,2458.99,2485.96,1883.44,1464.59,2161.68,
58.0717,2734.07,2458.94,2485.71,1883.29,1464.56,2161.61,
58.078,2695.42,2458.77,2485.9,1883.02,1464.64,2161.46,
58.0811,2733.85,2459.08,2485.93,1883.66,1464.8,2161.66,
58.0872,2734.14,2458.74,2485.62,1883.15,1464.65,2162.54,
58.0937,2695.43,2459.69,2486.13,1882.78,1464.52,2161.5,
58.0971,2695.33,2459.71,2485.71,1883.14,1464.54,2161.5,
58.1025,2734.33,2459.01,2485.42,1883.3,1464.69,2161.64,
58.1087,2734.19,2458.91,2485.71,1883.27,1464.47,2161.91,
58.1118,2733.84,2458.72,2485.69,1883.28,1464.63,2161.52,
58.118,2733.78,2459.05,2485.9,1883.39,1464.82,2161.69,
58.1242,2734.32,2459.1,2485.73,1883.23,1464.83,2161.99,
58.1273,2734.01,2458.67,2485.92,1883.44,1464.57,2161.91,
58.1326,2733.87,2458.87,2485.85,1883.77,1464.31,2161.87,
58.1357,2729.41,2455.99,2483.6,1882.06,1464.22,2161.1,
58.142,2733.59,2458.48,2485.47,1883.32,1464.83,2161.85,
58.1482,2734.12,2458.91,2485.79,1882.91,1464.47,2161.48,
58.1513,2734.05,2459.23,2485.85,1883.25,1464.59,2161.59,
58.1576,2733.83,2458.8,2485.53,1883.2,1464.74,2161.69,
58.1637,2773.39,2459.06,2485.84,1882.95,1464.94,2161.64,
58.1668,2733.94,2458.86,2486.08,1883.11,1464.72,2161.69,
58.1721,2734.18,2458.83,2485.2,1882.9,1464.56,2161.67,
58.1782,2733.79,2458.6,2485.38,1882.45,1464.78,2161.73,
58.1813,2733.47,2459.13,2485.7,1883.38,1464.89,2161.63,
58.1875,2734.06,2458.93,2485.77,1883.16,1464.6,2161.67,
58.1906,2695.34,2458.82,2485.75,1883.21,1464.61,2161.59,
58.1967,2734.03,2458.68,2485.49,1883.03,1464.8,2162,
58.203,2734.11,2458.66,2485.67,1883.22,1464.62,2161.26,
58.2061,2733.95,2459.36,2486.17,1882.75,1464.8,2161.67,
58.2113,2734.22,2458.74,2485.92,1883.04,1464.59,2161.77,
58.2176,2773.14,2458.75,2485.96,1883.14,1464.63,2161.86,
58.2207,2733.94,2458.71,2485.7,1882.64,1464.83,2161.38,
58.2287,2735.03,2458.2,2486.36,1882.37,1464.71,2162.37,
58.2344,2734.61,2459.21,2484.13,1882.72,1465.29,2162.73,
58.2377,2734.39,2458.97,2482.81,1881.7,1463.83,2160.76,
58.2421,2733.29,2458.48,2485.46,1883.11,1464.61,2161.86,
58.2482,2734.22,2459.22,2486.07,1882.64,1464.61,2161.58,
58.2513,2734.17,2458.73,2485.86,1883.05,1464.96,2161.55,
58.2566,2733.98,2458.68,2485.68,1883,1464.64,2161.59,
58.2597,2734.36,2458.76,2485.68,1883.07,1464.82,2161.55,
58.2657,2733.85,2458.65,2485.91,1882.78,1464.6,2162.19,
58.271,2734.3,2459.93,2484.78,1882.42,1465.09,2161.45,
58.2743,2735.42,2459.44,2484.85,1883.96,1465.22,2161.68,
58.2826,2734.22,2458.96,2485.7,1883.14,1464.75,2161.89,
58.2877,2733.94,2458.89,2485.59,1882.82,1464.69,2161.8,
58.2909,2733.61,2458.37,2485.68,1882.94,1464.71,2161.74,
58.2962,2734.21,2458.93,2485.56,1882.99,1464.71,2162.24,
58.3022,2695.42,2458.97,2485.94,1882.96,1464.74,2161.56,
58.3053,2733.78,2458.51,2485.69,1883.2,1464.8,2161.62,
58.3115,2734.07,2458.83,2485.76,1882.89,1464.74,2162.4,
58.3147,2734.57,2459.18,2486.09,1883.02,1464.89,2161.93,
58.3226,2734.05,2458.93,2485.66,1882.7,1464.72,2161.77,
58.3287,2733.52,2458.58,2485.63,1882.82,1464.79,2161.68,
58.3319,2733.51,2458.57,2485.89,1882.52,1464.92,2161.74,
58.3372,2734.15,2459.05,2485.78,1882.64,1464.81,2161.62,
58.3434,2734.27,2458.91,2485.67,1882.77,1464.86,2161.79,
58.3466,2734.14,2458.81,2485.86,1882.97,1464.91,2161.96,
58.3527,2734.03,2458.79,2485.89,1882.71,1464.71,2161.61,
58.3558,2734.18,2459.1,2486.18,1882.72,1464.93,2161.46,
58.3639,2733.94,2458.82,2485.74,1882.85,1464.91,2161.58,
58.3702,2734.19,2459.01,2485.55,1882.66,1464.95,2161.42,
58.3733,2734.07,2458.95,2485.62,1882.83,1464.93,2161.62,
58.3786,2734.2,2458.77,2485.65,1882.79,1464.82,2161.69,
58.3847,2734.04,2458.83,2485.73,1882.89,1464.86,2161.58,
58.3878,2733.89,2458.72,2485.94,1883.17,1464.87,2161.65,
58.3941,2734.21,2458.73,2485.8,1882.88,1464.87,2161.97,
58.4002,2734.3,2459.19,2485.8,1882.87,1464.91,2161.86,
58.4033,2734.02,2458.78,2484.89,1881.94,1465.04,2162.02,
58.4097,2734.75,2459.18,2485.9,1882.52,1465.05,2162.01,
58.4153,2734.36,2458.89,2485.8,1882.51,1465.09,2161.75,
58.4184,2733.92,2458.82,2486.08,1883.08,1464.91,2161.6,
58.4246,2734.08,2458.8,2485.57,1882.75,1464.89,2161.7,
58.4277,2729.54,2455.34,2483.9,1881.63,1464.19,2161.09,
58.434,2733.66,2458.27,2485.66,1882.81,1464.91,2161.86,
58.4402,2733.86,2458.85,2485.7,1882.66,1464.91,2161.45,
58.4433,2733.8,2458.93,2485.99,1882.62,1464.8,2162.4,
58.4867,2734.22,2458.9,2485.65,1882.63,1464.93,2161.61,
58.491,2733.93,2458.98,2485.8,1882.74,1465.07,2161.68,
58.4941,2735.13,2458.91,2486.07,1883.25,1465.02,2162.02,
58.5003,2773.29,2458.6,2486.34,1881.82,1464.81,2162.04,
58.5086,2733.74,2459.95,2485.01,1881.99,1465.42,2161.41,
58.512,2695.88,2459.4,2486.24,1882.54,1464.91,2161.44,
58.5172,2733.53,2459.19,2485.71,1882.55,1464.94,2157.91,
58.5234,2730.99,2456.76,2484.5,1881.61,1464.44,2160.97,
58.5266,2733.31,2458.66,2485.97,1882.41,1465.1,2161.42,
58.5318,2733.84,2458.45,2485.76,1882.62,1465.11,2161.45,
58.5381,2734.25,2459.25,2486.42,1881.88,1465.31,2161.88,
58.5412,2773.09,2458.77,2486.32,1882.78,1465.08,2161.93,
58.5478,2734.22,2458.77,2485.99,1882.36,1465.03,2161.74,
58.554,2734.5,2459.31,2486.02,1882.62,1465.08,2161.81,
58.5571,2733.94,2458.89,2485.78,1882.81,1465.09,2161.59,
58.5632,2734.2,2458.92,2485.52,1882.49,1465.12,2161.98,
58.5663,2733.73,2459.03,2485.89,1882.6,1464.89,2161.41,
58.5716,2733.93,2458.92,2486.03,1882.61,1465.12,2161.88,
58.5777,2734.35,2458.85,2486.08,1882.47,1464.86,2161.69,
58.5808,2733.7,2458.76,2486.19,1882.63,1465.23,2161.99,
58.587,2733.83,2459.03,2485.72,1882.44,1465.14,2162.01,
58.5932,2773.29,2458.96,2485.93,1882.38,1465.12,2161.79,
58.5962,2733.83,2458.73,2485.68,1882.66,1465.02,2161.84,
58.6025,2734.14,2458.84,2485.96,1882.62,1465.14,2161.49,
58.6056,2734.2,2459.37,2486.18,1882.62,1465.12,2161.71,
58.6108,2733.94,2458.5,2485.91,1882.39,1465.22,2162.01,
58.617,2773.37,2459.07,2485.8,1882.49,1465.01,2161.81,
58.6201,2734.04,2459.19,2485.83,1882.54,1465.21,2161.64,
58.6262,2773.19,2459,2486.03,1882.4,1465.04,2159.04,
58.6314,2731.47,2458.06,2484.12,1880.91,1465.09,2160.96,
58.6347,2734.93,2458.87,2485.09,1883.08,1465.25,2162,
58.6432,2695.42,2458.83,2486.14,1881.32,1465.17,2161.73,
58.6498,2734.44,2459.13,2485.83,1882.43,1465.08,2161.62,
58.653,2733.81,2459.29,2485.94,1882.32,1465.03,2161.76,
58.6583,2734.28,2459.18,2485.55,1882.32,1465.11,2161.84,
58.6645,2734.26,2458.75,2486.09,1882.2,1465.03,2161.53,
58.6676,2733.63,2458.89,2486.1,1882.49,1465.22,2161.96,
58.6737,2734.35,2458.95,2485.98,1882.04,1464.87,2161.91,
58.6768,2734.44,2458.68,2485.86,1882.26,1465.09,2161.62,
58.6841,2734.39,2458.93,2485.51,1882.17,1465.27,2161.69,
58.6902,2733.96,2458.75,2485.81,1882.37,1464.88,2161.86,
58.6934,2734.16,2459.03,2486.02,1882.26,1465.02,2161.76,
58.6987,2733.94,2458.75,2486.12,1882.09,1465.12,2161.6,
58.7047,2734.14,2458.83,2486.06,1882.06,1465.04,2161.78,
58.7077,2733.95,2458.64,2485.91,1882.41,1465.26,2161.93,
58.714,2734.18,2458.71,2485.69,1882.09,1465.25,2161.86,
58.7202,2735.49,2459.34,2485.16,1881.23,1465.41,2161.43,
58.7236,2772.44,2459.22,2486.42,1881.62,1465.38,2161.98,
58.728,2734.35,2459.03,2486.79,1882.15,1465.62,2161.89,
58.7357,2773.17,2458.86,2486.02,1882.03,1465.16,2161.68,
58.7388,2734.05,2458.69,2486.15,1882.31,1465.23,2161.64,
58.745,2733.93,2458.61,2485.75,1882.29,1465.13,2162,
58.7511,2734.25,2458.99,2485.72,1882.25,1465.02,2161.83,
58.7542,2733.83,2458.73,2485.9,1882.18,1465.08,2161.98,
58.7605,2733.89,2458.85,2485.92,1881.93,1465.3,2162.16,
58.7636,2733.7,2460.2,2484.45,1881.56,1465.21,2161.94,
58.7689,2733.93,2458.7,2485.89,1882.33,1465.4,2162.05,
58.7742,2734.1,2459.07,2485.71,1882.05,1465.05,2161.76,
58.7774,2734.21,2458.83,2486.24,1882.38,1465.3,2161.72,
58.7836,2734.2,2458.86,2485.6,1882.22,1465.22,2161.71,
58.7897,2734.22,2458.75,2486,1882.25,1465.02,2161.58,
58.7928,2734.09,2458.66,2486.2,1882.02,1465.27,2161.59,
58.799,2734.52,2458.92,2485.95,1882.03,1465.15,2162.13,
58.8052,2695.33,2459.38,2486.1,1882.07,1465.23,2161.8,
58.8083,2733.95,2458.86,2485.08,1881.45,1465.31,2162.21,
58.8166,2734.19,2458.96,2485.84,1881.89,1465.24,2161.62,
58.8197,2729.87,2456.09,2484.07,1881.08,1464.57,2161.13,
58.825,2733.53,2459.06,2485.58,1882.24,1465.41,2162.06,
58.8312,2734.3,2458.82,2486.08,1882.1,1465.2,2161.6,
58.8343,2734.32,2458.71,2486.03,1882.06,1465.22,2161.8,
58.8405,2733.93,2458.6,2485.58,1881.87,1465.2,2161.88,
58.8466,2733.83,2458.99,2485.86,1881.89,1465.37,2161.77,
58.8498,2734.32,2458.66,2486.03,1882.16,1465.21,2162.08,
58.8552,2772.66,2459.49,2484.91,1881.36,1465.47,2162.05,
58.8618,2734.35,2458.95,2485.94,1881.91,1465.18,2161.75,
58.865,2734.21,2459.09,2486.26,1881.94,1465.3,2161.83,
58.8712,2733.99,2458.93,2485.96,1882,1465.07,2161.95,
58.8772,2734.32,2459.14,2486.41,1882.27,1465.28,2161.6,
58.8802,2734.22,2458.87,2485.59,1882.07,1465.19,2161.84,
58.8865,2733.68,2458.93,2486.14,1882.14,1465.05,2161.72,
58.9322,2695.46,2458.61,2485.91,1881.85,1465.19,2161.92,
58.9354,2734.09,2458.67,2485.76,1881.94,1465.09,2161.79,
58.9396,2733.92,2458.84,2485.7,1881.89,1465.16,2161.7,
58.9426,2734.23,2459.66,2484.99,1881.29,1465.27,2161.98,
58.9489,2733.88,2458.4,2484.82,1882.51,1465.22,2161.62,
58.9545,2772.64,2459.3,2485.1,1881.75,1464.88,2162.92,
58.9578,2734.56,2458.33,2485.22,1881.02,1465.55,2162.1,
58.9623,2773.31,2458.57,2486.16,1881.99,1465.28,2161.77,
58.9706,2733.98,2458.82,2486.14,1881.93,1465.41,2161.8,
58.9737,2729.57,2455.98,2484.22,1880.67,1464.92,2161.12,
58.9791,2733.7,2458.49,2485.87,1882.02,1465.21,2161.76,
58.9852,2733.89,2458.75,2485.72,1881.85,1465.22,2161.92,
58.9882,2733.63,2454.39,2482.68,1880.25,1464.29,2160.91,
58.9946,2733.38,2458.34,2485.56,1881.58,1465.37,2161.61,
59.0007,2695.45,2458.96,2486.09,1881.61,1465.37,2161.67,
59.0037,2734,2458.76,2485.98,1881.98,1465.42,2161.75,
59.01,2733.99,2458.79,2486.2,1881.93,1465.37,2162.02,
59.0152,2734.16,2458.85,2485.88,1881.64,1465.33,2161.76,
59.0184,2733.78,2458.73,2485.94,1881.91,1465.35,2161.83,
59.0246,2734.05,2458.85,2486.03,1881.73,1465.36,2161.77,
59.0277,2734.5,2458.51,2486.03,1881.58,1465.42,2161.85,
59.0337,2733.65,2458.45,2486.32,1880.95,1465.23,2162.11,
59.0401,2773.09,2459.03,2485.7,1881.7,1465.33,2161.85,
59.0432,2733.99,2454.35,2482.9,1880.25,1464.51,2161.22,
59.0495,2733.12,2458.51,2485.78,1881.35,1465.24,2161.96,
59.0547,2733.86,2459,2485.96,1881.57,1465.27,2161.64,
59.0579,2734.36,2459.18,2486.18,1881.86,1465.44,2161.99,
59.0641,2733.93,2458.86,2485.91,1881.74,1465.32,2161.76,
59.0701,2733.76,2458.99,2485.88,1881.77,1465.17,2161.91,
59.0732,2733.9,2458.86,2486.05,1881.8,1465.44,2161.71,
59.0795,2733.64,2459.45,2485.11,1880.74,1465.62,2161.16,
59.0829,2734.79,2459.12,2484.53,1881.37,1465.69,2162.15,
59.0907,2734.18,2459.04,2486.09,1881.86,1465.52,2161.75,
59.0961,2734.02,2458.53,2485.79,1881.52,1465.25,2161.93,
59.1022,2734.1,2458.95,2486.01,1881.79,1465.36,2161.79,
59.1052,2733.6,2458.5,2485.74,1881.93,1465.61,2161.47,
59.1115,2733.9,2458.9,2485.92,1881.69,1465.27,2161.99,
59.1146,2734.42,2459,2485.84,1881.57,1465.35,2161.8,
59.1207,2734,2458.58,2486.23,1881.6,1462.81,2159.23,
59.1279,2731.89,2457.29,2485.03,1881.16,1464.91,2161.27,
59.1311,2733.73,2459.03,2485.97,1881.47,1465.36,2161.52,
59.1363,2734.19,2458.66,2485.68,1881.67,1465.26,2161.99,
59.1425,2734.14,2459.08,2485.97,1881.67,1465.38,2161.51,
59.1456,2734.03,2458.78,2485.94,1881.72,1465.35,2161.61,
59.1517,2733.79,2458.86,2486.05,1881.42,1465.4,2161.6,
59.1548,2734.18,2458.89,2485.9,1881.5,1465.45,2161.79,
59.161,2734.12,2458.66,2485.97,1881.65,1465.48,2161.58,
59.1672,2734.09,2458.93,2485.96,1881.71,1465.36,2161.6,
59.2096,2734.1,2458.96,2485.81,1881.49,1465.4,2161.67,
59.2137,2734.13,2458.73,2484.79,1880.64,1465.61,2162.38,
59.2212,2773.12,2459.59,2484.95,1880.76,1465.6,2161.56,
59.2245,2734.17,2460.26,2484.54,1881.13,1465.27,2161.46,
59.2328,2733.45,2458.85,2486.25,1881.64,1465.6,2161.61,
59.2381,2734.11,2458.87,2486.04,1881.65,1465.3,2161.89,
59.2412,2733.9,2454.44,2483.02,1879.82,1464.4,2160.9,
59.2475,2733.25,2458.25,2485.37,1881.26,1465.45,2161.8,
59.2537,2733.92,2458.78,2485.79,1881.55,1465.37,2161.57,
59.2568,2734.15,2458.5,2487.01,1881.1,1465.41,2161.65,
59.2646,2733.36,2458.7,2485.81,1881.31,1465.37,2161.92,
59.2707,2773.38,2458.65,2486.12,1881.54,1465.32,2161.56,
59.2737,2733.68,2458.94,2486,1881.37,1465.38,2161.69,
59.28,2733.9,2459.07,2485.95,1881.12,1465.45,2161.95,
59.2861,2773.36,2459.07,2485.72,1881.54,1465.45,2161.93,
59.2892,2733.91,2458.34,2485.92,1881.61,1465.3,2162.16,
59.2955,2733.97,2458.95,2485.81,1881.35,1465.37,2161.99,
59.2986,2734.44,2459.06,2486,1881.26,1465.38,2162.01,
59.3038,2733.84,2458.98,2484.79,1881.44,1465.61,2162.14,
59.3085,2734.21,2458.71,2485.95,1881.39,1465.43,2161.57,
59.3116,2734.02,2459.18,2486.34,1881.43,1465.56,2161.73,
59.3177,2734.07,2458.71,2485.92,1881.34,1465.46,2161.81,
59.324,2733.88,2458.96,2486.1,1881.52,1465.42,2161.76,
59.3271,2733.98,2459.2,2486.09,1881.49,1465.48,2161.77,
59.3332,2734.18,2458.52,2485.92,1881.3,1465.41,2161.89,
59.3385,2734.06,2459.1,2486,1881.4,1465.37,2161.76,
59.3416,2734.08,2458.79,2485.86,1881.44,1465.55,2161.82,
59.3477,2734.01,2458.86,2486.1,1881.42,1465.19,2162.71,
59.3508,2735.35,2458.57,2485.73,1880.81,1465.36,2161.88,
59.3583,2733.59,2458.92,2486.2,1881.69,1465.39,2161.94,
59.3646,2695.36,2459.06,2485.99,1881.37,1465.4,2161.61,
59.3677,2734.4,2458.85,2485.77,1881.2,1465.6,2161.57,
59.3737,2733.82,2458.5,2486.06,1881.17,1465.69,2161.88,
59.3791,2773.38,2458.8,2486.06,1881.05,1465.35,2161.6,
59.3821,2733.77,2458.95,2486.02,1881.32,1465.59,2161.47,
59.3882,2733.99,2458.82,2485.78,1881.25,1465.38,2157.81,
59.3945,2731.33,2457.13,2483.27,1880.51,1465,2161.59,
59.3977,2733.68,2458.53,2486.23,1881.35,1465.41,2161.82,
59.4021,2734.26,2458.88,2486,1881.5,1465.4,2162.39,
59.4082,2734.11,2459.15,2486.25,1881.27,1465.6,2161.79,
59.4113,2734.32,2458.67,2486.11,1881.7,1465.57,2161.74,
59.4166,2733.96,2458.82,2485.72,1881.19,1465.45,2161.86,
59.4197,2695.46,2458.79,2485.99,1881.28,1465.75,2161.99,
59.4257,2734.17,2458.85,2486.04,1881.07,1465.49,2161.92,
59.432,2733.97,2458.73,2485.72,1881.27,1465.5,2161.99,
59.4351,2733.7,2459.22,2486.25,1881.38,1465.49,2161.8,
59.4431,2733.93,2458.73,2486.04,1881.11,1465.45,2162.05,
59.4482,2734.02,2458.83,2486.07,1881.18,1465.32,2161.95,
59.4513,2733.67,2458.69,2485.73,1881.48,1465.55,2161.92,
59.4566,2733.96,2458.81,2485.9,1881,1465.47,2161.69,
59.4597,2729.24,2456.04,2484.04,1879.88,1464.86,2161.21,
59.466,2733.46,2458.58,2485.92,1881.13,1465.7,2161.6,
59.4721,2734.13,2458.87,2486.25,1880.97,1465.38,2161.83,
59.4752,2734.01,2454.04,2482.9,1879.57,1464.58,2160.89,
59.4815,2733.29,2458.08,2485.56,1880.81,1465.34,2161.63,
59.4896,2733.85,2458.85,2485.83,1880.9,1465.39,2161.41,
59.5311,2732.25,2457.9,2484.7,1880.42,1465.54,2160.52,
59.5352,2732.64,2457.68,2484.52,1879.94,1465.59,2160.31,
59.5414,2732.89,2457.56,2484.42,1879.74,1465.46,2159.75,
59.5446,2732.33,2457.33,2484.14,1879.7,1465.55,2159.6,
59.5507,2731.95,2457.06,2483.88,1879.42,1465.49,2159.36,
59.5537,2727.02,2453.66,2481.71,1878.02,1464.95,2158.39,
59.56,2731.07,2455.76,2483.41,1878.78,1465.47,2158.43,
59.5662,2731.47,2455.69,2483.51,1878.65,1465.5,2158.09,
59.6677,2721.09,2444.02,2474.7,1871.34,1465.59,2145.17,
59.6709,2720.53,2443.75,2474.48,1871.26,1465.48,2144.49,
59.6751,2719.75,2442.98,2474,1870.94,1465.72,2143.88,
59.6812,2719.4,2442.47,2473.03,1870.7,1465.5,2143.19,
59.6843,2718.25,2441.61,2472.97,1870.13,1465.63,2142.34,
59.6905,2717.57,2441.11,2472.01,1869.95,1465.69,2141.66,
59.6936,2717.25,2440.55,2471.4,1869.47,1465.74,2141.21,
59.6997,2716.55,2440,2471.4,1869.12,1463.25,2137.91,
59.7142,2716.19,2438.72,2469.55,1867.02,1465.8,2138.55,
59.7176,2716.34,2438.53,2464.77,1865.09,1464.19,2136.57,
59.7252,2712.78,2435.96,2468.27,1866.99,1465.36,2137.23,
59.7312,2713.49,2436.07,2468.36,1866.8,1465.53,2136.67,
59.7343,2713.02,2435.23,2467.71,1866.7,1465.62,2136.07,
59.7405,2712.3,2434.94,2467.11,1866.2,1465.58,2135.39,
59.7436,2711.91,2434.38,2466.74,1865.91,1465.73,2134.62,
59.7497,2711.42,2433.97,2466.71,1865.55,1465.48,2134.36,
59.8336,2701.48,2423.83,2458.46,1859.88,1465.53,2123.36,
59.8367,2701.39,2423.51,2458.11,1859.21,1465.54,2122.77,
59.8407,2701.1,2422.9,2457.82,1859.2,1463.27,2119.49,
59.8469,2698.06,2460.72,2455.02,1857.89,1465.39,2120.81,
59.8502,2699.71,2421.59,2456.11,1859.1,1465.4,2121.44,
59.8559,2698.56,2383.2,2455.74,1857.3,1465.58,2119.77,
59.8615,2699.82,2420.66,2456.96,1857.26,1465.58,2119.8,
59.8647,2694.17,2417.21,2453.33,1856.29,1465.07,2118.34,
59.8702,2697.43,2419.19,2454.43,1857.02,1465.73,2118.1,
59.8756,2697.28,2418.82,2454.21,1856.43,1465.68,2117.35,
59.8787,2696.82,2418.14,2453.97,1856.36,1465.58,2116.64,
59.8847,2696.33,2417.68,2453.42,1855.96,1462.96,2112.88,
59.8928,2692.88,2415.41,2451.89,1854.91,1465.24,2114.87,
59.896,2694.47,2416.31,2452.51,1855.31,1465.62,2114.55,
59.9012,2694.37,2415.97,2452.15,1854.95,1465.59,2110.06,
59.9074,2690.39,2413.02,2449.81,1853.72,1465.29,2112.86,
59.9106,2692.95,2414.48,2451.09,1854.11,1465.73,2112.63,
59.9157,2692.62,2413.94,2450.46,1853.82,1465.74,2112.12,
59.922,2692.1,2413.29,2450.31,1853.25,1465.66,2111.17,
59.9251,2691.56,2412.63,2449.37,1853.16,1465.84,2110.69,
59.9312,2691.05,2412.03,2449,1852.44,1465.54,2109.77,
59.9343,2690.81,2412.74,2447.71,1851.67,1466.06,2109.9,
59.9407,2689.86,2412.16,2447.33,1851.73,1465.71,2108.2,
59.9472,2689.26,2410.5,2447.52,1851.25,1465.73,2107.64,
59.9504,2689.05,2409.77,2447.07,1851.06,1465.63,2106.84,
59.9557,2688.21,2409.4,2446.8,1850.8,1465.88,2106.36,
59.962,2687.26,2408.53,2446.53,1850.3,1465.72,2105.51,
59.9651,2687.29,2407.56,2446.18,1849.74,1465.66,2104.9,
59.9712,2686.68,2407.37,2445.96,1849.69,1465.64,2100.38,
59.9774,2682.54,2404.59,2443.29,1847.7,1465.52,2103.46,
59.9806,2685.18,2404.99,2444.49,1848.64,1465.76,2102.32,
59.989,2684.34,2405.37,2443.99,1848.38,1465.63,2101.67,
59.9952,2684.31,2404.44,2442.97,1848.03,1465.73,2100.79,
59.9984,2683.65,2403.43,2443.01,1847.75,1465.74,2100.51,
60.0037,2683.05,2403.58,2442.44,1847.52,1465.65,2100.01,
60.0067,2682.57,2402.71,2442.15,1846.83,1465.65,2098.86,
60.013,2681.8,2402.13,2441.56,1846.32,1465.86,2098.21,
60.0192,2681.17,2401.4,2441,1845.99,1465.48,2097.54,
60.0223,2680.92,2400.55,2440.41,1845.65,1465.75,2096.88,
60.0305,2679.72,2400.17,2439.75,1845.38,1465.65,2096.05,
60.0357,2678.94,2399.51,2439.52,1844.94,1465.4,2095.33,
60.0388,2678.74,2399.03,2439.04,1844.73,1465.71,2094.6,
60.0441,2678.32,2398.41,2438.44,1844.46,1465.66,2093.95,
60.0501,2677.79,2397.56,2438.05,1843.9,1465.73,2093.45,
60.0532,2677.51,2397.28,2437.75,1843.47,1465.62,2092.47,
60.0595,2676.41,2396.7,2437.37,1843.49,1465.53,2092.05,
60.0626,2676.18,2395.72,2436.9,1842.87,1465.72,2091.06,
60.0687,2676.26,2395.55,2435.53,1843.03,1465.88,2090.18,
60.1142,2670.37,2390.86,2432.13,1839.28,1465.64,2083.94,
60.1174,2670.41,2389.71,2431.92,1838.76,1465.73,2083.52,
60.1216,2669.95,2389,2431.31,1838.63,1465.66,2083.03,
60.1276,2669.46,2388.24,2431.23,1837.96,1465.63,2082.28,
60.1307,2668.63,2387.7,2430.56,1837.86,1465.69,2081.43,
60.137,2668.44,2386.58,2430.14,1837.89,1465.61,2080.84,
60.1432,2668.21,2386.15,2429.36,1837.07,1465.63,2080.06,
60.1462,2667.44,2385.72,2429.29,1836.8,1465.78,2079.31,
60.1672,2665.46,2383.12,2427.3,1835.44,1465.51,2076.57,
60.1704,2664.56,2383.32,2426.81,1834.92,1465.76,2075.81,
60.1757,2664.35,2382.37,2426.51,1834.51,1465.61,2075.28,
60.1788,2664.29,2381.64,2425.84,1834.22,1465.89,2074.6,
60.185,2663.3,2381.14,2425.53,1833.71,1465.87,2073.69,
60.1912,2662.54,2380.6,2424.69,1833.46,1465.54,2072.93,
60.1943,2661.92,2380.05,2424.18,1833.27,1465.7,2072.23,
60.2006,2661.66,2379.59,2423.9,1832.91,1465.35,2072.42,
60.2067,2660.83,2378.3,2424.1,1831.81,1465.59,2070.8,
60.2101,2661.23,2378.78,2422.94,1831.07,1466.02,2070.36,
60.2156,2660.36,2377.97,2421.68,1832.08,1465.75,2069.8,
60.2202,2659.56,2377.49,2421.35,1832.25,1465.77,2069.26,
60.2235,2659.66,2376.6,2420.52,1831.34,1465.57,2068.32,
60.2318,2658.47,2375.75,2421.1,1830.5,1465.78,2067.27,
60.2371,2657.47,2374.94,2420.83,1829.86,1465.9,2066.69,
60.2401,2657.32,2374.54,2420.31,1829.79,1465.77,2066.06,
60.2462,2656.78,2373.78,2419.57,1829.45,1465.74,2065.31,
60.2529,2656.32,2373.25,2419.16,1828.84,1465.78,2064.37,
60.256,2655.94,2372.77,2418.78,1828.49,1465.91,2063.3,
60.2622,2654.66,2371.65,2418.39,1828.27,1465.69,2062.94,
60.2682,2654.3,2371.63,2417.92,1827.7,1465.67,2062.31,
60.2713,2653.85,2370.33,2417.4,1827.49,1465.78,2061.38,
60.2776,2653.15,2370.23,2417.24,1827.2,1465.7,2060.99,
60.2806,2652.88,2369.99,2416.55,1826.48,1465.6,2060.07,
60.2867,2652.37,2369.21,2416.13,1826.53,1465.9,2059.53,
60.2921,2651.87,2368.66,2415.86,1826.27,1465.98,2058.22,
60.2952,2652.37,2367.71,2415.21,1825.74,1465.85,2058.4,
60.3005,2650.77,2367.51,2414.74,1825.31,1465.63,2057.4,
60.3067,2650.21,2366.54,2414.3,1824.95,1465.5,2056.58,
60.3098,2649.91,2365.97,2414.16,1824.74,1465.67,2055.93,
60.316,2649.69,2365.19,2413.54,1824.05,1465.7,2055.08,
60.3221,2648.92,2364.6,2413.14,1823.68,1465.72,2054.63,
60.3253,2648.06,2363.88,2412.37,1823.32,1465.75,2053.88,
60.3306,2647.58,2363.68,2411.61,1823.08,1465.84,2053.46,
60.3337,2647.35,2362.69,2411.54,1822.78,1465.84,2053.44,
60.3397,2646.91,2363.69,2411.5,1822.45,1465.77,2051.62,
60.346,2646.01,2361.46,2410.6,1821.66,1465.75,2051.22,
60.3491,2645.91,2361.28,2410.52,1821.63,1465.73,2050.24,
60.3552,2644.68,2360.36,2409.83,1821.27,1465.74,2049.71,
60.3614,2644.59,2359.83,2409.37,1820.73,1465.62,2048.83,
60.4048,2639.53,2354.52,2405.54,1817.2,1465.61,2042.53,
60.4091,2639.26,2353.93,2404.89,1816.72,1465.64,2041.89,
60.4151,2638.72,2353.2,2404.48,1816.97,1465.9,2040.9,
60.4182,2638.15,2352.53,2404.18,1816.38,1465.82,2040.49,
60.4245,2637.71,2352.09,2403.54,1815.84,1465.73,2039.69,
60.4276,2636.35,2352.03,2402.8,1814.92,1465.68,2038.53,
60.4338,2636.44,2350.73,2402.55,1815.21,1465.79,2037.85,
60.4401,2636.38,2350.11,2401.97,1814.81,1465.68,2037.31,
60.4782,2632,2345.31,2397.96,1812.65,1465.82,2031.99,
60.4816,2631.57,2345.05,2398.4,1811.61,1465.77,2030.79,
60.4868,2630.97,2344.47,2397.8,1810.97,1465.71,2030.48,
60.4931,2630.89,2343.21,2397.43,1810.52,1465.87,2029.52,
60.4961,2630.17,2343.04,2397.13,1810.53,1465.8,2028.43,
60.5022,2629.68,2342.21,2396.43,1809.98,1465.65,2027.97,
60.5052,2628.93,2337.83,2393.26,1807.99,1464.86,2026.47,
60.5115,2627.56,2341.09,2395.56,1809.11,1465.62,2026.35,
60.5177,2627.89,2340.91,2395.15,1808.08,1465.97,2026.48,
60.5209,2627.23,2341.69,2394.07,1807.81,1465.71,2025.05,
60.5256,2626.15,2339.31,2393.53,1807.66,1465.83,2024.16,
60.534,2625.74,2339.09,2393.48,1807.57,1465.65,2023.67,
60.5371,2625.13,2338.58,2393.06,1807.1,1465.88,2022.71,
60.5422,2625.02,2337.89,2392.5,1807.18,1465.7,2022.18,
60.5482,2624.74,2337.39,2392.24,1806.39,1465.61,2021.3,
60.5513,2623.84,2336.44,2391.6,1806.18,1465.79,2020.74,
60.5576,2623.9,2336,2391.1,1805.96,1465.9,2020.06,
60.5606,2623.63,2335.78,2390.87,1804.12,1466.19,2018.57,
60.5659,2623.66,2335.29,2389.75,1805.27,1465.93,2018.74,
60.5704,2622.48,2334.83,2389.92,1804.26,1466.19,2018.56,
60.5737,2616.59,2331.11,2387.65,1803.2,1465.23,2016.53,
60.5801,2620.54,2333.1,2389.1,1803.78,1465.68,2015.88,
60.5862,2619.97,2332.48,2388.49,1803.63,1465.8,2015.81,
60.5893,2619.54,2332.02,2388.04,1803.07,1465.88,2014.72,
60.5956,2619.2,2331.28,2387.78,1802.92,1465.68,2014,
60.6007,2618.7,2330.33,2387.28,1802.43,1465.78,2013.34,
60.6039,2617.84,2330.02,2387.07,1801.66,1465.73,2012.75,
60.6102,2617.75,2329.01,2386.32,1801.64,1465.84,2011.96,
60.6162,2617.44,2328.4,2385.94,1801.03,1465.71,2010.9,
60.6193,2616.44,2328.32,2385.7,1801.01,1465.71,2010.29,
60.6255,2616.45,2327.26,2385.15,1800.55,1465.7,2009.98,
60.6286,2616.08,2326.82,2384.68,1799.99,1465.72,2008.7,
60.7143,2606.52,2316.48,2377.21,1793.86,1465.68,1996.58,
60.7186,2606.06,2315.67,2376.77,1793.26,1465.63,1996,
60.7216,2606.16,2315.33,2376.37,1792.94,1465.9,1995.19,
60.7277,2605.41,2314.62,2375.59,1792.65,1465.82,1994.46,
60.734,2604.79,2313.61,2374.97,1792.26,1465.88,1993.69,
60.7371,2604.39,2313.48,2374.57,1791.66,1465.78,1993.09,
60.7432,2603.97,2312.55,2372.66,1791.78,1465.91,1992.24,
60.7485,2603.51,2312.08,2373.95,1790.95,1465.71,1991.55,
60.8862,2589.98,2295.59,2360.54,1780.82,1465.73,1971.83,
60.8895,2588.23,2294.78,2360.93,1779.97,1465.77,1970.17,
60.8948,2587.84,2294.25,2360.57,1779.52,1465.9,1969.31,
60.9011,2587.23,2293.43,2360.07,1779.15,1465.91,1968.55,
60.9042,2587.04,2293.06,2359.55,1778.79,1466.06,1967.61,
60.9102,2586.38,2292.27,2358.91,1778.15,1465.67,1966.9,
60.9133,2585.82,2291.6,2358.2,1777.86,1465.64,1965.8,
60.9196,2585.13,2291.1,2358.11,1777.53,1466.4,1965.28,
60.9277,2584.87,2290.5,2355.71,1776.98,1466.07,1964.62,
60.9311,2584.8,2291.25,2356.3,1776.06,1465.89,1963.73,
60.9386,2583.96,2289.65,2355.43,1775.53,1466.25,1962.34,
60.9443,2583.27,2287.9,2356.3,1774.83,1466.29,1961.91,
60.9476,2583.58,2287.7,2355.94,1775.13,1465.81,1961.2,
60.9519,2582.33,2286.79,2355.44,1774.95,1465.92,1960.4,
60.9582,2581.61,2286.37,2354.9,1774.16,1465.65,1959.83,
60.9613,2581.28,2285.51,2354.23,1774.11,1465.69,1958.81,
60.9676,2580.83,2285.06,2353.96,1774.28,1465.79,1958.1,
60.9729,2579.97,2284.37,2353.37,1773.45,1465.9,1957.55,
60.9761,2579.31,2284.04,2352.75,1772.96,1465.9,1956.62,
60.9822,2578.32,2283.42,2352.52,1772.61,1465.76,1955.93,
60.9882,2578.18,2282.27,2352.04,1772.23,1465.79,1955.18,
60.9913,2577.19,2281.71,2351.93,1771.98,1465.84,1954.55,
60.9976,2576.78,2281.25,2350.94,1771.48,1465.9,1953.64,
61.0006,2576.48,2280.76,2350.77,1770.91,1466.04,1953.22,
61.0067,2575.99,2280.22,2350.15,1770.64,1465.91,1952.06,
61.012,2575.62,2279.54,2349.8,1770.31,1465.95,1951.09,
61.0152,2575.54,2279.97,2348.11,1769.06,1465.92,1950.99,
61.0216,2574.53,2278.28,2349.55,1768.71,1465.81,1950.14,
61.0262,2573.68,2278.35,2348.54,1769.15,1465.96,1949.29,
61.0294,2573.85,2277.65,2347.88,1768.68,1465.81,1948.45,
61.0356,2572.71,2276.84,2347.52,1768.44,1465.98,1947.71,
61.0416,2572.09,2275.88,2347.02,1768.06,1465.87,1947.43,
61.0448,2572.1,2275.26,2346.66,1767.87,1465.94,1946.36,
61.0501,2571.26,2275.04,2346.2,1767.37,1465.89,1945.64,
61.0561,2571.27,2274.45,2345.54,1766.97,1465.85,1944.6,
61.0593,2570.35,2273.43,2344.67,1766.48,1466.06,1943.37,
61.0675,2569.68,2272.7,2344.42,1765.77,1465.99,1943.3,
61.0706,2569.34,2272.03,2344.24,1765.57,1465.84,1941.93,
61.0757,2568.65,2271.28,2343.75,1765.13,1465.94,1941.07,
61.0819,2568.52,2270.67,2343.58,1764.38,1465.92,1940.65,
61.0851,2567.78,2270.59,2342.94,1764.34,1465.76,1939.98,
61.0903,2567.49,2269.72,2342.35,1763.99,1466.01,1939.04,
61.0965,2567.28,2268.73,2341.96,1763.56,1465.83,1938.45,
61.0996,2566.59,2267.91,2341.35,1763.91,1465.54,1937.92,
61.1058,2565.62,2267.56,2340.96,1762.88,1465.78,1937.08,
61.112,2565.1,2266.95,2340.32,1762.41,1465.91,1935.64,
61.1151,2564.53,2266.45,2339.8,1762.05,1465.92,1934.9,
61.1212,2563.74,2265.82,2339.94,1761.63,1465.85,1934.64,
61.1243,2563.26,2265.22,2339.12,1761.34,1466.03,1933.87,
61.1296,2563.1,2264.59,2339.15,1760.87,1465.78,1933.03,
61.1356,2562.63,2263.8,2338.15,1760.65,1465.89,1932.43,
61.1387,2562.23,2263.33,2338.05,1760.21,1466.04,1931.41,
61.145,2561.69,2262.57,2337.24,1759.73,1465.88,1930.2,
61.1512,2562.18,2261.17,2336.35,1758.67,1465.64,1930.01,
61.1545,2560.04,2261.64,2337.24,1758.25,1466.33,1929.45,
61.1601,2560.23,2260.71,2334.57,1759.23,1465.47,1928.69,
61.1648,2559.63,2260.41,2334.2,1758.17,1466,1927.66,
61.1681,2559.2,2259.74,2335.62,1757.88,1466.05,1927.04,
61.1723,2558.07,2258.77,2334.98,1757.61,1465.82,1926.36,
61.1786,2557.87,2258.37,2334.23,1757.11,1466,1925.79,
61.1816,2557.52,2257.55,2334.18,1756.65,1465.94,1924.91,
61.1877,2556.96,2257.15,2333.28,1756.28,1465.76,1924.37,
61.1908,2556.81,2256.87,2332.38,1754.96,1465.98,1923.37,
61.1972,2556.98,2256.43,2331.91,1755.39,1465.92,1922.57,
61.2039,2555.47,2255.47,2332.19,1755.01,1465.82,1921.98,
61.2092,2555.46,2254.85,2331.92,1754.76,1465.99,1921.3,
61.2124,2555.06,2254.31,2331.41,1754.18,1465.92,1920.3,
61.2186,2554.13,2253.29,2330.87,1754.14,1465.79,1919.57,
61.2216,2553.57,2253.46,2330.24,1753.48,1465.88,1918.58,
61.2277,2553.04,2252.93,2329.57,1753.23,1466.08,1917.95,
61.234,2552.2,2252.34,2329.4,1752.89,1465.68,1916.98,
61.2371,2551.84,2252.4,2327.86,1752.04,1465.87,1915.68,
61.2453,2551,2250.53,2328.29,1751.73,1465.83,1915.33,
61.2497,2550.41,2250.03,2328.09,1751.53,1465.89,1915.02,
61.2527,2550.51,2250.01,2327.43,1751.1,1466.02,1913.78,
61.259,2549.62,2249.48,2327.16,1750.78,1465.8,1913.2,
61.2651,2549.17,2249.49,2326.65,1750.33,1465.97,1912.62,
61.2682,2548.43,2248.54,2326.13,1750.02,1466.02,1911.59,
61.2745,2548.21,2247.98,2325.65,1749.67,1466.03,1910.92,
61.2776,2547.69,2246.8,2324.9,1749.05,1466.01,1909.85,
61.2837,2546.59,2246.24,2325.03,1748.67,1466.17,1909.33,
61.2893,2546.24,2245.34,2324.26,1748.35,1465.74,1908.85,
61.2925,2545.85,2244.8,2323.62,1747.83,1465.85,1907.8,
61.2987,2545.17,2244.17,2323.53,1747.68,1463.53,1904.48,
61.3049,2542.49,2241.89,2322.08,1746.76,1465.64,1906.23,
61.3081,2543.8,2242.63,2322.55,1746.55,1465.86,1905.46,
61.3142,2543.6,2242.22,2322.16,1746.54,1466.04,1901.41,
61.3204,2540.36,2239.96,2320.26,1745.1,1465.48,1903.47,
61.3235,2542.52,2241.01,2321.46,1745.46,1465.97,1903.3,
61.3288,2542.35,2240.4,2320.67,1745.12,1465.94,1902.56,
61.3351,2542,2239.58,2320.35,1744.88,1465.86,1901.88,
61.3382,2541.74,2239.06,2320.03,1744.53,1465.92,1900.8,
61.3445,2541.28,2237.94,2319.76,1743.84,1465.92,1900.4,
61.3476,2540.45,2236.86,2318.86,1743.51,1466.02,1899.31,
61.3537,2539.79,2236.28,2318.58,1743.06,1463.6,1896.09,
61.3599,2537.23,2234.14,2316.9,1742.13,1465.48,1897.3,
61.4452,2530.5,2224.66,2310.05,1736.1,1465.86,1884.75,
61.4483,2529.9,2223.72,2309.83,1735.84,1465.94,1884.23,
61.4525,2529.3,2223.62,2309.32,1735.42,1465.85,1883.68,
61.4556,2529.47,2222.76,2308.76,1734.97,1466.05,1882.64,
61.4617,2528.68,2222.52,2308.58,1734.76,1463.23,1879.96,
61.4691,2525.75,2220.29,2306.83,1733.72,1465.61,1880.87,
61.4722,2527.07,2220.66,2307.33,1733.61,1466.03,1880.07,
61.4785,2526.59,2220.33,2306.85,1733.45,1465.93,1879.51,
61.5227,2522.03,2214.21,2303.46,1729.79,1465.94,1872.83,
61.5259,2521.69,2213.92,2302.93,1729.54,1466.09,1871.9,
61.5301,2521.78,2213.64,2302.61,1729.14,1465.86,1871.63,
61.5361,2520.75,2213.26,2302.27,1728.68,1465.91,1870.68,
61.5392,2520.71,2212.78,2301.5,1728.28,1465.92,1869.6,
61.5455,2519.83,2211.67,2301.12,1728.05,1465.88,1869.3,
61.5486,2519.31,2210.95,2300.26,1727.53,1465.95,1869.22,
61.5547,2518.67,2211.71,2299.15,1726.61,1465.74,1868.53,
61.6037,2513.85,2204.21,2295.43,1723.37,1465.96,1860.46,
61.6069,2513.19,2204.27,2295.3,1723.24,1465.97,1859.29,
61.6111,2512.97,2203.23,2294.88,1722.75,1465.96,1859.07,
61.6171,2512.62,2202.8,2294.3,1722.4,1465.86,1858.08,
61.6203,2511.7,2201.99,2294.02,1721.85,1466.05,1857.37,
61.6265,2511.09,2201.13,2293.52,1721.75,1465.91,1856.77,
61.6296,2510.85,2200.64,2292.96,1721.05,1466.03,1855.71,
61.6357,2510.25,2200.29,2292.78,1720.73,1465.99,1855.17,
61.6962,2505.44,2193.17,2286.47,1716.3,1465.73,1847.05,
61.6995,2504.09,2192.4,2287.63,1714.72,1466.21,1845.46,
61.706,2503.76,2191.31,2286.3,1714.69,1466.31,1844.54,
61.7116,2502.46,2191.68,2285.48,1714.38,1465.65,1844.29,
61.715,2502.42,2190.3,2285.59,1714.3,1465.93,1842.57,
61.7225,2501.82,2189.41,2284.77,1714.02,1466.04,1841.64,
61.7286,2501.27,2188.31,2283.86,1713.61,1465.79,1841.25,
61.7318,2501.01,2187.79,2283.52,1712.85,1465.95,1839.98,
61.74,2499.99,2186.95,2283.36,1712.59,1466.06,1839.35,
61.7452,2499.7,2186.34,2282.86,1712.13,1465.93,1838.54,
61.7484,2499.18,2186.05,2282.19,1711.76,1465.81,1837.75,
61.7546,2498.43,2184.98,2281.89,1711.24,1466.01,1837.07,
61.7577,2493.2,2181.45,2279.47,1710.02,1465.42,1835.68,
61.764,2497.23,2183.8,2280.7,1710.74,1466.05,1835.6,
61.7701,2496.54,2183.36,2280.5,1710.24,1465.98,1834.98,
61.7732,2496.75,2182.17,2279.97,1709.84,1465.95,1833.35,
61.7796,2497.04,2181.81,2279.27,1709.35,1465.92,1833.1,
61.7848,2495.93,2181.14,2279.16,1709.07,1465.88,1832.71,
61.7879,2495.35,2180.49,2278.71,1708.59,1465.96,1831.38,
61.7941,2494.6,2179.7,2278.07,1708.47,1465.84,1831.08,
61.8002,2494.01,2179,2277.58,1707.86,1465.97,1830.04,
61.8033,2493.51,2178.53,2277.28,1707.36,1465.98,1829.43,
61.8095,2493.03,2177.6,2276.98,1707.19,1465.95,1828.76,
61.8126,2492.24,2176.82,2276.52,1706.79,1465.92,1827.81,
61.8187,2491.7,2176.25,2276.38,1706.47,1465.81,1827.11,
61.8241,2491.15,2175.83,2275.09,1705.35,1465.47,1827.22,
61.8274,2491.11,2175.58,2275.57,1705.84,1465.92,1826.1,
61.8316,2490.54,2174.76,2275.06,1705.59,1466.02,1825.04,
61.8377,2490.3,2174.34,2274.35,1704.9,1465.86,1824.63,
61.8408,2489.48,2173.69,2274.15,1704.62,1466.19,1823.82,
61.8471,2488.93,2172.88,2273.42,1704.13,1465.83,1822.86,
61.8531,2488.75,2172.14,2273.23,1703.77,1466.01,1822.16,
61.8563,2487.9,2171.67,2272.55,1703.37,1465.92,1821.5,
61.8616,2487.59,2171.46,2272.04,1703.13,1465.81,1820.92,
61.8647,2486.96,2170.89,2271.79,1703.3,1465.74,1820.08,
61.8708,2486.72,2170.36,2270.65,1702.41,1465.97,1819.14,
61.8791,2485.58,2169.12,2270.88,1701.69,1465.97,1818.44,
61.8822,2485.17,2169.08,2270.44,1701.39,1465.99,1817.72,
61.8872,2484.36,2167.9,2269.6,1701,1465.78,1813.48,
61.8934,2481.13,2165.49,2268.46,1699.89,1465.49,1815.59,
61.9757,2475.8,2156.59,2262.11,1694.13,1466.02,1803.14,
61.98,2475.16,2156.06,2261.66,1693.82,1465.83,1802.59,
61.9861,2474.88,2155.42,2261.31,1693.39,1466.01,1801.97,
61.9892,2474.27,2154.92,2260.7,1692.91,1465.95,1800.97,
61.9955,2473.5,2153.98,2260.55,1692.44,1466.05,1800.36,
61.9986,2473.22,2153.58,2259.61,1692.12,1465.86,1799.98,
62.0047,2472.67,2153.71,2258.7,1691.46,1466.04,1798.64,
62.0124,2472.83,2151.71,2257.61,1691.67,1465.7,1798.23,
62.0157,2471.87,2151.13,2258.28,1691,1466.06,1797.14,
62.0212,2471.28,2150.43,2258.12,1690.54,1466.09,1796.02,
62.0272,2470.45,2150.1,2257.22,1690.18,1465.82,1795.61,
62.0303,2470.22,2149.22,2257.03,1689.52,1466,1794.87,
62.0366,2469.56,2148.67,2256.37,1689.29,1465.99,1794.04,
62.0426,2469.35,2148.12,2256.36,1688.94,1465.82,1793.64,
62.0457,2468.93,2147.59,2255.96,1688.44,1465.94,1792.54,
62.052,2468.37,2146.56,2255.73,1688.27,1465.85,1791.99,
62.1359,2457.68,2134.69,2246.73,1681.33,1465.61,1779.2,
62.1391,2459.6,2135.15,2247.2,1681.33,1466.04,1778.41,
62.1463,2458.8,2134.54,2246.95,1681.04,1465.85,1777.72,
62.1525,2458.14,2134.24,2246.43,1680.45,1465.98,1777.15,
62.1556,2457.71,2133.49,2245.78,1680.37,1466.02,1776.11,
62.1617,2457.14,2132.7,2245.43,1679.83,1465.83,1775.46,
62.1648,2456.87,2131.68,2244.88,1679.34,1465.92,1774.66,
62.1711,2455.96,2130.93,2244.61,1678.88,1466.1,1773.77,
62.2732,2446.23,2119.15,2235.25,1671,1466.37,1759.33,
62.2764,2445.92,2118.82,2235.22,1670.86,1465.94,1758.22,
62.2809,2445.21,2117.99,2235.6,1670.15,1465.89,1718.84,
62.2853,2445.47,2118.06,2233.9,1670.02,1465.95,1757.29,
62.2886,2444.51,2117.61,2233.4,1669.39,1466.15,1756.01,
62.2932,2445.38,2116.56,2233.25,1669.91,1466.15,1757.04,
62.2978,2444,2115.87,2233.56,1669.53,1465.84,1755.63,
62.301,2443.18,2115.38,2233.16,1669.08,1466.05,1754.85,
62.3072,2442.19,2114.59,2232.66,1668.92,1466.03,1754.04,
62.3125,2441.97,2113.71,2232.1,1668.63,1465.92,1753.83,
62.3156,2441.88,2113.3,2231.07,1667.42,1466.37,1752.65,
62.323,2440.51,2112.56,2230.49,1667.94,1466.06,1748.71,
62.3293,2437.8,2110.16,2229.34,1666.71,1465.55,1750.68,
62.3325,2439.84,2110.98,2230.12,1667.23,1465.97,1750.2,
62.3387,2439.88,2110.85,2230.21,1666.83,1466.09,1749.93,
62.3417,2439.29,2110.11,2229.46,1666.37,1465.94,1749.03,
62.348,2438.86,2109.59,2228.92,1665.97,1466.09,1748.09,
62.3533,2438.1,2108.96,2228.94,1665.61,1465.8,1747.74,
62.3564,2437.85,2108.33,2228.15,1665.27,1466.1,1746.68,
62.3626,2437.34,2107.67,2228.07,1665.35,1465.92,1746.13,
62.3676,2437.13,2106.65,2227.21,1664.5,1465.94,1745.68,
62.3707,2436.65,2106.67,2226.94,1664.22,1466.18,1744.7,
62.377,2435.79,2105.71,2265.49,1663.96,1466.01,1743.81,
62.3831,2435.64,2105.21,2225.98,1663.64,1465.91,1743.08,
62.3863,2434.87,2104.63,2225.83,1663.2,1466.01,1742.56,
62.3916,2434.3,2104.16,2225.27,1663.19,1466.05,1741.84,
62.3947,2429.38,2100.52,2223.07,1661.23,1465.29,1740.85,
62.4009,2433.04,2102.1,2224.42,1661.88,1465.95,1740.34,
62.4072,2432.82,2101.62,2224.06,1661.69,1466.32,1739.37,
62.4103,2433.26,2101.44,2223.4,1661.18,1466.08,1739.04,
62.4167,2431.78,2100.76,2222.83,1660.94,1466.09,1738.02,
62.423,2431.01,2100,2222.53,1660.68,1466.06,1737.5,
62.4261,2430.46,2099.88,2222.41,1660.44,1465.92,1736.62,
62.4313,2430.26,2098.87,2221.93,1660.1,1466.16,1736,
62.4375,2429.6,2097.88,2221.44,1659.58,1465.92,1735.6,
62.4406,2429.33,2097.15,2221.35,1659.38,1466.01,1734.68,
62.4466,2428.81,2096.37,2220.82,1658.97,1465.97,1734.03,
62.4497,2424.1,2093.28,2218.27,1657.18,1465.29,1732.86,
62.4561,2427.37,2095.43,2219.63,1658.26,1466.19,1732.46,
62.4621,2427.87,2094.86,2219.26,1657.68,1465.82,1732.1,
62.4653,2426.91,2094.33,2218.85,1657.26,1466.06,1731.16,
62.4706,2426.74,2093.93,2218.46,1657.23,1465.92,1730.52,
62.4766,2426.26,2093.4,2217.74,1656.81,1466.11,1729.95,
62.4797,2425.42,2092.66,2217.65,1656.42,1465.85,1729.22,
62.486,2424.95,2092.19,2217.25,1656.19,1466.1,1728.47,
62.4921,2424.77,2091.54,2216.89,1655.44,1466.18,1727.79,
62.4953,2424.11,2091.19,2216.41,1654.43,1466.36,1726.75,
62.5016,2424.74,2090.45,2215.56,1655.02,1465.9,1726.78,
62.51,2423.06,2088.88,2215.51,1654.3,1465.97,1725.46,
62.5131,2422.75,2088.45,2215.13,1654.11,1466.19,1724.73,
62.5183,2421.91,2087.75,2214.22,1653.87,1465.98,1724.24,
62.5214,2382.85,2087.5,2213.78,1653.34,1465.97,1723.49,
62.5276,2421.54,2087.07,2213.32,1653.39,1466.11,1722.74,
62.5336,2421.04,2086.25,2212.99,1652.94,1466,1722.27,
62.5367,2420.22,2085.6,2212.68,1652.43,1466.18,1721.38,
62.543,2419.47,2084.69,2211.45,1652.66,1466.01,1721.56,
62.5472,2419.64,2084.36,2210.65,1652.24,1466.34,1720.23,
62.5505,2419.77,2084.12,2210.8,1650.48,1466.38,1719.96,
62.556,2418.41,2084.2,2210.16,1650.82,1466.3,1715.34,
62.5643,2415.35,2080.35,2209.38,1650.23,1465.64,1717.5,
62.5676,2417.03,2081.49,2209.82,1650.46,1465.93,1717.29,
62.5726,2417.26,2081.18,2209.7,1650.16,1466.14,1716.98,
62.5757,2416.94,2080.33,2209.3,1649.77,1466.21,1715.87,
62.582,2416.27,2079.91,2208.57,1649.41,1466.07,1715.19,
62.5882,2415.51,2079.16,2207.69,1648.68,1466.25,1714.77,
62.5914,2414.97,2079.29,2207.98,1648.85,1466,1713.88,
62.5967,2415,2078.52,2207.43,1648.45,1466.11,1712.9,
62.603,2414.19,2077.46,2207.48,1647.83,1465.92,1712.41,
62.6061,2414.08,2076.97,2207.04,1647.66,1466.21,1711.6,
62.6121,2413.12,2076.29,2206.35,1647.04,1466.06,1708.05,
62.6183,2409.79,2074.34,2204.96,1646.28,1465.5,1710.2,
62.6215,2412.08,2075.32,2206.07,1646.66,1466.04,1709.45,
62.6277,2411.8,2074.74,2205.23,1646.25,1465.87,1708.99,
62.6308,2411.78,2073.66,2204.86,1646.63,1466.08,1708.51,
62.6363,2410.61,2073.74,2203.86,1646.07,1466.15,1707.42,
62.6429,2411,2072.31,2204.3,1645.15,1466.06,1706.74,
62.6491,2409.95,2071.55,2203.7,1644.86,1466.05,1705.99,
62.6522,2409.43,2071.17,2203,1644.46,1466.08,1705.43,
62.6584,2409.05,2109.36,2202.33,1644.39,1466.01,1704.96,
62.6616,2408.13,2069.85,2201.61,1643.85,1465.94,1704.08,
62.7826,2397.5,2055.11,2192.22,1636.25,1465.99,1688.51,
62.7866,2397.11,2055.01,2192.23,1635.99,1465.92,1688.09,
62.7897,2391.79,2052.02,2189.75,1634.76,1465.21,1687.02,
62.796,2395.24,2053.81,2190.87,1635.55,1466.08,1686.58,
62.8021,2395.45,2052.99,2190.73,1635,1466.2,1686.24,
62.8053,2394.96,2052.6,2190.18,1634.76,1466.18,1685.63,
62.8115,2394.67,2051.93,2189.97,1634.41,1466.03,1684.51,
62.8186,2394.3,2051.05,2189.44,1633.95,1466.17,1683.85,
62.8662,2389.84,2045.72,2185.77,1631.05,1466.01,1677.81,
62.8694,2389.05,2045.03,2185.49,1630.92,1465.98,1677.2,
62.8747,2388.97,2044.18,2185.21,1630.52,1465.94,1676.83,
62.881,2388.39,2043.52,2184.45,1630.34,1465.76,1676.02,
62.884,2387.9,2043.28,2184.38,1630.09,1466.08,1675.48,
62.8901,2387.24,2042.74,2183.94,1629.61,1466.02,1674.97,
62.8932,2387.17,2038.63,2180.55,1627.96,1465.42,1673.81,
62.8995,2385.6,2041.22,2182.38,1628.81,1466.63,1673.79,
62.9057,2385.91,2040.9,2182.59,1629.47,1465.86,1673.24,
62.9091,2385.63,2040.59,2181.2,1629.31,1466.21,1672.55,
62.9156,2385.24,2039.42,2181.63,1628.23,1466.03,1671.77,
62.9198,2384.58,2039.21,2181.16,1627.97,1466.04,1671.37,
62.923,2384.37,2038.87,2180.83,1627.62,1466.1,1670.52,
62.9292,2383.94,2037.94,2180.29,1627.48,1465.85,1669.91,
62.9354,2383.47,2037.26,2180,1627.21,1465.97,1669.36,
62.9385,2382.89,2036.96,2179.89,1626.78,1465.99,1669.09,
63.0237,2376.06,2027.47,2172.86,1622.26,1466.08,1659.14,
63.028,2375.62,2026.87,2172.65,1622.31,1466.04,1658.71,
63.0311,2374.78,2026.11,2171.86,1622,1466.01,1658.08,
63.0372,2373.89,2025.63,2171.49,1621.67,1465.67,1657.31,
63.0436,2373.31,2025.44,2171.14,1621.29,1465.95,1656.75,
63.0468,2373.01,2024.95,2170.79,1621.07,1466.12,1656.12,
63.053,2372.28,2023.66,2169.99,1620.82,1466.06,1655.67,
63.0591,2372.37,2023.12,2170.1,1620.56,1466,1654.98,
63.0997,2368.4,2018.34,2167.94,1618.49,1466.15,1650.5,
63.104,2368.44,2018.06,2167.31,1618.22,1466.12,1650.23,
63.1101,2367.98,2017.58,2166.53,1618.15,1465.96,1649.62,
63.1132,2367.59,2017.14,2165.97,1617.95,1466.12,1648.82,
63.1195,2367.3,2016.46,2165.31,1617.5,1465.81,1648.39,
63.1226,2367.37,2015.95,2164.91,1617.41,1466.18,1647.5,
63.1286,2366.67,2016.14,2164.31,1617.04,1466.05,1647.02,
63.1331,2367.83,2014.57,2163.66,1616.43,1465.87,1646.67,
63.1365,2366.6,2014.15,2164.95,1617.22,1466.12,1646.16,
63.1432,2365.43,2014.01,2162.45,1616.49,1466.03,1645.44,
63.1507,2365.03,2012.72,2163.1,1616.12,1466.12,1645.15,
63.157,2364.43,2012.04,2162.35,1616,1466.05,1644.16,
63.1601,2363.63,2011.65,2162.01,1615.68,1466.12,1643.51,
63.1661,2363.27,2011.23,2161.67,1615.54,1466.2,1643.5,
63.1692,2362.68,2006.53,2158.67,1613.66,1465.19,1642.6,
63.1756,2361.15,2009.8,2160.19,1614.77,1466.14,1642.01,
63.1839,2362.02,2008.87,2160.4,1614.92,1466.18,1641.43,
63.1871,2361.67,2008.54,2160.6,1614.5,1466.16,1641.14,
63.1923,2361.27,2008.32,2160.33,1614.37,1466.03,1640.48,
63.1985,2360.84,2008.28,2159.85,1614.1,1466.08,1640.05,
63.2016,2360.51,2007.45,2159.68,1614.1,1465.99,1639.64,
63.2076,2359.85,2006.68,2159.42,1613.59,1465.92,1639.06,
63.2108,2359.76,2005.74,2159.32,1613.47,1466.01,1638.53,
63.217,2359.21,2005.34,2158.94,1613.27,1466.21,1637.81,
63.2251,2358.25,2004.68,2158.36,1612.95,1465.95,1637.58,
63.2282,2358.01,2000.1,2155.48,1611.57,1465.27,1636.24,
63.2335,2357.47,2002.59,2157.36,1612.49,1466.07,1636.63,
63.2396,2357.48,2002.12,2156.89,1612.47,1466.15,1635.95,
63.2427,2356.64,2001.87,2155.93,1612.27,1466.19,1635.48,
63.249,2356.31,2001.35,2155.85,1612.06,1466.13,1635.16,
63.2551,2356.4,2001.29,2155.41,1611.78,1466.05,1634.52,
63.2582,2355.85,2000.67,2155.28,1611.84,1465.97,1633.52,
63.2646,2356.83,1999.72,2154.18,1611.05,1465.86,1633.77,
63.2692,2356.68,1999.47,2154.05,1610.12,1466.23,1632.4,
63.2726,2354.59,1998.57,2154.39,1611.3,1466.16,1632.58,
63.2786,2354.59,1997.78,2153.77,1610.59,1465.95,1632.11,
63.2817,2349.63,1994.73,2151.62,1609.52,1465.56,1631.25,
63.288,2352.82,1996.9,2152.84,1610.5,1465.99,1630.88,
63.2941,2352.82,1996.09,2152.03,1610.16,1465.85,1630.57,
63.2973,2352.25,1995.34,2151.53,1610.22,1466.1,1630.15,
63.3035,2351.73,1995.05,2151.63,1609.69,1466.17,1629.81,
63.3087,2351.5,1993.95,2151.8,1609.73,1465.91,1629.29,
63.312,2351.19,1993.78,2151.25,1609.39,1465.97,1628.98,
63.3181,2351.15,1993.32,2150.89,1609.59,1465.94,1628.3,
63.3242,2350.47,1992.81,2151.04,1609.16,1465.98,1627.76,
63.3273,2350.09,1991.99,2150.71,1609.33,1466,1627.33,
63.3335,2349.84,1991.46,2150.38,1608.97,1465.93,1626.82,
63.3366,2349.31,1991.25,2150.06,1608.71,1466,1626.59,
63.3427,2348.87,1990.32,2149.96,1608.53,1466.07,1626.02,
63.348,2348.52,1989.91,2150.25,1608.56,1466.18,1625.63,
63.3511,2347.83,1990.76,2149.3,1607.77,1466.02,1625.13,
63.3574,2347.96,1988.82,2149.06,1607.72,1465.66,1625.33,
63.3619,2346.94,1989.9,2148.21,1607.42,1466.48,1623.94,
63.3652,2348.23,1988.64,2146.54,1607.33,1465.79,1624.58,
63.3698,2347.17,1988.13,2146.53,1607.46,1466.01,1623.55,
63.3754,2346.23,1987,2147.18,1607.61,1466,1623.16,
63.3786,2346.2,1986.44,2146.69,1607.44,1465.98,1622.88,
63.3828,2346.04,1986.09,2146.7,1607.46,1466.24,1622.68,
63.389,2345.67,1985.15,2146.23,1606.95,1465.97,1621.95,
63.3921,2345.23,1984.92,2146.11,1607.11,1465.98,1621.45,
63.3982,2344.78,1984.33,2145.57,1606.38,1466.45,1621.33,
63.4027,2344.8,1983.33,2145.82,1605.92,1466.2,1621,
63.406,2343.81,1983.54,2144.86,1606.67,1466.01,1620.2,
63.4122,2343.16,1982.61,2144.27,1606.3,1466.04,1619.78,
63.4184,2342.71,1982.55,2144.01,1606.36,1465.97,1619.5,
63.4216,2342.22,1982.34,2143.58,1606.42,1465.92,1619.26,
63.4268,2341.83,1981.65,2143.19,1606.11,1466.2,1618.82,
63.433,2342.16,1980.91,2142.86,1605.94,1466.04,1618.23,
63.4361,2341.22,1980.44,2142.44,1605.85,1466.11,1618,
63.4421,2341.08,1979.88,2142.69,1605.74,1466.33,1617.54,
63.4453,2341.99,1979.64,2142.52,1605.55,1466.12,1617.24,
63.4497,2340.59,1978.91,2142.05,1605.58,1466.22,1616.72,
63.4561,2340.25,1978.26,2142.02,1605.23,1466.06,1616.4,
63.4591,2339.95,1978.07,2141.96,1605.23,1466.21,1616.09,
63.4643,2339.27,1977.48,2141.34,1605,1465.91,1615.83,
63.4705,2338.84,1976.9,2141.26,1604.92,1466.06,1615.58,
63.4736,2338.47,1976.37,2140.7,1604.83,1466.07,1614.95,
63.4796,2337.96,1975.96,2140.37,1604.66,1466.05,1614.49,
63.4828,2337.68,1975.6,2139.83,1604.67,1466.19,1614.24,
63.4891,2337.73,1976.08,2138.82,1602.56,1465.33,1613.68,
63.4935,2337.75,1974.76,2138.02,1604.85,1465.66,1613.89,
63.4968,2337.33,1973.82,2139.1,1603.27,1466.15,1612.99,
63.5047,2336.98,1973.87,2138.1,1604.17,1466.04,1612.63,
63.51,2336.49,1973.2,2137.61,1603.94,1466.15,1612.29,
63.5161,2336.31,1972.36,2137.39,1604.11,1466.11,1611.88,
63.5192,2335.85,1972.35,2136.96,1604.04,1466.17,1611.77,
63.5255,2335.06,1971.43,2136.68,1603.79,1465.98,1611.33,
63.5286,2335.16,1970.9,2136.21,1603.7,1466.09,1611.42,
63.5347,2334.31,1970.46,2135.8,1603.65,1466.13,1610.56,
63.5402,2333.4,1969.71,2135.75,1603.39,1466.17,1610.23,
63.5434,2333.27,1969.43,2135.54,1603.51,1466.15,1609.68,
63.5496,2333.19,1968.88,2135.35,1603.31,1466.1,1609.26,
63.5556,2332.48,1968.26,2134.82,1603.2,1466.1,1608.92,
63.5587,2332.13,1967.83,2134.39,1603.14,1466.1,1608.43,
63.565,2332.13,1967.44,2134.03,1603.21,1465.99,1608.5,
63.5711,2331.9,1966.78,2133.69,1602.96,1466.21,1607.9,
63.5742,2331.48,1966.44,2133.42,1602.96,1465.99,1607.11,
63.5796,2331.33,1965.91,2133.46,1602.95,1466.14,1607.63,
63.5827,2331.13,1965.5,2133.48,1602.81,1466.07,1606.88,
63.5897,2330.5,1964.96,2132.84,1602.73,1466.31,1606.53,
63.596,2329.77,1964.54,2132.62,1602.71,1466.04,1606.16,
63.5991,2329.61,1964.37,2132.75,1602.53,1466.18,1605.89,
63.6052,2329.1,1963.76,2132.33,1602.41,1466.03,1605.59,
63.6114,2328.54,1963.13,2131.95,1602.3,1466.02,1605.24,
63.6146,2328.4,1962.35,2131.99,1602.48,1466.2,1605,
63.6197,2328.29,1962.34,2131.58,1602.47,1466.01,1604.63,
63.625,2328.41,1961.15,2131.1,1601.86,1465.97,1604.68,
63.6283,2327.69,1961.24,2129.59,1602.09,1466.39,1604.21,
63.6339,2327.43,1960.64,2129.87,1605.48,1466.13,1603.86,
63.6401,2327.2,1960.56,2129.27,1602.05,1465.98,1603.84,
63.6432,2326.65,1959.83,2129.26,1602.41,1466.11,1603.15,
63.6495,2325.79,1959.63,2128.62,1601.97,1465.97,1602.99,
63.6526,2326.03,1958.93,2128.74,1601.76,1465.95,1602.75,
63.6578,2325.51,1958.55,2128.49,1601.98,1466.35,1602.3,
63.664,2324.68,1957.92,2128.17,1601.94,1465.98,1602.01,
63.6671,2324.71,1957.01,2126.91,1602.45,1466.03,1601.98,
63.6733,2324.77,1956.71,2128.11,1601.11,1465.76,1602.2,
63.6789,2324.17,1957.15,2126.59,1600.77,1466.35,1640.12,
63.6822,2324.4,1956.21,2126.52,1601.43,1466.09,1600.81,
63.6904,2323.67,1955.34,2126.21,1601.61,1466.08,1600.56,
63.6956,2323.26,1954.95,2125.76,1601.66,1465.87,1600.31,
63.6988,2322.82,1954.62,2125.89,1601.42,1466.08,1600.25,
63.7041,2322.48,1954.41,2125.34,1601.5,1465.96,1600.08,
63.7101,2322.22,1953.81,2125.31,1601.69,1466.19,1599.73,
63.7132,2321.8,1953.27,2123.71,1601.23,1466.14,1599.25,
63.7215,2321.57,1952.41,2124.51,1601.38,1466.2,1599,
63.7245,2321.11,1952.49,2124.25,1601.56,1465.99,1598.66,
63.7296,2320.73,1952.2,2123.74,1601.3,1463.74,1596.61,
63.7359,2318.17,1950.68,2122.78,1600.84,1465.83,1598.18,
63.7391,2319.93,1951.58,2123.21,1601.33,1465.99,1598.01,
63.7442,2319.64,1950.93,2123.02,1601.36,1466.17,1597.82,
63.7505,2319.45,1950.52,2122.8,1601.14,1466.13,1597.53,
63.7536,2318.93,1950.22,2122.35,1640.54,1466,1597.81,
63.7597,2319.73,1949.32,2121.91,1600.89,1465.97,1597.19,
63.7653,2318.8,1949.41,2121.81,1601.38,1466.05,1596.78,
63.7685,2318.28,1948.75,2121.52,1601.32,1466.01,1596.65,
63.7747,2317.69,1948.28,2121.22,1601.38,1466.04,1596.64,
63.7778,2317.57,1947.81,2121.09,1601.17,1465.94,1596.17,
63.7831,2317.19,1947.76,2120.86,1601.44,1466.16,1595.79,
63.7891,2316.82,1947.05,2120.6,1601.37,1466.11,1595.65,
63.7922,2316.64,1946.79,2120.25,1640.49,1465.96,1595.48,
63.7985,2316.22,1946.09,2120.08,1601.02,1466.13,1595.31,
63.8047,2315.19,1945.37,2119.8,1601.27,1465.8,1594.89,
63.8078,2315.36,1944.84,2119.86,1601.36,1466.17,1594.98,
63.8131,2315.49,1944.74,2119.09,1601.11,1466,1594.9,
63.8182,2315.41,1944.42,2118.93,1601.39,1466.11,1594.4,
63.8214,2315.36,1944.09,2118.8,1601.29,1466.09,1594.34,
63.8276,2315.07,1943.25,2118.26,1601.39,1465.93,1594.06,
63.8307,2310.35,1940.75,2116.26,1600.27,1465.55,1593.35,
63.8369,2313.55,1942.36,2117.62,1601.36,1466.32,1593.63,
63.8431,2313.43,1942.23,2117.66,1601.14,1466.1,1593.38,
63.8462,2313.3,1939.22,2113.68,1600.04,1465.25,1592.74,
63.8526,2312.32,1940.85,2117.33,1600.23,1466.78,1593.09,
63.8594,2312.59,1941.37,2116.81,1601.31,1466.12,1592.81,
63.8626,2312.07,1940.95,2116.68,1601.48,1466.11,1592.77,
63.8669,2311.6,1941.01,2116.26,1601.49,1466.08,1592.62,
63.8731,2311.23,1940.87,2115.8,1601.64,1466.17,1592.67,
63.8762,2310.97,1937.05,2113.27,1600.19,1465.28,1591.61,
63.8824,2310.23,1939.84,2115.45,1601.48,1466.16,1592.04,
63.8886,2310.85,1939.78,2115.3,1640.6,1466.11,1591.92,
63.8918,2310.22,1939.36,2114.36,1640.17,1465.9,1592.47,
63.8972,2310.28,1939.35,2113.42,1600.53,1466.16,1591.61,
63.9049,2309.96,1938.53,2114.5,1640.51,1466.21,1591.5,
63.908,2309.53,1938.39,2115.11,1601.68,1466.15,1591.31,
63.9141,2309.18,1938.11,2114.43,1640.55,1466.05,1588.54,
63.9203,2306.18,1936.47,2113.18,1600.93,1465.52,1590.83,
63.9235,2308.39,1937.61,2114.14,1601.84,1466.07,1591.12,
63.9296,2308.95,1937.38,2113.75,1601.71,1466.31,1591.03,
63.9327,2308.85,1937.3,2113.89,1602.02,1465.94,1590.64,
63.9381,2308.46,1937.08,2113.1,1640.51,1466.04,1591.23,
63.9422,2308.63,1937.33,2113.05,1602.14,1465.83,1591.4,
63.9455,2308.84,1936.33,2112.52,1601.92,1465.66,1590.95,
63.9522,2308.16,1936.8,2111.72,1602.07,1466.13,1590.32,
63.9605,2307.9,1936.49,2112.85,1602.07,1466.14,1590.34,
63.9636,2307.83,1936.34,2112.82,1601.88,1465.91,1590.12,
63.9686,2307.81,1936.25,2113.06,1602.12,1466.06,1590.41,
63.9747,2307.51,1936.14,2112.46,1602.1,1465.97,1590.07,
63.9779,2307.64,1936.04,2112.46,1602.4,1465.97,1590.01,
63.9831,2307.3,1935.96,2112.9,1640.45,1466.21,1589.86,
63.9876,2307.38,1936.28,2111.57,1602.5,1466.26,1589.83,
63.991,2307.14,1936.09,2112.25,1602.18,1466.07,1589.76,
63.9972,2307.22,1935.63,2112.22,1602.1,1466.19,1590.05,
64.0034,2307.15,1935.74,2111.84,1602.32,1465.97,1589.83,
64.0065,2307.16,1935.78,2111.99,1602.57,1466.19,1589.52,
64.0127,2306.76,1935.65,2111.67,1602.45,1465.95,1589.7,
64.0158,2307.05,1935.63,2112.05,1602.62,1466.08,1589.44,
64.0201,2306.79,1935.82,2111.8,1602.64,1466.35,1589.55,
64.0261,2306.86,1935.9,2111.63,1602.55,1466.15,1589.5,
64.0292,2306.42,1935.87,2111.81,1602.66,1466.09,1589.39,
64.0338,2306.82,1935.63,2111.58,1602.72,1466.14,1589.46,
64.04,2306.83,1935.83,2111.64,1602.77,1466.07,1589.34,
64.0431,2306.86,1935.86,2111.98,1602.73,1466.14,1589.49,
64.0492,2306.8,1935.41,2111.61,1602.45,1466.31,1589.61,
64.0545,2307.11,1935.55,2111.67,1602.66,1466.01,1589.23,
64.0576,2306.66,1935.5,2111.77,1603,1466.25,1589.36,
64.0636,2307.07,1935.67,2111.56,1602.72,1465.94,1589.25,
64.0667,2306.88,1935.44,2111.37,1602.69,1466.18,1589.28,
64.073,2306.38,1935.56,2110.88,1602.92,1466.07,1589.5,
64.0781,2306.77,1935.44,2111.63,1602.88,1466.07,1589.09,
64.0813,2306.28,1935.46,2111.67,1603.01,1465.99,1589.34,
64.0875,2306.54,1935.29,2111.48,1603.1,1465.99,1589.07,
64.0927,2306.78,1935.33,2111.5,1603.03,1466.17,1589.07,
64.0959,2306.49,1935.32,2111.75,1603.09,1466.15,1589,
64.1021,2306.72,1935.32,2111.59,1603.01,1465.97,1589.09,
64.1081,2306.96,1935.74,2111.45,1602.95,1466.04,1588.98,
64.1112,2306.42,1935.41,2111.64,1603.54,1466.36,1589.22,
64.1175,2306.57,1935.34,2111.3,1602.5,1466.26,1589.12,
64.1206,2306.93,1935.71,2111.43,1603.26,1465.99,1589.03,
64.1661,2306.38,1935.2,2111.51,1603.36,1466.18,1588.91,
64.1701,2306.38,1935.66,2111.22,1603.36,1466.21,1588.8,
64.1732,2306.43,1935.45,2111.6,1603.61,1466.22,1589.18,
64.1795,2306.43,1935.3,2111.45,1603.49,1466.07,1588.99,
64.1856,2306.56,1935.36,2111.3,1603.48,1466.26,1588.88,
64.1887,2306.45,1935.57,2111.55,1603.6,1466.21,1588.85,
64.195,2306.46,1935.21,2111.25,1603.43,1466.19,1589.18,
64.2011,2306.53,1935.56,2111.6,1603.53,1466.17,1588.74,
64.3027,2306.3,1935.23,2111.13,1604.42,1466.18,1588.37,
64.3059,2306.09,1935.03,2111.16,1604.18,1465.97,1588.36,
64.31,2306.28,1934.97,2111.38,1604.11,1466.13,1588.77,
64.3161,2306.34,1935.21,2111.29,1604.22,1466.16,1588.46,
64.3192,2306.25,1935.16,2111.21,1604.09,1466.13,1588.45,
64.3254,2306.51,1935.17,2111.2,1603.99,1465.98,1588.42,
64.3285,2306.5,1935.31,2111.24,1603.98,1466.08,1588.47,
64.3347,2305.99,1935.2,2111.17,1604.22,1466.16,1588.47,
64.3559,2306.35,1935.15,2111.4,1604.28,1466.1,1588.43,
64.359,2306.09,1935.15,2111.32,1604.28,1465.96,1588.36,
64.3633,2305.94,1935.34,2111.35,1604.2,1465.97,1588.3,
64.3664,2306.54,1935.18,2111.35,1604.44,1465.95,1588.37,
64.3726,2306.4,1935.12,2111.06,1604.58,1466.13,1588.34,
64.3786,2306.17,1935.38,2111.27,1604.38,1465.96,1588.26,
64.3817,2306.15,1935.02,2111.31,1604.59,1465.92,1588.44,
64.388,2306.25,1935.22,2110.48,1604.51,1466.06,1586.68,
64.3924,2265.83,1933.67,2110.75,1604.27,1465.8,1588.12,
64.3955,2305.77,1934.9,2111.21,1604.69,1466.08,1588.48,
64.4019,2306.1,1935.04,2111.25,1604.6,1466.07,1588.66,
64.4081,2306.22,1935.29,2111.08,1604.32,1466.2,1588.4,
64.4112,2306.15,1935.2,2111.17,1604.64,1466.1,1588.51,
64.4174,2306.25,1935.2,2111.01,1604.71,1466.07,1588.47,
64.4205,2306.6,1935.39,2111.08,1604.46,1465.92,1588.25,
64.4266,2306.01,1935.25,2111.07,1604.5,1466.03,1588.31,
64.4721,2306.09,1935.11,2111.05,1604.73,1466.07,1588.15,
64.4753,2306.11,1935.31,2111.2,1604.89,1466.06,1588.27,
64.4796,2307.17,1935.29,2110.37,1604.68,1466.18,1588.52,
64.484,2306.42,1934.74,2111.8,1603.89,1466.32,1588.36,
64.4874,2306.5,1935.23,2112.55,1604.24,1466.06,1588.52,
64.4952,2307.01,1935.33,2111.33,1604.56,1466.01,1589.02,
64.4997,2306.51,1935.92,2110.6,1605.07,1465.99,1588.43,
64.5061,2306.24,1935.07,2111.34,1604.94,1466.21,1588,
64.5092,2306.17,1935.08,2111.01,1605.03,1466.13,1588.14,
64.5145,2306.09,1935.15,2111.05,1605.04,1466.01,1588.36,
64.5176,2306.27,1935.18,2111.34,1605.15,1466.09,1588.15,
64.5236,2306.14,1935.53,2110.36,1603.95,1466.14,1588.44,
64.53,2306.28,1935.07,2111.15,1605.02,1466.1,1588.19,
64.5331,2305.93,1935.43,2111.21,1604.95,1466.2,1588.06,
64.5391,2305.93,1935.09,2111.43,1605.02,1465.99,1585.44,
64.5453,2303.28,1933.62,2110.05,1604.52,1465.73,1588.05,
64.5485,2305.63,1934.84,2111.24,1605.22,1466.07,1588.04,
64.5537,2306.12,1935.34,2111.02,1604.97,1466.19,1588,
64.56,2306.01,1935.26,2111.24,1605.04,1466.17,1588.09,
64.5631,2306.13,1934.87,2111.07,1605.41,1466.31,1588.31,
64.5692,2306.92,1935.66,2110.86,1604.63,1466.11,1587.85,
64.5725,2306.56,1935.25,2111.28,1605.17,1466.1,1588.08,
64.58,2306.02,1935.19,2111.07,1605.24,1466.1,1588.15,
64.5861,2306.11,1935.35,2111.19,1605.24,1466.13,1588.22,
64.5893,2305.79,1935.4,2111.48,1605.28,1466.18,1588.14,
64.5945,2306.04,1935.29,2111.08,1605.13,1466.3,1588.35,
64.6006,2306.32,1935.19,2111.01,1605.43,1466.11,1588.03,
64.6037,2306.19,1935.19,2111.47,1605.1,1466.09,1588.16,
64.61,2306.14,1935.05,2111.43,1605.35,1465.94,1588.07,
64.6151,2306.21,1935.4,2111.29,1605.58,1466.11,1588.19,
64.6182,2305.95,1935.32,2111.43,1605.52,1466.2,1588.17,
64.6244,2306.03,1935.4,2111.32,1605.26,1466.17,1588.31,
64.6276,2306.18,1935.22,2111.26,1605.46,1466,1588.16,
64.6327,2306.35,1934.99,2111.13,1605.29,1466.31,1588.25,
64.639,2305.98,1935.27,2111.26,1605.32,1466.2,1587.88,
64.6421,2306.06,1935.26,2111.22,1605.62,1466.11,1588.12,
64.6481,2305.97,1934.93,2110.92,1605.5,1465.97,1588.27,
64.6544,2306.15,1935.25,2110.78,1605.24,1465.95,1588.01,
64.6575,2305.69,1935.03,2110.96,1605,1466.22,1587.84,
64.6656,2306.48,1936.36,2110.48,1604.93,1465.62,1588.39,
64.6703,2306.03,1935.94,2111.6,1604.99,1465.9,1588.5,
64.6736,2305.93,1935.9,2110.49,1605.05,1465.81,1587.88,
64.6782,2305.72,1935.53,2111.16,1605.32,1466.07,1588.13,
64.6827,2305.7,1935.05,2111.19,1605.6,1466.16,1588.05,
64.6859,2306.23,1934.85,2111.49,1605.65,1465.97,1587.73,
64.6921,2305.76,1934.97,2111.23,1605.6,1466.09,1588.02,
64.6981,2305.98,1934.99,2111.19,1605.6,1466.07,1588,
64.7012,2306.04,1935.09,2111.08,1605.74,1466.13,1588.22,
64.7094,2305.93,1934.99,2111.15,1605.63,1465.96,1587.73,
64.7125,2306.35,1935.39,2110.97,1605.61,1466.01,1587.92,
64.7178,2305.86,1934.92,2110.87,1605.43,1466.12,1588.05,
64.724,2305.89,1935.25,2110.9,1605.46,1466.1,1587.88,
64.7271,2305.97,1935.49,2111.24,1605.39,1466.08,1587.91,
64.7331,2306.03,1935.22,2110.96,1605.68,1465.98,1585.32,
64.7393,2303.21,1933.67,2109.96,1605.1,1465.69,1587.52,
64.7425,2305.53,1934.58,2111.41,1605.76,1466.03,1588.06,
64.7486,2305.76,1935.68,2110.27,1605.77,1466.06,1587.99,
64.757,2306.08,1935.42,2110.67,1605.83,1465.94,1588.55,
64.7602,2307.15,1935.3,2110.5,1606.09,1466.15,1588.09,
64.7648,2306.12,1935.31,2111.33,1605.95,1466.13,1588.15,
64.7711,2305.75,1935.34,2110.96,1605.86,1466.07,1587.86,
64.7742,2305.79,1935.05,2111.19,1605.91,1466.18,1587.91,
64.7805,2305.86,1934.9,2111.32,1605.74,1466.07,1587.86,
64.7836,2306.31,1935.28,2111.06,1605.91,1466.14,1588.05,
64.7897,2305.68,1935.02,2110.9,1605.98,1466.8,1588.2,
64.7974,2305.46,1935.68,2110.45,1604.93,1466.35,1587.83,
64.8006,2305.89,1935.25,2111.19,1605.89,1466.2,1587.96,
64.8056,2305.79,1935.34,2111.3,1605.91,1466.09,1588.04,
64.8116,2305.98,1935.18,2110.86,1605.83,1466,1587.74,
64.8148,2305.9,1935.33,2111.15,1605.89,1466.21,1587.84,
64.821,2305.65,1935.03,2110.78,1605.87,1465.99,1588.07,
64.8271,2306.2,1935.11,2111.06,1606.14,1466.1,1587.92,
64.8302,2305.89,1935.22,2110.91,1606.04,1466.21,1587.98,
64.8355,2305.93,1935.22,2110.77,1605.83,1466.01,1587.74,
64.8386,2306.45,1935.74,2110.64,1606.29,1466.21,1587.78,
64.8439,2305.88,1935.18,2111.19,1606,1466.07,1587.88,
64.8501,2305.77,1935.08,2111.15,1605.84,1465.95,1587.91,
64.8533,2305.93,1935.4,2111.49,1605.84,1465.96,1587.83,
64.8595,2306.03,1935.28,2111.03,1606.16,1466.09,1588.09,
64.8656,2306.1,1935.02,2111.12,1606.08,1465.95,1587.79,
64.8687,2305.98,1935.19,2111.3,1606.29,1466.08,1587.75,
64.874,2305.75,1935.23,2111.05,1605.93,1466.11,1588.02,
64.8801,2306.2,1935.37,2111.06,1606.14,1465.86,1587.7,
64.8833,2305.64,1935.26,2110.01,1606.24,1466.12,1587.92,
64.8885,2305.8,1934.99,2110.91,1606.25,1466.04,1587.8,
64.8916,2306.28,1935.17,2111.46,1606.02,1466.13,1587.93,
64.8976,2305.86,1934.88,2111.13,1606.04,1466.1,1588.13,
64.9039,2306.24,1935.01,2110.97,1606.17,1466.08,1588.13,
64.9071,2306.1,1935.43,2111.03,1606.16,1466.19,1587.91,
64.9122,2305.8,1935.01,2110.98,1606.05,1465.99,1588.04,
64.9185,2306.35,1935.25,2111.23,1606.17,1465.95,1587.87,
64.9216,2305.78,1935.19,2111.34,1606.27,1466.07,1587.89,
64.9276,2306.06,1935.15,2111.08,1606.63,1465.81,1587.79,
64.9308,2306.13,1935.35,2111.36,1606.14,1466.11,1587.69,
64.937,2305.85,1935.06,2111.09,1606.44,1466.28,1587.86,
64.9431,2306.17,1935.25,2111.21,1606.36,1466.09,1587.85,
64.99,2306.22,1935.14,2111.12,1606.31,1466.31,1587.76,
64.9931,2305.83,1935.12,2111.2,1606.4,1466.21,1587.94,
64.9971,2305.72,1935.42,2110.85,1606.24,1465.99,1587.72,
65.0002,2305.96,1931.66,2108.62,1604.91,1465.18,1587.27,
65.0064,2304.89,1934.71,2111.05,1606.11,1466.11,1587.85,
65.0126,2306.05,1935.2,2111.34,1606.56,1466.08,1587.75,
65.0157,2305.84,1935.27,2111.91,1607.17,1466.16,1587.88,
65.022,2305.65,1935.24,2111.14,1606.29,1466.18,1588.07,
65.1142,2306.36,1935.53,2110.6,1606.16,1466.14,1587.61,
65.1175,2306.4,1935.22,2111.1,1606.77,1466.21,1587.67,
65.1256,2305.61,1935.32,2111.09,1606.85,1466.14,1587.59,
65.1287,2302.73,1933.24,2109.56,1605.73,1465.48,1587.27,
65.1339,2305.4,1934.85,2110.94,1606.8,1466.3,1587.81,
65.1401,2305.9,1935.21,2111.02,1606.85,1466.08,1587.81,
65.1432,2305.65,1931.87,2108.76,1605.43,1465.24,1587.25,
65.1494,2304.86,1934.84,2111.02,1606.62,1466.38,1587.84,
65.1557,2306.24,1935.41,2110.4,1606.55,1465.67,1588.07,
65.1591,2306.21,1931.31,2108.56,1605.28,1465.22,1587.18,
65.1674,2305.35,1934.56,2110.7,1606.51,1466.21,1587.59,
65.1736,2306.16,1934.97,2111.14,1606.85,1466.15,1587.67,
65.1767,2305.92,1935.01,2111.47,1606.95,1465.96,1587.9,
65.183,2305.83,1935.46,2111.02,1606.66,1466.2,1587.91,
65.1891,2306.2,1935.38,2111.21,1606.81,1466.03,1587.53,
65.1922,2305.7,1935.13,2111.02,1606.99,1466.31,1587.66,
65.238,2305.79,1935.09,2111.21,1606.98,1466.09,1587.93,
65.2421,2305.96,1935.31,2111.32,1607.03,1466.42,1587.84,
65.2453,2305.14,1935.95,2111.17,1607.18,1466.2,1587.65,
65.2497,2306.23,1935.04,2110.91,1606.86,1466.34,1587.61,
65.256,2305.9,1935.23,2111.29,1607.07,1466.29,1587.5,
65.2591,2305.87,1935.23,2110.81,1606.94,1466.34,1587.54,
65.2651,2306.02,1935.05,2111.26,1607.02,1466.1,1587.73,
65.2682,2305.89,1931.76,2108.47,1605.66,1465.25,1586.88,
65.3502,2305.62,1935.19,2110.91,1607.3,1466.35,1587.69,
65.3545,2305.7,1935.07,2111.18,1607.35,1466.16,1587.39,
65.3576,2306.23,1935.3,2111.08,1607.1,1466.21,1587.58,
65.3636,2305.8,1935.16,2111.04,1606.98,1463.7,1585.69,
65.3699,2303.81,1934.06,2110.36,1606.6,1465.91,1587.52,
65.373,2305.76,1935.58,2111.2,1607.31,1466.08,1587.6,
65.3792,2306.53,1934.86,2111.65,1607.21,1466.12,1587.26,
65.3859,2305.36,1936.03,2110.32,1607.91,1466.06,1587.83,
65.3892,2305.41,1935.5,2110.58,1606.83,1466.11,1587.65,
65.3949,2305.78,1935.19,2111.12,1607.31,1466.34,1587.4,
65.3993,2306.06,1935.25,2110.99,1607.36,1466.01,1587.38,
65.4025,2306.29,1935.41,2110.93,1607.32,1466.1,1587.8,
65.4086,2305.9,1935.22,2111.06,1607.41,1466.16,1587.55,
65.4146,2305.87,1934.99,2111.35,1607.21,1466.15,1587.46,
65.4178,2305.6,1935.38,2111.27,1607.51,1466.14,1587.56,
65.424,2305.94,1936.06,2111.1,1607.44,1466.1,1587.76,
65.4302,2305.78,1935.12,2110.81,1607.32,1465.94,1587.54,
65.4333,2305.67,1935.21,2111.24,1607.38,1466.12,1587.43,
65.4386,2306.05,1935,2111.15,1607.38,1466.16,1587.55,
65.4417,2306.05,1935.26,2111.16,1607.43,1466.1,1587.67,
65.448,2305.49,1935.22,2110.97,1607.51,1466.11,1587.6,
65.4541,2305.57,1934.82,2111.09,1607.07,1466,1587.41,
65.4573,2305.61,1935.17,2111.49,1607.29,1465.99,1587.44,
65.4635,2305.72,1935,2111.16,1607.49,1466.09,1587.74,
65.5092,2305.68,1934.99,2111.15,1607.21,1466.16,1587.44,
65.5123,2305.51,1934.7,2110.37,1606.92,1466.33,1587.5,
65.5167,2305.34,1935.52,2110.21,1606.84,1466.43,1587.57,
65.525,2305.9,1935.36,2111.2,1607.26,1466.2,1587.49,
65.5281,2305.54,1935.53,2111.38,1607.77,1466.33,1587.61,
65.5331,2305.76,1935.27,2111.11,1607.38,1466.02,1587.65,
65.5394,2305.68,1935.32,2111.12,1607.5,1466.07,1587.5,
65.5425,2305.44,1935.31,2111.31,1607.78,1466.05,1587.64,
65.5487,2305.6,1935.17,2110.95,1607.62,1465.97,1587.61,
65.554,2305.84,1935.2,2111.25,1607.49,1465.99,1587.52,
65.5571,2305.62,1935.18,2111,1607.53,1466.16,1587.15,
65.5612,2305.6,1935.24,2110.29,1608.23,1466.12,1587.48,
65.5646,2305.37,1935.5,2110.82,1607.52,1466.01,1587.45,
65.5722,2305.66,1935.21,2111.21,1607.57,1466.1,1587.58,
65.5785,2305.63,1934.97,2111.02,1607.59,1466.2,1587.43,
65.5816,2306.09,1935.03,2111.26,1607.69,1466.13,1587.23,
65.5877,2305.54,1934.86,2110.92,1607.59,1466.11,1587.64,
65.593,2305.91,1935.34,2111.17,1607.6,1466.01,1587.35,
65.5961,2305.68,1935.45,2111.17,1607.65,1466.21,1587.56,
65.6021,2305.78,1934.89,2110.77,1607.47,1466.26,1588.13,
65.6054,2305.83,1935.94,2110.16,1607.08,1465.76,1587.77,
65.6087,2305.91,1936.11,2111.34,1607.53,1466.12,1587.58,
65.617,2305.83,1935.26,2111.18,1607.64,1466.14,1587.55,
65.6221,2305.74,1935.2,2111.2,1607.81,1465.92,1587.48,
65.6252,2305.59,1935.26,2111.12,1607.85,1466.17,1587.41,
65.6305,2305.58,1935.21,2111.31,1607.49,1466.17,1587.5,
65.6336,2306.19,1935.28,2111.15,1607.95,1466.08,1587.31,
65.6396,2305.8,1935.2,2111.17,1607.63,1463.68,1585.41,
65.6459,2303.99,1934.19,2110.44,1607.25,1465.99,1587.2,
65.649,2305.56,1935.77,2111.13,1607.94,1466.01,1587.25,
65.6522,2305.69,1934.89,2110.97,1607.68,1466.21,1587.4,
65.6584,2305.62,1935.15,2110.98,1607.52,1466.01,1587.42,
65.6616,2305.47,1935.03,2111.07,1607.9,1466.21,1587.52,
65.6667,2305.71,1935.26,2111.17,1607.78,1465.97,1587.24,
65.673,2306.03,1935.21,2111.26,1607.58,1466.2,1587.35,
65.676,2305.32,1935.29,2111.01,1607.79,1466.36,1587.46,
65.6821,2305.6,1935.26,2110.93,1607.74,1466.06,1587.26,
65.6853,2305.34,1935.25,2111.21,1607.8,1466.18,1587.25,
65.6915,2305.7,1935.1,2111.03,1607.61,1466.14,1587.61,
65.6956,2305.67,1935.13,2110.91,1607.91,1465.94,1587.29,
65.7382,2305.47,1935.98,2110.41,1607.81,1466.01,1587.3,
65.7426,2305.71,1935.19,2112.1,1607.68,1466.13,1587.44,
65.7489,2305.61,1935.14,2111.34,1607.93,1466.22,1587.38,
65.752,2305.36,1935.38,2111.09,1608.02,1466.17,1587.51,
65.7581,2305.57,1935.14,2110.93,1607.98,1466.14,1584.69,
65.7643,2302.58,1933.82,2110,1607.14,1465.49,1587.16,
65.7675,2305.51,1935.07,2111.14,1608.11,1466.14,1587.55,
65.7736,2305.46,1935.27,2111.04,1608.05,1466.21,1587.45,
65.8742,2306.93,1934.67,2111.08,1608.06,1466.18,1587.39,
65.8773,2305.59,1935.36,2110.93,1608.15,1466.21,1587.53,
65.8816,2305.9,1935.17,2111.12,1608.05,1466.19,1587.21,
65.8846,2305.83,1935.33,2111.3,1608.15,1466.14,1587.33,
65.8907,2305.4,1935.09,2111.19,1608.07,1466.06,1587.42,
65.8969,2305.57,1935.22,2111.13,1608.04,1466.14,1587.51,
65.9,2305.45,1935.55,2111.1,1607.98,1466.12,1587.07,
65.9061,2305.65,1935.07,2111.2,1607.87,1465.96,1584.77,
66.1006,2305.9,1935.18,2110.76,1608.39,1466.13,1587.23,
66.1038,2305.51,1935.02,2111.11,1608.34,1466.1,1587.36,
66.108,2305.68,1935.01,2111.16,1608.29,1466.19,1587.48,
66.1141,2305.9,1935.29,2111.15,1608.54,1466.21,1587.28,
66.1172,2305.31,1934.92,2110.93,1608.56,1466.29,1587.3,
66.1234,2305.85,1935.18,2111.18,1608.63,1465.98,1587.32,
66.1265,2306.11,1935.35,2111.34,1608.31,1465.95,1587.19,
66.1326,2305.71,1935.16,2110.88,1608.68,1466.37,1587.4,
66.2014,2306.34,1935.3,2111.11,1607.9,1466.27,1587.39,
66.2047,2305.82,1934.72,2111.2,1608.29,1466.21,1586.94,
66.2132,2305.17,1935.46,2112.06,1608.36,1466.14,1587.32,
66.2215,2305.88,1935.28,2111,1608.44,1466.2,1587.32,
66.2246,2305.45,1935.16,2111.27,1608.92,1466.29,1587.39,
66.2306,2305.49,1935.25,2110.98,1608.49,1465.96,1587.32,
66.2338,2305.36,1935.38,2111.99,1608.94,1466.2,1587.13,
66.2381,2305.71,1935.17,2111.14,1608.48,1466.17,1587.34,
66.2431,2305.56,1934.95,2111.13,1608.69,1466.16,1587.13,
66.2463,2305.65,1935.37,2111.24,1608.62,1466.1,1587.12,
66.2516,2305.32,1935.36,2111.11,1608.69,1466.09,1587.49,
66.2576,2305.98,1935.02,2111.2,1608.69,1466.16,1587.24,
66.2607,2305.52,1935.23,2111.3,1608.7,1466.13,1587.34,
66.267,2305.48,1935,2111.04,1608.72,1466.15,1587.5,
66.2731,2305.53,1935.36,2111.31,1608.85,1466.1,1587.35,
66.2762,2305.66,1935.16,2110.9,1608.64,1466.36,1587.29,
66.2827,2306.03,1935.49,2111.15,1608.7,1466.19,1587.08,
66.2881,2305.72,1935.37,2111,1608.69,1465.92,1587.12,
66.2912,2305.56,1935.33,2111.18,1608.86,1466.18,1587.33,
66.2974,2305.57,1935.4,2110.79,1608.69,1465.95,1587.16,
66.3005,2305.88,1935.3,2111.24,1608.79,1466.1,1587.31,
66.3066,2305.68,1934.9,2111.2,1608.7,1463.85,1585.53,
66.3128,2303.77,1934.25,2110.48,1608.32,1465.77,1587.05,
66.316,2305.32,1935.32,2111.1,1608.73,1466.1,1587.29,
66.3221,2305.82,1935.05,2110.76,1608.65,1466.37,1587.36,
66.3303,2305.93,1935.56,2110.99,1608.76,1466.12,1587.32,
66.3334,2305.47,1935.06,2111.38,1609.05,1466.36,1587.39,
66.3386,2305.79,1934.99,2111.17,1608.77,1466.19,1587.31,
66.3417,2301.59,1932.96,2109.41,1607.84,1465.49,1586.92,
66.3479,2305,1934.89,2110.81,1608.86,1466.29,1587.52,
66.3541,2305.62,1935.14,2111.14,1608.67,1466.21,1587.09,
66.3573,2305.68,1935.15,2111.07,1608.92,1466.2,1587.17,
66.4027,2305.57,1935.25,2111.1,1608.66,1466.14,1587.23,
66.4069,2305.48,1935.24,2111.11,1608.82,1466.1,1587.2,
66.41,2305.53,1935.4,2110.74,1609.56,1466.3,1587.25,
66.4163,2305.9,1934.99,2111.72,1607.97,1466.18,1587.32,
66.4246,2305.84,1935.27,2111.28,1608.94,1465.99,1587.16,
66.4276,2305.51,1935.2,2108.13,1606.98,1464.93,1586.43,
66.4329,2305.18,1934.9,2110.81,1608.6,1466.01,1587.23,
66.4391,2305.8,1935.37,2110.82,1608.71,1466.13,1587.08,
66.4813,2305.71,1935.23,2111.13,1608.76,1466.18,1587.2,
66.4855,2305.6,1935.25,2110.96,1608.92,1466.12,1587.32,
66.4886,2305.97,1935.7,2111.21,1608.9,1466.14,1587.22,
66.4946,2305.67,1935.07,2111.15,1608.64,1466.11,1587.11,
66.5009,2305.57,1935.19,2111.14,1608.83,1466.21,1586.94,
66.5041,2305.64,1936.34,2110.59,1608.15,1466.36,1587.48,
66.5074,2305.34,1935.92,2110.43,1608.98,1466.12,1587.17,
66.5118,2305.45,1935.18,2111.12,1608.74,1466.13,1587.24,
66.5926,2305.73,1935.56,2111.31,1608.86,1466.11,1587.25,
66.5967,2305.35,1935.25,2110.9,1609,1466.31,1587.23,
66.603,2305.91,1935.02,2110.91,1609.05,1466.01,1587.02,
66.606,2305.43,1935.17,2111.23,1609.09,1466.17,1587.11,
66.6121,2305.49,1935.21,2111.34,1609.09,1466.2,1584.34,
66.6183,2302.99,1933.81,2110.1,1608.52,1465.73,1586.88,
66.6215,2305.43,1935.04,2111.07,1609.02,1466.09,1587.17,
66.6276,2305.83,1935.34,2111.17,1609.02,1466.14,1587.25,
66.8242,2305.94,1935.54,2109.82,1608.13,1466.46,1586.86,
66.8275,2306.45,1935.4,2111.29,1609.11,1466.24,1587.53,
66.832,2305.92,1935.73,2111.45,1608.63,1466.6,1587.68,
66.8404,2306.47,1935.26,2111.07,1609.35,1466.18,1587.12,
66.8435,2305.7,1935.05,2111.5,1609.52,1466.07,1587.05,
66.8486,2305.81,1935.24,2111.13,1609.31,1466.12,1587.16,
66.8517,2305.59,1935.55,2110.95,1609.33,1466.31,1587.25,
66.858,2305.58,1935.34,2111.35,1609.45,1466.35,1587.16,
66.8642,2306.37,1934.52,2111.2,1609.34,1466.14,1587.21,
66.8674,2305.89,1935.32,2111.31,1609.3,1466.14,1587.17,
66.8727,2305.68,1935.23,2111.44,1609.26,1466.35,1587.1,
66.8789,2305.64,1935.23,2111.31,1609.34,1465.94,1587.07,
66.882,2305.38,1935.6,2111.42,1609.43,1466.08,1587.16,
66.8881,2305.57,1935.21,2111.13,1609.25,1466.19,1584.6,
66.8943,2302.79,1933.83,2109.81,1608.7,1465.62,1586.87,
66.8975,2305.42,1935.03,2111.23,1609.27,1466.12,1586.94,
66.9036,2305.55,1935.26,2110.76,1609.34,1465.97,1587.2,
66.9068,2305.59,1935.88,2110.41,1609.42,1466.09,1586.99,
66.9122,2305.3,1935.26,2110.98,1609.2,1466.09,1587.18,
66.9175,2305.72,1935.19,2111.01,1609.21,1465.98,1587.14,
66.9206,2305.87,1935.3,2111.24,1609.29,1466.03,1587.16,
66.9266,2305.39,1935.12,2111.07,1609.26,1466.16,1587.19,
66.9326,2305.49,1935.15,2111.14,1609.37,1465.99,1587.17,
66.9358,2305.46,1935.26,2111.24,1609.23,1466.29,1586.83,
66.942,2305.47,1935.12,2111.17,1609.35,1466.2,1587.23,
66.9472,2305.86,1935.22,2111.06,1609.4,1466.11,1587.02,
66.9503,2305.58,1935.24,2110.39,1609.08,1466.49,1587.04,
66.9567,2304.99,1935.24,2110.65,1609,1465.85,1587.1,
66.9613,2305.76,1935.15,2110.94,1609.5,1466.2,1586.98,
66.9644,2305.3,1935.02,2111.36,1609.7,1466.08,1587.17,
66.9706,2305.36,1935.34,2111.21,1609.39,1466.35,1587.12,
66.9737,2305.54,1935.26,2111,1609.33,1466.13,1587.05,
67.0202,2305.56,1935.15,2111,1609.44,1466.13,1587.04,
67.0245,2305.47,1935.15,2111.05,1609.58,1466.04,1587.15,
67.0276,2305.71,1935.42,2111.09,1609.24,1466.13,1586.95,
67.0336,2305.31,1935.21,2111.06,1609.61,1466.03,1586.94,
67.0399,2305.47,1935.32,2111.11,1609.42,1466.05,1587.2,
67.043,2305.44,1935.62,2110.73,1608.77,1466.35,1586.73,
67.0473,2306.1,1935.33,2110.54,1608.95,1465.71,1587.6,
67.0519,2305.92,1935.63,2109.72,1609.36,1466.59,1587.76,
67.0552,2305.93,1932.33,2108.98,1608.16,1465.32,1586.53,
67.0605,2304.8,1934.92,2110.65,1609.21,1466.36,1587.2,
67.0666,2305.83,1935.37,2111.19,1609.35,1466.07,1586.89,
67.0697,2305.3,1935.2,2111.39,1609.53,1466.15,1586.95,
67.0759,2305.43,1934.93,2111.18,1609.27,1466.18,1587.25,
67.0821,2305.61,1935.01,2111.25,1609.51,1466.17,1586.93,
67.0852,2305.48,1935,2111.09,1608.6,1466.5,1586.53,
67.0915,2305.74,1935.07,2111.1,1609.46,1466.09,1587.13,
67.2119,2305.53,1935.21,2110.95,1609.53,1466.16,1586.9,
67.215,2305.51,1935.34,2111.45,1609.63,1466.07,1586.96,
67.2191,2305.7,1935.07,2111.2,1609.63,1466.15,1587.67,
67.2252,2305.98,1935.19,2111.08,1609.62,1466.31,1586.94,
67.2283,2305.53,1935.25,2111.24,1609.84,1466.17,1587,
67.2346,2305.66,1935.18,2111.07,1609.55,1466.22,1586.84,
67.2377,2301.39,1932.89,2109.17,1608.67,1465.59,1586.66,
67.244,2305.39,1935.07,2110.9,1609.79,1466.13,1587.07,
67.3201,2305.66,1935.36,2111.1,1609.54,1466.15,1587.09,
67.3233,2305.58,1935,2111.17,1609.79,1466.19,1587.1,
67.3286,2305.55,1935.43,2111.05,1609.8,1466.2,1586.65,
67.3317,2305.89,1935.41,2110.93,1609.7,1466.29,1586.92,
67.338,2305.72,1935.23,2110.91,1609.84,1466.35,1586.94,
67.3441,2305.57,1935.22,2110.74,1609.5,1466.19,1587.18,
67.3472,2305.39,1935.36,2111.25,1609.77,1466.16,1587.06,
67.3534,2305.49,1935.11,2111.1,1609.85,1466.04,1587.26,
67.3597,2305.23,1935.89,2110.3,1608.89,1466.22,1587.3,
67.3631,2306.03,1936.12,2111.84,1609.42,1466.08,1586.5,
67.3686,2305.79,1936.03,2110.1,1609.29,1466.05,1587.23,
67.3731,2305.96,1934.69,2111.13,1609.71,1466.17,1587.06,
67.3763,2305.54,1935.33,2111.47,1609.79,1465.99,1587.05,
67.3825,2305.25,1935.12,2110.91,1609.71,1466.35,1587,
67.3886,2305.8,1935.26,2111.06,1609.7,1466.07,1586.9,
67.3917,2305.48,1935.27,2111.21,1609.55,1466.31,1586.93,
